/home/richard/project/SAT_benchmark/SATLIB/BMS_k3_n100_m429/BMS_k3_n100_m429_32.cnf,SAT,4128.37,4123.81,4.56,38,10
/home/richard/project/SAT_benchmark/SATLIB/BMS_k3_n100_m429/BMS_k3_n100_m429_267.cnf,SAT,194824.58,194810.75,13.83,1752,1458
/home/richard/project/SAT_benchmark/SATLIB/BMS_k3_n100_m429/BMS_k3_n100_m429_72.cnf,SAT,17946.35,17941.52,4.82,163,119
/home/richard/project/SAT_benchmark/SATLIB/BMS_k3_n100_m429/BMS_k3_n100_m429_50.cnf,SAT,29416.12,29410.10,6.02,267,212
/home/richard/project/SAT_benchmark/SATLIB/BMS_k3_n100_m429/BMS_k3_n100_m429_100.cnf,SAT,116113.15,116102.71,10.44,1051,856
/home/richard/project/SAT_benchmark/SATLIB/BMS_k3_n100_m429/BMS_k3_n100_m429_470.cnf,SAT,198069.61,198055.01,14.59,1809,1483
/home/richard/project/SAT_benchmark/SATLIB/BMS_k3_n100_m429/BMS_k3_n100_m429_61.cnf,SAT,165251.54,165238.45,13.09,1502,1174
/home/richard/project/SAT_benchmark/SATLIB/BMS_k3_n100_m429/BMS_k3_n100_m429_32.cnf,SAT,3715.76,3711.04,4.72,38,10
/home/richard/project/SAT_benchmark/SATLIB/BMS_k3_n100_m429/BMS_k3_n100_m429_349.cnf,SAT,5072.14,5067.89,4.25,49,17
/home/richard/project/SAT_benchmark/SATLIB/BMS_k3_n100_m429/BMS_k3_n100_m429_310.cnf,SAT,42948.88,42943.12,5.76,353,292
/home/richard/project/SAT_benchmark/SATLIB/BMS_k3_n100_m429/BMS_k3_n100_m429_20.cnf,SAT,150033.29,150023.00,10.29,1236,939
/home/richard/project/SAT_benchmark/SATLIB/BMS_k3_n100_m429/BMS_k3_n100_m429_49.cnf,SAT,24786.13,24781.08,5.05,203,161
/home/richard/project/SAT_benchmark/SATLIB/BMS_k3_n100_m429/BMS_k3_n100_m429_451.cnf,SAT,106295.84,106287.11,8.72,874,757
/home/richard/project/SAT_benchmark/SATLIB/BMS_k3_n100_m429/BMS_k3_n100_m429_107.cnf,SAT,60030.38,60024.47,5.92,483,400
/home/richard/project/SAT_benchmark/SATLIB/BMS_k3_n100_m429/BMS_k3_n100_m429_76.cnf,SAT,201253.03,201240.67,12.36,1618,1178
/home/richard/project/SAT_benchmark/SATLIB/BMS_k3_n100_m429/BMS_k3_n100_m429_175.cnf,SAT,35216.49,35211.17,5.32,288,239
/home/richard/project/SAT_benchmark/SATLIB/BMS_k3_n100_m429/BMS_k3_n100_m429_226.cnf,SAT,33829.54,33824.25,5.28,272,217
/home/richard/project/SAT_benchmark/SATLIB/BMS_k3_n100_m429/BMS_k3_n100_m429_185.cnf,SAT,27965.14,27960.16,4.98,224,163
/home/richard/project/SAT_benchmark/SATLIB/BMS_k3_n100_m429/BMS_k3_n100_m429_436.cnf,SAT,16655.36,16650.51,4.86,136,91
/home/richard/project/SAT_benchmark/SATLIB/BMS_k3_n100_m429/BMS_k3_n100_m429_110.cnf,SAT,43429.79,43424.07,5.71,342,274
/home/richard/project/SAT_benchmark/SATLIB/BMS_k3_n100_m429/BMS_k3_n100_m429_472.cnf,SAT,71431.73,71425.06,6.67,497,371
/home/richard/project/SAT_benchmark/SATLIB/BMS_k3_n100_m429/BMS_k3_n100_m429_117.cnf,SAT,250549.05,250534.66,14.39,1691,1298
/home/richard/project/SAT_benchmark/SATLIB/BMS_k3_n100_m429/BMS_k3_n100_m429_162.cnf,SAT,129482.42,129473.10,9.32,952,818
/home/richard/project/SAT_benchmark/SATLIB/BMS_k3_n100_m429/BMS_k3_n100_m429_262.cnf,SAT,73380.02,73372.85,7.17,571,485
/home/richard/project/SAT_benchmark/SATLIB/BMS_k3_n100_m429/BMS_k3_n100_m429_382.cnf,SAT,136436.22,136426.64,9.59,1065,838
/home/richard/project/SAT_benchmark/SATLIB/BMS_k3_n100_m429/BMS_k3_n100_m429_210.cnf,SAT,15847.62,15843.40,4.21,126,76
/home/richard/project/SAT_benchmark/SATLIB/BMS_k3_n100_m429/BMS_k3_n100_m429_44.cnf,SAT,95864.99,95857.08,7.91,758,629
/home/richard/project/SAT_benchmark/SATLIB/BMS_k3_n100_m429/BMS_k3_n100_m429_183.cnf,SAT,161992.96,161983.81,9.14,1260,762
/home/richard/project/SAT_benchmark/SATLIB/BMS_k3_n100_m429/BMS_k3_n100_m429_190.cnf,SAT,274081.99,274065.96,16.02,2142,1716
/home/richard/project/SAT_benchmark/SATLIB/BMS_k3_n100_m429/BMS_k3_n100_m429_304.cnf,SAT,192525.55,192512.62,12.93,1501,1270
/home/richard/project/SAT_benchmark/SATLIB/BMS_k3_n100_m429/BMS_k3_n100_m429_207.cnf,SAT,10494.78,10490.37,4.41,84,47
/home/richard/project/SAT_benchmark/SATLIB/BMS_k3_n100_m429/BMS_k3_n100_m429_208.cnf,SAT,24720.35,24715.49,4.86,199,149
/home/richard/project/SAT_benchmark/SATLIB/BMS_k3_n100_m429/BMS_k3_n100_m429_92.cnf,SAT,32339.15,32334.08,5.07,257,209
/home/richard/project/SAT_benchmark/SATLIB/BMS_k3_n100_m429/BMS_k3_n100_m429_272.cnf,SAT,181898.27,181886.78,11.49,1412,1024
/home/richard/project/SAT_benchmark/SATLIB/BMS_k3_n100_m429/BMS_k3_n100_m429_482.cnf,SAT,46546.42,46540.73,5.69,367,277
/home/richard/project/SAT_benchmark/SATLIB/BMS_k3_n100_m429/BMS_k3_n100_m429_475.cnf,SAT,165711.36,165700.24,11.12,1296,991
/home/richard/project/SAT_benchmark/SATLIB/BMS_k3_n100_m429/BMS_k3_n100_m429_400.cnf,SAT,126521.48,126513.93,7.55,984,550
/home/richard/project/SAT_benchmark/SATLIB/BMS_k3_n100_m429/BMS_k3_n100_m429_238.cnf,SAT,87479.41,87471.68,7.73,688,581
/home/richard/project/SAT_benchmark/SATLIB/BMS_k3_n100_m429/BMS_k3_n100_m429_163.cnf,SAT,124842.96,124833.67,9.29,971,868
/home/richard/project/SAT_benchmark/SATLIB/BMS_k3_n100_m429/BMS_k3_n100_m429_429.cnf,SAT,94906.62,94899.06,7.56,742,647
/home/richard/project/SAT_benchmark/SATLIB/BMS_k3_n100_m429/BMS_k3_n100_m429_446.cnf,SAT,46580.20,46574.41,5.79,361,281
/home/richard/project/SAT_benchmark/SATLIB/BMS_k3_n100_m429/BMS_k3_n100_m429_493.cnf,SAT,106839.56,106830.31,9.24,834,688
/home/richard/project/SAT_benchmark/SATLIB/BMS_k3_n100_m429/BMS_k3_n100_m429_372.cnf,SAT,49958.83,49952.57,6.26,389,318
/home/richard/project/SAT_benchmark/SATLIB/BMS_k3_n100_m429/BMS_k3_n100_m429_413.cnf,SAT,165907.15,165895.50,11.65,1274,1082
/home/richard/project/SAT_benchmark/SATLIB/BMS_k3_n100_m429/BMS_k3_n100_m429_189.cnf,SAT,31634.08,31628.68,5.40,242,183
/home/richard/project/SAT_benchmark/SATLIB/BMS_k3_n100_m429/BMS_k3_n100_m429_317.cnf,SAT,5470.71,5466.49,4.21,49,23
/home/richard/project/SAT_benchmark/SATLIB/BMS_k3_n100_m429/BMS_k3_n100_m429_1.cnf,SAT,14755.36,14750.06,5.29,119,87
/home/richard/project/SAT_benchmark/SATLIB/BMS_k3_n100_m429/BMS_k3_n100_m429_260.cnf,SAT,14584.89,14580.20,4.69,117,84
/home/richard/project/SAT_benchmark/SATLIB/BMS_k3_n100_m429/BMS_k3_n100_m429_371.cnf,SAT,44502.76,44497.45,5.31,344,238
/home/richard/project/SAT_benchmark/SATLIB/BMS_k3_n100_m429/BMS_k3_n100_m429_142.cnf,SAT,111668.97,111659.60,9.36,841,740
/home/richard/project/SAT_benchmark/SATLIB/BMS_k3_n100_m429/BMS_k3_n100_m429_448.cnf,SAT,69252.25,69246.00,6.25,524,451
/home/richard/project/SAT_benchmark/SATLIB/BMS_k3_n100_m429/BMS_k3_n100_m429_325.cnf,SAT,79466.87,79460.07,6.80,608,397
/home/richard/project/SAT_benchmark/SATLIB/BMS_k3_n100_m429/BMS_k3_n100_m429_415.cnf,SAT,42860.04,42854.25,5.79,325,209
/home/richard/project/SAT_benchmark/SATLIB/BMS_k3_n100_m429/BMS_k3_n100_m429_65.cnf,SAT,130149.28,130140.49,8.79,985,587
/home/richard/project/SAT_benchmark/SATLIB/BMS_k3_n100_m429/BMS_k3_n100_m429_348.cnf,SAT,134621.65,134611.14,10.51,1012,875
/home/richard/project/SAT_benchmark/SATLIB/BMS_k3_n100_m429/BMS_k3_n100_m429_401.cnf,SAT,64835.21,64828.84,6.37,493,411
/home/richard/project/SAT_benchmark/SATLIB/BMS_k3_n100_m429/BMS_k3_n100_m429_77.cnf,SAT,62953.87,62948.10,5.77,479,291
/home/richard/project/SAT_benchmark/SATLIB/BMS_k3_n100_m429/BMS_k3_n100_m429_435.cnf,SAT,148205.30,148195.33,9.97,1115,841
/home/richard/project/SAT_benchmark/SATLIB/BMS_k3_n100_m429/BMS_k3_n100_m429_233.cnf,SAT,180610.05,180598.79,11.26,1367,986
/home/richard/project/SAT_benchmark/SATLIB/BMS_k3_n100_m429/BMS_k3_n100_m429_165.cnf,SAT,221026.73,221013.76,12.97,1675,1297
/home/richard/project/SAT_benchmark/SATLIB/BMS_k3_n100_m429/BMS_k3_n100_m429_83.cnf,SAT,62685.83,62680.13,5.70,470,200
/home/richard/project/SAT_benchmark/SATLIB/BMS_k3_n100_m429/BMS_k3_n100_m429_173.cnf,SAT,221027.72,221015.74,11.98,1672,1007
/home/richard/project/SAT_benchmark/SATLIB/BMS_k3_n100_m429/BMS_k3_n100_m429_305.cnf,SAT,33183.72,33178.63,5.09,249,166
/home/richard/project/SAT_benchmark/SATLIB/BMS_k3_n100_m429/BMS_k3_n100_m429_219.cnf,SAT,42865.78,42860.30,5.48,319,208
/home/richard/project/SAT_benchmark/SATLIB/BMS_k3_n100_m429/BMS_k3_n100_m429_316.cnf,SAT,77595.97,77588.82,7.15,573,449
/home/richard/project/SAT_benchmark/SATLIB/BMS_k3_n100_m429/BMS_k3_n100_m429_111.cnf,SAT,16583.79,16579.06,4.73,120,92
/home/richard/project/SAT_benchmark/SATLIB/BMS_k3_n100_m429/BMS_k3_n100_m429_453.cnf,SAT,30557.21,30551.81,5.40,222,179
/home/richard/project/SAT_benchmark/SATLIB/BMS_k3_n100_m429/BMS_k3_n100_m429_363.cnf,SAT,98217.31,98209.05,8.26,728,526
/home/richard/project/SAT_benchmark/SATLIB/BMS_k3_n100_m429/BMS_k3_n100_m429_170.cnf,SAT,77741.09,77733.54,7.56,572,378
/home/richard/project/SAT_benchmark/SATLIB/BMS_k3_n100_m429/BMS_k3_n100_m429_80.cnf,SAT,43551.35,43545.37,5.98,289,232
/home/richard/project/SAT_benchmark/SATLIB/BMS_k3_n100_m429/BMS_k3_n100_m429_290.cnf,SAT,15847.09,15842.41,4.68,101,71
/home/richard/project/SAT_benchmark/SATLIB/BMS_k3_n100_m429/BMS_k3_n100_m429_242.cnf,SAT,156530.23,156520.90,9.34,1019,437
/home/richard/project/SAT_benchmark/SATLIB/BMS_k3_n100_m429/BMS_k3_n100_m429_33.cnf,SAT,11089.35,11083.51,5.84,71,50
/home/richard/project/SAT_benchmark/SATLIB/BMS_k3_n100_m429/BMS_k3_n100_m429_342.cnf,SAT,5168.34,5163.26,5.08,37,23
/home/richard/project/SAT_benchmark/SATLIB/BMS_k3_n100_m429/BMS_k3_n100_m429_437.cnf,SAT,10006.75,10001.28,5.47,60,36
/home/richard/project/SAT_benchmark/SATLIB/BMS_k3_n100_m429/BMS_k3_n100_m429_114.cnf,SAT,103056.29,103047.57,8.72,665,562
/home/richard/project/SAT_benchmark/SATLIB/BMS_k3_n100_m429/BMS_k3_n100_m429_73.cnf,SAT,158167.79,158157.54,10.25,1011,659
/home/richard/project/SAT_benchmark/SATLIB/BMS_k3_n100_m429/BMS_k3_n100_m429_367.cnf,SAT,61105.90,61098.40,7.50,382,337
/home/richard/project/SAT_benchmark/SATLIB/BMS_k3_n100_m429/BMS_k3_n100_m429_250.cnf,SAT,11455.90,11450.62,5.28,76,48
/home/richard/project/SAT_benchmark/SATLIB/BMS_k3_n100_m429/BMS_k3_n100_m429_414.cnf,SAT,4987.88,4982.75,5.13,39,6
/home/richard/project/SAT_benchmark/SATLIB/BMS_k3_n100_m429/BMS_k3_n100_m429_471.cnf,SAT,17882.82,17877.43,5.39,111,74
/home/richard/project/SAT_benchmark/SATLIB/BMS_k3_n100_m429/BMS_k3_n100_m429_156.cnf,SAT,19686.70,19680.43,6.27,127,107
/home/richard/project/SAT_benchmark/SATLIB/BMS_k3_n100_m429/BMS_k3_n100_m429_358.cnf,SAT,149225.60,149216.26,9.35,902,450
/home/richard/project/SAT_benchmark/SATLIB/BMS_k3_n100_m429/BMS_k3_n100_m429_128.cnf,SAT,33222.28,33216.10,6.18,206,166
/home/richard/project/SAT_benchmark/SATLIB/BMS_k3_n100_m429/BMS_k3_n100_m429_459.cnf,SAT,180688.29,180675.83,12.45,1063,897
/home/richard/project/SAT_benchmark/SATLIB/BMS_k3_n100_m429/BMS_k3_n100_m429_299.cnf,SAT,107984.21,107975.60,8.60,660,586
/home/richard/project/SAT_benchmark/SATLIB/BMS_k3_n100_m429/BMS_k3_n100_m429_180.cnf,SAT,153426.27,153414.42,11.85,956,851
/home/richard/project/SAT_benchmark/SATLIB/BMS_k3_n100_m429/BMS_k3_n100_m429_253.cnf,SAT,53694.93,53687.88,7.05,334,267
/home/richard/project/SAT_benchmark/SATLIB/BMS_k3_n100_m429/BMS_k3_n100_m429_139.cnf,SAT,44199.08,44192.22,6.86,271,220
/home/richard/project/SAT_benchmark/SATLIB/BMS_k3_n100_m429/BMS_k3_n100_m429_7.cnf,SAT,53659.47,53652.55,6.92,339,273
/home/richard/project/SAT_benchmark/SATLIB/BMS_k3_n100_m429/BMS_k3_n100_m429_26.cnf,SAT,217662.70,217649.54,13.16,1352,1011
/home/richard/project/SAT_benchmark/SATLIB/BMS_k3_n100_m429/BMS_k3_n100_m429_278.cnf,SAT,5.19,0.00,5.19,0,0
/home/richard/project/SAT_benchmark/SATLIB/BMS_k3_n100_m429/BMS_k3_n100_m429_447.cnf,SAT,172128.16,172116.97,11.20,1061,821
/home/richard/project/SAT_benchmark/SATLIB/BMS_k3_n100_m429/BMS_k3_n100_m429_237.cnf,SAT,210867.61,210854.36,13.25,1296,844
/home/richard/project/SAT_benchmark/SATLIB/BMS_k3_n100_m429/BMS_k3_n100_m429_277.cnf,SAT,167977.85,167964.74,13.10,1046,906
/home/richard/project/SAT_benchmark/SATLIB/BMS_k3_n100_m429/BMS_k3_n100_m429_374.cnf,SAT,50698.67,50691.93,6.74,313,266
/home/richard/project/SAT_benchmark/SATLIB/BMS_k3_n100_m429/BMS_k3_n100_m429_127.cnf,SAT,272315.09,272299.80,15.29,1681,1125
/home/richard/project/SAT_benchmark/SATLIB/BMS_k3_n100_m429/BMS_k3_n100_m429_178.cnf,SAT,127162.18,127152.92,9.26,767,557
/home/richard/project/SAT_benchmark/SATLIB/BMS_k3_n100_m429/BMS_k3_n100_m429_441.cnf,SAT,12022.04,12016.54,5.50,78,54
/home/richard/project/SAT_benchmark/SATLIB/BMS_k3_n100_m429/BMS_k3_n100_m429_359.cnf,SAT,110515.31,110506.56,8.75,659,368
/home/richard/project/SAT_benchmark/SATLIB/BMS_k3_n100_m429/BMS_k3_n100_m429_181.cnf,SAT,123154.60,123145.31,9.29,732,539
/home/richard/project/SAT_benchmark/SATLIB/BMS_k3_n100_m429/BMS_k3_n100_m429_201.cnf,SAT,168954.65,168944.33,10.33,1006,791
/home/richard/project/SAT_benchmark/SATLIB/BMS_k3_n100_m429/BMS_k3_n100_m429_487.cnf,SAT,128714.02,128705.78,8.25,778,447
/home/richard/project/SAT_benchmark/SATLIB/BMS_k3_n100_m429/BMS_k3_n100_m429_248.cnf,SAT,110010.30,110001.71,8.59,669,465
/home/richard/project/SAT_benchmark/SATLIB/BMS_k3_n100_m429/BMS_k3_n100_m429_27.cnf,SAT,147062.42,147051.35,11.06,888,745
/home/richard/project/SAT_benchmark/SATLIB/BMS_k3_n100_m429/BMS_k3_n100_m429_147.cnf,SAT,85613.33,85605.80,7.53,517,397
/home/richard/project/SAT_benchmark/SATLIB/BMS_k3_n100_m429/BMS_k3_n100_m429_176.cnf,SAT,136431.29,136420.29,11.00,816,724
/home/richard/project/SAT_benchmark/SATLIB/BMS_k3_n100_m429/BMS_k3_n100_m429_119.cnf,SAT,160187.48,160176.51,10.97,929,779
/home/richard/project/SAT_benchmark/SATLIB/BMS_k3_n100_m429/BMS_k3_n100_m429_478.cnf,SAT,271294.09,271278.26,15.83,1594,1254
/home/richard/project/SAT_benchmark/SATLIB/BMS_k3_n100_m429/BMS_k3_n100_m429_45.cnf,SAT,85430.80,85422.63,8.17,515,436
/home/richard/project/SAT_benchmark/SATLIB/BMS_k3_n100_m429/BMS_k3_n100_m429_301.cnf,SAT,77463.63,77455.60,8.04,453,318
/home/richard/project/SAT_benchmark/SATLIB/BMS_k3_n100_m429/BMS_k3_n100_m429_404.cnf,SAT,25491.97,25485.96,6.01,159,130
/home/richard/project/SAT_benchmark/SATLIB/BMS_k3_n100_m429/BMS_k3_n100_m429_385.cnf,SAT,101984.80,101975.32,9.48,605,428
/home/richard/project/SAT_benchmark/SATLIB/BMS_k3_n100_m429/BMS_k3_n100_m429_463.cnf,SAT,11831.14,11825.04,6.10,75,36
/home/richard/project/SAT_benchmark/SATLIB/BMS_k3_n100_m429/BMS_k3_n100_m429_398.cnf,SAT,68028.30,68021.18,7.13,407,344
/home/richard/project/SAT_benchmark/SATLIB/BMS_k3_n100_m429/BMS_k3_n100_m429_469.cnf,SAT,257317.57,257302.23,15.33,1544,1334
/home/richard/project/SAT_benchmark/SATLIB/BMS_k3_n100_m429/BMS_k3_n100_m429_438.cnf,SAT,132252.16,132242.28,9.88,795,676
/home/richard/project/SAT_benchmark/SATLIB/BMS_k3_n100_m429/BMS_k3_n100_m429_56.cnf,SAT,274750.19,274734.94,15.25,1584,1347
/home/richard/project/SAT_benchmark/SATLIB/BMS_k3_n100_m429/BMS_k3_n100_m429_182.cnf,SAT,127985.44,127975.15,10.28,789,677
/home/richard/project/SAT_benchmark/SATLIB/BMS_k3_n100_m429/BMS_k3_n100_m429_93.cnf,SAT,20191.06,20185.23,5.84,125,87
/home/richard/project/SAT_benchmark/SATLIB/BMS_k3_n100_m429/BMS_k3_n100_m429_48.cnf,SAT,40844.12,40836.73,7.40,252,204
/home/richard/project/SAT_benchmark/SATLIB/BMS_k3_n100_m429/BMS_k3_n100_m429_255.cnf,SAT,234379.06,234363.54,15.51,1427,1174
/home/richard/project/SAT_benchmark/SATLIB/BMS_k3_n100_m429/BMS_k3_n100_m429_312.cnf,SAT,135722.59,135712.03,10.55,821,686
/home/richard/project/SAT_benchmark/SATLIB/BMS_k3_n100_m429/BMS_k3_n100_m429_492.cnf,SAT,105214.41,105205.82,8.58,641,522
/home/richard/project/SAT_benchmark/SATLIB/BMS_k3_n100_m429/BMS_k3_n100_m429_279.cnf,SAT,29654.84,29648.73,6.11,186,147
/home/richard/project/SAT_benchmark/SATLIB/BMS_k3_n100_m429/BMS_k3_n100_m429_333.cnf,SAT,197747.26,197733.56,13.70,1215,1012
/home/richard/project/SAT_benchmark/SATLIB/BMS_k3_n100_m429/BMS_k3_n100_m429_356.cnf,SAT,248666.58,248651.18,15.40,1529,1196
/home/richard/project/SAT_benchmark/SATLIB/BMS_k3_n100_m429/BMS_k3_n100_m429_217.cnf,SAT,245652.07,245636.74,15.33,1503,1216
/home/richard/project/SAT_benchmark/SATLIB/BMS_k3_n100_m429/BMS_k3_n100_m429_485.cnf,SAT,60867.62,60861.09,6.54,376,284
/home/richard/project/SAT_benchmark/SATLIB/BMS_k3_n100_m429/BMS_k3_n100_m429_296.cnf,SAT,100174.84,100166.30,8.54,615,521
/home/richard/project/SAT_benchmark/SATLIB/BMS_k3_n100_m429/BMS_k3_n100_m429_373.cnf,SAT,102235.71,102226.79,8.92,623,485
/home/richard/project/SAT_benchmark/SATLIB/BMS_k3_n100_m429/BMS_k3_n100_m429_87.cnf,SAT,37971.68,37965.38,6.30,236,185
/home/richard/project/SAT_benchmark/SATLIB/BMS_k3_n100_m429/BMS_k3_n100_m429_197.cnf,SAT,37870.19,37864.01,6.18,235,162
/home/richard/project/SAT_benchmark/SATLIB/BMS_k3_n100_m429/BMS_k3_n100_m429_454.cnf,SAT,41267.14,41260.48,6.66,254,208
/home/richard/project/SAT_benchmark/SATLIB/BMS_k3_n100_m429/BMS_k3_n100_m429_361.cnf,SAT,268786.14,268770.77,15.37,1634,1190
/home/richard/project/SAT_benchmark/SATLIB/BMS_k3_n100_m429/BMS_k3_n100_m429_169.cnf,SAT,20073.37,20067.62,5.75,128,90
/home/richard/project/SAT_benchmark/SATLIB/BMS_k3_n100_m429/BMS_k3_n100_m429_174.cnf,SAT,39893.62,39887.01,6.61,243,174
/home/richard/project/SAT_benchmark/SATLIB/BMS_k3_n100_m429/BMS_k3_n100_m429_6.cnf,SAT,20091.83,20086.16,5.67,120,82
/home/richard/project/SAT_benchmark/SATLIB/BMS_k3_n100_m429/BMS_k3_n100_m429_494.cnf,SAT,73033.31,73026.18,7.13,444,329
/home/richard/project/SAT_benchmark/SATLIB/BMS_k3_n100_m429/BMS_k3_n100_m429_314.cnf,SAT,130521.04,130511.04,10.00,790,686
/home/richard/project/SAT_benchmark/SATLIB/BMS_k3_n100_m429/BMS_k3_n100_m429_369.cnf,SAT,132115.68,132105.67,10.02,802,661
/home/richard/project/SAT_benchmark/SATLIB/BMS_k3_n100_m429/BMS_k3_n100_m429_132.cnf,SAT,0.10,0.00,0.10,0,0
/home/richard/project/SAT_benchmark/SATLIB/BMS_k3_n100_m429/BMS_k3_n100_m429_408.cnf,SAT,6644.80,6639.37,5.42,43,14
/home/richard/project/SAT_benchmark/SATLIB/BMS_k3_n100_m429/BMS_k3_n100_m429_249.cnf,SAT,189756.15,189742.41,13.74,1159,987
/home/richard/project/SAT_benchmark/SATLIB/BMS_k3_n100_m429/BMS_k3_n100_m429_58.cnf,SAT,71864.44,71856.47,7.97,442,389
/home/richard/project/SAT_benchmark/SATLIB/BMS_k3_n100_m429/BMS_k3_n100_m429_138.cnf,SAT,11510.11,11504.40,5.71,72,45
/home/richard/project/SAT_benchmark/SATLIB/BMS_k3_n100_m429/BMS_k3_n100_m429_81.cnf,SAT,188107.58,188095.26,12.32,1147,855
/home/richard/project/SAT_benchmark/SATLIB/BMS_k3_n100_m429/BMS_k3_n100_m429_152.cnf,SAT,288545.75,288527.41,18.34,1747,1485
/home/richard/project/SAT_benchmark/SATLIB/BMS_k3_n100_m429/BMS_k3_n100_m429_439.cnf,SAT,34703.15,34696.49,6.67,212,165
/home/richard/project/SAT_benchmark/SATLIB/BMS_k3_n100_m429/BMS_k3_n100_m429_200.cnf,SAT,86543.26,86535.04,8.23,506,417
/home/richard/project/SAT_benchmark/SATLIB/BMS_k3_n100_m429/BMS_k3_n100_m429_326.cnf,SAT,72041.46,72033.67,7.79,449,295
/home/richard/project/SAT_benchmark/SATLIB/BMS_k3_n100_m429/BMS_k3_n100_m429_198.cnf,SAT,270458.47,270443.56,14.91,1521,1091
/home/richard/project/SAT_benchmark/SATLIB/BMS_k3_n100_m429/BMS_k3_n100_m429_323.cnf,SAT,55432.36,55425.33,7.04,308,250
/home/richard/project/SAT_benchmark/SATLIB/BMS_k3_n100_m429/BMS_k3_n100_m429_140.cnf,SAT,217049.96,217037.06,12.90,1171,684
/home/richard/project/SAT_benchmark/SATLIB/BMS_k3_n100_m429/BMS_k3_n100_m429_62.cnf,SAT,166433.10,166422.16,10.94,918,771
/home/richard/project/SAT_benchmark/SATLIB/BMS_k3_n100_m429/BMS_k3_n100_m429_394.cnf,SAT,261502.30,261487.01,15.29,1426,1178
/home/richard/project/SAT_benchmark/SATLIB/BMS_k3_n100_m429/BMS_k3_n100_m429_97.cnf,SAT,129380.46,129370.24,10.22,711,606
/home/richard/project/SAT_benchmark/SATLIB/BMS_k3_n100_m429/BMS_k3_n100_m429_30.cnf,SAT,30985.11,30979.44,5.67,177,110
/home/richard/project/SAT_benchmark/SATLIB/BMS_k3_n100_m429/BMS_k3_n100_m429_85.cnf,SAT,11195.88,11190.79,5.09,65,35
/home/richard/project/SAT_benchmark/SATLIB/BMS_k3_n100_m429/BMS_k3_n100_m429_384.cnf,SAT,178994.49,178981.39,13.10,989,845
/home/richard/project/SAT_benchmark/SATLIB/BMS_k3_n100_m429/BMS_k3_n100_m429_39.cnf,SAT,168259.52,168248.27,11.25,929,755
/home/richard/project/SAT_benchmark/SATLIB/BMS_k3_n100_m429/BMS_k3_n100_m429_457.cnf,SAT,97585.20,97577.51,7.68,538,370
/home/richard/project/SAT_benchmark/SATLIB/BMS_k3_n100_m429/BMS_k3_n100_m429_243.cnf,SAT,5700.95,5694.51,6.44,32,4
/home/richard/project/SAT_benchmark/SATLIB/BMS_k3_n100_m429/BMS_k3_n100_m429_481.cnf,SAT,260540.93,260526.05,14.88,1521,1230
/home/richard/project/SAT_benchmark/SATLIB/BMS_k3_n100_m429/BMS_k3_n100_m429_409.cnf,SAT,48049.73,48042.60,7.13,289,243
/home/richard/project/SAT_benchmark/SATLIB/BMS_k3_n100_m429/BMS_k3_n100_m429_118.cnf,SAT,81141.87,81133.58,8.29,481,391
/home/richard/project/SAT_benchmark/SATLIB/BMS_k3_n100_m429/BMS_k3_n100_m429_376.cnf,SAT,5537.98,5533.44,4.54,30,5
/home/richard/project/SAT_benchmark/SATLIB/BMS_k3_n100_m429/BMS_k3_n100_m429_9.cnf,SAT,26378.88,26372.65,6.23,153,99
/home/richard/project/SAT_benchmark/SATLIB/BMS_k3_n100_m429/BMS_k3_n100_m429_393.cnf,SAT,182198.03,182186.41,11.62,1068,861
/home/richard/project/SAT_benchmark/SATLIB/BMS_k3_n100_m429/BMS_k3_n100_m429_24.cnf,SAT,68935.68,68927.99,7.69,406,305
/home/richard/project/SAT_benchmark/SATLIB/BMS_k3_n100_m429/BMS_k3_n100_m429_167.cnf,SAT,20898.23,20892.18,6.05,125,90
/home/richard/project/SAT_benchmark/SATLIB/BMS_k3_n100_m429/BMS_k3_n100_m429_334.cnf,SAT,157122.80,157112.58,10.22,916,635
/home/richard/project/SAT_benchmark/SATLIB/BMS_k3_n100_m429/BMS_k3_n100_m429_86.cnf,SAT,45432.40,45425.69,6.71,262,216
/home/richard/project/SAT_benchmark/SATLIB/BMS_k3_n100_m429/BMS_k3_n100_m429_0.cnf,SAT,207883.77,207871.81,11.96,1202,748
/home/richard/project/SAT_benchmark/SATLIB/BMS_k3_n100_m429/BMS_k3_n100_m429_407.cnf,SAT,149377.47,149366.88,10.59,873,708
/home/richard/project/SAT_benchmark/SATLIB/BMS_k3_n100_m429/BMS_k3_n100_m429_130.cnf,SAT,169319.20,169308.88,10.32,989,606
/home/richard/project/SAT_benchmark/SATLIB/BMS_k3_n100_m429/BMS_k3_n100_m429_389.cnf,SAT,8861.54,8855.48,6.06,52,16
/home/richard/project/SAT_benchmark/SATLIB/BMS_k3_n100_m429/BMS_k3_n100_m429_52.cnf,SAT,19113.01,19107.24,5.77,110,72
/home/richard/project/SAT_benchmark/SATLIB/BMS_k3_n100_m429/BMS_k3_n100_m429_246.cnf,SAT,25891.46,25885.30,6.16,155,124
/home/richard/project/SAT_benchmark/SATLIB/BMS_k3_n100_m429/BMS_k3_n100_m429_390.cnf,SAT,278222.77,278207.96,14.81,1434,962
/home/richard/project/SAT_benchmark/SATLIB/BMS_k3_n100_m429/BMS_k3_n100_m429_40.cnf,SAT,294155.91,294141.18,14.72,1290,1050
/home/richard/project/SAT_benchmark/SATLIB/BMS_k3_n100_m429/BMS_k3_n100_m429_418.cnf,SAT,211520.40,211509.30,11.09,928,636
/home/richard/project/SAT_benchmark/SATLIB/BMS_k3_n100_m429/BMS_k3_n100_m429_102.cnf,SAT,65064.90,65057.44,7.46,323,269
/home/richard/project/SAT_benchmark/SATLIB/BMS_k3_n100_m429/BMS_k3_n100_m429_387.cnf,SAT,25220.03,25213.63,6.40,131,80
/home/richard/project/SAT_benchmark/SATLIB/BMS_k3_n100_m429/BMS_k3_n100_m429_124.cnf,SAT,124666.94,124657.24,9.70,651,549
/home/richard/project/SAT_benchmark/SATLIB/BMS_k3_n100_m429/BMS_k3_n100_m429_294.cnf,SAT,50443.60,50436.29,7.30,278,232
/home/richard/project/SAT_benchmark/SATLIB/BMS_k3_n100_m429/BMS_k3_n100_m429_17.cnf,SAT,168971.13,168960.19,10.94,887,784
/home/richard/project/SAT_benchmark/SATLIB/BMS_k3_n100_m429/BMS_k3_n100_m429_281.cnf,SAT,252732.09,252717.91,14.18,1269,784
/home/richard/project/SAT_benchmark/SATLIB/BMS_k3_n100_m429/BMS_k3_n100_m429_421.cnf,SAT,11261.96,11256.58,5.37,65,44
/home/richard/project/SAT_benchmark/SATLIB/BMS_k3_n100_m429/BMS_k3_n100_m429_445.cnf,SAT,20430.04,20424.22,5.81,114,55
/home/richard/project/SAT_benchmark/SATLIB/BMS_k3_n100_m429/BMS_k3_n100_m429_467.cnf,SAT,199124.92,199112.51,12.41,1025,905
/home/richard/project/SAT_benchmark/SATLIB/BMS_k3_n100_m429/BMS_k3_n100_m429_229.cnf,SAT,132353.89,132344.55,9.34,696,461
/home/richard/project/SAT_benchmark/SATLIB/BMS_k3_n100_m429/BMS_k3_n100_m429_148.cnf,SAT,185391.39,185379.53,11.86,1089,750
/home/richard/project/SAT_benchmark/SATLIB/BMS_k3_n100_m429/BMS_k3_n100_m429_269.cnf,SAT,61691.08,61683.47,7.61,366,306
/home/richard/project/SAT_benchmark/SATLIB/BMS_k3_n100_m429/BMS_k3_n100_m429_157.cnf,SAT,43009.62,43003.55,6.07,258,198
/home/richard/project/SAT_benchmark/SATLIB/BMS_k3_n100_m429/BMS_k3_n100_m429_355.cnf,SAT,80996.64,80987.72,8.93,451,280
/home/richard/project/SAT_benchmark/SATLIB/BMS_k3_n100_m429/BMS_k3_n100_m429_410.cnf,SAT,69939.06,69931.85,7.21,405,261
/home/richard/project/SAT_benchmark/SATLIB/BMS_k3_n100_m429/BMS_k3_n100_m429_251.cnf,SAT,192086.71,192074.67,12.04,1122,880
/home/richard/project/SAT_benchmark/SATLIB/BMS_k3_n100_m429/BMS_k3_n100_m429_96.cnf,SAT,119433.41,119422.90,10.50,705,594
/home/richard/project/SAT_benchmark/SATLIB/BMS_k3_n100_m429/BMS_k3_n100_m429_164.cnf,SAT,230248.27,230233.77,14.50,1361,1073
/home/richard/project/SAT_benchmark/SATLIB/BMS_k3_n100_m429/BMS_k3_n100_m429_11.cnf,SAT,145898.31,145887.98,10.33,860,611
/home/richard/project/SAT_benchmark/SATLIB/BMS_k3_n100_m429/BMS_k3_n100_m429_497.cnf,SAT,54365.09,54358.39,6.70,321,165
/home/richard/project/SAT_benchmark/SATLIB/BMS_k3_n100_m429/BMS_k3_n100_m429_474.cnf,SAT,51274.59,51268.28,6.32,303,238
/home/richard/project/SAT_benchmark/SATLIB/BMS_k3_n100_m429/BMS_k3_n100_m429_496.cnf,SAT,206595.55,206582.35,13.21,1223,994
/home/richard/project/SAT_benchmark/SATLIB/BMS_k3_n100_m429/BMS_k3_n100_m429_416.cnf,SAT,129479.83,129470.65,9.17,682,473
/home/richard/project/SAT_benchmark/SATLIB/BMS_k3_n100_m429/BMS_k3_n100_m429_476.cnf,SAT,19367.60,19362.01,5.59,93,66
/home/richard/project/SAT_benchmark/SATLIB/BMS_k3_n100_m429/BMS_k3_n100_m429_194.cnf,SAT,255210.93,255197.28,13.66,1302,967
/home/richard/project/SAT_benchmark/SATLIB/BMS_k3_n100_m429/BMS_k3_n100_m429_254.cnf,SAT,81706.15,81698.51,7.64,416,349
/home/richard/project/SAT_benchmark/SATLIB/BMS_k3_n100_m429/BMS_k3_n100_m429_232.cnf,SAT,216692.62,216681.81,10.81,1100,664
/home/richard/project/SAT_benchmark/SATLIB/BMS_k3_n100_m429/BMS_k3_n100_m429_188.cnf,SAT,98002.65,97994.80,7.85,506,387
/home/richard/project/SAT_benchmark/SATLIB/BMS_k3_n100_m429/BMS_k3_n100_m429_145.cnf,SAT,155658.13,155645.54,12.59,831,720
/home/richard/project/SAT_benchmark/SATLIB/BMS_k3_n100_m429/BMS_k3_n100_m429_222.cnf,SAT,39532.68,39526.21,6.47,195,152
/home/richard/project/SAT_benchmark/SATLIB/BMS_k3_n100_m429/BMS_k3_n100_m429_313.cnf,SAT,12008.64,12003.16,5.48,67,37
/home/richard/project/SAT_benchmark/SATLIB/BMS_k3_n100_m429/BMS_k3_n100_m429_258.cnf,SAT,71258.96,71251.28,7.68,370,302
/home/richard/project/SAT_benchmark/SATLIB/BMS_k3_n100_m429/BMS_k3_n100_m429_285.cnf,SAT,108146.43,108137.56,8.87,584,447
/home/richard/project/SAT_benchmark/SATLIB/BMS_k3_n100_m429/BMS_k3_n100_m429_21.cnf,SAT,86784.90,86777.36,7.54,439,369
/home/richard/project/SAT_benchmark/SATLIB/BMS_k3_n100_m429/BMS_k3_n100_m429_357.cnf,SAT,183881.20,183869.52,11.68,962,804
/home/richard/project/SAT_benchmark/SATLIB/BMS_k3_n100_m429/BMS_k3_n100_m429_46.cnf,SAT,158455.78,158445.29,10.49,833,604
/home/richard/project/SAT_benchmark/SATLIB/BMS_k3_n100_m429/BMS_k3_n100_m429_318.cnf,SAT,278735.07,278720.66,14.41,1452,853
/home/richard/project/SAT_benchmark/SATLIB/BMS_k3_n100_m429/BMS_k3_n100_m429_69.cnf,SAT,165102.86,165093.19,9.66,881,455
/home/richard/project/SAT_benchmark/SATLIB/BMS_k3_n100_m429/BMS_k3_n100_m429_303.cnf,SAT,4367.03,4362.48,4.55,25,2
/home/richard/project/SAT_benchmark/SATLIB/BMS_k3_n100_m429/BMS_k3_n100_m429_315.cnf,SAT,107710.52,107702.43,8.09,558,436
/home/richard/project/SAT_benchmark/SATLIB/BMS_k3_n100_m429/BMS_k3_n100_m429_495.cnf,SAT,223400.53,223388.77,11.76,1130,778
/home/richard/project/SAT_benchmark/SATLIB/BMS_k3_n100_m429/BMS_k3_n100_m429_177.cnf,SAT,200633.01,200620.35,12.66,1040,878
/home/richard/project/SAT_benchmark/SATLIB/BMS_k3_n100_m429/BMS_k3_n100_m429_332.cnf,SAT,62431.00,62424.39,6.61,310,225
/home/richard/project/SAT_benchmark/SATLIB/BMS_k3_n100_m429/BMS_k3_n100_m429_292.cnf,SAT,64689.34,64681.75,7.59,331,291
/home/richard/project/SAT_benchmark/SATLIB/BMS_k3_n100_m429/BMS_k3_n100_m429_235.cnf,SAT,100641.10,100632.64,8.47,514,300
/home/richard/project/SAT_benchmark/SATLIB/BMS_k3_n100_m429/BMS_k3_n100_m429_29.cnf,SAT,208869.77,208856.28,13.48,1101,947
/home/richard/project/SAT_benchmark/SATLIB/BMS_k3_n100_m429/BMS_k3_n100_m429_430.cnf,SAT,42734.59,42727.79,6.81,224,168
/home/richard/project/SAT_benchmark/SATLIB/BMS_k3_n100_m429/BMS_k3_n100_m429_105.cnf,SAT,40317.39,40311.19,6.20,206,153
/home/richard/project/SAT_benchmark/SATLIB/BMS_k3_n100_m429/BMS_k3_n100_m429_343.cnf,SAT,100332.51,100323.54,8.98,516,453
/home/richard/project/SAT_benchmark/SATLIB/BMS_k3_n100_m429/BMS_k3_n100_m429_499.cnf,SAT,186881.46,186870.92,10.54,972,719
/home/richard/project/SAT_benchmark/SATLIB/BMS_k3_n100_m429/BMS_k3_n100_m429_405.cnf,SAT,32818.42,32811.85,6.56,169,106
/home/richard/project/SAT_benchmark/SATLIB/BMS_k3_n100_m429/BMS_k3_n100_m429_380.cnf,SAT,26339.60,26333.78,5.82,133,73
/home/richard/project/SAT_benchmark/SATLIB/BMS_k3_n100_m429/BMS_k3_n100_m429_275.cnf,SAT,283658.21,283642.67,15.53,1451,1129
/home/richard/project/SAT_benchmark/SATLIB/BMS_k3_n100_m429/BMS_k3_n100_m429_256.cnf,SAT,63268.63,63260.93,7.69,320,257
/home/richard/project/SAT_benchmark/SATLIB/BMS_k3_n100_m429/BMS_k3_n100_m429_370.cnf,SAT,16797.49,16791.87,5.62,86,43
/home/richard/project/SAT_benchmark/SATLIB/BMS_k3_n100_m429/BMS_k3_n100_m429_204.cnf,SAT,206989.16,206977.10,12.06,1057,883
/home/richard/project/SAT_benchmark/SATLIB/BMS_k3_n100_m429/BMS_k3_n100_m429_104.cnf,SAT,248415.30,248403.07,12.22,1306,564
/home/richard/project/SAT_benchmark/SATLIB/BMS_k3_n100_m429/BMS_k3_n100_m429_423.cnf,SAT,10554.90,10549.68,5.23,54,39
/home/richard/project/SAT_benchmark/SATLIB/BMS_k3_n100_m429/BMS_k3_n100_m429_479.cnf,SAT,10245.42,10239.73,5.69,51,23
/home/richard/project/SAT_benchmark/SATLIB/BMS_k3_n100_m429/BMS_k3_n100_m429_192.cnf,SAT,130674.86,130666.03,8.82,671,531
/home/richard/project/SAT_benchmark/SATLIB/BMS_k3_n100_m429/BMS_k3_n100_m429_261.cnf,SAT,241005.57,240993.99,11.58,1237,660
/home/richard/project/SAT_benchmark/SATLIB/BMS_k3_n100_m429/BMS_k3_n100_m429_280.cnf,SAT,127691.90,127682.57,9.33,671,558
/home/richard/project/SAT_benchmark/SATLIB/BMS_k3_n100_m429/BMS_k3_n100_m429_43.cnf,SAT,14784.68,14778.77,5.90,78,37
/home/richard/project/SAT_benchmark/SATLIB/BMS_k3_n100_m429/BMS_k3_n100_m429_360.cnf,SAT,38502.74,38496.44,6.31,190,137
/home/richard/project/SAT_benchmark/SATLIB/BMS_k3_n100_m429/BMS_k3_n100_m429_214.cnf,SAT,281565.07,281550.96,14.11,1446,952
/home/richard/project/SAT_benchmark/SATLIB/BMS_k3_n100_m429/BMS_k3_n100_m429_368.cnf,SAT,130808.72,130799.17,9.55,666,508
/home/richard/project/SAT_benchmark/SATLIB/BMS_k3_n100_m429/BMS_k3_n100_m429_340.cnf,SAT,50838.89,50833.04,5.85,269,214
/home/richard/project/SAT_benchmark/SATLIB/BMS_k3_n100_m429/BMS_k3_n100_m429_47.cnf,SAT,147611.67,147602.04,9.63,751,586
/home/richard/project/SAT_benchmark/SATLIB/BMS_k3_n100_m429/BMS_k3_n100_m429_274.cnf,SAT,101563.54,101555.14,8.40,529,471
/home/richard/project/SAT_benchmark/SATLIB/BMS_k3_n100_m429/BMS_k3_n100_m429_289.cnf,SAT,26868.61,26863.00,5.61,140,104
/home/richard/project/SAT_benchmark/SATLIB/BMS_k3_n100_m429/BMS_k3_n100_m429_402.cnf,SAT,258930.35,258916.47,13.88,1339,756
/home/richard/project/SAT_benchmark/SATLIB/BMS_k3_n100_m429/BMS_k3_n100_m429_153.cnf,SAT,112716.01,112707.50,8.51,583,434
/home/richard/project/SAT_benchmark/SATLIB/BMS_k3_n100_m429/BMS_k3_n100_m429_259.cnf,SAT,180562.33,180550.79,11.54,927,796
/home/richard/project/SAT_benchmark/SATLIB/BMS_k3_n100_m429/BMS_k3_n100_m429_328.cnf,SAT,108100.26,108091.69,8.57,541,447
/home/richard/project/SAT_benchmark/SATLIB/BMS_k3_n100_m429/BMS_k3_n100_m429_329.cnf,SAT,120910.45,120900.93,9.52,636,533
/home/richard/project/SAT_benchmark/SATLIB/BMS_k3_n100_m429/BMS_k3_n100_m429_239.cnf,SAT,82267.34,82259.81,7.54,427,292
/home/richard/project/SAT_benchmark/SATLIB/BMS_k3_n100_m429/BMS_k3_n100_m429_171.cnf,SAT,199781.10,199770.11,11.00,1060,572
/home/richard/project/SAT_benchmark/SATLIB/BMS_k3_n100_m429/BMS_k3_n100_m429_322.cnf,SAT,14821.97,14816.28,5.69,74,41
/home/richard/project/SAT_benchmark/SATLIB/BMS_k3_n100_m429/BMS_k3_n100_m429_231.cnf,SAT,127388.49,127379.64,8.85,658,538
/home/richard/project/SAT_benchmark/SATLIB/BMS_k3_n100_m429/BMS_k3_n100_m429_133.cnf,SAT,50098.21,50091.37,6.84,268,217
/home/richard/project/SAT_benchmark/SATLIB/BMS_k3_n100_m429/BMS_k3_n100_m429_191.cnf,SAT,149166.42,149156.47,9.95,772,625
/home/richard/project/SAT_benchmark/SATLIB/BMS_k3_n100_m429/BMS_k3_n100_m429_420.cnf,SAT,197336.91,197321.50,15.41,978,598
/home/richard/project/SAT_benchmark/SATLIB/BMS_k3_n100_m429/BMS_k3_n100_m429_339.cnf,SAT,216941.53,216929.66,11.87,1124,799
/home/richard/project/SAT_benchmark/SATLIB/BMS_k3_n100_m429/BMS_k3_n100_m429_5.cnf,SAT,216848.58,216835.60,12.98,1125,874
/home/richard/project/SAT_benchmark/SATLIB/BMS_k3_n100_m429/BMS_k3_n100_m429_241.cnf,SAT,105894.69,105886.03,8.66,574,443
/home/richard/project/SAT_benchmark/SATLIB/BMS_k3_n100_m429/BMS_k3_n100_m429_330.cnf,SAT,105036.72,105028.07,8.65,542,464
/home/richard/project/SAT_benchmark/SATLIB/BMS_k3_n100_m429/BMS_k3_n100_m429_82.cnf,SAT,72700.05,72693.00,7.04,393,270
/home/richard/project/SAT_benchmark/SATLIB/BMS_k3_n100_m429/BMS_k3_n100_m429_75.cnf,SAT,57558.54,57551.41,7.13,308,247
/home/richard/project/SAT_benchmark/SATLIB/BMS_k3_n100_m429/BMS_k3_n100_m429_309.cnf,SAT,51208.41,51200.93,7.48,267,198
/home/richard/project/SAT_benchmark/SATLIB/BMS_k3_n100_m429/BMS_k3_n100_m429_137.cnf,SAT,28056.70,28051.04,5.66,140,92
/home/richard/project/SAT_benchmark/SATLIB/BMS_k3_n100_m429/BMS_k3_n100_m429_60.cnf,SAT,56369.88,56363.13,6.75,300,214
/home/richard/project/SAT_benchmark/SATLIB/BMS_k3_n100_m429/BMS_k3_n100_m429_425.cnf,SAT,33241.61,33235.28,6.33,174,116
/home/richard/project/SAT_benchmark/SATLIB/BMS_k3_n100_m429/BMS_k3_n100_m429_488.cnf,SAT,193624.49,193611.72,12.77,994,877
/home/richard/project/SAT_benchmark/SATLIB/BMS_k3_n100_m429/BMS_k3_n100_m429_350.cnf,SAT,213998.15,213986.23,11.92,1111,869
/home/richard/project/SAT_benchmark/SATLIB/BMS_k3_n100_m429/BMS_k3_n100_m429_288.cnf,SAT,241143.12,241130.52,12.60,1236,711
/home/richard/project/SAT_benchmark/SATLIB/BMS_k3_n100_m429/BMS_k3_n100_m429_381.cnf,SAT,175324.84,175312.92,11.91,941,818
/home/richard/project/SAT_benchmark/SATLIB/BMS_k3_n100_m429/BMS_k3_n100_m429_108.cnf,SAT,290026.79,290011.59,15.20,1517,1243
/home/richard/project/SAT_benchmark/SATLIB/BMS_k3_n100_m429/BMS_k3_n100_m429_14.cnf,SAT,25854.39,25848.63,5.77,134,94
/home/richard/project/SAT_benchmark/SATLIB/BMS_k3_n100_m429/BMS_k3_n100_m429_319.cnf,SAT,39459.40,39453.01,6.39,209,116
/home/richard/project/SAT_benchmark/SATLIB/BMS_k3_n100_m429/BMS_k3_n100_m429_464.cnf,SAT,89799.93,89792.66,7.27,451,326
/home/richard/project/SAT_benchmark/SATLIB/BMS_k3_n100_m429/BMS_k3_n100_m429_125.cnf,SAT,0.07,0.00,0.07,0,0
/home/richard/project/SAT_benchmark/SATLIB/BMS_k3_n100_m429/BMS_k3_n100_m429_298.cnf,SAT,267430.59,267417.09,13.50,1382,786
/home/richard/project/SAT_benchmark/SATLIB/BMS_k3_n100_m429/BMS_k3_n100_m429_120.cnf,SAT,84795.33,84787.31,8.02,432,374
/home/richard/project/SAT_benchmark/SATLIB/BMS_k3_n100_m429/BMS_k3_n100_m429_338.cnf,SAT,64452.06,64445.04,7.02,329,262
/home/richard/project/SAT_benchmark/SATLIB/BMS_k3_n100_m429/BMS_k3_n100_m429_417.cnf,SAT,154905.45,154895.21,10.24,780,622
/home/richard/project/SAT_benchmark/SATLIB/BMS_k3_n100_m429/BMS_k3_n100_m429_55.cnf,SAT,71793.91,71786.41,7.51,371,307
/home/richard/project/SAT_benchmark/SATLIB/BMS_k3_n100_m429/BMS_k3_n100_m429_346.cnf,SAT,18173.40,18168.09,5.31,98,69
/home/richard/project/SAT_benchmark/SATLIB/BMS_k3_n100_m429/BMS_k3_n100_m429_172.cnf,SAT,6070.91,6065.25,5.66,35,9
/home/richard/project/SAT_benchmark/SATLIB/BMS_k3_n100_m429/BMS_k3_n100_m429_383.cnf,SAT,273349.59,273336.67,12.92,1386,814
/home/richard/project/SAT_benchmark/SATLIB/BMS_k3_n100_m429/BMS_k3_n100_m429_263.cnf,SAT,164445.02,164434.57,10.45,845,589
/home/richard/project/SAT_benchmark/SATLIB/BMS_k3_n100_m429/BMS_k3_n100_m429_4.cnf,SAT,152742.83,152732.48,10.35,814,681
/home/richard/project/SAT_benchmark/SATLIB/BMS_k3_n100_m429/BMS_k3_n100_m429_224.cnf,SAT,22168.38,22162.12,6.26,118,88
/home/richard/project/SAT_benchmark/SATLIB/BMS_k3_n100_m429/BMS_k3_n100_m429_399.cnf,SAT,161346.31,161335.86,10.45,858,595
/home/richard/project/SAT_benchmark/SATLIB/BMS_k3_n100_m429/BMS_k3_n100_m429_473.cnf,SAT,279510.82,279495.87,14.96,1439,1111
/home/richard/project/SAT_benchmark/SATLIB/BMS_k3_n100_m429/BMS_k3_n100_m429_135.cnf,SAT,22186.04,22180.02,6.03,113,85
/home/richard/project/SAT_benchmark/SATLIB/BMS_k3_n100_m429/BMS_k3_n100_m429_112.cnf,SAT,207148.42,207136.84,11.58,1071,846
/home/richard/project/SAT_benchmark/SATLIB/BMS_k3_n100_m429/BMS_k3_n100_m429_440.cnf,SAT,269476.07,269460.40,15.68,1399,1174
/home/richard/project/SAT_benchmark/SATLIB/BMS_k3_n100_m429/BMS_k3_n100_m429_244.cnf,SAT,205198.96,205186.35,12.61,1039,891
/home/richard/project/SAT_benchmark/SATLIB/BMS_k3_n100_m429/BMS_k3_n100_m429_392.cnf,SAT,113306.00,113296.74,9.27,578,483
/home/richard/project/SAT_benchmark/SATLIB/BMS_k3_n100_m429/BMS_k3_n100_m429_213.cnf,SAT,9030.84,9024.50,6.34,50,33
/home/richard/project/SAT_benchmark/SATLIB/BMS_k3_n100_m429/BMS_k3_n100_m429_460.cnf,SAT,139141.80,139133.53,8.27,709,300
/home/richard/project/SAT_benchmark/SATLIB/BMS_k3_n100_m429/BMS_k3_n100_m429_28.cnf,SAT,18538.43,18532.64,5.79,99,70
/home/richard/project/SAT_benchmark/SATLIB/BMS_k3_n100_m429/BMS_k3_n100_m429_378.cnf,SAT,33307.83,33301.48,6.35,189,137
/home/richard/project/SAT_benchmark/SATLIB/BMS_k3_n100_m429/BMS_k3_n100_m429_71.cnf,SAT,202023.49,202011.46,12.03,1049,897
/home/richard/project/SAT_benchmark/SATLIB/BMS_k3_n100_m429/BMS_k3_n100_m429_426.cnf,SAT,178757.70,178746.45,11.25,932,745
/home/richard/project/SAT_benchmark/SATLIB/BMS_k3_n100_m429/BMS_k3_n100_m429_179.cnf,SAT,53467.77,53461.62,6.15,277,148
/home/richard/project/SAT_benchmark/SATLIB/BMS_k3_n100_m429/BMS_k3_n100_m429_22.cnf,SAT,118118.78,118109.93,8.85,618,545
/home/richard/project/SAT_benchmark/SATLIB/BMS_k3_n100_m429/BMS_k3_n100_m429_215.cnf,SAT,58357.47,58350.89,6.58,291,231
/home/richard/project/SAT_benchmark/SATLIB/BMS_k3_n100_m429/BMS_k3_n100_m429_483.cnf,SAT,133346.98,133336.97,10.01,675,560
/home/richard/project/SAT_benchmark/SATLIB/BMS_k3_n100_m429/BMS_k3_n100_m429_95.cnf,SAT,176259.28,176248.58,10.70,927,672
/home/richard/project/SAT_benchmark/SATLIB/BMS_k3_n100_m429/BMS_k3_n100_m429_66.cnf,SAT,220844.90,220833.78,11.12,1184,669
/home/richard/project/SAT_benchmark/SATLIB/BMS_k3_n100_m429/BMS_k3_n100_m429_300.cnf,SAT,247416.66,247402.24,14.42,1281,1093
/home/richard/project/SAT_benchmark/SATLIB/BMS_k3_n100_m429/BMS_k3_n100_m429_123.cnf,SAT,216589.28,216576.98,12.30,1135,827
/home/richard/project/SAT_benchmark/SATLIB/BMS_k3_n100_m429/BMS_k3_n100_m429_498.cnf,SAT,20697.56,20691.04,6.52,110,77
/home/richard/project/SAT_benchmark/SATLIB/BMS_k3_n100_m429/BMS_k3_n100_m429_480.cnf,SAT,6897.25,6891.22,6.03,32,7
/home/richard/project/SAT_benchmark/SATLIB/BMS_k3_n100_m429/BMS_k3_n100_m429_331.cnf,SAT,215465.05,215450.76,14.30,1102,919
/home/richard/project/SAT_benchmark/SATLIB/BMS_k3_n100_m429/BMS_k3_n100_m429_396.cnf,SAT,89742.69,89735.32,7.36,464,416
/home/richard/project/SAT_benchmark/SATLIB/BMS_k3_n100_m429/BMS_k3_n100_m429_212.cnf,SAT,37957.79,37950.40,7.39,217,164
/home/richard/project/SAT_benchmark/SATLIB/BMS_k3_n100_m429/BMS_k3_n100_m429_468.cnf,SAT,96826.76,96819.11,7.65,515,216
/home/richard/project/SAT_benchmark/SATLIB/BMS_k3_n100_m429/BMS_k3_n100_m429_10.cnf,SAT,72237.48,72230.47,7.02,374,283
/home/richard/project/SAT_benchmark/SATLIB/BMS_k3_n100_m429/BMS_k3_n100_m429_341.cnf,SAT,50041.04,50034.71,6.33,258,186
/home/richard/project/SAT_benchmark/SATLIB/BMS_k3_n100_m429/BMS_k3_n100_m429_8.cnf,SAT,172520.61,172508.61,12.01,871,740
/home/richard/project/SAT_benchmark/SATLIB/BMS_k3_n100_m429/BMS_k3_n100_m429_257.cnf,SAT,277257.97,277244.46,13.51,1451,903
/home/richard/project/SAT_benchmark/SATLIB/BMS_k3_n100_m429/BMS_k3_n100_m429_161.cnf,SAT,49516.97,49508.78,8.19,256,197
/home/richard/project/SAT_benchmark/SATLIB/BMS_k3_n100_m429/BMS_k3_n100_m429_154.cnf,SAT,155057.74,155047.27,10.47,793,554
/home/richard/project/SAT_benchmark/SATLIB/BMS_k3_n100_m429/BMS_k3_n100_m429_18.cnf,SAT,45297.69,45291.06,6.63,229,200
/home/richard/project/SAT_benchmark/SATLIB/BMS_k3_n100_m429/BMS_k3_n100_m429_31.cnf,SAT,127918.00,127908.82,9.18,669,514
/home/richard/project/SAT_benchmark/SATLIB/BMS_k3_n100_m429/BMS_k3_n100_m429_206.cnf,SAT,289648.06,289634.00,14.06,1490,777
/home/richard/project/SAT_benchmark/SATLIB/BMS_k3_n100_m429/BMS_k3_n100_m429_386.cnf,SAT,38169.82,38163.67,6.15,199,155
/home/richard/project/SAT_benchmark/SATLIB/BMS_k3_n100_m429/BMS_k3_n100_m429_411.cnf,SAT,96693.40,96680.64,12.76,496,379
/home/richard/project/SAT_benchmark/SATLIB/BMS_k3_n100_m429/BMS_k3_n100_m429_434.cnf,SAT,201047.61,201036.28,11.32,1058,772
/home/richard/project/SAT_benchmark/SATLIB/BMS_k3_n100_m429/BMS_k3_n100_m429_308.cnf,SAT,86590.22,86581.99,8.23,436,366
/home/richard/project/SAT_benchmark/SATLIB/BMS_k3_n100_m429/BMS_k3_n100_m429_51.cnf,SAT,31295.39,31289.19,6.20,166,89
/home/richard/project/SAT_benchmark/SATLIB/BMS_k3_n100_m429/BMS_k3_n100_m429_196.cnf,SAT,207632.36,207619.91,12.45,1040,718
/home/richard/project/SAT_benchmark/SATLIB/BMS_k3_n100_m429/BMS_k3_n100_m429_19.cnf,SAT,54869.22,54862.04,7.17,277,205
/home/richard/project/SAT_benchmark/SATLIB/BMS_k3_n100_m429/BMS_k3_n100_m429_335.cnf,SAT,150836.59,150826.84,9.75,786,581
/home/richard/project/SAT_benchmark/SATLIB/BMS_k3_n100_m429/BMS_k3_n100_m429_283.cnf,SAT,67881.34,67874.13,7.21,349,298
/home/richard/project/SAT_benchmark/SATLIB/BMS_k3_n100_m429/BMS_k3_n100_m429_265.cnf,SAT,179726.15,179714.94,11.21,892,717
/home/richard/project/SAT_benchmark/SATLIB/BMS_k3_n100_m429/BMS_k3_n100_m429_236.cnf,SAT,70903.68,70895.31,8.37,359,294
/home/richard/project/SAT_benchmark/SATLIB/BMS_k3_n100_m429/BMS_k3_n100_m429_366.cnf,SAT,11517.64,11511.63,6.01,64,36
/home/richard/project/SAT_benchmark/SATLIB/BMS_k3_n100_m429/BMS_k3_n100_m429_455.cnf,SAT,65628.09,65621.16,6.93,333,245
/home/richard/project/SAT_benchmark/SATLIB/BMS_k3_n100_m429/BMS_k3_n100_m429_150.cnf,SAT,51924.76,51918.18,6.59,269,162
/home/richard/project/SAT_benchmark/SATLIB/BMS_k3_n100_m429/BMS_k3_n100_m429_484.cnf,SAT,66529.59,66522.32,7.27,345,289
/home/richard/project/SAT_benchmark/SATLIB/BMS_k3_n100_m429/BMS_k3_n100_m429_228.cnf,SAT,86297.96,86290.07,7.89,447,341
/home/richard/project/SAT_benchmark/SATLIB/BMS_k3_n100_m429/BMS_k3_n100_m429_158.cnf,SAT,194282.58,194270.66,11.93,1045,873
/home/richard/project/SAT_benchmark/SATLIB/BMS_k3_n100_m429/BMS_k3_n100_m429_220.cnf,SAT,71298.30,71290.38,7.92,377,295
/home/richard/project/SAT_benchmark/SATLIB/BMS_k3_n100_m429/BMS_k3_n100_m429_79.cnf,SAT,74134.20,74127.02,7.19,384,268
/home/richard/project/SAT_benchmark/SATLIB/BMS_k3_n100_m429/BMS_k3_n100_m429_168.cnf,SAT,173454.52,173444.84,9.68,898,482
/home/richard/project/SAT_benchmark/SATLIB/BMS_k3_n100_m429/BMS_k3_n100_m429_442.cnf,SAT,42566.67,42559.85,6.82,214,188
/home/richard/project/SAT_benchmark/SATLIB/BMS_k3_n100_m429/BMS_k3_n100_m429_54.cnf,SAT,239117.75,239106.68,11.07,1237,592
/home/richard/project/SAT_benchmark/SATLIB/BMS_k3_n100_m429/BMS_k3_n100_m429_151.cnf,SAT,128900.68,128892.03,8.64,643,515
/home/richard/project/SAT_benchmark/SATLIB/BMS_k3_n100_m429/BMS_k3_n100_m429_422.cnf,SAT,44913.58,44907.17,6.41,237,183
/home/richard/project/SAT_benchmark/SATLIB/BMS_k3_n100_m429/BMS_k3_n100_m429_34.cnf,SAT,148555.64,148545.64,10.00,761,556
/home/richard/project/SAT_benchmark/SATLIB/BMS_k3_n100_m429/BMS_k3_n100_m429_36.cnf,SAT,119875.14,119866.12,9.02,620,527
/home/richard/project/SAT_benchmark/SATLIB/BMS_k3_n100_m429/BMS_k3_n100_m429_306.cnf,SAT,99938.31,99930.17,8.13,518,415
/home/richard/project/SAT_benchmark/SATLIB/BMS_k3_n100_m429/BMS_k3_n100_m429_35.cnf,SAT,228535.67,228522.87,12.80,1151,925
/home/richard/project/SAT_benchmark/SATLIB/BMS_k3_n100_m429/BMS_k3_n100_m429_193.cnf,SAT,212117.71,212104.97,12.74,1073,888
/home/richard/project/SAT_benchmark/SATLIB/BMS_k3_n100_m429/BMS_k3_n100_m429_443.cnf,SAT,110695.03,110686.29,8.74,568,448
/home/richard/project/SAT_benchmark/SATLIB/BMS_k3_n100_m429/BMS_k3_n100_m429_427.cnf,SAT,131287.32,131278.15,9.17,696,487
/home/richard/project/SAT_benchmark/SATLIB/BMS_k3_n100_m429/BMS_k3_n100_m429_88.cnf,SAT,162915.42,162904.25,11.17,832,679
/home/richard/project/SAT_benchmark/SATLIB/BMS_k3_n100_m429/BMS_k3_n100_m429_101.cnf,SAT,4528.27,4522.57,5.70,27,3
/home/richard/project/SAT_benchmark/SATLIB/BMS_k3_n100_m429/BMS_k3_n100_m429_78.cnf,SAT,20276.87,20267.29,9.57,101,63
/home/richard/project/SAT_benchmark/SATLIB/BMS_k3_n100_m429/BMS_k3_n100_m429_221.cnf,SAT,0.06,0.00,0.06,0,0
/home/richard/project/SAT_benchmark/SATLIB/BMS_k3_n100_m429/BMS_k3_n100_m429_38.cnf,SAT,50735.26,50728.32,6.94,253,201
/home/richard/project/SAT_benchmark/SATLIB/BMS_k3_n100_m429/BMS_k3_n100_m429_129.cnf,SAT,145017.18,145006.32,10.85,741,591
/home/richard/project/SAT_benchmark/SATLIB/BMS_k3_n100_m429/BMS_k3_n100_m429_362.cnf,SAT,25508.84,25503.11,5.73,131,77
/home/richard/project/SAT_benchmark/SATLIB/BMS_k3_n100_m429/BMS_k3_n100_m429_225.cnf,SAT,231936.87,231923.36,13.51,1188,924
/home/richard/project/SAT_benchmark/SATLIB/CBS_k3_n100_m435_b50/CBS_k3_n100_m435_b50_102.cnf,SAT,62282.03,62268.37,13.67,541,338
/home/richard/project/SAT_benchmark/SATLIB/CBS_k3_n100_m435_b50/CBS_k3_n100_m435_b50_124.cnf,SAT,12807.46,12797.93,9.53,118,87
/home/richard/project/SAT_benchmark/SATLIB/CBS_k3_n100_m435_b50/CBS_k3_n100_m435_b50_705.cnf,SAT,11415.99,11403.49,12.50,108,82
/home/richard/project/SAT_benchmark/SATLIB/CBS_k3_n100_m435_b50/CBS_k3_n100_m435_b50_162.cnf,SAT,39116.07,39105.82,10.26,356,294
/home/richard/project/SAT_benchmark/SATLIB/CBS_k3_n100_m435_b50/CBS_k3_n100_m435_b50_335.cnf,SAT,51246.15,51233.55,12.60,465,391
/home/richard/project/SAT_benchmark/SATLIB/CBS_k3_n100_m435_b50/CBS_k3_n100_m435_b50_143.cnf,SAT,20331.86,20318.92,12.94,185,146
/home/richard/project/SAT_benchmark/SATLIB/CBS_k3_n100_m435_b50/CBS_k3_n100_m435_b50_650.cnf,SAT,56778.06,56763.98,14.08,516,441
/home/richard/project/SAT_benchmark/SATLIB/CBS_k3_n100_m435_b50/CBS_k3_n100_m435_b50_619.cnf,SAT,28019.19,28003.55,15.64,259,181
/home/richard/project/SAT_benchmark/SATLIB/CBS_k3_n100_m435_b50/CBS_k3_n100_m435_b50_144.cnf,SAT,9144.04,9134.49,9.55,87,54
/home/richard/project/SAT_benchmark/SATLIB/CBS_k3_n100_m435_b50/CBS_k3_n100_m435_b50_2.cnf,SAT,94702.86,94688.41,14.45,855,589
/home/richard/project/SAT_benchmark/SATLIB/CBS_k3_n100_m435_b50/CBS_k3_n100_m435_b50_369.cnf,SAT,128895.68,128877.46,18.22,1185,878
/home/richard/project/SAT_benchmark/SATLIB/CBS_k3_n100_m435_b50/CBS_k3_n100_m435_b50_331.cnf,SAT,17658.32,17648.75,9.57,161,111
/home/richard/project/SAT_benchmark/SATLIB/CBS_k3_n100_m435_b50/CBS_k3_n100_m435_b50_580.cnf,SAT,78401.21,78387.50,13.71,723,643
/home/richard/project/SAT_benchmark/SATLIB/CBS_k3_n100_m435_b50/CBS_k3_n100_m435_b50_768.cnf,SAT,66847.43,66835.74,11.69,611,525
/home/richard/project/SAT_benchmark/SATLIB/CBS_k3_n100_m435_b50/CBS_k3_n100_m435_b50_632.cnf,SAT,33970.31,33959.60,10.71,311,226
/home/richard/project/SAT_benchmark/SATLIB/CBS_k3_n100_m435_b50/CBS_k3_n100_m435_b50_944.cnf,SAT,14355.17,14343.72,11.45,134,107
/home/richard/project/SAT_benchmark/SATLIB/CBS_k3_n100_m435_b50/CBS_k3_n100_m435_b50_602.cnf,SAT,26390.06,26376.34,13.73,249,195
/home/richard/project/SAT_benchmark/SATLIB/CBS_k3_n100_m435_b50/CBS_k3_n100_m435_b50_167.cnf,SAT,48042.32,48027.36,14.96,447,388
/home/richard/project/SAT_benchmark/SATLIB/CBS_k3_n100_m435_b50/CBS_k3_n100_m435_b50_101.cnf,SAT,45926.24,45914.06,12.18,421,352
/home/richard/project/SAT_benchmark/SATLIB/CBS_k3_n100_m435_b50/CBS_k3_n100_m435_b50_884.cnf,SAT,94044.68,94030.98,13.70,867,698
/home/richard/project/SAT_benchmark/SATLIB/CBS_k3_n100_m435_b50/CBS_k3_n100_m435_b50_907.cnf,SAT,25364.00,25353.37,10.63,234,192
/home/richard/project/SAT_benchmark/SATLIB/CBS_k3_n100_m435_b50/CBS_k3_n100_m435_b50_696.cnf,SAT,42657.54,42646.58,10.96,396,148
/home/richard/project/SAT_benchmark/SATLIB/CBS_k3_n100_m435_b50/CBS_k3_n100_m435_b50_213.cnf,SAT,34035.85,34022.50,13.35,315,237
/home/richard/project/SAT_benchmark/SATLIB/CBS_k3_n100_m435_b50/CBS_k3_n100_m435_b50_926.cnf,SAT,3467.76,3452.90,14.86,35,15
/home/richard/project/SAT_benchmark/SATLIB/CBS_k3_n100_m435_b50/CBS_k3_n100_m435_b50_835.cnf,SAT,83092.92,83079.26,13.66,769,657
/home/richard/project/SAT_benchmark/SATLIB/CBS_k3_n100_m435_b50/CBS_k3_n100_m435_b50_984.cnf,SAT,12276.39,12261.30,15.09,113,84
/home/richard/project/SAT_benchmark/SATLIB/CBS_k3_n100_m435_b50/CBS_k3_n100_m435_b50_605.cnf,SAT,47120.43,47106.54,13.90,435,357
/home/richard/project/SAT_benchmark/SATLIB/CBS_k3_n100_m435_b50/CBS_k3_n100_m435_b50_411.cnf,SAT,31842.65,31829.63,13.01,296,250
/home/richard/project/SAT_benchmark/SATLIB/CBS_k3_n100_m435_b50/CBS_k3_n100_m435_b50_529.cnf,SAT,20961.57,20948.14,13.43,199,165
/home/richard/project/SAT_benchmark/SATLIB/CBS_k3_n100_m435_b50/CBS_k3_n100_m435_b50_260.cnf,SAT,14422.38,14409.90,12.48,134,99
/home/richard/project/SAT_benchmark/SATLIB/CBS_k3_n100_m435_b50/CBS_k3_n100_m435_b50_569.cnf,SAT,20957.19,20945.47,11.72,194,147
/home/richard/project/SAT_benchmark/SATLIB/CBS_k3_n100_m435_b50/CBS_k3_n100_m435_b50_289.cnf,SAT,7858.42,7847.33,11.09,79,54
/home/richard/project/SAT_benchmark/SATLIB/CBS_k3_n100_m435_b50/CBS_k3_n100_m435_b50_8.cnf,SAT,86372.10,86357.48,14.62,791,655
/home/richard/project/SAT_benchmark/SATLIB/CBS_k3_n100_m435_b50/CBS_k3_n100_m435_b50_67.cnf,SAT,13320.22,13305.11,15.12,126,100
/home/richard/project/SAT_benchmark/SATLIB/CBS_k3_n100_m435_b50/CBS_k3_n100_m435_b50_107.cnf,SAT,7787.59,7778.15,9.44,72,49
/home/richard/project/SAT_benchmark/SATLIB/CBS_k3_n100_m435_b50/CBS_k3_n100_m435_b50_420.cnf,SAT,43815.19,43801.03,14.16,405,341
/home/richard/project/SAT_benchmark/SATLIB/CBS_k3_n100_m435_b50/CBS_k3_n100_m435_b50_775.cnf,SAT,49198.41,49186.82,11.59,450,371
/home/richard/project/SAT_benchmark/SATLIB/CBS_k3_n100_m435_b50/CBS_k3_n100_m435_b50_208.cnf,SAT,13319.04,13310.18,8.86,127,104
/home/richard/project/SAT_benchmark/SATLIB/CBS_k3_n100_m435_b50/CBS_k3_n100_m435_b50_245.cnf,SAT,38424.42,38412.57,11.85,355,302
/home/richard/project/SAT_benchmark/SATLIB/CBS_k3_n100_m435_b50/CBS_k3_n100_m435_b50_900.cnf,SAT,25353.39,25343.41,9.98,230,174
/home/richard/project/SAT_benchmark/SATLIB/CBS_k3_n100_m435_b50/CBS_k3_n100_m435_b50_537.cnf,SAT,54744.23,54728.84,15.39,508,424
/home/richard/project/SAT_benchmark/SATLIB/CBS_k3_n100_m435_b50/CBS_k3_n100_m435_b50_788.cnf,SAT,24246.09,24236.60,9.49,229,196
/home/richard/project/SAT_benchmark/SATLIB/CBS_k3_n100_m435_b50/CBS_k3_n100_m435_b50_594.cnf,SAT,59169.80,59156.88,12.91,544,455
/home/richard/project/SAT_benchmark/SATLIB/CBS_k3_n100_m435_b50/CBS_k3_n100_m435_b50_629.cnf,SAT,91221.50,91204.30,17.21,846,697
/home/richard/project/SAT_benchmark/SATLIB/CBS_k3_n100_m435_b50/CBS_k3_n100_m435_b50_257.cnf,SAT,16649.77,16638.58,11.19,158,120
/home/richard/project/SAT_benchmark/SATLIB/CBS_k3_n100_m435_b50/CBS_k3_n100_m435_b50_192.cnf,SAT,16623.89,16612.81,11.08,151,126
/home/richard/project/SAT_benchmark/SATLIB/CBS_k3_n100_m435_b50/CBS_k3_n100_m435_b50_375.cnf,SAT,3479.65,3468.72,10.93,32,16
/home/richard/project/SAT_benchmark/SATLIB/CBS_k3_n100_m435_b50/CBS_k3_n100_m435_b50_668.cnf,SAT,38594.19,38582.88,11.31,352,300
/home/richard/project/SAT_benchmark/SATLIB/CBS_k3_n100_m435_b50/CBS_k3_n100_m435_b50_198.cnf,SAT,26370.85,26359.66,11.19,244,194
/home/richard/project/SAT_benchmark/SATLIB/CBS_k3_n100_m435_b50/CBS_k3_n100_m435_b50_708.cnf,SAT,67892.74,67879.61,13.13,626,550
/home/richard/project/SAT_benchmark/SATLIB/CBS_k3_n100_m435_b50/CBS_k3_n100_m435_b50_506.cnf,SAT,36358.82,36347.49,11.32,338,279
/home/richard/project/SAT_benchmark/SATLIB/CBS_k3_n100_m435_b50/CBS_k3_n100_m435_b50_402.cnf,SAT,18909.88,18898.88,11.00,176,130
/home/richard/project/SAT_benchmark/SATLIB/CBS_k3_n100_m435_b50/CBS_k3_n100_m435_b50_340.cnf,SAT,75474.97,75461.44,13.53,692,611
/home/richard/project/SAT_benchmark/SATLIB/CBS_k3_n100_m435_b50/CBS_k3_n100_m435_b50_463.cnf,SAT,10072.55,10057.66,14.89,92,62
/home/richard/project/SAT_benchmark/SATLIB/CBS_k3_n100_m435_b50/CBS_k3_n100_m435_b50_417.cnf,SAT,11086.90,11077.10,9.80,100,68
/home/richard/project/SAT_benchmark/SATLIB/CBS_k3_n100_m435_b50/CBS_k3_n100_m435_b50_433.cnf,SAT,11.67,0.00,11.67,0,0
/home/richard/project/SAT_benchmark/SATLIB/CBS_k3_n100_m435_b50/CBS_k3_n100_m435_b50_735.cnf,SAT,49635.35,49624.21,11.14,455,353
/home/richard/project/SAT_benchmark/SATLIB/CBS_k3_n100_m435_b50/CBS_k3_n100_m435_b50_238.cnf,SAT,37441.41,37430.63,10.78,340,208
/home/richard/project/SAT_benchmark/SATLIB/CBS_k3_n100_m435_b50/CBS_k3_n100_m435_b50_65.cnf,SAT,79124.11,79112.35,11.76,728,602
/home/richard/project/SAT_benchmark/SATLIB/CBS_k3_n100_m435_b50/CBS_k3_n100_m435_b50_381.cnf,SAT,65944.98,65931.64,13.34,608,530
/home/richard/project/SAT_benchmark/SATLIB/CBS_k3_n100_m435_b50/CBS_k3_n100_m435_b50_791.cnf,SAT,58207.85,58194.73,13.12,530,459
/home/richard/project/SAT_benchmark/SATLIB/CBS_k3_n100_m435_b50/CBS_k3_n100_m435_b50_273.cnf,SAT,94274.20,94258.42,15.78,869,742
/home/richard/project/SAT_benchmark/SATLIB/CBS_k3_n100_m435_b50/CBS_k3_n100_m435_b50_222.cnf,SAT,15509.56,15500.00,9.56,148,125
/home/richard/project/SAT_benchmark/SATLIB/CBS_k3_n100_m435_b50/CBS_k3_n100_m435_b50_655.cnf,SAT,22152.77,22140.26,12.50,204,123
/home/richard/project/SAT_benchmark/SATLIB/CBS_k3_n100_m435_b50/CBS_k3_n100_m435_b50_97.cnf,SAT,73754.71,73740.81,13.89,677,578
/home/richard/project/SAT_benchmark/SATLIB/CBS_k3_n100_m435_b50/CBS_k3_n100_m435_b50_131.cnf,SAT,18835.61,18822.67,12.95,177,136
/home/richard/project/SAT_benchmark/SATLIB/CBS_k3_n100_m435_b50/CBS_k3_n100_m435_b50_210.cnf,SAT,98513.65,98499.52,14.14,900,769
/home/richard/project/SAT_benchmark/SATLIB/CBS_k3_n100_m435_b50/CBS_k3_n100_m435_b50_145.cnf,SAT,22166.69,22156.62,10.07,200,148
/home/richard/project/SAT_benchmark/SATLIB/CBS_k3_n100_m435_b50/CBS_k3_n100_m435_b50_925.cnf,SAT,43002.28,42985.14,17.13,395,344
/home/richard/project/SAT_benchmark/SATLIB/CBS_k3_n100_m435_b50/CBS_k3_n100_m435_b50_513.cnf,SAT,24261.13,24250.75,10.38,224,188
/home/richard/project/SAT_benchmark/SATLIB/CBS_k3_n100_m435_b50/CBS_k3_n100_m435_b50_834.cnf,SAT,28656.72,28643.72,13.00,269,209
/home/richard/project/SAT_benchmark/SATLIB/CBS_k3_n100_m435_b50/CBS_k3_n100_m435_b50_468.cnf,SAT,65644.47,65629.15,15.32,608,513
/home/richard/project/SAT_benchmark/SATLIB/CBS_k3_n100_m435_b50/CBS_k3_n100_m435_b50_976.cnf,SAT,17731.91,17719.69,12.22,167,129
/home/richard/project/SAT_benchmark/SATLIB/CBS_k3_n100_m435_b50/CBS_k3_n100_m435_b50_293.cnf,SAT,40738.13,40723.06,15.07,377,308
/home/richard/project/SAT_benchmark/SATLIB/CBS_k3_n100_m435_b50/CBS_k3_n100_m435_b50_244.cnf,SAT,62576.54,62562.51,14.03,573,490
/home/richard/project/SAT_benchmark/SATLIB/CBS_k3_n100_m435_b50/CBS_k3_n100_m435_b50_680.cnf,SAT,36356.97,36344.90,12.06,334,291
/home/richard/project/SAT_benchmark/SATLIB/CBS_k3_n100_m435_b50/CBS_k3_n100_m435_b50_804.cnf,SAT,95543.92,95531.53,12.38,879,582
/home/richard/project/SAT_benchmark/SATLIB/CBS_k3_n100_m435_b50/CBS_k3_n100_m435_b50_527.cnf,SAT,65522.74,65508.25,14.48,590,508
/home/richard/project/SAT_benchmark/SATLIB/CBS_k3_n100_m435_b50/CBS_k3_n100_m435_b50_339.cnf,SAT,6800.36,6792.26,8.10,61,40
/home/richard/project/SAT_benchmark/SATLIB/CBS_k3_n100_m435_b50/CBS_k3_n100_m435_b50_798.cnf,SAT,110596.22,110582.15,14.07,1010,697
/home/richard/project/SAT_benchmark/SATLIB/CBS_k3_n100_m435_b50/CBS_k3_n100_m435_b50_831.cnf,SAT,35391.18,35376.22,14.96,323,218
/home/richard/project/SAT_benchmark/SATLIB/CBS_k3_n100_m435_b50/CBS_k3_n100_m435_b50_123.cnf,SAT,19996.05,19983.39,12.66,185,145
/home/richard/project/SAT_benchmark/SATLIB/CBS_k3_n100_m435_b50/CBS_k3_n100_m435_b50_458.cnf,SAT,97524.26,97509.89,14.37,897,556
/home/richard/project/SAT_benchmark/SATLIB/CBS_k3_n100_m435_b50/CBS_k3_n100_m435_b50_812.cnf,SAT,25382.20,25366.07,16.12,230,173
/home/richard/project/SAT_benchmark/SATLIB/CBS_k3_n100_m435_b50/CBS_k3_n100_m435_b50_568.cnf,SAT,132865.64,132849.94,15.70,1212,874
/home/richard/project/SAT_benchmark/SATLIB/CBS_k3_n100_m435_b50/CBS_k3_n100_m435_b50_935.cnf,SAT,20005.10,19993.55,11.55,187,148
/home/richard/project/SAT_benchmark/SATLIB/CBS_k3_n100_m435_b50/CBS_k3_n100_m435_b50_784.cnf,SAT,46260.23,46247.64,12.59,427,375
/home/richard/project/SAT_benchmark/SATLIB/CBS_k3_n100_m435_b50/CBS_k3_n100_m435_b50_669.cnf,SAT,78067.40,78053.33,14.07,713,617
/home/richard/project/SAT_benchmark/SATLIB/CBS_k3_n100_m435_b50/CBS_k3_n100_m435_b50_276.cnf,SAT,26505.15,26493.65,11.50,247,196
/home/richard/project/SAT_benchmark/SATLIB/CBS_k3_n100_m435_b50/CBS_k3_n100_m435_b50_354.cnf,SAT,119319.88,119302.96,16.91,1075,838
/home/richard/project/SAT_benchmark/SATLIB/CBS_k3_n100_m435_b50/CBS_k3_n100_m435_b50_817.cnf,SAT,123183.88,123167.69,16.20,1127,677
/home/richard/project/SAT_benchmark/SATLIB/CBS_k3_n100_m435_b50/CBS_k3_n100_m435_b50_815.cnf,SAT,27713.87,27699.75,14.12,251,198
/home/richard/project/SAT_benchmark/SATLIB/CBS_k3_n100_m435_b50/CBS_k3_n100_m435_b50_456.cnf,SAT,92409.52,92396.29,13.24,840,716
/home/richard/project/SAT_benchmark/SATLIB/CBS_k3_n100_m435_b50/CBS_k3_n100_m435_b50_398.cnf,SAT,35339.12,35326.87,12.25,328,268
/home/richard/project/SAT_benchmark/SATLIB/CBS_k3_n100_m435_b50/CBS_k3_n100_m435_b50_85.cnf,SAT,65861.07,65845.02,16.05,605,421
/home/richard/project/SAT_benchmark/SATLIB/CBS_k3_n100_m435_b50/CBS_k3_n100_m435_b50_269.cnf,SAT,11200.55,11187.85,12.70,107,72
/home/richard/project/SAT_benchmark/SATLIB/CBS_k3_n100_m435_b50/CBS_k3_n100_m435_b50_633.cnf,SAT,28770.20,28757.45,12.75,269,222
/home/richard/project/SAT_benchmark/SATLIB/CBS_k3_n100_m435_b50/CBS_k3_n100_m435_b50_794.cnf,SAT,160061.63,160045.03,16.60,1469,1110
/home/richard/project/SAT_benchmark/SATLIB/CBS_k3_n100_m435_b50/CBS_k3_n100_m435_b50_863.cnf,SAT,47137.40,47126.02,11.38,439,373
/home/richard/project/SAT_benchmark/SATLIB/CBS_k3_n100_m435_b50/CBS_k3_n100_m435_b50_673.cnf,SAT,3468.32,3458.90,9.43,32,9
/home/richard/project/SAT_benchmark/SATLIB/CBS_k3_n100_m435_b50/CBS_k3_n100_m435_b50_171.cnf,SAT,122311.47,122297.52,13.95,1115,946
/home/richard/project/SAT_benchmark/SATLIB/CBS_k3_n100_m435_b50/CBS_k3_n100_m435_b50_642.cnf,SAT,109523.32,109508.13,15.18,1006,694
/home/richard/project/SAT_benchmark/SATLIB/CBS_k3_n100_m435_b50/CBS_k3_n100_m435_b50_180.cnf,SAT,24390.52,24379.16,11.36,221,182
/home/richard/project/SAT_benchmark/SATLIB/CBS_k3_n100_m435_b50/CBS_k3_n100_m435_b50_833.cnf,SAT,20037.56,20027.55,10.02,184,139
/home/richard/project/SAT_benchmark/SATLIB/CBS_k3_n100_m435_b50/CBS_k3_n100_m435_b50_824.cnf,SAT,39815.92,39806.03,9.89,367,287
/home/richard/project/SAT_benchmark/SATLIB/CBS_k3_n100_m435_b50/CBS_k3_n100_m435_b50_690.cnf,SAT,28802.96,28792.60,10.37,261,193
/home/richard/project/SAT_benchmark/SATLIB/CBS_k3_n100_m435_b50/CBS_k3_n100_m435_b50_743.cnf,SAT,30932.13,30916.08,16.05,287,235
/home/richard/project/SAT_benchmark/SATLIB/CBS_k3_n100_m435_b50/CBS_k3_n100_m435_b50_274.cnf,SAT,66063.35,66050.61,12.74,603,514
/home/richard/project/SAT_benchmark/SATLIB/CBS_k3_n100_m435_b50/CBS_k3_n100_m435_b50_310.cnf,SAT,164356.82,164340.62,16.20,1505,1074
/home/richard/project/SAT_benchmark/SATLIB/CBS_k3_n100_m435_b50/CBS_k3_n100_m435_b50_581.cnf,SAT,67978.82,67966.01,12.81,623,518
/home/richard/project/SAT_benchmark/SATLIB/CBS_k3_n100_m435_b50/CBS_k3_n100_m435_b50_434.cnf,SAT,8975.15,8964.67,10.49,84,54
/home/richard/project/SAT_benchmark/SATLIB/CBS_k3_n100_m435_b50/CBS_k3_n100_m435_b50_16.cnf,SAT,11157.81,11146.68,11.13,106,79
/home/richard/project/SAT_benchmark/SATLIB/CBS_k3_n100_m435_b50/CBS_k3_n100_m435_b50_792.cnf,SAT,13326.11,13316.04,10.07,120,97
/home/richard/project/SAT_benchmark/SATLIB/CBS_k3_n100_m435_b50/CBS_k3_n100_m435_b50_108.cnf,SAT,15532.89,15522.98,9.91,146,125
/home/richard/project/SAT_benchmark/SATLIB/CBS_k3_n100_m435_b50/CBS_k3_n100_m435_b50_34.cnf,SAT,69087.52,69069.72,17.79,639,536
/home/richard/project/SAT_benchmark/SATLIB/CBS_k3_n100_m435_b50/CBS_k3_n100_m435_b50_386.cnf,SAT,86290.57,86273.64,16.93,791,672
/home/richard/project/SAT_benchmark/SATLIB/CBS_k3_n100_m435_b50/CBS_k3_n100_m435_b50_859.cnf,SAT,8957.11,8945.48,11.63,81,49
/home/richard/project/SAT_benchmark/SATLIB/CBS_k3_n100_m435_b50/CBS_k3_n100_m435_b50_481.cnf,SAT,10057.05,10047.05,10.00,90,55
/home/richard/project/SAT_benchmark/SATLIB/CBS_k3_n100_m435_b50/CBS_k3_n100_m435_b50_601.cnf,SAT,16699.94,16689.21,10.73,151,119
/home/richard/project/SAT_benchmark/SATLIB/CBS_k3_n100_m435_b50/CBS_k3_n100_m435_b50_810.cnf,SAT,10046.72,10031.72,15.00,99,74
/home/richard/project/SAT_benchmark/SATLIB/CBS_k3_n100_m435_b50/CBS_k3_n100_m435_b50_396.cnf,SAT,103636.99,103621.43,15.56,951,702
/home/richard/project/SAT_benchmark/SATLIB/CBS_k3_n100_m435_b50/CBS_k3_n100_m435_b50_879.cnf,SAT,11116.05,11106.49,9.56,109,80
/home/richard/project/SAT_benchmark/SATLIB/CBS_k3_n100_m435_b50/CBS_k3_n100_m435_b50_36.cnf,SAT,20995.53,20985.19,10.34,192,149
/home/richard/project/SAT_benchmark/SATLIB/CBS_k3_n100_m435_b50/CBS_k3_n100_m435_b50_930.cnf,SAT,38458.66,38447.12,11.54,351,300
/home/richard/project/SAT_benchmark/SATLIB/CBS_k3_n100_m435_b50/CBS_k3_n100_m435_b50_380.cnf,SAT,2356.56,2346.03,10.53,20,3
/home/richard/project/SAT_benchmark/SATLIB/CBS_k3_n100_m435_b50/CBS_k3_n100_m435_b50_872.cnf,SAT,26529.11,26519.34,9.76,246,182
/home/richard/project/SAT_benchmark/SATLIB/CBS_k3_n100_m435_b50/CBS_k3_n100_m435_b50_896.cnf,SAT,13351.27,13338.80,12.48,128,103
/home/richard/project/SAT_benchmark/SATLIB/CBS_k3_n100_m435_b50/CBS_k3_n100_m435_b50_290.cnf,SAT,68180.38,68165.94,14.44,621,505
/home/richard/project/SAT_benchmark/SATLIB/CBS_k3_n100_m435_b50/CBS_k3_n100_m435_b50_232.cnf,SAT,13398.58,13386.14,12.44,120,96
/home/richard/project/SAT_benchmark/SATLIB/CBS_k3_n100_m435_b50/CBS_k3_n100_m435_b50_200.cnf,SAT,36269.44,36257.59,11.84,338,282
/home/richard/project/SAT_benchmark/SATLIB/CBS_k3_n100_m435_b50/CBS_k3_n100_m435_b50_42.cnf,SAT,123355.97,123340.11,15.85,1123,991
/home/richard/project/SAT_benchmark/SATLIB/CBS_k3_n100_m435_b50/CBS_k3_n100_m435_b50_947.cnf,SAT,11411.50,11397.66,13.84,107,80
/home/richard/project/SAT_benchmark/SATLIB/CBS_k3_n100_m435_b50/CBS_k3_n100_m435_b50_995.cnf,SAT,66766.19,66752.96,13.23,616,492
/home/richard/project/SAT_benchmark/SATLIB/CBS_k3_n100_m435_b50/CBS_k3_n100_m435_b50_694.cnf,SAT,47290.74,47276.45,14.29,438,333
/home/richard/project/SAT_benchmark/SATLIB/CBS_k3_n100_m435_b50/CBS_k3_n100_m435_b50_845.cnf,SAT,21081.69,21072.20,9.49,198,128
/home/richard/project/SAT_benchmark/SATLIB/CBS_k3_n100_m435_b50/CBS_k3_n100_m435_b50_762.cnf,SAT,32993.95,32982.85,11.10,301,258
/home/richard/project/SAT_benchmark/SATLIB/CBS_k3_n100_m435_b50/CBS_k3_n100_m435_b50_852.cnf,SAT,34158.57,34144.59,13.97,319,285
/home/richard/project/SAT_benchmark/SATLIB/CBS_k3_n100_m435_b50/CBS_k3_n100_m435_b50_856.cnf,SAT,5730.39,5715.61,14.78,50,19
/home/richard/project/SAT_benchmark/SATLIB/CBS_k3_n100_m435_b50/CBS_k3_n100_m435_b50_1.cnf,SAT,93001.42,92987.78,13.63,856,639
/home/richard/project/SAT_benchmark/SATLIB/CBS_k3_n100_m435_b50/CBS_k3_n100_m435_b50_558.cnf,SAT,244635.74,244613.68,22.07,2251,1461
/home/richard/project/SAT_benchmark/SATLIB/CBS_k3_n100_m435_b50/CBS_k3_n100_m435_b50_264.cnf,SAT,40682.44,40671.59,10.85,373,319
/home/richard/project/SAT_benchmark/SATLIB/CBS_k3_n100_m435_b50/CBS_k3_n100_m435_b50_122.cnf,SAT,5687.47,5678.36,9.11,58,26
/home/richard/project/SAT_benchmark/SATLIB/CBS_k3_n100_m435_b50/CBS_k3_n100_m435_b50_881.cnf,SAT,47217.03,47204.90,12.13,433,368
/home/richard/project/SAT_benchmark/SATLIB/CBS_k3_n100_m435_b50/CBS_k3_n100_m435_b50_490.cnf,SAT,30898.75,30886.18,12.57,286,231
/home/richard/project/SAT_benchmark/SATLIB/CBS_k3_n100_m435_b50/CBS_k3_n100_m435_b50_805.cnf,SAT,25373.94,25357.69,16.25,233,202
/home/richard/project/SAT_benchmark/SATLIB/CBS_k3_n100_m435_b50/CBS_k3_n100_m435_b50_966.cnf,SAT,33075.55,33063.93,11.62,301,246
/home/richard/project/SAT_benchmark/SATLIB/CBS_k3_n100_m435_b50/CBS_k3_n100_m435_b50_96.cnf,SAT,23298.02,23285.87,12.15,213,164
/home/richard/project/SAT_benchmark/SATLIB/CBS_k3_n100_m435_b50/CBS_k3_n100_m435_b50_29.cnf,SAT,67932.62,67919.75,12.87,622,509
/home/richard/project/SAT_benchmark/SATLIB/CBS_k3_n100_m435_b50/CBS_k3_n100_m435_b50_946.cnf,SAT,24268.72,24258.13,10.59,228,157
/home/richard/project/SAT_benchmark/SATLIB/CBS_k3_n100_m435_b50/CBS_k3_n100_m435_b50_510.cnf,SAT,6782.37,6772.59,9.78,67,43
/home/richard/project/SAT_benchmark/SATLIB/CBS_k3_n100_m435_b50/CBS_k3_n100_m435_b50_875.cnf,SAT,40576.94,40566.09,10.84,372,321
/home/richard/project/SAT_benchmark/SATLIB/CBS_k3_n100_m435_b50/CBS_k3_n100_m435_b50_404.cnf,SAT,19965.64,19951.98,13.65,188,152
/home/richard/project/SAT_benchmark/SATLIB/CBS_k3_n100_m435_b50/CBS_k3_n100_m435_b50_135.cnf,SAT,86704.48,86691.59,12.89,794,655
/home/richard/project/SAT_benchmark/SATLIB/CBS_k3_n100_m435_b50/CBS_k3_n100_m435_b50_672.cnf,SAT,27538.06,27527.80,10.26,252,171
/home/richard/project/SAT_benchmark/SATLIB/CBS_k3_n100_m435_b50/CBS_k3_n100_m435_b50_841.cnf,SAT,20962.09,20950.78,11.31,199,160
/home/richard/project/SAT_benchmark/SATLIB/CBS_k3_n100_m435_b50/CBS_k3_n100_m435_b50_493.cnf,SAT,13352.97,13342.18,10.79,122,81
/home/richard/project/SAT_benchmark/SATLIB/CBS_k3_n100_m435_b50/CBS_k3_n100_m435_b50_695.cnf,SAT,56145.70,56134.45,11.25,510,355
/home/richard/project/SAT_benchmark/SATLIB/CBS_k3_n100_m435_b50/CBS_k3_n100_m435_b50_478.cnf,SAT,57177.98,57162.59,15.39,523,433
/home/richard/project/SAT_benchmark/SATLIB/CBS_k3_n100_m435_b50/CBS_k3_n100_m435_b50_999.cnf,SAT,26442.13,26426.36,15.77,240,197
/home/richard/project/SAT_benchmark/SATLIB/CBS_k3_n100_m435_b50/CBS_k3_n100_m435_b50_350.cnf,SAT,12272.11,12257.68,14.43,118,87
/home/richard/project/SAT_benchmark/SATLIB/CBS_k3_n100_m435_b50/CBS_k3_n100_m435_b50_485.cnf,SAT,15508.14,15498.08,10.06,146,98
/home/richard/project/SAT_benchmark/SATLIB/CBS_k3_n100_m435_b50/CBS_k3_n100_m435_b50_179.cnf,SAT,50520.55,50507.60,12.95,466,406
/home/richard/project/SAT_benchmark/SATLIB/CBS_k3_n100_m435_b50/CBS_k3_n100_m435_b50_437.cnf,SAT,30880.00,30869.07,10.92,282,246
/home/richard/project/SAT_benchmark/SATLIB/CBS_k3_n100_m435_b50/CBS_k3_n100_m435_b50_186.cnf,SAT,62446.89,62435.00,11.89,578,444
/home/richard/project/SAT_benchmark/SATLIB/CBS_k3_n100_m435_b50/CBS_k3_n100_m435_b50_761.cnf,SAT,0.07,0.00,0.07,0,0
/home/richard/project/SAT_benchmark/SATLIB/CBS_k3_n100_m435_b50/CBS_k3_n100_m435_b50_146.cnf,SAT,35319.09,35307.05,12.04,322,256
/home/richard/project/SAT_benchmark/SATLIB/CBS_k3_n100_m435_b50/CBS_k3_n100_m435_b50_351.cnf,SAT,62670.83,62657.78,13.06,578,487
/home/richard/project/SAT_benchmark/SATLIB/CBS_k3_n100_m435_b50/CBS_k3_n100_m435_b50_773.cnf,SAT,19901.17,19888.74,12.43,182,153
/home/richard/project/SAT_benchmark/SATLIB/CBS_k3_n100_m435_b50/CBS_k3_n100_m435_b50_175.cnf,SAT,53807.27,53792.93,14.35,494,432
/home/richard/project/SAT_benchmark/SATLIB/CBS_k3_n100_m435_b50/CBS_k3_n100_m435_b50_671.cnf,SAT,25374.01,25362.27,11.74,234,196
/home/richard/project/SAT_benchmark/SATLIB/CBS_k3_n100_m435_b50/CBS_k3_n100_m435_b50_931.cnf,SAT,98702.96,98688.00,14.95,873,626
/home/richard/project/SAT_benchmark/SATLIB/CBS_k3_n100_m435_b50/CBS_k3_n100_m435_b50_371.cnf,SAT,3545.91,3530.87,15.05,30,14
/home/richard/project/SAT_benchmark/SATLIB/CBS_k3_n100_m435_b50/CBS_k3_n100_m435_b50_155.cnf,SAT,3583.61,3571.54,12.07,34,7
/home/richard/project/SAT_benchmark/SATLIB/CBS_k3_n100_m435_b50/CBS_k3_n100_m435_b50_733.cnf,SAT,3575.61,3560.66,14.95,35,8
/home/richard/project/SAT_benchmark/SATLIB/CBS_k3_n100_m435_b50/CBS_k3_n100_m435_b50_606.cnf,SAT,22934.75,22924.12,10.63,208,151
/home/richard/project/SAT_benchmark/SATLIB/CBS_k3_n100_m435_b50/CBS_k3_n100_m435_b50_64.cnf,SAT,24025.03,24016.13,8.90,218,172
/home/richard/project/SAT_benchmark/SATLIB/CBS_k3_n100_m435_b50/CBS_k3_n100_m435_b50_689.cnf,SAT,55105.62,55091.68,13.94,503,441
/home/richard/project/SAT_benchmark/SATLIB/CBS_k3_n100_m435_b50/CBS_k3_n100_m435_b50_933.cnf,SAT,34144.13,34132.18,11.95,318,260
/home/richard/project/SAT_benchmark/SATLIB/CBS_k3_n100_m435_b50/CBS_k3_n100_m435_b50_807.cnf,SAT,8974.16,8963.39,10.77,80,64
/home/richard/project/SAT_benchmark/SATLIB/CBS_k3_n100_m435_b50/CBS_k3_n100_m435_b50_712.cnf,SAT,146020.66,146005.65,15.01,1339,747
/home/richard/project/SAT_benchmark/SATLIB/CBS_k3_n100_m435_b50/CBS_k3_n100_m435_b50_182.cnf,SAT,46485.26,46473.56,11.70,428,359
/home/richard/project/SAT_benchmark/SATLIB/CBS_k3_n100_m435_b50/CBS_k3_n100_m435_b50_4.cnf,SAT,58218.44,58206.93,11.51,538,332
/home/richard/project/SAT_benchmark/SATLIB/CBS_k3_n100_m435_b50/CBS_k3_n100_m435_b50_452.cnf,SAT,46272.76,46261.12,11.64,425,278
/home/richard/project/SAT_benchmark/SATLIB/CBS_k3_n100_m435_b50/CBS_k3_n100_m435_b50_410.cnf,SAT,43855.54,43844.81,10.73,402,347
/home/richard/project/SAT_benchmark/SATLIB/CBS_k3_n100_m435_b50/CBS_k3_n100_m435_b50_688.cnf,SAT,38471.88,38455.62,16.26,359,292
/home/richard/project/SAT_benchmark/SATLIB/CBS_k3_n100_m435_b50/CBS_k3_n100_m435_b50_663.cnf,SAT,70968.56,70954.40,14.16,658,574
/home/richard/project/SAT_benchmark/SATLIB/CBS_k3_n100_m435_b50/CBS_k3_n100_m435_b50_229.cnf,SAT,46276.11,46264.49,11.63,428,337
/home/richard/project/SAT_benchmark/SATLIB/CBS_k3_n100_m435_b50/CBS_k3_n100_m435_b50_494.cnf,SAT,15605.27,15590.90,14.38,144,107
/home/richard/project/SAT_benchmark/SATLIB/CBS_k3_n100_m435_b50/CBS_k3_n100_m435_b50_348.cnf,SAT,6760.09,6751.59,8.49,63,25
/home/richard/project/SAT_benchmark/SATLIB/CBS_k3_n100_m435_b50/CBS_k3_n100_m435_b50_393.cnf,SAT,11205.96,11194.76,11.20,103,78
/home/richard/project/SAT_benchmark/SATLIB/CBS_k3_n100_m435_b50/CBS_k3_n100_m435_b50_873.cnf,SAT,28665.28,28653.03,12.25,267,206
/home/richard/project/SAT_benchmark/SATLIB/CBS_k3_n100_m435_b50/CBS_k3_n100_m435_b50_114.cnf,SAT,74674.23,74660.40,13.84,685,507
/home/richard/project/SAT_benchmark/SATLIB/CBS_k3_n100_m435_b50/CBS_k3_n100_m435_b50_166.cnf,SAT,56102.62,56085.30,17.32,511,448
/home/richard/project/SAT_benchmark/SATLIB/CBS_k3_n100_m435_b50/CBS_k3_n100_m435_b50_826.cnf,SAT,63779.45,63764.72,14.72,584,518
/home/richard/project/SAT_benchmark/SATLIB/CBS_k3_n100_m435_b50/CBS_k3_n100_m435_b50_874.cnf,SAT,22088.49,22075.80,12.70,206,167
/home/richard/project/SAT_benchmark/SATLIB/CBS_k3_n100_m435_b50/CBS_k3_n100_m435_b50_486.cnf,SAT,22125.84,22110.93,14.91,203,167
/home/richard/project/SAT_benchmark/SATLIB/CBS_k3_n100_m435_b50/CBS_k3_n100_m435_b50_204.cnf,SAT,59357.30,59343.94,13.35,549,362
/home/richard/project/SAT_benchmark/SATLIB/CBS_k3_n100_m435_b50/CBS_k3_n100_m435_b50_207.cnf,SAT,16591.49,16579.06,12.43,156,116
/home/richard/project/SAT_benchmark/SATLIB/CBS_k3_n100_m435_b50/CBS_k3_n100_m435_b50_780.cnf,SAT,38574.33,38562.95,11.38,359,239
/home/richard/project/SAT_benchmark/SATLIB/CBS_k3_n100_m435_b50/CBS_k3_n100_m435_b50_644.cnf,SAT,4562.28,4552.17,10.10,42,15
/home/richard/project/SAT_benchmark/SATLIB/CBS_k3_n100_m435_b50/CBS_k3_n100_m435_b50_309.cnf,SAT,26476.21,26466.04,10.18,243,212
/home/richard/project/SAT_benchmark/SATLIB/CBS_k3_n100_m435_b50/CBS_k3_n100_m435_b50_413.cnf,SAT,41752.88,41736.22,16.65,388,327
/home/richard/project/SAT_benchmark/SATLIB/CBS_k3_n100_m435_b50/CBS_k3_n100_m435_b50_623.cnf,SAT,41760.32,41743.88,16.44,387,311
/home/richard/project/SAT_benchmark/SATLIB/CBS_k3_n100_m435_b50/CBS_k3_n100_m435_b50_266.cnf,SAT,9000.44,8991.38,9.06,88,72
/home/richard/project/SAT_benchmark/SATLIB/CBS_k3_n100_m435_b50/CBS_k3_n100_m435_b50_76.cnf,SAT,49538.74,49527.70,11.04,453,381
/home/richard/project/SAT_benchmark/SATLIB/CBS_k3_n100_m435_b50/CBS_k3_n100_m435_b50_921.cnf,SAT,43947.84,43933.45,14.39,400,324
/home/richard/project/SAT_benchmark/SATLIB/CBS_k3_n100_m435_b50/CBS_k3_n100_m435_b50_105.cnf,SAT,6764.99,6749.95,15.05,64,38
/home/richard/project/SAT_benchmark/SATLIB/CBS_k3_n100_m435_b50/CBS_k3_n100_m435_b50_742.cnf,SAT,13396.01,13387.23,8.79,124,83
/home/richard/project/SAT_benchmark/SATLIB/CBS_k3_n100_m435_b50/CBS_k3_n100_m435_b50_147.cnf,SAT,20985.71,20976.31,9.41,196,160
/home/richard/project/SAT_benchmark/SATLIB/CBS_k3_n100_m435_b50/CBS_k3_n100_m435_b50_704.cnf,SAT,24344.97,24334.52,10.44,227,169
/home/richard/project/SAT_benchmark/SATLIB/CBS_k3_n100_m435_b50/CBS_k3_n100_m435_b50_294.cnf,SAT,4569.15,4559.24,9.91,44,10
/home/richard/project/SAT_benchmark/SATLIB/CBS_k3_n100_m435_b50/CBS_k3_n100_m435_b50_876.cnf,SAT,9014.17,9001.49,12.68,86,53
/home/richard/project/SAT_benchmark/SATLIB/CBS_k3_n100_m435_b50/CBS_k3_n100_m435_b50_425.cnf,SAT,108703.74,108690.08,13.66,999,705
/home/richard/project/SAT_benchmark/SATLIB/CBS_k3_n100_m435_b50/CBS_k3_n100_m435_b50_501.cnf,SAT,57192.28,57178.46,13.82,522,456
/home/richard/project/SAT_benchmark/SATLIB/CBS_k3_n100_m435_b50/CBS_k3_n100_m435_b50_593.cnf,SAT,97789.70,97775.03,14.67,894,711
/home/richard/project/SAT_benchmark/SATLIB/CBS_k3_n100_m435_b50/CBS_k3_n100_m435_b50_709.cnf,SAT,38625.77,38614.04,11.73,358,305
/home/richard/project/SAT_benchmark/SATLIB/CBS_k3_n100_m435_b50/CBS_k3_n100_m435_b50_336.cnf,SAT,3514.99,3504.30,10.68,37,15
/home/richard/project/SAT_benchmark/SATLIB/CBS_k3_n100_m435_b50/CBS_k3_n100_m435_b50_0.cnf,SAT,127073.22,127058.87,14.35,1169,763
/home/richard/project/SAT_benchmark/SATLIB/CBS_k3_n100_m435_b50/CBS_k3_n100_m435_b50_579.cnf,SAT,10074.53,10062.52,12.02,96,62
/home/richard/project/SAT_benchmark/SATLIB/CBS_k3_n100_m435_b50/CBS_k3_n100_m435_b50_473.cnf,SAT,33133.15,33120.33,12.82,302,236
/home/richard/project/SAT_benchmark/SATLIB/CBS_k3_n100_m435_b50/CBS_k3_n100_m435_b50_353.cnf,SAT,69261.73,69244.52,17.21,638,530
/home/richard/project/SAT_benchmark/SATLIB/CBS_k3_n100_m435_b50/CBS_k3_n100_m435_b50_515.cnf,SAT,25536.94,25527.04,9.90,231,183
/home/richard/project/SAT_benchmark/SATLIB/CBS_k3_n100_m435_b50/CBS_k3_n100_m435_b50_74.cnf,SAT,46141.59,46130.53,11.06,425,297
/home/richard/project/SAT_benchmark/SATLIB/CBS_k3_n100_m435_b50/CBS_k3_n100_m435_b50_557.cnf,SAT,102988.27,102972.53,15.74,942,785
/home/richard/project/SAT_benchmark/SATLIB/CBS_k3_n100_m435_b50/CBS_k3_n100_m435_b50_7.cnf,SAT,66127.28,66110.31,16.97,604,516
/home/richard/project/SAT_benchmark/SATLIB/CBS_k3_n100_m435_b50/CBS_k3_n100_m435_b50_637.cnf,SAT,70056.73,70043.87,12.86,640,541
/home/richard/project/SAT_benchmark/SATLIB/CBS_k3_n100_m435_b50/CBS_k3_n100_m435_b50_447.cnf,SAT,26466.41,26452.04,14.37,244,210
/home/richard/project/SAT_benchmark/SATLIB/CBS_k3_n100_m435_b50/CBS_k3_n100_m435_b50_960.cnf,SAT,33471.27,33461.21,10.07,300,226
/home/richard/project/SAT_benchmark/SATLIB/CBS_k3_n100_m435_b50/CBS_k3_n100_m435_b50_608.cnf,SAT,16867.25,16851.86,15.39,144,112
/home/richard/project/SAT_benchmark/SATLIB/CBS_k3_n100_m435_b50/CBS_k3_n100_m435_b50_387.cnf,SAT,70824.84,70813.23,11.61,649,448
/home/richard/project/SAT_benchmark/SATLIB/CBS_k3_n100_m435_b50/CBS_k3_n100_m435_b50_233.cnf,SAT,65708.12,65695.03,13.08,602,515
/home/richard/project/SAT_benchmark/SATLIB/CBS_k3_n100_m435_b50/CBS_k3_n100_m435_b50_427.cnf,SAT,30854.62,30838.61,16.01,282,228
/home/richard/project/SAT_benchmark/SATLIB/CBS_k3_n100_m435_b50/CBS_k3_n100_m435_b50_275.cnf,SAT,39641.84,39630.55,11.28,365,252
/home/richard/project/SAT_benchmark/SATLIB/CBS_k3_n100_m435_b50/CBS_k3_n100_m435_b50_982.cnf,SAT,12302.46,12292.34,10.11,110,77
/home/richard/project/SAT_benchmark/SATLIB/CBS_k3_n100_m435_b50/CBS_k3_n100_m435_b50_547.cnf,SAT,47218.55,47202.73,15.82,430,339
/home/richard/project/SAT_benchmark/SATLIB/CBS_k3_n100_m435_b50/CBS_k3_n100_m435_b50_682.cnf,SAT,29864.97,29852.09,12.87,271,218
/home/richard/project/SAT_benchmark/SATLIB/CBS_k3_n100_m435_b50/CBS_k3_n100_m435_b50_282.cnf,SAT,11146.99,11136.34,10.64,108,75
/home/richard/project/SAT_benchmark/SATLIB/CBS_k3_n100_m435_b50/CBS_k3_n100_m435_b50_609.cnf,SAT,46174.48,46163.60,10.88,420,338
/home/richard/project/SAT_benchmark/SATLIB/CBS_k3_n100_m435_b50/CBS_k3_n100_m435_b50_869.cnf,SAT,23240.71,23227.10,13.61,214,178
/home/richard/project/SAT_benchmark/SATLIB/CBS_k3_n100_m435_b50/CBS_k3_n100_m435_b50_909.cnf,SAT,38509.72,38493.82,15.90,351,287
/home/richard/project/SAT_benchmark/SATLIB/CBS_k3_n100_m435_b50/CBS_k3_n100_m435_b50_895.cnf,SAT,89028.44,89014.64,13.80,810,643
/home/richard/project/SAT_benchmark/SATLIB/CBS_k3_n100_m435_b50/CBS_k3_n100_m435_b50_253.cnf,SAT,11193.20,11183.69,9.52,108,77
/home/richard/project/SAT_benchmark/SATLIB/CBS_k3_n100_m435_b50/CBS_k3_n100_m435_b50_723.cnf,SAT,60480.89,60467.48,13.41,557,375
/home/richard/project/SAT_benchmark/SATLIB/CBS_k3_n100_m435_b50/CBS_k3_n100_m435_b50_932.cnf,SAT,14490.08,14480.59,9.49,131,100
/home/richard/project/SAT_benchmark/SATLIB/CBS_k3_n100_m435_b50/CBS_k3_n100_m435_b50_82.cnf,SAT,25481.62,25468.82,12.79,239,189
/home/richard/project/SAT_benchmark/SATLIB/CBS_k3_n100_m435_b50/CBS_k3_n100_m435_b50_658.cnf,SAT,62408.70,62396.80,11.90,566,342
/home/richard/project/SAT_benchmark/SATLIB/CBS_k3_n100_m435_b50/CBS_k3_n100_m435_b50_134.cnf,SAT,65990.02,65977.65,12.37,604,532
/home/richard/project/SAT_benchmark/SATLIB/CBS_k3_n100_m435_b50/CBS_k3_n100_m435_b50_741.cnf,SAT,73500.53,73487.13,13.40,678,541
/home/richard/project/SAT_benchmark/SATLIB/CBS_k3_n100_m435_b50/CBS_k3_n100_m435_b50_15.cnf,SAT,58512.32,58501.08,11.24,539,445
/home/richard/project/SAT_benchmark/SATLIB/CBS_k3_n100_m435_b50/CBS_k3_n100_m435_b50_591.cnf,SAT,28658.42,28642.38,16.04,264,214
/home/richard/project/SAT_benchmark/SATLIB/CBS_k3_n100_m435_b50/CBS_k3_n100_m435_b50_138.cnf,SAT,58381.75,58369.25,12.50,530,451
/home/richard/project/SAT_benchmark/SATLIB/CBS_k3_n100_m435_b50/CBS_k3_n100_m435_b50_323.cnf,SAT,30847.40,30837.12,10.27,280,186
/home/richard/project/SAT_benchmark/SATLIB/CBS_k3_n100_m435_b50/CBS_k3_n100_m435_b50_400.cnf,SAT,92356.33,92342.15,14.18,846,589
/home/richard/project/SAT_benchmark/SATLIB/CBS_k3_n100_m435_b50/CBS_k3_n100_m435_b50_441.cnf,SAT,72574.26,72558.17,16.09,663,583
/home/richard/project/SAT_benchmark/SATLIB/CBS_k3_n100_m435_b50/CBS_k3_n100_m435_b50_95.cnf,SAT,74940.70,74927.18,13.52,681,550
/home/richard/project/SAT_benchmark/SATLIB/CBS_k3_n100_m435_b50/CBS_k3_n100_m435_b50_639.cnf,SAT,41841.95,41830.15,11.80,389,321
/home/richard/project/SAT_benchmark/SATLIB/CBS_k3_n100_m435_b50/CBS_k3_n100_m435_b50_808.cnf,SAT,150027.52,150011.55,15.97,1372,803
/home/richard/project/SAT_benchmark/SATLIB/CBS_k3_n100_m435_b50/CBS_k3_n100_m435_b50_687.cnf,SAT,39792.76,39779.14,13.62,362,326
/home/richard/project/SAT_benchmark/SATLIB/CBS_k3_n100_m435_b50/CBS_k3_n100_m435_b50_460.cnf,SAT,34309.14,34292.86,16.28,314,268
/home/richard/project/SAT_benchmark/SATLIB/CBS_k3_n100_m435_b50/CBS_k3_n100_m435_b50_868.cnf,SAT,29932.13,29916.07,16.06,274,237
/home/richard/project/SAT_benchmark/SATLIB/CBS_k3_n100_m435_b50/CBS_k3_n100_m435_b50_313.cnf,SAT,11182.35,11170.50,11.85,106,67
/home/richard/project/SAT_benchmark/SATLIB/CBS_k3_n100_m435_b50/CBS_k3_n100_m435_b50_647.cnf,SAT,130634.39,130617.42,16.97,1196,932
/home/richard/project/SAT_benchmark/SATLIB/CBS_k3_n100_m435_b50/CBS_k3_n100_m435_b50_84.cnf,SAT,57232.06,57217.25,14.81,524,458
/home/richard/project/SAT_benchmark/SATLIB/CBS_k3_n100_m435_b50/CBS_k3_n100_m435_b50_891.cnf,SAT,29924.55,29910.19,14.36,270,213
/home/richard/project/SAT_benchmark/SATLIB/CBS_k3_n100_m435_b50/CBS_k3_n100_m435_b50_120.cnf,SAT,7869.78,7854.64,15.14,74,46
/home/richard/project/SAT_benchmark/SATLIB/CBS_k3_n100_m435_b50/CBS_k3_n100_m435_b50_188.cnf,SAT,63697.26,63679.59,17.66,586,482
/home/richard/project/SAT_benchmark/SATLIB/CBS_k3_n100_m435_b50/CBS_k3_n100_m435_b50_50.cnf,SAT,81541.94,81528.03,13.91,740,605
/home/richard/project/SAT_benchmark/SATLIB/CBS_k3_n100_m435_b50/CBS_k3_n100_m435_b50_283.cnf,SAT,44111.22,44094.42,16.81,400,346
/home/richard/project/SAT_benchmark/SATLIB/CBS_k3_n100_m435_b50/CBS_k3_n100_m435_b50_99.cnf,SAT,23370.24,23354.71,15.53,214,168
/home/richard/project/SAT_benchmark/SATLIB/CBS_k3_n100_m435_b50/CBS_k3_n100_m435_b50_572.cnf,SAT,42999.93,42987.47,12.46,397,330
/home/richard/project/SAT_benchmark/SATLIB/CBS_k3_n100_m435_b50/CBS_k3_n100_m435_b50_465.cnf,SAT,11191.49,11180.40,11.09,101,77
/home/richard/project/SAT_benchmark/SATLIB/CBS_k3_n100_m435_b50/CBS_k3_n100_m435_b50_414.cnf,SAT,11239.99,11225.37,14.62,104,63
/home/richard/project/SAT_benchmark/SATLIB/CBS_k3_n100_m435_b50/CBS_k3_n100_m435_b50_267.cnf,SAT,29805.97,29795.78,10.18,276,226
/home/richard/project/SAT_benchmark/SATLIB/CBS_k3_n100_m435_b50/CBS_k3_n100_m435_b50_39.cnf,SAT,21101.66,21090.91,10.75,193,142
/home/richard/project/SAT_benchmark/SATLIB/CBS_k3_n100_m435_b50/CBS_k3_n100_m435_b50_495.cnf,SAT,28671.04,28658.03,13.01,262,218
/home/richard/project/SAT_benchmark/SATLIB/CBS_k3_n100_m435_b50/CBS_k3_n100_m435_b50_388.cnf,SAT,21158.54,21143.35,15.19,193,150
/home/richard/project/SAT_benchmark/SATLIB/CBS_k3_n100_m435_b50/CBS_k3_n100_m435_b50_247.cnf,SAT,73298.29,73285.91,12.38,679,507
/home/richard/project/SAT_benchmark/SATLIB/CBS_k3_n100_m435_b50/CBS_k3_n100_m435_b50_586.cnf,SAT,6774.79,6761.54,13.25,62,39
/home/richard/project/SAT_benchmark/SATLIB/CBS_k3_n100_m435_b50/CBS_k3_n100_m435_b50_173.cnf,SAT,83541.75,83527.60,14.14,769,649
/home/richard/project/SAT_benchmark/SATLIB/CBS_k3_n100_m435_b50/CBS_k3_n100_m435_b50_955.cnf,SAT,6807.32,6797.59,9.73,64,39
/home/richard/project/SAT_benchmark/SATLIB/CBS_k3_n100_m435_b50/CBS_k3_n100_m435_b50_899.cnf,SAT,35432.85,35420.50,12.34,329,283
/home/richard/project/SAT_benchmark/SATLIB/CBS_k3_n100_m435_b50/CBS_k3_n100_m435_b50_109.cnf,SAT,41838.03,41824.48,13.56,388,329
/home/richard/project/SAT_benchmark/SATLIB/CBS_k3_n100_m435_b50/CBS_k3_n100_m435_b50_54.cnf,SAT,62610.87,62596.40,14.47,573,483
/home/richard/project/SAT_benchmark/SATLIB/CBS_k3_n100_m435_b50/CBS_k3_n100_m435_b50_79.cnf,SAT,14474.50,14463.21,11.29,138,112
/home/richard/project/SAT_benchmark/SATLIB/CBS_k3_n100_m435_b50/CBS_k3_n100_m435_b50_630.cnf,SAT,26535.12,26524.72,10.40,244,210
/home/richard/project/SAT_benchmark/SATLIB/CBS_k3_n100_m435_b50/CBS_k3_n100_m435_b50_345.cnf,SAT,73645.05,73629.93,15.12,670,458
/home/richard/project/SAT_benchmark/SATLIB/CBS_k3_n100_m435_b50/CBS_k3_n100_m435_b50_181.cnf,SAT,50700.75,50687.40,13.34,461,370
/home/richard/project/SAT_benchmark/SATLIB/CBS_k3_n100_m435_b50/CBS_k3_n100_m435_b50_314.cnf,SAT,25369.81,25355.61,14.20,232,198
/home/richard/project/SAT_benchmark/SATLIB/CBS_k3_n100_m435_b50/CBS_k3_n100_m435_b50_883.cnf,SAT,57271.18,57259.86,11.32,520,433
/home/richard/project/SAT_benchmark/SATLIB/CBS_k3_n100_m435_b50/CBS_k3_n100_m435_b50_691.cnf,SAT,102190.64,102176.51,14.13,936,776
/home/richard/project/SAT_benchmark/SATLIB/CBS_k3_n100_m435_b50/CBS_k3_n100_m435_b50_719.cnf,SAT,10097.48,10082.38,15.11,93,84
/home/richard/project/SAT_benchmark/SATLIB/CBS_k3_n100_m435_b50/CBS_k3_n100_m435_b50_813.cnf,SAT,40837.19,40825.84,11.34,375,314
/home/richard/project/SAT_benchmark/SATLIB/CBS_k3_n100_m435_b50/CBS_k3_n100_m435_b50_533.cnf,SAT,13388.74,13379.37,9.37,120,91
/home/richard/project/SAT_benchmark/SATLIB/CBS_k3_n100_m435_b50/CBS_k3_n100_m435_b50_367.cnf,SAT,5669.14,5656.79,12.35,53,32
/home/richard/project/SAT_benchmark/SATLIB/CBS_k3_n100_m435_b50/CBS_k3_n100_m435_b50_750.cnf,SAT,47213.09,47199.84,13.25,439,367
/home/richard/project/SAT_benchmark/SATLIB/CBS_k3_n100_m435_b50/CBS_k3_n100_m435_b50_303.cnf,SAT,64942.69,64929.71,12.98,596,521
/home/richard/project/SAT_benchmark/SATLIB/CBS_k3_n100_m435_b50/CBS_k3_n100_m435_b50_189.cnf,SAT,31023.22,31010.68,12.54,283,217
/home/richard/project/SAT_benchmark/SATLIB/CBS_k3_n100_m435_b50/CBS_k3_n100_m435_b50_549.cnf,SAT,55115.48,55104.08,11.40,500,378
/home/richard/project/SAT_benchmark/SATLIB/CBS_k3_n100_m435_b50/CBS_k3_n100_m435_b50_836.cnf,SAT,5673.20,5662.46,10.74,54,34
/home/richard/project/SAT_benchmark/SATLIB/CBS_k3_n100_m435_b50/CBS_k3_n100_m435_b50_656.cnf,SAT,34291.11,34279.10,12.01,312,250
/home/richard/project/SAT_benchmark/SATLIB/CBS_k3_n100_m435_b50/CBS_k3_n100_m435_b50_488.cnf,SAT,28676.81,28666.10,10.72,268,212
/home/richard/project/SAT_benchmark/SATLIB/CBS_k3_n100_m435_b50/CBS_k3_n100_m435_b50_341.cnf,SAT,25341.62,25330.68,10.94,237,207
/home/richard/project/SAT_benchmark/SATLIB/CBS_k3_n100_m435_b50/CBS_k3_n100_m435_b50_625.cnf,SAT,12304.11,12293.09,11.02,119,84
/home/richard/project/SAT_benchmark/SATLIB/CBS_k3_n100_m435_b50/CBS_k3_n100_m435_b50_377.cnf,SAT,45315.09,45300.60,14.49,413,335
/home/richard/project/SAT_benchmark/SATLIB/CBS_k3_n100_m435_b50/CBS_k3_n100_m435_b50_888.cnf,SAT,24380.26,24366.13,14.12,226,194
/home/richard/project/SAT_benchmark/SATLIB/CBS_k3_n100_m435_b50/CBS_k3_n100_m435_b50_261.cnf,SAT,29682.29,29671.55,10.75,272,196
/home/richard/project/SAT_benchmark/SATLIB/CBS_k3_n100_m435_b50/CBS_k3_n100_m435_b50_734.cnf,SAT,10126.32,10115.23,11.09,93,66
/home/richard/project/SAT_benchmark/SATLIB/CBS_k3_n100_m435_b50/CBS_k3_n100_m435_b50_540.cnf,SAT,14463.35,14452.43,10.92,138,118
/home/richard/project/SAT_benchmark/SATLIB/CBS_k3_n100_m435_b50/CBS_k3_n100_m435_b50_302.cnf,SAT,206549.12,206530.32,18.79,1885,1080
/home/richard/project/SAT_benchmark/SATLIB/CBS_k3_n100_m435_b50/CBS_k3_n100_m435_b50_295.cnf,SAT,59475.04,59460.47,14.57,543,470
/home/richard/project/SAT_benchmark/SATLIB/CBS_k3_n100_m435_b50/CBS_k3_n100_m435_b50_903.cnf,SAT,13413.28,13402.80,10.48,129,103
/home/richard/project/SAT_benchmark/SATLIB/CBS_k3_n100_m435_b50/CBS_k3_n100_m435_b50_3.cnf,SAT,4579.26,4566.03,13.23,43,21
/home/richard/project/SAT_benchmark/SATLIB/CBS_k3_n100_m435_b50/CBS_k3_n100_m435_b50_945.cnf,SAT,51485.55,51471.74,13.80,471,390
/home/richard/project/SAT_benchmark/SATLIB/CBS_k3_n100_m435_b50/CBS_k3_n100_m435_b50_548.cnf,SAT,32100.73,32087.20,13.53,291,232
/home/richard/project/SAT_benchmark/SATLIB/CBS_k3_n100_m435_b50/CBS_k3_n100_m435_b50_789.cnf,SAT,30908.81,30898.01,10.80,281,196
/home/richard/project/SAT_benchmark/SATLIB/CBS_k3_n100_m435_b50/CBS_k3_n100_m435_b50_565.cnf,SAT,19978.03,19967.40,10.64,185,152
/home/richard/project/SAT_benchmark/SATLIB/CBS_k3_n100_m435_b50/CBS_k3_n100_m435_b50_103.cnf,SAT,71295.98,71282.35,13.64,653,579
/home/richard/project/SAT_benchmark/SATLIB/CBS_k3_n100_m435_b50/CBS_k3_n100_m435_b50_867.cnf,SAT,13149.73,13139.01,10.73,111,82
/home/richard/project/SAT_benchmark/SATLIB/CBS_k3_n100_m435_b50/CBS_k3_n100_m435_b50_519.cnf,SAT,13164.52,13153.96,10.56,114,76
/home/richard/project/SAT_benchmark/SATLIB/CBS_k3_n100_m435_b50/CBS_k3_n100_m435_b50_174.cnf,SAT,23648.82,23636.43,12.39,207,181
/home/richard/project/SAT_benchmark/SATLIB/CBS_k3_n100_m435_b50/CBS_k3_n100_m435_b50_614.cnf,SAT,14185.86,14176.81,9.04,128,96
/home/richard/project/SAT_benchmark/SATLIB/CBS_k3_n100_m435_b50/CBS_k3_n100_m435_b50_365.cnf,SAT,43384.37,43373.19,11.18,375,303
/home/richard/project/SAT_benchmark/SATLIB/CBS_k3_n100_m435_b50/CBS_k3_n100_m435_b50_801.cnf,SAT,14234.10,14222.15,11.94,128,98
/home/richard/project/SAT_benchmark/SATLIB/CBS_k3_n100_m435_b50/CBS_k3_n100_m435_b50_787.cnf,SAT,7272.17,7259.85,12.31,63,38
/home/richard/project/SAT_benchmark/SATLIB/CBS_k3_n100_m435_b50/CBS_k3_n100_m435_b50_776.cnf,SAT,60933.00,60922.02,10.98,523,446
/home/richard/project/SAT_benchmark/SATLIB/CBS_k3_n100_m435_b50/CBS_k3_n100_m435_b50_256.cnf,SAT,86796.69,86781.11,15.58,747,578
/home/richard/project/SAT_benchmark/SATLIB/CBS_k3_n100_m435_b50/CBS_k3_n100_m435_b50_987.cnf,SAT,44500.23,44485.74,14.49,383,294
/home/richard/project/SAT_benchmark/SATLIB/CBS_k3_n100_m435_b50/CBS_k3_n100_m435_b50_701.cnf,SAT,34132.25,34121.62,10.63,295,192
/home/richard/project/SAT_benchmark/SATLIB/CBS_k3_n100_m435_b50/CBS_k3_n100_m435_b50_693.cnf,SAT,7207.15,7198.21,8.93,64,39
/home/richard/project/SAT_benchmark/SATLIB/CBS_k3_n100_m435_b50/CBS_k3_n100_m435_b50_491.cnf,SAT,37767.16,37755.18,11.98,329,253
/home/richard/project/SAT_benchmark/SATLIB/CBS_k3_n100_m435_b50/CBS_k3_n100_m435_b50_707.cnf,SAT,83620.09,83608.22,11.87,718,598
/home/richard/project/SAT_benchmark/SATLIB/CBS_k3_n100_m435_b50/CBS_k3_n100_m435_b50_850.cnf,SAT,61334.81,61323.53,11.28,524,440
/home/richard/project/SAT_benchmark/SATLIB/CBS_k3_n100_m435_b50/CBS_k3_n100_m435_b50_728.cnf,SAT,51792.20,51779.83,12.36,448,351
/home/richard/project/SAT_benchmark/SATLIB/CBS_k3_n100_m435_b50/CBS_k3_n100_m435_b50_225.cnf,SAT,81764.88,81752.07,12.81,703,619
/home/richard/project/SAT_benchmark/SATLIB/CBS_k3_n100_m435_b50/CBS_k3_n100_m435_b50_170.cnf,SAT,74868.73,74855.60,13.13,641,522
/home/richard/project/SAT_benchmark/SATLIB/CBS_k3_n100_m435_b50/CBS_k3_n100_m435_b50_607.cnf,SAT,33083.23,33071.33,11.89,280,230
/home/richard/project/SAT_benchmark/SATLIB/CBS_k3_n100_m435_b50/CBS_k3_n100_m435_b50_320.cnf,SAT,15251.36,15240.71,10.64,131,104
/home/richard/project/SAT_benchmark/SATLIB/CBS_k3_n100_m435_b50/CBS_k3_n100_m435_b50_718.cnf,SAT,40014.80,40003.61,11.20,349,300
/home/richard/project/SAT_benchmark/SATLIB/CBS_k3_n100_m435_b50/CBS_k3_n100_m435_b50_117.cnf,SAT,57610.89,57595.36,15.53,494,435
/home/richard/project/SAT_benchmark/SATLIB/CBS_k3_n100_m435_b50/CBS_k3_n100_m435_b50_570.cnf,SAT,70257.31,70245.37,11.95,597,438
/home/richard/project/SAT_benchmark/SATLIB/CBS_k3_n100_m435_b50/CBS_k3_n100_m435_b50_116.cnf,SAT,32474.71,32464.56,10.15,279,238
/home/richard/project/SAT_benchmark/SATLIB/CBS_k3_n100_m435_b50/CBS_k3_n100_m435_b50_9.cnf,SAT,77765.08,77751.81,13.27,655,559
/home/richard/project/SAT_benchmark/SATLIB/CBS_k3_n100_m435_b50/CBS_k3_n100_m435_b50_974.cnf,SAT,34961.56,34949.73,11.83,296,236
/home/richard/project/SAT_benchmark/SATLIB/CBS_k3_n100_m435_b50/CBS_k3_n100_m435_b50_165.cnf,SAT,27614.75,27602.55,12.20,233,193
/home/richard/project/SAT_benchmark/SATLIB/CBS_k3_n100_m435_b50/CBS_k3_n100_m435_b50_212.cnf,SAT,74263.50,74247.86,15.64,663,583
/home/richard/project/SAT_benchmark/SATLIB/CBS_k3_n100_m435_b50/CBS_k3_n100_m435_b50_767.cnf,SAT,38701.82,38689.84,11.98,351,300
/home/richard/project/SAT_benchmark/SATLIB/CBS_k3_n100_m435_b50/CBS_k3_n100_m435_b50_679.cnf,SAT,59632.57,59616.66,15.91,545,442
/home/richard/project/SAT_benchmark/SATLIB/CBS_k3_n100_m435_b50/CBS_k3_n100_m435_b50_305.cnf,SAT,7942.40,7931.91,10.49,72,37
/home/richard/project/SAT_benchmark/SATLIB/CBS_k3_n100_m435_b50/CBS_k3_n100_m435_b50_893.cnf,SAT,54955.92,54940.63,15.29,502,434
/home/richard/project/SAT_benchmark/SATLIB/CBS_k3_n100_m435_b50/CBS_k3_n100_m435_b50_523.cnf,SAT,40820.99,40806.39,14.60,378,321
/home/richard/project/SAT_benchmark/SATLIB/CBS_k3_n100_m435_b50/CBS_k3_n100_m435_b50_991.cnf,SAT,26624.34,26614.35,9.99,245,194
/home/richard/project/SAT_benchmark/SATLIB/CBS_k3_n100_m435_b50/CBS_k3_n100_m435_b50_252.cnf,SAT,10108.10,10092.56,15.54,93,67
/home/richard/project/SAT_benchmark/SATLIB/CBS_k3_n100_m435_b50/CBS_k3_n100_m435_b50_164.cnf,SAT,23514.74,23498.84,15.90,219,173
/home/richard/project/SAT_benchmark/SATLIB/CBS_k3_n100_m435_b50/CBS_k3_n100_m435_b50_703.cnf,SAT,37534.74,37523.88,10.86,343,295
/home/richard/project/SAT_benchmark/SATLIB/CBS_k3_n100_m435_b50/CBS_k3_n100_m435_b50_361.cnf,SAT,60528.72,60516.80,11.92,559,476
/home/richard/project/SAT_benchmark/SATLIB/CBS_k3_n100_m435_b50/CBS_k3_n100_m435_b50_685.cnf,SAT,34289.32,34278.16,11.17,310,251
/home/richard/project/SAT_benchmark/SATLIB/CBS_k3_n100_m435_b50/CBS_k3_n100_m435_b50_662.cnf,SAT,4579.05,4568.98,10.07,44,24
/home/richard/project/SAT_benchmark/SATLIB/CBS_k3_n100_m435_b50/CBS_k3_n100_m435_b50_88.cnf,SAT,21055.16,21042.92,12.23,196,156
/home/richard/project/SAT_benchmark/SATLIB/CBS_k3_n100_m435_b50/CBS_k3_n100_m435_b50_948.cnf,SAT,53958.67,53947.57,11.10,499,432
/home/richard/project/SAT_benchmark/SATLIB/CBS_k3_n100_m435_b50/CBS_k3_n100_m435_b50_838.cnf,SAT,129815.46,129799.65,15.81,1184,932
/home/richard/project/SAT_benchmark/SATLIB/CBS_k3_n100_m435_b50/CBS_k3_n100_m435_b50_459.cnf,SAT,43081.13,43068.77,12.36,390,339
/home/richard/project/SAT_benchmark/SATLIB/CBS_k3_n100_m435_b50/CBS_k3_n100_m435_b50_163.cnf,SAT,100953.04,100938.55,14.49,925,512
/home/richard/project/SAT_benchmark/SATLIB/CBS_k3_n100_m435_b50/CBS_k3_n100_m435_b50_675.cnf,SAT,32074.22,32064.19,10.03,291,208
/home/richard/project/SAT_benchmark/SATLIB/CBS_k3_n100_m435_b50/CBS_k3_n100_m435_b50_125.cnf,SAT,62780.35,62765.33,15.03,574,486
/home/richard/project/SAT_benchmark/SATLIB/CBS_k3_n100_m435_b50/CBS_k3_n100_m435_b50_44.cnf,SAT,59390.62,59375.77,14.85,548,315
/home/richard/project/SAT_benchmark/SATLIB/CBS_k3_n100_m435_b50/CBS_k3_n100_m435_b50_159.cnf,SAT,43053.78,43041.53,12.25,392,326
/home/richard/project/SAT_benchmark/SATLIB/CBS_k3_n100_m435_b50/CBS_k3_n100_m435_b50_150.cnf,SAT,11241.45,11227.19,14.26,102,74
/home/richard/project/SAT_benchmark/SATLIB/CBS_k3_n100_m435_b50/CBS_k3_n100_m435_b50_184.cnf,SAT,67270.73,67256.41,14.32,611,538
/home/richard/project/SAT_benchmark/SATLIB/CBS_k3_n100_m435_b50/CBS_k3_n100_m435_b50_429.cnf,SAT,40805.21,40793.55,11.66,373,316
/home/richard/project/SAT_benchmark/SATLIB/CBS_k3_n100_m435_b50/CBS_k3_n100_m435_b50_224.cnf,SAT,59275.52,59263.48,12.03,540,382
/home/richard/project/SAT_benchmark/SATLIB/CBS_k3_n100_m435_b50/CBS_k3_n100_m435_b50_854.cnf,SAT,118730.75,118715.36,15.40,1081,938
/home/richard/project/SAT_benchmark/SATLIB/CBS_k3_n100_m435_b50/CBS_k3_n100_m435_b50_278.cnf,SAT,27637.15,27622.28,14.87,251,162
/home/richard/project/SAT_benchmark/SATLIB/CBS_k3_n100_m435_b50/CBS_k3_n100_m435_b50_448.cnf,SAT,6773.32,6758.50,14.82,69,47
/home/richard/project/SAT_benchmark/SATLIB/CBS_k3_n100_m435_b50/CBS_k3_n100_m435_b50_938.cnf,SAT,25444.57,25434.50,10.06,236,190
/home/richard/project/SAT_benchmark/SATLIB/CBS_k3_n100_m435_b50/CBS_k3_n100_m435_b50_797.cnf,SAT,78019.14,78001.19,17.95,713,567
/home/richard/project/SAT_benchmark/SATLIB/CBS_k3_n100_m435_b50/CBS_k3_n100_m435_b50_301.cnf,SAT,35313.06,35300.93,12.14,320,260
/home/richard/project/SAT_benchmark/SATLIB/CBS_k3_n100_m435_b50/CBS_k3_n100_m435_b50_100.cnf,SAT,79073.44,79061.31,12.13,723,595
/home/richard/project/SAT_benchmark/SATLIB/CBS_k3_n100_m435_b50/CBS_k3_n100_m435_b50_390.cnf,SAT,98722.84,98708.31,14.53,905,764
/home/richard/project/SAT_benchmark/SATLIB/CBS_k3_n100_m435_b50/CBS_k3_n100_m435_b50_156.cnf,SAT,14509.75,14500.01,9.74,138,111
/home/richard/project/SAT_benchmark/SATLIB/CBS_k3_n100_m435_b50/CBS_k3_n100_m435_b50_308.cnf,SAT,58470.30,58458.53,11.77,531,439
/home/richard/project/SAT_benchmark/SATLIB/CBS_k3_n100_m435_b50/CBS_k3_n100_m435_b50_24.cnf,SAT,114016.68,114003.53,13.15,1049,728
/home/richard/project/SAT_benchmark/SATLIB/CBS_k3_n100_m435_b50/CBS_k3_n100_m435_b50_25.cnf,SAT,55220.55,55203.02,17.53,509,423
/home/richard/project/SAT_benchmark/SATLIB/CBS_k3_n100_m435_b50/CBS_k3_n100_m435_b50_739.cnf,SAT,7896.51,7886.25,10.26,77,53
/home/richard/project/SAT_benchmark/SATLIB/CBS_k3_n100_m435_b50/CBS_k3_n100_m435_b50_285.cnf,SAT,71002.85,70989.85,13.00,646,502
/home/richard/project/SAT_benchmark/SATLIB/CBS_k3_n100_m435_b50/CBS_k3_n100_m435_b50_871.cnf,SAT,87680.00,87662.31,17.70,788,660
/home/richard/project/SAT_benchmark/SATLIB/CBS_k3_n100_m435_b50/CBS_k3_n100_m435_b50_892.cnf,SAT,5097.49,5087.86,9.62,48,18
/home/richard/project/SAT_benchmark/SATLIB/CBS_k3_n100_m435_b50/CBS_k3_n100_m435_b50_970.cnf,SAT,5064.72,5054.08,10.64,45,20
/home/richard/project/SAT_benchmark/SATLIB/CBS_k3_n100_m435_b50/CBS_k3_n100_m435_b50_943.cnf,SAT,103934.74,103921.04,13.70,876,731
/home/richard/project/SAT_benchmark/SATLIB/CBS_k3_n100_m435_b50/CBS_k3_n100_m435_b50_635.cnf,SAT,7422.48,7408.05,14.43,68,39
/home/richard/project/SAT_benchmark/SATLIB/CBS_k3_n100_m435_b50/CBS_k3_n100_m435_b50_618.cnf,SAT,114661.97,114649.17,12.80,961,729
/home/richard/project/SAT_benchmark/SATLIB/CBS_k3_n100_m435_b50/CBS_k3_n100_m435_b50_373.cnf,SAT,40646.18,40635.58,10.60,342,274
/home/richard/project/SAT_benchmark/SATLIB/CBS_k3_n100_m435_b50/CBS_k3_n100_m435_b50_772.cnf,SAT,9734.75,9720.12,14.63,88,68
/home/richard/project/SAT_benchmark/SATLIB/CBS_k3_n100_m435_b50/CBS_k3_n100_m435_b50_777.cnf,SAT,48873.00,48860.01,12.99,413,307
/home/richard/project/SAT_benchmark/SATLIB/CBS_k3_n100_m435_b50/CBS_k3_n100_m435_b50_241.cnf,SAT,113278.37,113262.69,15.67,972,832
/home/richard/project/SAT_benchmark/SATLIB/CBS_k3_n100_m435_b50/CBS_k3_n100_m435_b50_280.cnf,SAT,37541.67,37526.31,15.36,349,301
/home/richard/project/SAT_benchmark/SATLIB/CBS_k3_n100_m435_b50/CBS_k3_n100_m435_b50_940.cnf,SAT,17800.90,17788.23,12.67,163,131
/home/richard/project/SAT_benchmark/SATLIB/CBS_k3_n100_m435_b50/CBS_k3_n100_m435_b50_104.cnf,SAT,48706.49,48690.86,15.62,448,394
/home/richard/project/SAT_benchmark/SATLIB/CBS_k3_n100_m435_b50/CBS_k3_n100_m435_b50_726.cnf,SAT,36436.59,36422.05,14.55,333,226
/home/richard/project/SAT_benchmark/SATLIB/CBS_k3_n100_m435_b50/CBS_k3_n100_m435_b50_779.cnf,SAT,21021.88,21009.98,11.90,190,142
/home/richard/project/SAT_benchmark/SATLIB/CBS_k3_n100_m435_b50/CBS_k3_n100_m435_b50_462.cnf,SAT,35359.45,35349.11,10.34,324,260
/home/richard/project/SAT_benchmark/SATLIB/CBS_k3_n100_m435_b50/CBS_k3_n100_m435_b50_141.cnf,SAT,2373.19,2364.58,8.61,26,5
/home/richard/project/SAT_benchmark/SATLIB/CBS_k3_n100_m435_b50/CBS_k3_n100_m435_b50_827.cnf,SAT,101174.17,101158.17,16.00,927,801
/home/richard/project/SAT_benchmark/SATLIB/CBS_k3_n100_m435_b50/CBS_k3_n100_m435_b50_32.cnf,SAT,55007.69,54996.00,11.69,505,344
/home/richard/project/SAT_benchmark/SATLIB/CBS_k3_n100_m435_b50/CBS_k3_n100_m435_b50_254.cnf,SAT,19951.95,19941.69,10.26,183,151
/home/richard/project/SAT_benchmark/SATLIB/CBS_k3_n100_m435_b50/CBS_k3_n100_m435_b50_291.cnf,SAT,24333.68,24322.58,11.09,221,175
/home/richard/project/SAT_benchmark/SATLIB/CBS_k3_n100_m435_b50/CBS_k3_n100_m435_b50_246.cnf,SAT,62794.01,62778.95,15.06,576,479
/home/richard/project/SAT_benchmark/SATLIB/CBS_k3_n100_m435_b50/CBS_k3_n100_m435_b50_793.cnf,SAT,19952.22,19942.71,9.51,184,141
/home/richard/project/SAT_benchmark/SATLIB/CBS_k3_n100_m435_b50/CBS_k3_n100_m435_b50_636.cnf,SAT,107554.61,107541.15,13.46,980,804
/home/richard/project/SAT_benchmark/SATLIB/CBS_k3_n100_m435_b50/CBS_k3_n100_m435_b50_444.cnf,SAT,43072.20,43060.09,12.10,396,334
/home/richard/project/SAT_benchmark/SATLIB/CBS_k3_n100_m435_b50/CBS_k3_n100_m435_b50_803.cnf,SAT,53997.11,53984.67,12.44,494,403
/home/richard/project/SAT_benchmark/SATLIB/CBS_k3_n100_m435_b50/CBS_k3_n100_m435_b50_555.cnf,SAT,27637.49,27626.48,11.01,259,191
/home/richard/project/SAT_benchmark/SATLIB/CBS_k3_n100_m435_b50/CBS_k3_n100_m435_b50_865.cnf,SAT,11222.02,11211.78,10.25,105,75
/home/richard/project/SAT_benchmark/SATLIB/CBS_k3_n100_m435_b50/CBS_k3_n100_m435_b50_855.cnf,SAT,79243.40,79229.47,13.94,721,517
/home/richard/project/SAT_benchmark/SATLIB/CBS_k3_n100_m435_b50/CBS_k3_n100_m435_b50_998.cnf,SAT,41972.22,41956.76,15.46,380,296
/home/richard/project/SAT_benchmark/SATLIB/CBS_k3_n100_m435_b50/CBS_k3_n100_m435_b50_886.cnf,SAT,66064.06,66049.84,14.22,604,523
/home/richard/project/SAT_benchmark/SATLIB/CBS_k3_n100_m435_b50/CBS_k3_n100_m435_b50_94.cnf,SAT,36470.77,36458.88,11.89,331,274
/home/richard/project/SAT_benchmark/SATLIB/CBS_k3_n100_m435_b50/CBS_k3_n100_m435_b50_45.cnf,SAT,52809.05,52797.63,11.41,482,404
/home/richard/project/SAT_benchmark/SATLIB/CBS_k3_n100_m435_b50/CBS_k3_n100_m435_b50_830.cnf,SAT,30939.51,30927.62,11.89,280,225
/home/richard/project/SAT_benchmark/SATLIB/CBS_k3_n100_m435_b50/CBS_k3_n100_m435_b50_178.cnf,SAT,47391.42,47378.70,12.71,437,360
/home/richard/project/SAT_benchmark/SATLIB/CBS_k3_n100_m435_b50/CBS_k3_n100_m435_b50_659.cnf,SAT,24394.74,24384.20,10.55,229,157
/home/richard/project/SAT_benchmark/SATLIB/CBS_k3_n100_m435_b50/CBS_k3_n100_m435_b50_193.cnf,SAT,30913.08,30902.12,10.96,282,235
/home/richard/project/SAT_benchmark/SATLIB/CBS_k3_n100_m435_b50/CBS_k3_n100_m435_b50_359.cnf,SAT,107482.97,107466.75,16.23,985,730
/home/richard/project/SAT_benchmark/SATLIB/CBS_k3_n100_m435_b50/CBS_k3_n100_m435_b50_752.cnf,SAT,6787.96,6778.40,9.56,68,51
/home/richard/project/SAT_benchmark/SATLIB/CBS_k3_n100_m435_b50/CBS_k3_n100_m435_b50_754.cnf,SAT,14509.94,14495.98,13.96,133,95
/home/richard/project/SAT_benchmark/SATLIB/CBS_k3_n100_m435_b50/CBS_k3_n100_m435_b50_475.cnf,SAT,23231.61,23221.00,10.61,212,170
/home/richard/project/SAT_benchmark/SATLIB/CBS_k3_n100_m435_b50/CBS_k3_n100_m435_b50_211.cnf,SAT,111674.24,111657.87,16.37,1029,878
/home/richard/project/SAT_benchmark/SATLIB/CBS_k3_n100_m435_b50/CBS_k3_n100_m435_b50_422.cnf,SAT,75944.53,75932.85,11.68,690,529
/home/richard/project/SAT_benchmark/SATLIB/CBS_k3_n100_m435_b50/CBS_k3_n100_m435_b50_522.cnf,SAT,79291.29,79276.39,14.90,727,504
/home/richard/project/SAT_benchmark/SATLIB/CBS_k3_n100_m435_b50/CBS_k3_n100_m435_b50_528.cnf,SAT,141517.72,141501.82,15.90,1290,1028
/home/richard/project/SAT_benchmark/SATLIB/CBS_k3_n100_m435_b50/CBS_k3_n100_m435_b50_965.cnf,SAT,79308.27,79291.24,17.04,725,630
/home/richard/project/SAT_benchmark/SATLIB/CBS_k3_n100_m435_b50/CBS_k3_n100_m435_b50_499.cnf,SAT,24451.82,24441.52,10.30,226,184
/home/richard/project/SAT_benchmark/SATLIB/CBS_k3_n100_m435_b50/CBS_k3_n100_m435_b50_183.cnf,SAT,50794.42,50782.13,12.29,461,382
/home/richard/project/SAT_benchmark/SATLIB/CBS_k3_n100_m435_b50/CBS_k3_n100_m435_b50_914.cnf,SAT,45026.86,45014.16,12.70,413,324
/home/richard/project/SAT_benchmark/SATLIB/CBS_k3_n100_m435_b50/CBS_k3_n100_m435_b50_724.cnf,SAT,2396.22,2380.80,15.43,25,15
/home/richard/project/SAT_benchmark/SATLIB/CBS_k3_n100_m435_b50/CBS_k3_n100_m435_b50_910.cnf,SAT,3485.43,3470.61,14.82,31,18
/home/richard/project/SAT_benchmark/SATLIB/CBS_k3_n100_m435_b50/CBS_k3_n100_m435_b50_638.cnf,SAT,11187.15,11175.96,11.19,101,65
/home/richard/project/SAT_benchmark/SATLIB/CBS_k3_n100_m435_b50/CBS_k3_n100_m435_b50_959.cnf,SAT,81484.95,81470.79,14.16,747,621
/home/richard/project/SAT_benchmark/SATLIB/CBS_k3_n100_m435_b50/CBS_k3_n100_m435_b50_281.cnf,SAT,6795.18,6785.63,9.55,64,41
/home/richard/project/SAT_benchmark/SATLIB/CBS_k3_n100_m435_b50/CBS_k3_n100_m435_b50_31.cnf,SAT,30918.62,30904.89,13.73,288,240
/home/richard/project/SAT_benchmark/SATLIB/CBS_k3_n100_m435_b50/CBS_k3_n100_m435_b50_338.cnf,SAT,36420.21,36407.27,12.94,339,285
/home/richard/project/SAT_benchmark/SATLIB/CBS_k3_n100_m435_b50/CBS_k3_n100_m435_b50_30.cnf,SAT,76954.41,76937.80,16.61,704,587
/home/richard/project/SAT_benchmark/SATLIB/CBS_k3_n100_m435_b50/CBS_k3_n100_m435_b50_962.cnf,SAT,11165.68,11155.36,10.32,102,81
/home/richard/project/SAT_benchmark/SATLIB/CBS_k3_n100_m435_b50/CBS_k3_n100_m435_b50_697.cnf,SAT,35331.13,35318.96,12.18,327,217
/home/richard/project/SAT_benchmark/SATLIB/CBS_k3_n100_m435_b50/CBS_k3_n100_m435_b50_889.cnf,SAT,10087.25,10077.51,9.75,91,62
/home/richard/project/SAT_benchmark/SATLIB/CBS_k3_n100_m435_b50/CBS_k3_n100_m435_b50_41.cnf,SAT,83622.00,83605.92,16.08,763,572
/home/richard/project/SAT_benchmark/SATLIB/CBS_k3_n100_m435_b50/CBS_k3_n100_m435_b50_667.cnf,SAT,34224.85,34212.88,11.97,318,243
/home/richard/project/SAT_benchmark/SATLIB/CBS_k3_n100_m435_b50/CBS_k3_n100_m435_b50_14.cnf,SAT,126498.85,126483.35,15.50,1155,740
/home/richard/project/SAT_benchmark/SATLIB/CBS_k3_n100_m435_b50/CBS_k3_n100_m435_b50_577.cnf,SAT,33175.11,33163.31,11.81,308,258
/home/richard/project/SAT_benchmark/SATLIB/CBS_k3_n100_m435_b50/CBS_k3_n100_m435_b50_154.cnf,SAT,5674.02,5662.67,11.34,51,27
/home/richard/project/SAT_benchmark/SATLIB/CBS_k3_n100_m435_b50/CBS_k3_n100_m435_b50_918.cnf,SAT,73648.11,73634.42,13.69,671,551
/home/richard/project/SAT_benchmark/SATLIB/CBS_k3_n100_m435_b50/CBS_k3_n100_m435_b50_457.cnf,SAT,39772.59,39755.42,17.17,368,311
/home/richard/project/SAT_benchmark/SATLIB/CBS_k3_n100_m435_b50/CBS_k3_n100_m435_b50_296.cnf,SAT,35345.11,35331.17,13.94,324,209
/home/richard/project/SAT_benchmark/SATLIB/CBS_k3_n100_m435_b50/CBS_k3_n100_m435_b50_626.cnf,SAT,21064.48,21051.86,12.62,199,169
/home/richard/project/SAT_benchmark/SATLIB/CBS_k3_n100_m435_b50/CBS_k3_n100_m435_b50_897.cnf,SAT,133047.72,133031.94,15.78,1169,951
/home/richard/project/SAT_benchmark/SATLIB/CBS_k3_n100_m435_b50/CBS_k3_n100_m435_b50_129.cnf,SAT,24195.81,24183.22,12.60,205,171
/home/richard/project/SAT_benchmark/SATLIB/CBS_k3_n100_m435_b50/CBS_k3_n100_m435_b50_545.cnf,SAT,72785.08,72771.86,13.22,610,506
/home/richard/project/SAT_benchmark/SATLIB/CBS_k3_n100_m435_b50/CBS_k3_n100_m435_b50_969.cnf,SAT,70160.34,70148.15,12.19,609,470
/home/richard/project/SAT_benchmark/SATLIB/CBS_k3_n100_m435_b50/CBS_k3_n100_m435_b50_19.cnf,SAT,21102.25,21090.37,11.88,194,163
/home/richard/project/SAT_benchmark/SATLIB/CBS_k3_n100_m435_b50/CBS_k3_n100_m435_b50_322.cnf,SAT,32198.14,32187.48,10.66,293,253
/home/richard/project/SAT_benchmark/SATLIB/CBS_k3_n100_m435_b50/CBS_k3_n100_m435_b50_311.cnf,SAT,85643.17,85624.64,18.54,787,569
/home/richard/project/SAT_benchmark/SATLIB/CBS_k3_n100_m435_b50/CBS_k3_n100_m435_b50_774.cnf,SAT,27768.91,27753.10,15.81,255,214
/home/richard/project/SAT_benchmark/SATLIB/CBS_k3_n100_m435_b50/CBS_k3_n100_m435_b50_300.cnf,SAT,15573.93,15563.03,10.91,140,119
/home/richard/project/SAT_benchmark/SATLIB/CBS_k3_n100_m435_b50/CBS_k3_n100_m435_b50_936.cnf,SAT,70411.82,70399.23,12.59,643,531
/home/richard/project/SAT_benchmark/SATLIB/CBS_k3_n100_m435_b50/CBS_k3_n100_m435_b50_595.cnf,SAT,64834.84,64820.47,14.37,591,466
/home/richard/project/SAT_benchmark/SATLIB/CBS_k3_n100_m435_b50/CBS_k3_n100_m435_b50_520.cnf,SAT,115300.08,115285.62,14.45,1058,760
/home/richard/project/SAT_benchmark/SATLIB/CBS_k3_n100_m435_b50/CBS_k3_n100_m435_b50_110.cnf,SAT,46297.91,46283.65,14.26,428,368
/home/richard/project/SAT_benchmark/SATLIB/CBS_k3_n100_m435_b50/CBS_k3_n100_m435_b50_770.cnf,SAT,16694.77,16679.37,15.39,156,121
/home/richard/project/SAT_benchmark/SATLIB/CBS_k3_n100_m435_b50/CBS_k3_n100_m435_b50_419.cnf,SAT,36325.83,36313.29,12.54,334,275
/home/richard/project/SAT_benchmark/SATLIB/CBS_k3_n100_m435_b50/CBS_k3_n100_m435_b50_337.cnf,SAT,27697.73,27686.78,10.95,256,211
/home/richard/project/SAT_benchmark/SATLIB/CBS_k3_n100_m435_b50/CBS_k3_n100_m435_b50_980.cnf,SAT,63768.79,63756.81,11.97,587,509
/home/richard/project/SAT_benchmark/SATLIB/CBS_k3_n100_m435_b50/CBS_k3_n100_m435_b50_209.cnf,SAT,4612.13,4602.82,9.32,49,37
/home/richard/project/SAT_benchmark/SATLIB/CBS_k3_n100_m435_b50/CBS_k3_n100_m435_b50_620.cnf,SAT,47208.89,47197.12,11.77,439,378
/home/richard/project/SAT_benchmark/SATLIB/CBS_k3_n100_m435_b50/CBS_k3_n100_m435_b50_566.cnf,SAT,32012.25,31998.44,13.81,294,227
/home/richard/project/SAT_benchmark/SATLIB/CBS_k3_n100_m435_b50/CBS_k3_n100_m435_b50_454.cnf,SAT,43056.68,43044.73,11.96,390,334
/home/richard/project/SAT_benchmark/SATLIB/CBS_k3_n100_m435_b50/CBS_k3_n100_m435_b50_508.cnf,SAT,72907.45,72892.84,14.61,667,543
/home/richard/project/SAT_benchmark/SATLIB/CBS_k3_n100_m435_b50/CBS_k3_n100_m435_b50_858.cnf,SAT,39739.02,39722.87,16.15,368,273
/home/richard/project/SAT_benchmark/SATLIB/CBS_k3_n100_m435_b50/CBS_k3_n100_m435_b50_771.cnf,SAT,76959.25,76945.35,13.90,706,499
/home/richard/project/SAT_benchmark/SATLIB/CBS_k3_n100_m435_b50/CBS_k3_n100_m435_b50_93.cnf,SAT,28812.86,28800.28,12.59,268,211
/home/richard/project/SAT_benchmark/SATLIB/CBS_k3_n100_m435_b50/CBS_k3_n100_m435_b50_312.cnf,SAT,48688.36,48672.22,16.14,441,357
/home/richard/project/SAT_benchmark/SATLIB/CBS_k3_n100_m435_b50/CBS_k3_n100_m435_b50_304.cnf,SAT,21077.73,21064.24,13.49,196,152
/home/richard/project/SAT_benchmark/SATLIB/CBS_k3_n100_m435_b50/CBS_k3_n100_m435_b50_86.cnf,SAT,137612.73,137598.73,14.00,1217,818
/home/richard/project/SAT_benchmark/SATLIB/CBS_k3_n100_m435_b50/CBS_k3_n100_m435_b50_111.cnf,SAT,122092.65,122077.93,14.72,981,771
/home/richard/project/SAT_benchmark/SATLIB/CBS_k3_n100_m435_b50/CBS_k3_n100_m435_b50_641.cnf,SAT,25315.03,25302.09,12.95,204,169
/home/richard/project/SAT_benchmark/SATLIB/CBS_k3_n100_m435_b50/CBS_k3_n100_m435_b50_219.cnf,SAT,91436.37,91419.75,16.62,726,615
/home/richard/project/SAT_benchmark/SATLIB/CBS_k3_n100_m435_b50/CBS_k3_n100_m435_b50_251.cnf,SAT,97803.08,97789.31,13.77,781,636
/home/richard/project/SAT_benchmark/SATLIB/CBS_k3_n100_m435_b50/CBS_k3_n100_m435_b50_378.cnf,SAT,102423.89,102410.92,12.96,819,566
/home/richard/project/SAT_benchmark/SATLIB/CBS_k3_n100_m435_b50/CBS_k3_n100_m435_b50_857.cnf,SAT,4072.48,4059.90,12.59,32,16
/home/richard/project/SAT_benchmark/SATLIB/CBS_k3_n100_m435_b50/CBS_k3_n100_m435_b50_648.cnf,SAT,68340.11,68323.17,16.94,547,472
/home/richard/project/SAT_benchmark/SATLIB/CBS_k3_n100_m435_b50/CBS_k3_n100_m435_b50_757.cnf,SAT,20291.58,20279.58,12.01,161,123
/home/richard/project/SAT_benchmark/SATLIB/CBS_k3_n100_m435_b50/CBS_k3_n100_m435_b50_203.cnf,SAT,5262.01,5252.97,9.04,49,19
/home/richard/project/SAT_benchmark/SATLIB/CBS_k3_n100_m435_b50/CBS_k3_n100_m435_b50_524.cnf,SAT,19322.30,19311.22,11.08,152,116
/home/richard/project/SAT_benchmark/SATLIB/CBS_k3_n100_m435_b50/CBS_k3_n100_m435_b50_220.cnf,SAT,15388.64,15376.91,11.73,126,90
/home/richard/project/SAT_benchmark/SATLIB/CBS_k3_n100_m435_b50/CBS_k3_n100_m435_b50_10.cnf,SAT,46489.32,46476.81,12.51,377,316
/home/richard/project/SAT_benchmark/SATLIB/CBS_k3_n100_m435_b50/CBS_k3_n100_m435_b50_721.cnf,SAT,94821.33,94803.37,17.96,840,737
/home/richard/project/SAT_benchmark/SATLIB/CBS_k3_n100_m435_b50/CBS_k3_n100_m435_b50_610.cnf,SAT,14494.95,14484.96,9.99,132,105
/home/richard/project/SAT_benchmark/SATLIB/CBS_k3_n100_m435_b50/CBS_k3_n100_m435_b50_802.cnf,SAT,83885.80,83870.63,15.16,769,660
/home/richard/project/SAT_benchmark/SATLIB/CBS_k3_n100_m435_b50/CBS_k3_n100_m435_b50_983.cnf,SAT,44084.14,44070.97,13.17,405,358
/home/richard/project/SAT_benchmark/SATLIB/CBS_k3_n100_m435_b50/CBS_k3_n100_m435_b50_975.cnf,SAT,71297.59,71283.38,14.21,658,565
/home/richard/project/SAT_benchmark/SATLIB/CBS_k3_n100_m435_b50/CBS_k3_n100_m435_b50_60.cnf,SAT,74853.82,74841.14,12.68,682,586
/home/richard/project/SAT_benchmark/SATLIB/CBS_k3_n100_m435_b50/CBS_k3_n100_m435_b50_732.cnf,SAT,26530.47,26519.69,10.78,240,187
/home/richard/project/SAT_benchmark/SATLIB/CBS_k3_n100_m449_b70/CBS_k3_n100_m449_b70_364.cnf,SAT,53968.69,53951.38,17.32,493,417
/home/richard/project/SAT_benchmark/SATLIB/CBS_k3_n100_m449_b70/CBS_k3_n100_m449_b70_292.cnf,SAT,34210.60,34197.31,13.29,310,265
/home/richard/project/SAT_benchmark/SATLIB/CBS_k3_n100_m449_b70/CBS_k3_n100_m449_b70_74.cnf,SAT,44046.09,44033.57,12.52,406,307
/home/richard/project/SAT_benchmark/SATLIB/CBS_k3_n100_m449_b70/CBS_k3_n100_m449_b70_19.cnf,SAT,15507.08,15491.63,15.45,149,115
/home/richard/project/SAT_benchmark/SATLIB/CBS_k3_n100_m449_b70/CBS_k3_n100_m449_b70_328.cnf,SAT,49528.80,49513.43,15.36,456,318
/home/richard/project/SAT_benchmark/SATLIB/CBS_k3_n100_m449_b70/CBS_k3_n100_m449_b70_766.cnf,SAT,15575.66,15563.33,12.33,142,112
/home/richard/project/SAT_benchmark/SATLIB/CBS_k3_n100_m449_b70/CBS_k3_n100_m449_b70_122.cnf,SAT,49703.01,49688.57,14.44,454,373
/home/richard/project/SAT_benchmark/SATLIB/CBS_k3_n100_m449_b70/CBS_k3_n100_m449_b70_601.cnf,SAT,3491.37,3480.96,10.41,38,18
/home/richard/project/SAT_benchmark/SATLIB/CBS_k3_n100_m449_b70/CBS_k3_n100_m449_b70_367.cnf,SAT,28775.11,28759.02,16.10,261,215
/home/richard/project/SAT_benchmark/SATLIB/CBS_k3_n100_m449_b70/CBS_k3_n100_m449_b70_324.cnf,SAT,52835.80,52818.59,17.21,489,422
/home/richard/project/SAT_benchmark/SATLIB/CBS_k3_n100_m449_b70/CBS_k3_n100_m449_b70_815.cnf,SAT,45110.73,45097.43,13.30,411,350
/home/richard/project/SAT_benchmark/SATLIB/CBS_k3_n100_m449_b70/CBS_k3_n100_m449_b70_306.cnf,SAT,58326.27,58308.86,17.40,536,469
/home/richard/project/SAT_benchmark/SATLIB/CBS_k3_n100_m449_b70/CBS_k3_n100_m449_b70_773.cnf,SAT,65940.35,65926.34,14.01,604,530
/home/richard/project/SAT_benchmark/SATLIB/CBS_k3_n100_m449_b70/CBS_k3_n100_m449_b70_272.cnf,SAT,13403.96,13390.40,13.56,121,93
/home/richard/project/SAT_benchmark/SATLIB/CBS_k3_n100_m449_b70/CBS_k3_n100_m449_b70_619.cnf,SAT,28783.18,28768.35,14.83,261,216
/home/richard/project/SAT_benchmark/SATLIB/CBS_k3_n100_m449_b70/CBS_k3_n100_m449_b70_210.cnf,SAT,127207.64,127186.47,21.18,1162,831
/home/richard/project/SAT_benchmark/SATLIB/CBS_k3_n100_m449_b70/CBS_k3_n100_m449_b70_963.cnf,SAT,53833.04,53816.11,16.92,495,412
/home/richard/project/SAT_benchmark/SATLIB/CBS_k3_n100_m449_b70/CBS_k3_n100_m449_b70_839.cnf,SAT,4585.69,4570.71,14.97,43,24
/home/richard/project/SAT_benchmark/SATLIB/CBS_k3_n100_m449_b70/CBS_k3_n100_m449_b70_824.cnf,SAT,41943.73,41927.46,16.27,382,305
/home/richard/project/SAT_benchmark/SATLIB/CBS_k3_n100_m449_b70/CBS_k3_n100_m449_b70_682.cnf,SAT,94436.14,94417.16,18.99,863,695
/home/richard/project/SAT_benchmark/SATLIB/CBS_k3_n100_m449_b70/CBS_k3_n100_m449_b70_666.cnf,SAT,75700.53,75682.15,18.38,699,598
/home/richard/project/SAT_benchmark/SATLIB/CBS_k3_n100_m449_b70/CBS_k3_n100_m449_b70_875.cnf,SAT,22151.90,22138.92,12.99,205,161
/home/richard/project/SAT_benchmark/SATLIB/CBS_k3_n100_m449_b70/CBS_k3_n100_m449_b70_511.cnf,SAT,23253.76,23238.62,15.15,218,168
/home/richard/project/SAT_benchmark/SATLIB/CBS_k3_n100_m449_b70/CBS_k3_n100_m449_b70_333.cnf,SAT,45100.15,45087.31,12.84,413,351
/home/richard/project/SAT_benchmark/SATLIB/CBS_k3_n100_m449_b70/CBS_k3_n100_m449_b70_560.cnf,SAT,4577.68,4566.28,11.40,43,20
/home/richard/project/SAT_benchmark/SATLIB/CBS_k3_n100_m449_b70/CBS_k3_n100_m449_b70_706.cnf,SAT,26577.34,26561.79,15.56,249,223
/home/richard/project/SAT_benchmark/SATLIB/CBS_k3_n100_m449_b70/CBS_k3_n100_m449_b70_464.cnf,SAT,37495.67,37480.08,15.59,349,292
/home/richard/project/SAT_benchmark/SATLIB/CBS_k3_n100_m449_b70/CBS_k3_n100_m449_b70_125.cnf,SAT,59540.30,59525.07,15.23,541,415
/home/richard/project/SAT_benchmark/SATLIB/CBS_k3_n100_m449_b70/CBS_k3_n100_m449_b70_42.cnf,SAT,105278.74,105263.37,15.37,968,652
/home/richard/project/SAT_benchmark/SATLIB/CBS_k3_n100_m449_b70/CBS_k3_n100_m449_b70_517.cnf,SAT,21134.08,21121.24,12.85,193,163
/home/richard/project/SAT_benchmark/SATLIB/CBS_k3_n100_m449_b70/CBS_k3_n100_m449_b70_614.cnf,SAT,22177.25,22165.51,11.73,201,130
/home/richard/project/SAT_benchmark/SATLIB/CBS_k3_n100_m449_b70/CBS_k3_n100_m449_b70_355.cnf,SAT,41835.56,41820.72,14.84,385,333
/home/richard/project/SAT_benchmark/SATLIB/CBS_k3_n100_m449_b70/CBS_k3_n100_m449_b70_366.cnf,SAT,70489.77,70476.48,13.30,642,539
/home/richard/project/SAT_benchmark/SATLIB/CBS_k3_n100_m449_b70/CBS_k3_n100_m449_b70_887.cnf,SAT,81179.23,81165.54,13.69,745,408
/home/richard/project/SAT_benchmark/SATLIB/CBS_k3_n100_m449_b70/CBS_k3_n100_m449_b70_161.cnf,SAT,47521.72,47509.36,12.36,430,302
/home/richard/project/SAT_benchmark/SATLIB/CBS_k3_n100_m449_b70/CBS_k3_n100_m449_b70_717.cnf,SAT,55281.63,55266.60,15.03,508,356
/home/richard/project/SAT_benchmark/SATLIB/CBS_k3_n100_m449_b70/CBS_k3_n100_m449_b70_836.cnf,SAT,30909.41,30897.65,11.76,280,186
/home/richard/project/SAT_benchmark/SATLIB/CBS_k3_n100_m449_b70/CBS_k3_n100_m449_b70_28.cnf,SAT,13456.89,13440.97,15.91,124,90
/home/richard/project/SAT_benchmark/SATLIB/CBS_k3_n100_m449_b70/CBS_k3_n100_m449_b70_436.cnf,SAT,68253.44,68235.57,17.87,629,541
/home/richard/project/SAT_benchmark/SATLIB/CBS_k3_n100_m449_b70/CBS_k3_n100_m449_b70_694.cnf,SAT,9046.26,9032.38,13.88,86,62
/home/richard/project/SAT_benchmark/SATLIB/CBS_k3_n100_m449_b70/CBS_k3_n100_m449_b70_749.cnf,SAT,12301.97,12289.92,12.04,115,81
/home/richard/project/SAT_benchmark/SATLIB/CBS_k3_n100_m449_b70/CBS_k3_n100_m449_b70_615.cnf,SAT,21089.81,21077.03,12.78,199,165
/home/richard/project/SAT_benchmark/SATLIB/CBS_k3_n100_m449_b70/CBS_k3_n100_m449_b70_21.cnf,SAT,19987.09,19971.50,15.59,186,161
/home/richard/project/SAT_benchmark/SATLIB/CBS_k3_n100_m449_b70/CBS_k3_n100_m449_b70_818.cnf,SAT,12307.09,12294.08,13.01,114,91
/home/richard/project/SAT_benchmark/SATLIB/CBS_k3_n100_m449_b70/CBS_k3_n100_m449_b70_593.cnf,SAT,16702.65,16690.59,12.06,150,104
/home/richard/project/SAT_benchmark/SATLIB/CBS_k3_n100_m449_b70/CBS_k3_n100_m449_b70_951.cnf,SAT,14528.08,14512.41,15.67,131,99
/home/richard/project/SAT_benchmark/SATLIB/CBS_k3_n100_m449_b70/CBS_k3_n100_m449_b70_835.cnf,SAT,28787.82,28774.50,13.32,262,218
/home/richard/project/SAT_benchmark/SATLIB/CBS_k3_n100_m449_b70/CBS_k3_n100_m449_b70_343.cnf,SAT,44193.87,44179.44,14.43,403,265
/home/richard/project/SAT_benchmark/SATLIB/CBS_k3_n100_m449_b70/CBS_k3_n100_m449_b70_961.cnf,SAT,14530.18,14514.70,15.48,136,101
/home/richard/project/SAT_benchmark/SATLIB/CBS_k3_n100_m449_b70/CBS_k3_n100_m449_b70_70.cnf,SAT,35447.23,35434.50,12.74,320,216
/home/richard/project/SAT_benchmark/SATLIB/CBS_k3_n100_m449_b70/CBS_k3_n100_m449_b70_651.cnf,SAT,25641.36,25625.67,15.69,238,190
/home/richard/project/SAT_benchmark/SATLIB/CBS_k3_n100_m449_b70/CBS_k3_n100_m449_b70_527.cnf,SAT,41968.27,41951.76,16.51,384,313
/home/richard/project/SAT_benchmark/SATLIB/CBS_k3_n100_m449_b70/CBS_k3_n100_m449_b70_439.cnf,SAT,28774.87,28758.76,16.11,269,229
/home/richard/project/SAT_benchmark/SATLIB/CBS_k3_n100_m449_b70/CBS_k3_n100_m449_b70_97.cnf,SAT,23553.56,23539.46,14.10,213,159
/home/richard/project/SAT_benchmark/SATLIB/CBS_k3_n100_m449_b70/CBS_k3_n100_m449_b70_802.cnf,SAT,22343.28,22332.41,10.87,202,122
/home/richard/project/SAT_benchmark/SATLIB/CBS_k3_n100_m449_b70/CBS_k3_n100_m449_b70_799.cnf,SAT,111107.07,111089.70,17.37,1011,847
/home/richard/project/SAT_benchmark/SATLIB/CBS_k3_n100_m449_b70/CBS_k3_n100_m449_b70_849.cnf,SAT,7914.34,7899.53,14.81,72,40
/home/richard/project/SAT_benchmark/SATLIB/CBS_k3_n100_m449_b70/CBS_k3_n100_m449_b70_803.cnf,SAT,56355.39,56342.25,13.14,518,450
/home/richard/project/SAT_benchmark/SATLIB/CBS_k3_n100_m449_b70/CBS_k3_n100_m449_b70_672.cnf,SAT,106198.02,106181.19,16.83,979,818
/home/richard/project/SAT_benchmark/SATLIB/CBS_k3_n100_m449_b70/CBS_k3_n100_m449_b70_61.cnf,SAT,40804.61,40789.44,15.16,371,316
/home/richard/project/SAT_benchmark/SATLIB/CBS_k3_n100_m449_b70/CBS_k3_n100_m449_b70_241.cnf,SAT,65049.65,65033.12,16.52,593,509
/home/richard/project/SAT_benchmark/SATLIB/CBS_k3_n100_m449_b70/CBS_k3_n100_m449_b70_594.cnf,SAT,12278.87,12265.60,13.27,113,82
/home/richard/project/SAT_benchmark/SATLIB/CBS_k3_n100_m449_b70/CBS_k3_n100_m449_b70_696.cnf,SAT,21016.90,21001.50,15.40,191,171
/home/richard/project/SAT_benchmark/SATLIB/CBS_k3_n100_m449_b70/CBS_k3_n100_m449_b70_794.cnf,SAT,108511.46,108495.71,15.75,991,769
/home/richard/project/SAT_benchmark/SATLIB/CBS_k3_n100_m449_b70/CBS_k3_n100_m449_b70_908.cnf,SAT,24398.18,24382.35,15.83,228,178
/home/richard/project/SAT_benchmark/SATLIB/CBS_k3_n100_m449_b70/CBS_k3_n100_m449_b70_679.cnf,SAT,26630.60,26617.28,13.33,247,198
/home/richard/project/SAT_benchmark/SATLIB/CBS_k3_n100_m449_b70/CBS_k3_n100_m449_b70_286.cnf,SAT,5667.19,5652.37,14.81,54,26
/home/richard/project/SAT_benchmark/SATLIB/CBS_k3_n100_m449_b70/CBS_k3_n100_m449_b70_189.cnf,SAT,5694.21,5679.24,14.97,50,20
/home/richard/project/SAT_benchmark/SATLIB/CBS_k3_n100_m449_b70/CBS_k3_n100_m449_b70_203.cnf,SAT,94753.55,94735.15,18.40,865,505
/home/richard/project/SAT_benchmark/SATLIB/CBS_k3_n100_m449_b70/CBS_k3_n100_m449_b70_862.cnf,SAT,54104.46,54089.77,14.69,492,416
/home/richard/project/SAT_benchmark/SATLIB/CBS_k3_n100_m449_b70/CBS_k3_n100_m449_b70_435.cnf,SAT,35422.59,35406.41,16.18,327,263
/home/richard/project/SAT_benchmark/SATLIB/CBS_k3_n100_m449_b70/CBS_k3_n100_m449_b70_171.cnf,SAT,17865.37,17850.62,14.75,165,127
/home/richard/project/SAT_benchmark/SATLIB/CBS_k3_n100_m449_b70/CBS_k3_n100_m449_b70_677.cnf,SAT,11212.91,11198.69,14.22,109,77
/home/richard/project/SAT_benchmark/SATLIB/CBS_k3_n100_m449_b70/CBS_k3_n100_m449_b70_24.cnf,SAT,38763.63,38749.70,13.93,353,305
/home/richard/project/SAT_benchmark/SATLIB/CBS_k3_n100_m449_b70/CBS_k3_n100_m449_b70_20.cnf,SAT,18931.08,18917.47,13.61,178,131
/home/richard/project/SAT_benchmark/SATLIB/CBS_k3_n100_m449_b70/CBS_k3_n100_m449_b70_47.cnf,SAT,100050.41,100032.20,18.21,918,801
/home/richard/project/SAT_benchmark/SATLIB/CBS_k3_n100_m449_b70/CBS_k3_n100_m449_b70_722.cnf,SAT,47606.50,47589.65,16.85,431,367
/home/richard/project/SAT_benchmark/SATLIB/CBS_k3_n100_m449_b70/CBS_k3_n100_m449_b70_80.cnf,SAT,11154.58,11142.57,12.00,106,77
/home/richard/project/SAT_benchmark/SATLIB/CBS_k3_n100_m449_b70/CBS_k3_n100_m449_b70_977.cnf,SAT,75042.16,75025.09,17.07,687,586
/home/richard/project/SAT_benchmark/SATLIB/CBS_k3_n100_m449_b70/CBS_k3_n100_m449_b70_173.cnf,SAT,99879.64,99859.84,19.80,915,749
/home/richard/project/SAT_benchmark/SATLIB/CBS_k3_n100_m449_b70/CBS_k3_n100_m449_b70_969.cnf,SAT,16702.33,16686.59,15.74,157,127
/home/richard/project/SAT_benchmark/SATLIB/CBS_k3_n100_m449_b70/CBS_k3_n100_m449_b70_67.cnf,SAT,30988.59,30972.44,16.15,282,226
/home/richard/project/SAT_benchmark/SATLIB/CBS_k3_n100_m449_b70/CBS_k3_n100_m449_b70_2.cnf,SAT,106357.33,106340.09,17.25,959,740
/home/richard/project/SAT_benchmark/SATLIB/CBS_k3_n100_m449_b70/CBS_k3_n100_m449_b70_91.cnf,SAT,66568.00,66550.14,17.86,609,510
/home/richard/project/SAT_benchmark/SATLIB/CBS_k3_n100_m449_b70/CBS_k3_n100_m449_b70_856.cnf,SAT,148005.67,147987.00,18.67,1347,1133
/home/richard/project/SAT_benchmark/SATLIB/CBS_k3_n100_m449_b70/CBS_k3_n100_m449_b70_698.cnf,SAT,84266.25,84249.11,17.14,765,626
/home/richard/project/SAT_benchmark/SATLIB/CBS_k3_n100_m449_b70/CBS_k3_n100_m449_b70_322.cnf,SAT,25773.61,25757.64,15.97,231,192
/home/richard/project/SAT_benchmark/SATLIB/CBS_k3_n100_m449_b70/CBS_k3_n100_m449_b70_582.cnf,SAT,51040.01,51023.89,16.12,467,391
/home/richard/project/SAT_benchmark/SATLIB/CBS_k3_n100_m449_b70/CBS_k3_n100_m449_b70_525.cnf,SAT,80621.72,80607.59,14.13,737,610
/home/richard/project/SAT_benchmark/SATLIB/CBS_k3_n100_m449_b70/CBS_k3_n100_m449_b70_510.cnf,SAT,6875.98,6860.04,15.94,67,30
/home/richard/project/SAT_benchmark/SATLIB/CBS_k3_n100_m449_b70/CBS_k3_n100_m449_b70_847.cnf,SAT,4603.29,4588.53,14.75,44,24
/home/richard/project/SAT_benchmark/SATLIB/CBS_k3_n100_m449_b70/CBS_k3_n100_m449_b70_226.cnf,SAT,111836.02,111816.08,19.94,1010,747
/home/richard/project/SAT_benchmark/SATLIB/CBS_k3_n100_m449_b70/CBS_k3_n100_m449_b70_229.cnf,SAT,36582.40,36568.41,13.98,338,287
/home/richard/project/SAT_benchmark/SATLIB/CBS_k3_n100_m449_b70/CBS_k3_n100_m449_b70_574.cnf,SAT,31046.12,31030.35,15.78,289,165
/home/richard/project/SAT_benchmark/SATLIB/CBS_k3_n100_m449_b70/CBS_k3_n100_m449_b70_838.cnf,SAT,47607.48,47590.11,17.36,437,340
/home/richard/project/SAT_benchmark/SATLIB/CBS_k3_n100_m449_b70/CBS_k3_n100_m449_b70_516.cnf,SAT,135655.34,135637.18,18.16,1234,1050
/home/richard/project/SAT_benchmark/SATLIB/CBS_k3_n100_m449_b70/CBS_k3_n100_m449_b70_813.cnf,SAT,23392.09,23376.45,15.64,210,169
/home/richard/project/SAT_benchmark/SATLIB/CBS_k3_n100_m449_b70/CBS_k3_n100_m449_b70_267.cnf,SAT,18905.05,18890.25,14.80,177,138
/home/richard/project/SAT_benchmark/SATLIB/CBS_k3_n100_m449_b70/CBS_k3_n100_m449_b70_204.cnf,SAT,89489.81,89472.05,17.76,817,718
/home/richard/project/SAT_benchmark/SATLIB/CBS_k3_n100_m449_b70/CBS_k3_n100_m449_b70_673.cnf,SAT,96500.87,96486.99,13.88,877,663
/home/richard/project/SAT_benchmark/SATLIB/CBS_k3_n100_m449_b70/CBS_k3_n100_m449_b70_547.cnf,SAT,11242.62,11227.29,15.33,100,74
/home/richard/project/SAT_benchmark/SATLIB/CBS_k3_n100_m449_b70/CBS_k3_n100_m449_b70_861.cnf,SAT,71925.47,71907.77,17.70,653,573
/home/richard/project/SAT_benchmark/SATLIB/CBS_k3_n100_m449_b70/CBS_k3_n100_m449_b70_833.cnf,SAT,49759.77,49746.62,13.15,457,363
/home/richard/project/SAT_benchmark/SATLIB/CBS_k3_n100_m449_b70/CBS_k3_n100_m449_b70_450.cnf,SAT,112423.61,112404.21,19.40,1021,879
/home/richard/project/SAT_benchmark/SATLIB/CBS_k3_n100_m449_b70/CBS_k3_n100_m449_b70_623.cnf,SAT,36602.94,36588.92,14.03,338,294
/home/richard/project/SAT_benchmark/SATLIB/CBS_k3_n100_m449_b70/CBS_k3_n100_m449_b70_222.cnf,SAT,38803.62,38787.19,16.43,358,299
/home/richard/project/SAT_benchmark/SATLIB/CBS_k3_n100_m449_b70/CBS_k3_n100_m449_b70_530.cnf,SAT,24425.69,24410.06,15.62,224,188
/home/richard/project/SAT_benchmark/SATLIB/CBS_k3_n100_m449_b70/CBS_k3_n100_m449_b70_84.cnf,SAT,6831.36,6817.30,14.05,60,37
/home/richard/project/SAT_benchmark/SATLIB/CBS_k3_n100_m449_b70/CBS_k3_n100_m449_b70_145.cnf,SAT,61784.46,61767.00,17.46,561,467
/home/richard/project/SAT_benchmark/SATLIB/CBS_k3_n100_m449_b70/CBS_k3_n100_m449_b70_778.cnf,SAT,14588.93,14573.60,15.33,135,100
/home/richard/project/SAT_benchmark/SATLIB/CBS_k3_n100_m449_b70/CBS_k3_n100_m449_b70_837.cnf,SAT,73017.00,73004.14,12.86,667,570
/home/richard/project/SAT_benchmark/SATLIB/CBS_k3_n100_m449_b70/CBS_k3_n100_m449_b70_44.cnf,SAT,104801.15,104781.18,19.97,951,760
/home/richard/project/SAT_benchmark/SATLIB/CBS_k3_n100_m449_b70/CBS_k3_n100_m449_b70_690.cnf,SAT,61769.91,61755.19,14.72,565,476
/home/richard/project/SAT_benchmark/SATLIB/CBS_k3_n100_m449_b70/CBS_k3_n100_m449_b70_310.cnf,SAT,72815.62,72799.39,16.22,664,571
/home/richard/project/SAT_benchmark/SATLIB/CBS_k3_n100_m449_b70/CBS_k3_n100_m449_b70_770.cnf,SAT,52008.15,51990.39,17.76,471,395
/home/richard/project/SAT_benchmark/SATLIB/CBS_k3_n100_m449_b70/CBS_k3_n100_m449_b70_275.cnf,SAT,67445.51,67431.64,13.88,619,548
/home/richard/project/SAT_benchmark/SATLIB/CBS_k3_n100_m449_b70/CBS_k3_n100_m449_b70_77.cnf,SAT,56210.84,56196.33,14.51,512,426
/home/richard/project/SAT_benchmark/SATLIB/CBS_k3_n100_m449_b70/CBS_k3_n100_m449_b70_177.cnf,SAT,86042.19,86023.98,18.21,785,544
/home/richard/project/SAT_benchmark/SATLIB/CBS_k3_n100_m449_b70/CBS_k3_n100_m449_b70_575.cnf,SAT,59550.22,59533.06,17.17,547,411
/home/richard/project/SAT_benchmark/SATLIB/CBS_k3_n100_m449_b70/CBS_k3_n100_m449_b70_641.cnf,SAT,103331.43,103311.61,19.83,945,804
/home/richard/project/SAT_benchmark/SATLIB/CBS_k3_n100_m449_b70/CBS_k3_n100_m449_b70_188.cnf,SAT,87233.66,87215.04,18.61,797,627
/home/richard/project/SAT_benchmark/SATLIB/CBS_k3_n100_m449_b70/CBS_k3_n100_m449_b70_625.cnf,SAT,16720.14,16704.63,15.51,156,127
/home/richard/project/SAT_benchmark/SATLIB/CBS_k3_n100_m449_b70/CBS_k3_n100_m449_b70_491.cnf,SAT,46496.90,46482.34,14.56,429,376
/home/richard/project/SAT_benchmark/SATLIB/CBS_k3_n100_m449_b70/CBS_k3_n100_m449_b70_939.cnf,SAT,23408.04,23391.93,16.11,211,171
/home/richard/project/SAT_benchmark/SATLIB/CBS_k3_n100_m449_b70/CBS_k3_n100_m449_b70_834.cnf,SAT,70850.14,70831.87,18.27,646,588
/home/richard/project/SAT_benchmark/SATLIB/CBS_k3_n100_m449_b70/CBS_k3_n100_m449_b70_295.cnf,SAT,33367.91,33351.88,16.03,301,256
/home/richard/project/SAT_benchmark/SATLIB/CBS_k3_n100_m449_b70/CBS_k3_n100_m449_b70_562.cnf,SAT,58699.20,58684.84,14.36,539,443
/home/richard/project/SAT_benchmark/SATLIB/CBS_k3_n100_m449_b70/CBS_k3_n100_m449_b70_142.cnf,SAT,53057.60,53041.83,15.77,484,400
/home/richard/project/SAT_benchmark/SATLIB/CBS_k3_n100_m449_b70/CBS_k3_n100_m449_b70_892.cnf,SAT,11156.77,11144.42,12.36,108,77
/home/richard/project/SAT_benchmark/SATLIB/CBS_k3_n100_m449_b70/CBS_k3_n100_m449_b70_78.cnf,SAT,10141.10,10125.58,15.52,90,68
/home/richard/project/SAT_benchmark/SATLIB/CBS_k3_n100_m449_b70/CBS_k3_n100_m449_b70_816.cnf,SAT,38693.23,38676.98,16.25,351,291
/home/richard/project/SAT_benchmark/SATLIB/CBS_k3_n100_m449_b70/CBS_k3_n100_m449_b70_555.cnf,SAT,23341.91,23328.78,13.13,217,177
/home/richard/project/SAT_benchmark/SATLIB/CBS_k3_n100_m449_b70/CBS_k3_n100_m449_b70_467.cnf,SAT,30051.45,30035.65,15.80,275,241
/home/richard/project/SAT_benchmark/SATLIB/CBS_k3_n100_m449_b70/CBS_k3_n100_m449_b70_218.cnf,SAT,3486.93,3476.51,10.42,32,6
/home/richard/project/SAT_benchmark/SATLIB/CBS_k3_n100_m449_b70/CBS_k3_n100_m449_b70_29.cnf,SAT,26582.37,26569.97,12.40,242,200
/home/richard/project/SAT_benchmark/SATLIB/CBS_k3_n100_m449_b70/CBS_k3_n100_m449_b70_972.cnf,SAT,53009.14,52991.90,17.24,486,359
/home/richard/project/SAT_benchmark/SATLIB/CBS_k3_n100_m449_b70/CBS_k3_n100_m449_b70_603.cnf,SAT,10128.46,10113.29,15.17,97,73
/home/richard/project/SAT_benchmark/SATLIB/CBS_k3_n100_m449_b70/CBS_k3_n100_m449_b70_404.cnf,SAT,7958.07,7942.45,15.61,77,45
/home/richard/project/SAT_benchmark/SATLIB/CBS_k3_n100_m449_b70/CBS_k3_n100_m449_b70_86.cnf,SAT,7883.55,7873.14,10.41,75,48
/home/richard/project/SAT_benchmark/SATLIB/CBS_k3_n100_m449_b70/CBS_k3_n100_m449_b70_642.cnf,SAT,42012.60,41999.10,13.50,383,273
/home/richard/project/SAT_benchmark/SATLIB/CBS_k3_n100_m449_b70/CBS_k3_n100_m449_b70_997.cnf,SAT,28895.67,28881.65,14.02,267,220
/home/richard/project/SAT_benchmark/SATLIB/CBS_k3_n100_m449_b70/CBS_k3_n100_m449_b70_907.cnf,SAT,24411.67,24396.09,15.58,224,179
/home/richard/project/SAT_benchmark/SATLIB/CBS_k3_n100_m449_b70/CBS_k3_n100_m449_b70_595.cnf,SAT,48766.58,48749.66,16.92,442,388
/home/richard/project/SAT_benchmark/SATLIB/CBS_k3_n100_m449_b70/CBS_k3_n100_m449_b70_429.cnf,SAT,93750.98,93732.95,18.03,853,745
/home/richard/project/SAT_benchmark/SATLIB/CBS_k3_n100_m449_b70/CBS_k3_n100_m449_b70_680.cnf,SAT,9051.11,9035.23,15.88,89,56
/home/richard/project/SAT_benchmark/SATLIB/CBS_k3_n100_m449_b70/CBS_k3_n100_m449_b70_176.cnf,SAT,45485.91,45469.23,16.68,414,357
/home/richard/project/SAT_benchmark/SATLIB/CBS_k3_n100_m449_b70/CBS_k3_n100_m449_b70_266.cnf,SAT,22471.87,22456.34,15.53,202,166
/home/richard/project/SAT_benchmark/SATLIB/CBS_k3_n100_m449_b70/CBS_k3_n100_m449_b70_751.cnf,SAT,33309.19,33293.08,16.11,305,243
/home/richard/project/SAT_benchmark/SATLIB/CBS_k3_n100_m449_b70/CBS_k3_n100_m449_b70_923.cnf,SAT,35385.61,35373.44,12.17,328,270
/home/richard/project/SAT_benchmark/SATLIB/CBS_k3_n100_m449_b70/CBS_k3_n100_m449_b70_635.cnf,SAT,89006.29,88992.53,13.76,816,705
/home/richard/project/SAT_benchmark/SATLIB/CBS_k3_n100_m449_b70/CBS_k3_n100_m449_b70_305.cnf,SAT,22190.50,22179.35,11.14,206,160
/home/richard/project/SAT_benchmark/SATLIB/CBS_k3_n100_m449_b70/CBS_k3_n100_m449_b70_325.cnf,SAT,33178.73,33166.18,12.54,301,252
/home/richard/project/SAT_benchmark/SATLIB/CBS_k3_n100_m449_b70/CBS_k3_n100_m449_b70_327.cnf,SAT,121953.95,121936.92,17.03,1119,855
/home/richard/project/SAT_benchmark/SATLIB/CBS_k3_n100_m449_b70/CBS_k3_n100_m449_b70_857.cnf,SAT,106926.57,106907.44,19.13,973,720
/home/richard/project/SAT_benchmark/SATLIB/CBS_k3_n100_m449_b70/CBS_k3_n100_m449_b70_49.cnf,SAT,93698.85,93679.40,19.45,858,741
/home/richard/project/SAT_benchmark/SATLIB/CBS_k3_n100_m449_b70/CBS_k3_n100_m449_b70_631.cnf,SAT,173876.71,173859.94,16.77,1580,1049
/home/richard/project/SAT_benchmark/SATLIB/CBS_k3_n100_m449_b70/CBS_k3_n100_m449_b70_744.cnf,SAT,44267.46,44250.78,16.67,401,345
/home/richard/project/SAT_benchmark/SATLIB/CBS_k3_n100_m449_b70/CBS_k3_n100_m449_b70_888.cnf,SAT,70664.49,70646.50,17.99,648,569
/home/richard/project/SAT_benchmark/SATLIB/CBS_k3_n100_m449_b70/CBS_k3_n100_m449_b70_756.cnf,SAT,29876.08,29860.03,16.04,273,238
/home/richard/project/SAT_benchmark/SATLIB/CBS_k3_n100_m449_b70/CBS_k3_n100_m449_b70_501.cnf,SAT,185486.82,185465.22,21.60,1694,1436
/home/richard/project/SAT_benchmark/SATLIB/CBS_k3_n100_m449_b70/CBS_k3_n100_m449_b70_785.cnf,SAT,38707.86,38692.10,15.76,357,305
/home/richard/project/SAT_benchmark/SATLIB/CBS_k3_n100_m449_b70/CBS_k3_n100_m449_b70_186.cnf,SAT,136536.35,136519.58,16.77,1241,987
/home/richard/project/SAT_benchmark/SATLIB/CBS_k3_n100_m449_b70/CBS_k3_n100_m449_b70_259.cnf,SAT,70758.66,70740.75,17.91,646,555
/home/richard/project/SAT_benchmark/SATLIB/CBS_k3_n100_m449_b70/CBS_k3_n100_m449_b70_958.cnf,SAT,61744.59,61727.06,17.53,563,475
/home/richard/project/SAT_benchmark/SATLIB/CBS_k3_n100_m449_b70/CBS_k3_n100_m449_b70_704.cnf,SAT,57626.97,57611.50,15.48,525,416
/home/richard/project/SAT_benchmark/SATLIB/CBS_k3_n100_m449_b70/CBS_k3_n100_m449_b70_168.cnf,SAT,12379.45,12365.27,14.18,119,92
/home/richard/project/SAT_benchmark/SATLIB/CBS_k3_n100_m449_b70/CBS_k3_n100_m449_b70_326.cnf,SAT,21121.38,21105.47,15.91,190,151
/home/richard/project/SAT_benchmark/SATLIB/CBS_k3_n100_m449_b70/CBS_k3_n100_m449_b70_592.cnf,SAT,69612.32,69596.59,15.73,635,526
/home/richard/project/SAT_benchmark/SATLIB/CBS_k3_n100_m449_b70/CBS_k3_n100_m449_b70_240.cnf,SAT,28909.96,28893.54,16.43,266,226
/home/richard/project/SAT_benchmark/SATLIB/CBS_k3_n100_m449_b70/CBS_k3_n100_m449_b70_981.cnf,SAT,67461.59,67447.58,14.01,617,443
/home/richard/project/SAT_benchmark/SATLIB/CBS_k3_n100_m449_b70/CBS_k3_n100_m449_b70_476.cnf,SAT,2381.04,2368.47,12.58,25,3
/home/richard/project/SAT_benchmark/SATLIB/CBS_k3_n100_m449_b70/CBS_k3_n100_m449_b70_929.cnf,SAT,16762.59,16747.18,15.42,154,114
/home/richard/project/SAT_benchmark/SATLIB/CBS_k3_n100_m449_b70/CBS_k3_n100_m449_b70_71.cnf,SAT,33215.53,33200.11,15.42,308,257
/home/richard/project/SAT_benchmark/SATLIB/CBS_k3_n100_m449_b70/CBS_k3_n100_m449_b70_644.cnf,SAT,42046.35,42029.72,16.63,385,317
/home/richard/project/SAT_benchmark/SATLIB/CBS_k3_n100_m449_b70/CBS_k3_n100_m449_b70_133.cnf,SAT,94979.34,94960.20,19.14,864,736
/home/richard/project/SAT_benchmark/SATLIB/CBS_k3_n100_m449_b70/CBS_k3_n100_m449_b70_271.cnf,SAT,38785.56,38768.73,16.83,354,297
/home/richard/project/SAT_benchmark/SATLIB/CBS_k3_n100_m449_b70/CBS_k3_n100_m449_b70_297.cnf,SAT,113326.84,113306.30,20.54,1037,917
/home/richard/project/SAT_benchmark/SATLIB/CBS_k3_n100_m449_b70/CBS_k3_n100_m449_b70_933.cnf,SAT,35504.47,35490.92,13.55,328,273
/home/richard/project/SAT_benchmark/SATLIB/CBS_k3_n100_m449_b70/CBS_k3_n100_m449_b70_890.cnf,SAT,72873.46,72855.39,18.07,660,566
/home/richard/project/SAT_benchmark/SATLIB/CBS_k3_n100_m449_b70/CBS_k3_n100_m449_b70_318.cnf,SAT,32147.99,32136.95,11.03,299,228
/home/richard/project/SAT_benchmark/SATLIB/CBS_k3_n100_m449_b70/CBS_k3_n100_m449_b70_88.cnf,SAT,51806.83,51789.53,17.31,470,408
/home/richard/project/SAT_benchmark/SATLIB/CBS_k3_n100_m449_b70/CBS_k3_n100_m449_b70_393.cnf,SAT,120151.05,120134.86,16.19,1094,846
/home/richard/project/SAT_benchmark/SATLIB/CBS_k3_n100_m449_b70/CBS_k3_n100_m449_b70_205.cnf,SAT,79397.68,79379.15,18.53,726,618
/home/richard/project/SAT_benchmark/SATLIB/CBS_k3_n100_m449_b70/CBS_k3_n100_m449_b70_302.cnf,SAT,70776.53,70761.41,15.12,643,553
/home/richard/project/SAT_benchmark/SATLIB/CBS_k3_n100_m449_b70/CBS_k3_n100_m449_b70_707.cnf,SAT,12323.13,12307.99,15.14,114,80
/home/richard/project/SAT_benchmark/SATLIB/CBS_k3_n100_m449_b70/CBS_k3_n100_m449_b70_811.cnf,SAT,4618.29,4607.44,10.85,43,26
/home/richard/project/SAT_benchmark/SATLIB/CBS_k3_n100_m449_b70/CBS_k3_n100_m449_b70_87.cnf,SAT,35480.67,35468.37,12.31,324,221
/home/richard/project/SAT_benchmark/SATLIB/CBS_k3_n100_m449_b70/CBS_k3_n100_m449_b70_786.cnf,SAT,29876.16,29861.18,14.99,272,229
/home/richard/project/SAT_benchmark/SATLIB/CBS_k3_n100_m449_b70/CBS_k3_n100_m449_b70_116.cnf,SAT,17840.75,17828.49,12.25,161,129
/home/richard/project/SAT_benchmark/SATLIB/CBS_k3_n100_m449_b70/CBS_k3_n100_m449_b70_571.cnf,SAT,47524.60,47509.79,14.81,432,335
/home/richard/project/SAT_benchmark/SATLIB/CBS_k3_n100_m449_b70/CBS_k3_n100_m449_b70_458.cnf,SAT,102247.61,102229.13,18.47,936,642
/home/richard/project/SAT_benchmark/SATLIB/CBS_k3_n100_m449_b70/CBS_k3_n100_m449_b70_967.cnf,SAT,126698.28,126679.67,18.61,1151,777
/home/richard/project/SAT_benchmark/SATLIB/CBS_k3_n100_m449_b70/CBS_k3_n100_m449_b70_922.cnf,SAT,53050.41,53033.79,16.61,488,418
/home/richard/project/SAT_benchmark/SATLIB/CBS_k3_n100_m449_b70/CBS_k3_n100_m449_b70_611.cnf,SAT,4591.95,4581.18,10.77,41,15
/home/richard/project/SAT_benchmark/SATLIB/CBS_k3_n100_m449_b70/CBS_k3_n100_m449_b70_725.cnf,SAT,59609.01,59595.40,13.62,548,453
/home/richard/project/SAT_benchmark/SATLIB/CBS_k3_n100_m449_b70/CBS_k3_n100_m449_b70_602.cnf,SAT,13.22,0.00,13.22,0,0
/home/richard/project/SAT_benchmark/SATLIB/CBS_k3_n100_m449_b70/CBS_k3_n100_m449_b70_655.cnf,SAT,101346.24,101328.68,17.56,922,784
/home/richard/project/SAT_benchmark/SATLIB/CBS_k3_n100_m449_b70/CBS_k3_n100_m449_b70_276.cnf,SAT,75152.77,75134.41,18.36,687,470
/home/richard/project/SAT_benchmark/SATLIB/CBS_k3_n100_m449_b70/CBS_k3_n100_m449_b70_106.cnf,SAT,92991.71,92977.12,14.59,842,709
/home/richard/project/SAT_benchmark/SATLIB/CBS_k3_n100_m449_b70/CBS_k3_n100_m449_b70_886.cnf,SAT,76184.01,76170.48,13.53,692,596
/home/richard/project/SAT_benchmark/SATLIB/CBS_k3_n100_m449_b70/CBS_k3_n100_m449_b70_93.cnf,SAT,37862.47,37846.24,16.23,349,254
/home/richard/project/SAT_benchmark/SATLIB/CBS_k3_n100_m449_b70/CBS_k3_n100_m449_b70_866.cnf,SAT,42021.06,42006.15,14.91,381,308
/home/richard/project/SAT_benchmark/SATLIB/CBS_k3_n100_m449_b70/CBS_k3_n100_m449_b70_521.cnf,SAT,47464.78,47447.85,16.94,437,368
/home/richard/project/SAT_benchmark/SATLIB/CBS_k3_n100_m449_b70/CBS_k3_n100_m449_b70_737.cnf,SAT,26651.35,26639.42,11.93,247,179
/home/richard/project/SAT_benchmark/SATLIB/CBS_k3_n100_m449_b70/CBS_k3_n100_m449_b70_974.cnf,SAT,20027.96,20012.56,15.39,180,132
/home/richard/project/SAT_benchmark/SATLIB/CBS_k3_n100_m449_b70/CBS_k3_n100_m449_b70_940.cnf,SAT,4594.03,4580.86,13.17,42,11
/home/richard/project/SAT_benchmark/SATLIB/CBS_k3_n100_m449_b70/CBS_k3_n100_m449_b70_960.cnf,SAT,7954.49,7939.37,15.12,75,52
/home/richard/project/SAT_benchmark/SATLIB/CBS_k3_n100_m449_b70/CBS_k3_n100_m449_b70_453.cnf,SAT,25563.06,25552.23,10.82,231,192
/home/richard/project/SAT_benchmark/SATLIB/CBS_k3_n100_m449_b70/CBS_k3_n100_m449_b70_531.cnf,SAT,17874.59,17860.14,14.45,165,116
/home/richard/project/SAT_benchmark/SATLIB/CBS_k3_n100_m449_b70/CBS_k3_n100_m449_b70_946.cnf,SAT,128754.98,128734.32,20.66,1174,809
/home/richard/project/SAT_benchmark/SATLIB/CBS_k3_n100_m449_b70/CBS_k3_n100_m449_b70_927.cnf,SAT,63966.75,63949.22,17.53,586,509
/home/richard/project/SAT_benchmark/SATLIB/CBS_k3_n100_m449_b70/CBS_k3_n100_m449_b70_670.cnf,SAT,13468.35,13453.95,14.40,127,96
/home/richard/project/SAT_benchmark/SATLIB/CBS_k3_n100_m449_b70/CBS_k3_n100_m449_b70_791.cnf,SAT,26526.58,26515.22,11.36,247,188
/home/richard/project/SAT_benchmark/SATLIB/CBS_k3_n100_m449_b70/CBS_k3_n100_m449_b70_311.cnf,SAT,12317.96,12304.77,13.19,114,66
/home/richard/project/SAT_benchmark/SATLIB/CBS_k3_n100_m449_b70/CBS_k3_n100_m449_b70_9.cnf,SAT,80508.47,80492.88,15.59,739,588
/home/richard/project/SAT_benchmark/SATLIB/CBS_k3_n100_m449_b70/CBS_k3_n100_m449_b70_100.cnf,SAT,5729.60,5714.70,14.90,51,31
/home/richard/project/SAT_benchmark/SATLIB/CBS_k3_n100_m449_b70/CBS_k3_n100_m449_b70_754.cnf,SAT,72866.79,72849.82,16.97,667,584
/home/richard/project/SAT_benchmark/SATLIB/CBS_k3_n100_m449_b70/CBS_k3_n100_m449_b70_909.cnf,SAT,23348.69,23332.83,15.86,216,181
/home/richard/project/SAT_benchmark/SATLIB/CBS_k3_n100_m449_b70/CBS_k3_n100_m449_b70_752.cnf,SAT,20036.97,20022.05,14.92,180,145
/home/richard/project/SAT_benchmark/SATLIB/CBS_k3_n100_m449_b70/CBS_k3_n100_m449_b70_590.cnf,SAT,12278.54,12264.17,14.37,110,50
/home/richard/project/SAT_benchmark/SATLIB/CBS_k3_n100_m449_b70/CBS_k3_n100_m449_b70_8.cnf,SAT,72819.79,72801.60,18.19,666,550
/home/richard/project/SAT_benchmark/SATLIB/CBS_k3_n100_m449_b70/CBS_k3_n100_m449_b70_258.cnf,SAT,99313.08,99298.74,14.34,900,603
/home/richard/project/SAT_benchmark/SATLIB/CBS_k3_n100_m449_b70/CBS_k3_n100_m449_b70_444.cnf,SAT,0.09,0.00,0.09,0,0
/home/richard/project/SAT_benchmark/SATLIB/CBS_k3_n100_m449_b70/CBS_k3_n100_m449_b70_455.cnf,SAT,21165.49,21150.35,15.15,193,151
/home/richard/project/SAT_benchmark/SATLIB/CBS_k3_n100_m449_b70/CBS_k3_n100_m449_b70_931.cnf,SAT,106565.27,106547.85,17.42,975,747
/home/richard/project/SAT_benchmark/SATLIB/CBS_k3_n100_m449_b70/CBS_k3_n100_m449_b70_674.cnf,SAT,16638.42,16626.18,12.24,153,118
/home/richard/project/SAT_benchmark/SATLIB/CBS_k3_n100_m449_b70/CBS_k3_n100_m449_b70_234.cnf,SAT,9002.69,8988.66,14.03,81,65
/home/richard/project/SAT_benchmark/SATLIB/CBS_k3_n100_m449_b70/CBS_k3_n100_m449_b70_746.cnf,SAT,44370.83,44354.36,16.47,401,289
/home/richard/project/SAT_benchmark/SATLIB/CBS_k3_n100_m449_b70/CBS_k3_n100_m449_b70_821.cnf,SAT,14630.14,14617.20,12.94,132,103
/home/richard/project/SAT_benchmark/SATLIB/CBS_k3_n100_m449_b70/CBS_k3_n100_m449_b70_422.cnf,SAT,17840.19,17824.75,15.44,162,130
/home/richard/project/SAT_benchmark/SATLIB/CBS_k3_n100_m449_b70/CBS_k3_n100_m449_b70_928.cnf,SAT,3481.67,3466.88,14.79,39,14
/home/richard/project/SAT_benchmark/SATLIB/CBS_k3_n100_m449_b70/CBS_k3_n100_m449_b70_627.cnf,SAT,22236.98,22221.23,15.75,204,177
/home/richard/project/SAT_benchmark/SATLIB/CBS_k3_n100_m449_b70/CBS_k3_n100_m449_b70_339.cnf,SAT,21079.22,21063.47,15.74,191,145
/home/richard/project/SAT_benchmark/SATLIB/CBS_k3_n100_m449_b70/CBS_k3_n100_m449_b70_415.cnf,SAT,17806.64,17791.10,15.54,169,126
/home/richard/project/SAT_benchmark/SATLIB/CBS_k3_n100_m449_b70/CBS_k3_n100_m449_b70_947.cnf,SAT,23413.39,23398.37,15.02,213,178
/home/richard/project/SAT_benchmark/SATLIB/CBS_k3_n100_m449_b70/CBS_k3_n100_m449_b70_801.cnf,SAT,61627.54,61612.30,15.24,563,382
/home/richard/project/SAT_benchmark/SATLIB/CBS_k3_n100_m449_b70/CBS_k3_n100_m449_b70_605.cnf,SAT,36477.39,36464.79,12.60,337,278
/home/richard/project/SAT_benchmark/SATLIB/CBS_k3_n100_m449_b70/CBS_k3_n100_m449_b70_65.cnf,SAT,80301.43,80285.57,15.85,730,593
/home/richard/project/SAT_benchmark/SATLIB/CBS_k3_n100_m449_b70/CBS_k3_n100_m449_b70_570.cnf,SAT,22114.53,22099.06,15.47,201,164
/home/richard/project/SAT_benchmark/SATLIB/CBS_k3_n100_m449_b70/CBS_k3_n100_m449_b70_387.cnf,SAT,77998.78,77982.43,16.35,711,598
/home/richard/project/SAT_benchmark/SATLIB/CBS_k3_n100_m449_b70/CBS_k3_n100_m449_b70_542.cnf,SAT,5720.92,5706.01,14.91,58,40
/home/richard/project/SAT_benchmark/SATLIB/CBS_k3_n100_m449_b70/CBS_k3_n100_m449_b70_448.cnf,SAT,38506.31,38490.33,15.98,351,317
/home/richard/project/SAT_benchmark/SATLIB/CBS_k3_n100_m449_b70/CBS_k3_n100_m449_b70_472.cnf,SAT,5706.90,5695.10,11.80,51,24
/home/richard/project/SAT_benchmark/SATLIB/CBS_k3_n100_m449_b70/CBS_k3_n100_m449_b70_748.cnf,SAT,28755.38,28744.14,11.24,269,222
/home/richard/project/SAT_benchmark/SATLIB/CBS_k3_n100_m449_b70/CBS_k3_n100_m449_b70_151.cnf,SAT,13404.21,13388.82,15.40,126,93
/home/richard/project/SAT_benchmark/SATLIB/CBS_k3_n100_m449_b70/CBS_k3_n100_m449_b70_976.cnf,SAT,28765.38,28749.41,15.97,260,203
/home/richard/project/SAT_benchmark/SATLIB/CBS_k3_n100_m449_b70/CBS_k3_n100_m449_b70_728.cnf,SAT,12343.48,12328.48,15.00,119,78
/home/richard/project/SAT_benchmark/SATLIB/CBS_k3_n100_m449_b70/CBS_k3_n100_m449_b70_876.cnf,SAT,38641.96,38628.75,13.21,359,296
/home/richard/project/SAT_benchmark/SATLIB/CBS_k3_n100_m449_b70/CBS_k3_n100_m449_b70_110.cnf,SAT,9031.53,9018.02,13.51,83,64
/home/richard/project/SAT_benchmark/SATLIB/CBS_k3_n100_m449_b70/CBS_k3_n100_m449_b70_633.cnf,SAT,12363.79,12348.32,15.47,113,98
/home/richard/project/SAT_benchmark/SATLIB/CBS_k3_n100_m449_b70/CBS_k3_n100_m449_b70_437.cnf,SAT,128702.92,128684.86,18.06,1179,939
/home/richard/project/SAT_benchmark/SATLIB/CBS_k3_n100_m449_b70/CBS_k3_n100_m449_b70_32.cnf,SAT,40977.06,40960.50,16.56,378,327
/home/richard/project/SAT_benchmark/SATLIB/CBS_k3_n100_m449_b70/CBS_k3_n100_m449_b70_131.cnf,SAT,73915.69,73900.69,14.99,670,539
/home/richard/project/SAT_benchmark/SATLIB/CBS_k3_n100_m449_b70/CBS_k3_n100_m449_b70_640.cnf,SAT,94784.87,94770.74,14.13,865,750
/home/richard/project/SAT_benchmark/SATLIB/CBS_k3_n100_m449_b70/CBS_k3_n100_m449_b70_776.cnf,SAT,17826.85,17811.21,15.64,166,134
/home/richard/project/SAT_benchmark/SATLIB/CBS_k3_n100_m449_b70/CBS_k3_n100_m449_b70_23.cnf,SAT,80761.75,80748.30,13.44,739,479
/home/richard/project/SAT_benchmark/SATLIB/CBS_k3_n100_m449_b70/CBS_k3_n100_m449_b70_868.cnf,SAT,56338.10,56320.48,17.62,519,410
/home/richard/project/SAT_benchmark/SATLIB/CBS_k3_n100_m449_b70/CBS_k3_n100_m449_b70_566.cnf,SAT,60424.54,60408.21,16.33,556,483
/home/richard/project/SAT_benchmark/SATLIB/CBS_k3_n100_m449_b70/CBS_k3_n100_m449_b70_973.cnf,SAT,72733.14,72714.87,18.27,669,576
/home/richard/project/SAT_benchmark/SATLIB/CBS_k3_n100_m449_b70/CBS_k3_n100_m449_b70_6.cnf,SAT,138086.56,138069.70,16.86,1263,785
/home/richard/project/SAT_benchmark/SATLIB/CBS_k3_n100_m449_b70/CBS_k3_n100_m449_b70_541.cnf,SAT,27717.29,27701.26,16.03,254,211
/home/richard/project/SAT_benchmark/SATLIB/CBS_k3_n100_m449_b70/CBS_k3_n100_m449_b70_736.cnf,SAT,28817.47,28803.44,14.03,268,190
/home/richard/project/SAT_benchmark/SATLIB/CBS_k3_n100_m449_b70/CBS_k3_n100_m449_b70_303.cnf,SAT,111001.74,110981.96,19.78,1016,821
/home/richard/project/SAT_benchmark/SATLIB/CBS_k3_n100_m449_b70/CBS_k3_n100_m449_b70_901.cnf,SAT,51809.96,51794.58,15.38,478,428
/home/richard/project/SAT_benchmark/SATLIB/CBS_k3_n100_m449_b70/CBS_k3_n100_m449_b70_282.cnf,SAT,23339.89,23326.56,13.33,211,177
/home/richard/project/SAT_benchmark/SATLIB/CBS_k3_n100_m449_b70/CBS_k3_n100_m449_b70_809.cnf,SAT,12301.45,12289.91,11.54,118,87
/home/richard/project/SAT_benchmark/SATLIB/CBS_k3_n100_m449_b70/CBS_k3_n100_m449_b70_667.cnf,SAT,148892.99,148875.78,17.20,1350,1118
/home/richard/project/SAT_benchmark/SATLIB/CBS_k3_n100_m449_b70/CBS_k3_n100_m449_b70_831.cnf,SAT,76220.82,76207.38,13.45,694,549
/home/richard/project/SAT_benchmark/SATLIB/CBS_k3_n100_m449_b70/CBS_k3_n100_m449_b70_808.cnf,SAT,74963.45,74946.42,17.03,686,568
/home/richard/project/SAT_benchmark/SATLIB/CBS_k3_n100_m449_b70/CBS_k3_n100_m449_b70_152.cnf,SAT,26649.87,26636.17,13.70,242,187
/home/richard/project/SAT_benchmark/SATLIB/CBS_k3_n100_m449_b70/CBS_k3_n100_m449_b70_534.cnf,SAT,15542.64,15527.31,15.33,146,113
/home/richard/project/SAT_benchmark/SATLIB/CBS_k3_n100_m449_b70/CBS_k3_n100_m449_b70_475.cnf,SAT,5738.27,5723.45,14.82,53,26
/home/richard/project/SAT_benchmark/SATLIB/CBS_k3_n100_m449_b70/CBS_k3_n100_m449_b70_820.cnf,SAT,4600.30,4588.52,11.78,46,22
/home/richard/project/SAT_benchmark/SATLIB/CBS_k3_n100_m449_b70/CBS_k3_n100_m449_b70_85.cnf,SAT,7900.03,7889.58,10.45,77,50
/home/richard/project/SAT_benchmark/SATLIB/CBS_k3_n100_m449_b70/CBS_k3_n100_m449_b70_342.cnf,SAT,47375.18,47358.25,16.93,439,379
/home/richard/project/SAT_benchmark/SATLIB/CBS_k3_n100_m449_b70/CBS_k3_n100_m449_b70_747.cnf,SAT,76124.41,76106.07,18.34,691,596
/home/richard/project/SAT_benchmark/SATLIB/CBS_k3_n100_m449_b70/CBS_k3_n100_m449_b70_480.cnf,SAT,51069.81,51052.69,17.12,466,404
/home/richard/project/SAT_benchmark/SATLIB/CBS_k3_n100_m449_b70/CBS_k3_n100_m449_b70_966.cnf,SAT,26639.36,26625.73,13.63,247,187
/home/richard/project/SAT_benchmark/SATLIB/CBS_k3_n100_m449_b70/CBS_k3_n100_m449_b70_971.cnf,SAT,76078.76,76061.99,16.77,697,586
/home/richard/project/SAT_benchmark/SATLIB/CBS_k3_n100_m449_b70/CBS_k3_n100_m449_b70_554.cnf,SAT,60836.81,60819.69,17.12,552,466
/home/richard/project/SAT_benchmark/SATLIB/CBS_k3_n100_m449_b70/CBS_k3_n100_m449_b70_52.cnf,SAT,31036.38,31021.37,15.01,288,217
/home/richard/project/SAT_benchmark/SATLIB/CBS_k3_n100_m449_b70/CBS_k3_n100_m449_b70_848.cnf,SAT,104408.41,104389.01,19.40,952,823
/home/richard/project/SAT_benchmark/SATLIB/CBS_k3_n100_m449_b70/CBS_k3_n100_m449_b70_36.cnf,SAT,18962.36,18946.68,15.68,178,157
/home/richard/project/SAT_benchmark/SATLIB/CBS_k3_n100_m449_b70/CBS_k3_n100_m449_b70_130.cnf,SAT,46415.63,46398.71,16.92,427,367
/home/richard/project/SAT_benchmark/SATLIB/CBS_k3_n100_m449_b70/CBS_k3_n100_m449_b70_732.cnf,SAT,35415.62,35399.37,16.24,325,269
/home/richard/project/SAT_benchmark/SATLIB/CBS_k3_n100_m449_b70/CBS_k3_n100_m449_b70_212.cnf,SAT,18965.98,18950.55,15.43,178,133
/home/richard/project/SAT_benchmark/SATLIB/CBS_k3_n100_m449_b70/CBS_k3_n100_m449_b70_784.cnf,SAT,21041.29,21027.73,13.56,191,165
/home/richard/project/SAT_benchmark/SATLIB/CBS_k3_n100_m449_b70/CBS_k3_n100_m449_b70_643.cnf,SAT,56220.62,56206.33,14.29,515,438
/home/richard/project/SAT_benchmark/SATLIB/CBS_k3_n100_m449_b70/CBS_k3_n100_m449_b70_506.cnf,SAT,52997.75,52980.76,17.00,488,402
/home/richard/project/SAT_benchmark/SATLIB/CBS_k3_n100_m449_b70/CBS_k3_n100_m449_b70_915.cnf,SAT,15595.58,15579.98,15.59,143,99
/home/richard/project/SAT_benchmark/SATLIB/CBS_k3_n100_m449_b70/CBS_k3_n100_m449_b70_869.cnf,SAT,50757.70,50742.85,14.85,465,326
/home/richard/project/SAT_benchmark/SATLIB/CBS_k3_n100_m449_b70/CBS_k3_n100_m449_b70_102.cnf,SAT,47331.63,47314.98,16.66,439,329
/home/richard/project/SAT_benchmark/SATLIB/CBS_k3_n100_m449_b70/CBS_k3_n100_m449_b70_664.cnf,SAT,31010.21,30994.81,15.40,289,242
/home/richard/project/SAT_benchmark/SATLIB/CBS_k3_n100_m449_b70/CBS_k3_n100_m449_b70_82.cnf,SAT,45213.57,45196.78,16.79,413,346
/home/richard/project/SAT_benchmark/SATLIB/CBS_k3_n100_m449_b70/CBS_k3_n100_m449_b70_412.cnf,SAT,65152.33,65134.91,17.42,593,480
/home/richard/project/SAT_benchmark/SATLIB/CBS_k3_n100_m449_b70/CBS_k3_n100_m449_b70_600.cnf,SAT,20047.85,20032.76,15.09,185,138
/home/richard/project/SAT_benchmark/SATLIB/CBS_k3_n100_m449_b70/CBS_k3_n100_m449_b70_591.cnf,SAT,22254.30,22242.65,11.66,195,137
/home/richard/project/SAT_benchmark/SATLIB/CBS_k3_n100_m449_b70/CBS_k3_n100_m449_b70_685.cnf,SAT,65080.80,65063.24,17.57,599,518
/home/richard/project/SAT_benchmark/SATLIB/CBS_k3_n100_m449_b70/CBS_k3_n100_m449_b70_11.cnf,SAT,69489.59,69472.25,17.34,639,558
/home/richard/project/SAT_benchmark/SATLIB/CBS_k3_n100_m449_b70/CBS_k3_n100_m449_b70_830.cnf,SAT,21194.30,21180.88,13.42,197,171
/home/richard/project/SAT_benchmark/SATLIB/CBS_k3_n100_m449_b70/CBS_k3_n100_m449_b70_653.cnf,SAT,82697.71,82679.16,18.54,753,606
/home/richard/project/SAT_benchmark/SATLIB/CBS_k3_n100_m449_b70/CBS_k3_n100_m449_b70_712.cnf,SAT,33206.00,33189.77,16.24,302,234
/home/richard/project/SAT_benchmark/SATLIB/CBS_k3_n100_m449_b70/CBS_k3_n100_m449_b70_659.cnf,SAT,2392.79,2378.64,14.14,27,7
/home/richard/project/SAT_benchmark/SATLIB/CBS_k3_n100_m449_b70/CBS_k3_n100_m449_b70_585.cnf,SAT,76227.17,76208.68,18.50,695,586
/home/richard/project/SAT_benchmark/SATLIB/CBS_k3_n100_m449_b70/CBS_k3_n100_m449_b70_255.cnf,SAT,38808.10,38791.31,16.79,353,299
/home/richard/project/SAT_benchmark/SATLIB/CBS_k3_n100_m449_b70/CBS_k3_n100_m449_b70_79.cnf,SAT,54063.20,54047.55,15.66,496,420
/home/richard/project/SAT_benchmark/SATLIB/CBS_k3_n100_m449_b70/CBS_k3_n100_m449_b70_358.cnf,SAT,98994.31,98974.91,19.40,902,733
/home/richard/project/SAT_benchmark/SATLIB/CBS_k3_n100_m449_b70/CBS_k3_n100_m449_b70_69.cnf,SAT,18968.17,18955.72,12.44,174,140
/home/richard/project/SAT_benchmark/SATLIB/CBS_k3_n100_m449_b70/CBS_k3_n100_m449_b70_498.cnf,SAT,62850.53,62836.92,13.61,577,489
/home/richard/project/SAT_benchmark/SATLIB/CBS_k3_n100_m449_b70/CBS_k3_n100_m449_b70_926.cnf,SAT,27733.72,27717.82,15.91,253,216
/home/richard/project/SAT_benchmark/SATLIB/CBS_k3_n100_m449_b70/CBS_k3_n100_m449_b70_486.cnf,SAT,87263.15,87246.04,17.11,798,668
/home/richard/project/SAT_benchmark/SATLIB/CBS_k3_n100_m449_b70/CBS_k3_n100_m449_b70_362.cnf,SAT,6822.26,6810.17,12.09,61,36
/home/richard/project/SAT_benchmark/SATLIB/CBS_k3_n100_m449_b70/CBS_k3_n100_m449_b70_721.cnf,SAT,6773.95,6758.52,15.44,67,51
/home/richard/project/SAT_benchmark/SATLIB/CBS_k3_n100_m449_b70/CBS_k3_n100_m449_b70_35.cnf,SAT,35418.65,35402.14,16.51,328,275
/home/richard/project/SAT_benchmark/SATLIB/CBS_k3_n100_m449_b70/CBS_k3_n100_m449_b70_553.cnf,SAT,15650.51,15639.77,10.74,145,112
/home/richard/project/SAT_benchmark/SATLIB/CBS_k3_n100_m449_b70/CBS_k3_n100_m449_b70_397.cnf,SAT,210731.23,210710.84,20.38,1918,1374
/home/richard/project/SAT_benchmark/SATLIB/CBS_k3_n100_m449_b70/CBS_k3_n100_m449_b70_551.cnf,SAT,69619.51,69600.88,18.63,636,542
/home/richard/project/SAT_benchmark/SATLIB/CBS_k3_n100_m449_b70/CBS_k3_n100_m449_b70_628.cnf,SAT,13450.49,13441.03,9.46,122,99
/home/richard/project/SAT_benchmark/SATLIB/CBS_k3_n100_m449_b70/CBS_k3_n100_m449_b70_220.cnf,SAT,62757.00,62739.61,17.39,575,488
/home/richard/project/SAT_benchmark/SATLIB/CBS_k3_n100_m449_b70/CBS_k3_n100_m449_b70_117.cnf,SAT,34418.39,34405.94,12.44,312,259
/home/richard/project/SAT_benchmark/SATLIB/CBS_k3_n100_m449_b70/CBS_k3_n100_m449_b70_5.cnf,SAT,38756.06,38743.22,12.84,352,289
/home/richard/project/SAT_benchmark/SATLIB/CBS_k3_n100_m449_b70/CBS_k3_n100_m449_b70_7.cnf,SAT,50776.67,50759.41,17.26,463,397
/home/richard/project/SAT_benchmark/SATLIB/CBS_k3_n100_m449_b70/CBS_k3_n100_m449_b70_278.cnf,SAT,17824.77,17809.22,15.55,166,126
/home/richard/project/SAT_benchmark/SATLIB/CBS_k3_n100_m449_b70/CBS_k3_n100_m449_b70_22.cnf,SAT,39780.04,39763.67,16.37,369,311
/home/richard/project/SAT_benchmark/SATLIB/CBS_k3_n100_m449_b70/CBS_k3_n100_m449_b70_230.cnf,SAT,29922.09,29908.31,13.77,279,242
/home/richard/project/SAT_benchmark/SATLIB/CBS_k3_n100_m449_b70/CBS_k3_n100_m449_b70_938.cnf,SAT,8958.37,8942.58,15.79,88,57
/home/richard/project/SAT_benchmark/SATLIB/CBS_k3_n100_m449_b70/CBS_k3_n100_m449_b70_143.cnf,SAT,40779.58,40763.17,16.42,375,324
/home/richard/project/SAT_benchmark/SATLIB/CBS_k3_n100_m449_b70/CBS_k3_n100_m449_b70_421.cnf,SAT,63958.89,63942.76,16.13,585,442
/home/richard/project/SAT_benchmark/SATLIB/CBS_k3_n100_m449_b70/CBS_k3_n100_m449_b70_733.cnf,SAT,11175.72,11162.37,13.36,100,69
/home/richard/project/SAT_benchmark/SATLIB/CBS_k3_n100_m449_b70/CBS_k3_n100_m449_b70_842.cnf,SAT,16685.52,16670.27,15.25,154,122
/home/richard/project/SAT_benchmark/SATLIB/CBS_k3_n100_m449_b70/CBS_k3_n100_m449_b70_417.cnf,SAT,45121.43,45105.01,16.42,416,315
/home/richard/project/SAT_benchmark/SATLIB/CBS_k3_n100_m449_b70/CBS_k3_n100_m449_b70_148.cnf,SAT,57281.54,57264.24,17.31,521,444
/home/richard/project/SAT_benchmark/SATLIB/CBS_k3_n100_m449_b70/CBS_k3_n100_m449_b70_162.cnf,SAT,17762.02,17750.26,11.76,164,125
/home/richard/project/SAT_benchmark/SATLIB/CBS_k3_n100_m449_b70/CBS_k3_n100_m449_b70_206.cnf,SAT,61852.06,61834.77,17.29,563,395
/home/richard/project/SAT_benchmark/SATLIB/CBS_k3_n100_m449_b70/CBS_k3_n100_m449_b70_95.cnf,SAT,42036.90,42023.64,13.26,381,310
/home/richard/project/SAT_benchmark/SATLIB/CBS_k3_n100_m449_b70/CBS_k3_n100_m449_b70_134.cnf,SAT,18903.04,18887.94,15.09,177,139
/home/richard/project/SAT_benchmark/SATLIB/CBS_k3_n100_m449_b70/CBS_k3_n100_m449_b70_545.cnf,SAT,68301.31,68287.11,14.20,628,482
/home/richard/project/SAT_benchmark/SATLIB/CBS_k3_n100_m449_b70/CBS_k3_n100_m449_b70_238.cnf,SAT,6823.86,6808.82,15.03,66,43
/home/richard/project/SAT_benchmark/SATLIB/CBS_k3_n100_m449_b70/CBS_k3_n100_m449_b70_386.cnf,SAT,46394.56,46380.60,13.96,429,356
/home/richard/project/SAT_benchmark/SATLIB/CBS_k3_n100_m449_b70/CBS_k3_n100_m449_b70_46.cnf,SAT,150251.42,150229.26,22.16,1375,1154
/home/richard/project/SAT_benchmark/SATLIB/CBS_k3_n100_m449_b70/CBS_k3_n100_m449_b70_374.cnf,SAT,86924.21,86905.10,19.11,797,700
/home/richard/project/SAT_benchmark/SATLIB/CBS_k3_n100_m449_b70/CBS_k3_n100_m449_b70_546.cnf,SAT,12292.87,12278.47,14.39,114,77
/home/richard/project/SAT_benchmark/SATLIB/CBS_k3_n100_m449_b70/CBS_k3_n100_m449_b70_883.cnf,SAT,36443.43,36427.48,15.94,331,227
/home/richard/project/SAT_benchmark/SATLIB/CBS_k3_n100_m449_b70/CBS_k3_n100_m449_b70_465.cnf,SAT,78417.35,78400.39,16.95,714,566
/home/richard/project/SAT_benchmark/SATLIB/CBS_k3_n100_m449_b70/CBS_k3_n100_m449_b70_442.cnf,SAT,10102.71,10089.14,13.57,99,70
/home/richard/project/SAT_benchmark/SATLIB/CBS_k3_n100_m449_b70/CBS_k3_n100_m449_b70_193.cnf,SAT,47409.92,47397.73,12.19,434,344
/home/richard/project/SAT_benchmark/SATLIB/CBS_k3_n100_m449_b70/CBS_k3_n100_m449_b70_648.cnf,SAT,44111.41,44094.80,16.61,407,329
/home/richard/project/SAT_benchmark/SATLIB/CBS_k3_n100_m449_b70/CBS_k3_n100_m449_b70_174.cnf,SAT,28711.50,28700.64,10.87,263,209
/home/richard/project/SAT_benchmark/SATLIB/CBS_k3_n100_m449_b70/CBS_k3_n100_m449_b70_893.cnf,SAT,63861.64,63844.14,17.51,584,501
/home/richard/project/SAT_benchmark/SATLIB/CBS_k3_n100_m449_b70/CBS_k3_n100_m449_b70_309.cnf,SAT,38559.96,38543.73,16.23,358,257
/home/richard/project/SAT_benchmark/SATLIB/CBS_k3_n100_m449_b70/CBS_k3_n100_m449_b70_37.cnf,SAT,26605.23,26588.82,16.41,244,192
/home/richard/project/SAT_benchmark/SATLIB/CBS_k3_n100_m449_b70/CBS_k3_n100_m449_b70_185.cnf,SAT,28793.48,28777.76,15.71,265,219
/home/richard/project/SAT_benchmark/SATLIB/CBS_k3_n100_m449_b70/CBS_k3_n100_m449_b70_499.cnf,SAT,77148.86,77132.49,16.38,702,589
/home/richard/project/SAT_benchmark/SATLIB/CBS_k3_n100_m449_b70/CBS_k3_n100_m449_b70_330.cnf,SAT,24374.63,24363.46,11.17,227,159
/home/richard/project/SAT_benchmark/SATLIB/CBS_k3_n100_m449_b70/CBS_k3_n100_m449_b70_827.cnf,SAT,80422.46,80406.43,16.03,733,464
/home/richard/project/SAT_benchmark/SATLIB/CBS_k3_n100_m449_b70/CBS_k3_n100_m449_b70_968.cnf,SAT,15602.22,15588.97,13.25,147,112
/home/richard/project/SAT_benchmark/SATLIB/CBS_k3_n100_m449_b70/CBS_k3_n100_m449_b70_795.cnf,SAT,41900.72,41883.99,16.73,389,311
/home/richard/project/SAT_benchmark/SATLIB/CBS_k3_n100_m449_b70/CBS_k3_n100_m449_b70_14.cnf,SAT,106338.67,106322.90,15.76,974,835
/home/richard/project/SAT_benchmark/SATLIB/CBS_k3_n100_m449_b70/CBS_k3_n100_m449_b70_126.cnf,SAT,16722.79,16710.39,12.41,158,128
/home/richard/project/SAT_benchmark/SATLIB/CBS_k3_n100_m449_b70/CBS_k3_n100_m449_b70_155.cnf,SAT,52994.91,52979.66,15.25,484,426
/home/richard/project/SAT_benchmark/SATLIB/CBS_k3_n100_m449_b70/CBS_k3_n100_m449_b70_249.cnf,SAT,78031.78,78013.51,18.27,711,590
/home/richard/project/SAT_benchmark/SATLIB/CBS_k3_n100_m449_b70/CBS_k3_n100_m449_b70_952.cnf,SAT,50869.88,50852.96,16.92,462,402
/home/richard/project/SAT_benchmark/SATLIB/CBS_k3_n100_m449_b70/CBS_k3_n100_m449_b70_316.cnf,SAT,72675.41,72658.08,17.33,667,577
/home/richard/project/SAT_benchmark/SATLIB/CBS_k3_n100_m449_b70/CBS_k3_n100_m449_b70_822.cnf,SAT,34211.50,34200.22,11.27,313,263
/home/richard/project/SAT_benchmark/SATLIB/CBS_k3_n100_m449_b70/CBS_k3_n100_m449_b70_540.cnf,SAT,82502.29,82484.92,17.38,755,628
/home/richard/project/SAT_benchmark/SATLIB/CBS_k3_n100_m449_b70/CBS_k3_n100_m449_b70_741.cnf,SAT,5687.35,5675.16,12.19,53,35
/home/richard/project/SAT_benchmark/SATLIB/CBS_k3_n100_m449_b70/CBS_k3_n100_m449_b70_18.cnf,SAT,34211.75,34197.63,14.11,319,264
/home/richard/project/SAT_benchmark/SATLIB/CBS_k3_n100_m449_b70/CBS_k3_n100_m449_b70_298.cnf,SAT,22200.60,22184.56,16.05,204,179
/home/richard/project/SAT_benchmark/SATLIB/CBS_k3_n100_m449_b70/CBS_k3_n100_m449_b70_558.cnf,SAT,14542.09,14527.10,14.99,131,102
/home/richard/project/SAT_benchmark/SATLIB/CBS_k3_n100_m449_b70/CBS_k3_n100_m449_b70_3.cnf,SAT,44175.05,44158.29,16.76,403,346
/home/richard/project/SAT_benchmark/SATLIB/CBS_k3_n100_m449_b70/CBS_k3_n100_m449_b70_925.cnf,SAT,35276.59,35261.35,15.25,324,271
/home/richard/project/SAT_benchmark/SATLIB/CBS_k3_n100_m449_b70/CBS_k3_n100_m449_b70_897.cnf,SAT,103248.99,103229.58,19.41,941,752
/home/richard/project/SAT_benchmark/SATLIB/CBS_k3_n100_m449_b70/CBS_k3_n100_m449_b70_661.cnf,SAT,29816.27,29802.08,14.20,271,225
/home/richard/project/SAT_benchmark/SATLIB/CBS_k3_n100_m449_b70/CBS_k3_n100_m449_b70_471.cnf,SAT,21089.78,21075.21,14.56,196,172
/home/richard/project/SAT_benchmark/SATLIB/CBS_k3_n100_m449_b70/CBS_k3_n100_m449_b70_522.cnf,SAT,7904.95,7890.07,14.87,73,43
/home/richard/project/SAT_benchmark/SATLIB/CBS_k3_n100_m449_b70/CBS_k3_n100_m449_b70_730.cnf,SAT,32027.78,32011.53,16.24,292,242
/home/richard/project/SAT_benchmark/SATLIB/CBS_k3_n100_m449_b70/CBS_k3_n100_m449_b70_221.cnf,SAT,54102.08,54084.78,17.31,497,391
/home/richard/project/SAT_benchmark/SATLIB/CBS_k3_n100_m449_b70/CBS_k3_n100_m449_b70_128.cnf,SAT,18939.73,18924.11,15.62,173,140
/home/richard/project/SAT_benchmark/SATLIB/CBS_k3_n100_m449_b70/CBS_k3_n100_m449_b70_986.cnf,SAT,41902.08,41885.74,16.34,383,314
/home/richard/project/SAT_benchmark/SATLIB/CBS_k3_n100_m449_b70/CBS_k3_n100_m449_b70_170.cnf,SAT,29860.31,29848.05,12.26,271,219
/home/richard/project/SAT_benchmark/SATLIB/CBS_k3_n100_m449_b70/CBS_k3_n100_m449_b70_884.cnf,SAT,79457.30,79441.29,16.01,729,452
/home/richard/project/SAT_benchmark/SATLIB/CBS_k3_n100_m449_b70/CBS_k3_n100_m449_b70_140.cnf,SAT,20016.85,20004.52,12.33,187,153
/home/richard/project/SAT_benchmark/SATLIB/CBS_k3_n100_m449_b70/CBS_k3_n100_m449_b70_780.cnf,SAT,5667.70,5654.78,12.92,50,24
/home/richard/project/SAT_benchmark/SATLIB/CBS_k3_n100_m449_b70/CBS_k3_n100_m449_b70_964.cnf,SAT,0.07,0.00,0.07,0,0
/home/richard/project/SAT_benchmark/SATLIB/CBS_k3_n100_m449_b70/CBS_k3_n100_m449_b70_423.cnf,SAT,70451.76,70433.84,17.93,639,510
/home/richard/project/SAT_benchmark/SATLIB/CBS_k3_n100_m449_b70/CBS_k3_n100_m449_b70_880.cnf,SAT,85665.20,85647.40,17.80,788,415
/home/richard/project/SAT_benchmark/SATLIB/CBS_k3_n100_m449_b70/CBS_k3_n100_m449_b70_755.cnf,SAT,55147.25,55132.41,14.84,503,423
/home/richard/project/SAT_benchmark/SATLIB/CBS_k3_n100_m449_b70/CBS_k3_n100_m449_b70_290.cnf,SAT,17825.19,17809.64,15.55,165,125
/home/richard/project/SAT_benchmark/SATLIB/CBS_k3_n100_m449_b70/CBS_k3_n100_m449_b70_319.cnf,SAT,35517.04,35500.85,16.19,325,267
/home/richard/project/SAT_benchmark/SATLIB/CBS_k3_n100_m449_b70/CBS_k3_n100_m449_b70_798.cnf,SAT,44181.95,44165.33,16.62,404,323
/home/richard/project/SAT_benchmark/SATLIB/CBS_k3_n100_m449_b70/CBS_k3_n100_m449_b70_75.cnf,SAT,84884.42,84866.15,18.28,778,509
/home/richard/project/SAT_benchmark/SATLIB/CBS_k3_n100_m449_b70/CBS_k3_n100_m449_b70_349.cnf,SAT,7904.50,7892.39,12.11,79,51
/home/richard/project/SAT_benchmark/SATLIB/CBS_k3_n100_m449_b70/CBS_k3_n100_m449_b70_34.cnf,SAT,63920.93,63906.61,14.32,586,494
/home/richard/project/SAT_benchmark/SATLIB/CBS_k3_n100_m449_b70/CBS_k3_n100_m449_b70_378.cnf,SAT,123484.54,123464.89,19.65,1123,696
/home/richard/project/SAT_benchmark/SATLIB/CBS_k3_n100_m449_b70/CBS_k3_n100_m449_b70_147.cnf,SAT,87024.99,87011.48,13.51,791,472
/home/richard/project/SAT_benchmark/SATLIB/CBS_k3_n100_m449_b70/CBS_k3_n100_m449_b70_777.cnf,SAT,11178.35,11164.56,13.80,109,74
/home/richard/project/SAT_benchmark/SATLIB/CBS_k3_n100_m449_b70/CBS_k3_n100_m449_b70_714.cnf,SAT,18967.68,18952.21,15.47,172,124
/home/richard/project/SAT_benchmark/SATLIB/CBS_k3_n100_m449_b70/CBS_k3_n100_m449_b70_656.cnf,SAT,53005.39,52988.18,17.21,486,421
/home/richard/project/SAT_benchmark/SATLIB/CBS_k3_n100_m449_b70/CBS_k3_n100_m449_b70_132.cnf,SAT,39811.67,39795.45,16.22,368,185
/home/richard/project/SAT_benchmark/SATLIB/CBS_k3_n100_m449_b70/CBS_k3_n100_m449_b70_165.cnf,SAT,51993.13,51977.79,15.34,477,399
/home/richard/project/SAT_benchmark/SATLIB/CBS_k3_n100_m449_b70/CBS_k3_n100_m449_b70_903.cnf,SAT,81611.38,81597.90,13.48,748,586
/home/richard/project/SAT_benchmark/SATLIB/CBS_k3_n100_m449_b70/CBS_k3_n100_m449_b70_105.cnf,SAT,67414.15,67398.82,15.33,617,514
/home/richard/project/SAT_benchmark/SATLIB/CBS_k3_n100_m449_b70/CBS_k3_n100_m449_b70_380.cnf,SAT,29844.06,29831.90,12.15,279,172
/home/richard/project/SAT_benchmark/SATLIB/CBS_k3_n100_m449_b70/CBS_k3_n100_m449_b70_649.cnf,SAT,7937.85,7922.84,15.01,74,48
/home/richard/project/SAT_benchmark/SATLIB/CBS_k3_n100_m449_b70/CBS_k3_n100_m449_b70_137.cnf,SAT,20059.35,20043.78,15.58,182,144
/home/richard/project/SAT_benchmark/SATLIB/CBS_k3_n100_m449_b70/CBS_k3_n100_m449_b70_419.cnf,SAT,54144.39,54130.48,13.91,492,397
/home/richard/project/SAT_benchmark/SATLIB/CBS_k3_n100_m449_b70/CBS_k3_n100_m449_b70_209.cnf,SAT,40898.30,40881.49,16.81,376,318
/home/richard/project/SAT_benchmark/SATLIB/CBS_k3_n100_m449_b70/CBS_k3_n100_m449_b70_156.cnf,SAT,11169.24,11154.08,15.16,101,82
/home/richard/project/SAT_benchmark/SATLIB/CBS_k3_n100_m449_b70/CBS_k3_n100_m449_b70_482.cnf,SAT,17801.41,17789.02,12.40,167,127
/home/richard/project/SAT_benchmark/SATLIB/CBS_k3_n100_m449_b70/CBS_k3_n100_m449_b70_727.cnf,SAT,84601.86,84583.31,18.54,778,635
/home/richard/project/SAT_benchmark/SATLIB/CBS_k3_n100_m449_b70/CBS_k3_n100_m449_b70_321.cnf,SAT,129978.02,129957.85,20.17,1188,809
/home/richard/project/SAT_benchmark/SATLIB/CBS_k3_n100_m449_b70/CBS_k3_n100_m449_b70_233.cnf,SAT,30924.07,30908.14,15.93,284,238
/home/richard/project/SAT_benchmark/SATLIB/CBS_k3_n100_m449_b70/CBS_k3_n100_m449_b70_445.cnf,SAT,35307.14,35293.55,13.59,321,278
/home/richard/project/SAT_benchmark/SATLIB/CBS_k3_n100_m449_b70/CBS_k3_n100_m449_b70_119.cnf,SAT,27723.38,27710.21,13.18,251,218
/home/richard/project/SAT_benchmark/SATLIB/CBS_k3_n100_m449_b70/CBS_k3_n100_m449_b70_549.cnf,SAT,33220.94,33205.33,15.61,308,251
/home/richard/project/SAT_benchmark/SATLIB/CBS_k3_n100_m449_b70/CBS_k3_n100_m449_b70_268.cnf,SAT,5680.49,5668.86,11.63,59,29
/home/richard/project/SAT_benchmark/SATLIB/CBS_k3_n100_m449_b70/CBS_k3_n100_m449_b70_872.cnf,SAT,55228.61,55213.82,14.79,506,424
/home/richard/project/SAT_benchmark/SATLIB/CBS_k3_n100_m449_b70/CBS_k3_n100_m449_b70_686.cnf,SAT,5714.16,5699.30,14.85,52,24
/home/richard/project/SAT_benchmark/SATLIB/CBS_k3_n100_m449_b70/CBS_k3_n100_m449_b70_993.cnf,SAT,46670.31,46652.82,17.49,421,337
/home/richard/project/SAT_benchmark/SATLIB/CBS_k3_n100_m449_b70/CBS_k3_n100_m449_b70_771.cnf,SAT,74829.93,74812.94,16.99,684,593
/home/richard/project/SAT_benchmark/SATLIB/CBS_k3_n100_m449_b70/CBS_k3_n100_m449_b70_146.cnf,SAT,30994.32,30979.66,14.66,284,236
/home/richard/project/SAT_benchmark/SATLIB/CBS_k3_n100_m449_b70/CBS_k3_n100_m449_b70_637.cnf,SAT,81821.97,81803.47,18.50,746,593
/home/richard/project/SAT_benchmark/SATLIB/CBS_k3_n100_m449_b70/CBS_k3_n100_m449_b70_399.cnf,SAT,72621.66,72603.39,18.27,669,593
/home/richard/project/SAT_benchmark/SATLIB/CBS_k3_n100_m449_b70/CBS_k3_n100_m449_b70_413.cnf,SAT,102465.91,102450.17,15.74,933,716
/home/richard/project/SAT_benchmark/SATLIB/CBS_k3_n100_m449_b70/CBS_k3_n100_m449_b70_111.cnf,SAT,58482.81,58468.76,14.04,537,472
/home/richard/project/SAT_benchmark/SATLIB/CBS_k3_n100_m449_b70/CBS_k3_n100_m449_b70_157.cnf,SAT,15625.01,15614.28,10.73,143,106
/home/richard/project/SAT_benchmark/SATLIB/CBS_k3_n100_m449_b70/CBS_k3_n100_m449_b70_242.cnf,SAT,122168.07,122149.09,18.98,1110,935
/home/richard/project/SAT_benchmark/SATLIB/CBS_k3_n100_m449_b70/CBS_k3_n100_m449_b70_195.cnf,SAT,37694.15,37678.50,15.65,346,297
/home/richard/project/SAT_benchmark/SATLIB/CBS_k3_n100_m449_b70/CBS_k3_n100_m449_b70_127.cnf,SAT,24399.29,24388.21,11.08,224,175
/home/richard/project/SAT_benchmark/SATLIB/CBS_k3_n100_m449_b70/CBS_k3_n100_m449_b70_200.cnf,SAT,5700.54,5684.72,15.81,55,32
/home/richard/project/SAT_benchmark/SATLIB/CBS_k3_n100_m449_b70/CBS_k3_n100_m449_b70_487.cnf,SAT,10068.74,10053.52,15.22,99,68
/home/richard/project/SAT_benchmark/SATLIB/CBS_k3_n100_m449_b70/CBS_k3_n100_m449_b70_665.cnf,SAT,40805.02,40792.51,12.51,376,308
/home/richard/project/SAT_benchmark/SATLIB/CBS_k3_n100_m449_b70/CBS_k3_n100_m449_b70_634.cnf,SAT,60510.25,60493.22,17.03,559,486
/home/richard/project/SAT_benchmark/SATLIB/CBS_k3_n100_m449_b70/CBS_k3_n100_m449_b70_159.cnf,SAT,30991.91,30978.49,13.42,289,244
/home/richard/project/SAT_benchmark/SATLIB/CBS_k3_n100_m449_b70/CBS_k3_n100_m449_b70_805.cnf,SAT,36468.34,36451.99,16.35,335,281
/home/richard/project/SAT_benchmark/SATLIB/CBS_k3_n100_m449_b70/CBS_k3_n100_m449_b70_662.cnf,SAT,60509.92,60493.37,16.54,559,461
/home/richard/project/SAT_benchmark/SATLIB/CBS_k3_n100_m449_b70/CBS_k3_n100_m449_b70_863.cnf,SAT,78222.69,78204.33,18.36,712,619
/home/richard/project/SAT_benchmark/SATLIB/CBS_k3_n100_m449_b70/CBS_k3_n100_m449_b70_338.cnf,SAT,10086.18,10071.17,15.01,91,68
/home/richard/project/SAT_benchmark/SATLIB/CBS_k3_n100_m449_b70/CBS_k3_n100_m449_b70_942.cnf,SAT,61787.52,61774.00,13.52,566,330
/home/richard/project/SAT_benchmark/SATLIB/CBS_k3_n100_m449_b70/CBS_k3_n100_m449_b70_449.cnf,SAT,44303.15,44288.25,14.91,408,342
/home/richard/project/SAT_benchmark/SATLIB/CBS_k3_n100_m449_b70/CBS_k3_n100_m449_b70_223.cnf,SAT,91468.37,91450.73,17.63,835,655
/home/richard/project/SAT_benchmark/SATLIB/CBS_k3_n100_m449_b70/CBS_k3_n100_m449_b70_103.cnf,SAT,52940.59,52923.15,17.45,489,419
/home/richard/project/SAT_benchmark/SATLIB/CBS_k3_n100_m449_b70/CBS_k3_n100_m449_b70_576.cnf,SAT,58563.06,58548.92,14.13,531,467
/home/richard/project/SAT_benchmark/SATLIB/CBS_k3_n100_m449_b70/CBS_k3_n100_m449_b70_39.cnf,SAT,97059.94,97043.01,16.93,887,727
/home/richard/project/SAT_benchmark/SATLIB/CBS_k3_n100_m449_b70/CBS_k3_n100_m449_b70_154.cnf,SAT,21150.10,21137.15,12.94,192,153
/home/richard/project/SAT_benchmark/SATLIB/CBS_k3_n100_m449_b70/CBS_k3_n100_m449_b70_526.cnf,SAT,69433.11,69415.31,17.80,632,523
/home/richard/project/SAT_benchmark/SATLIB/CBS_k3_n100_m449_b70/CBS_k3_n100_m449_b70_580.cnf,SAT,67042.09,67025.25,16.84,612,515
/home/richard/project/SAT_benchmark/SATLIB/CBS_k3_n100_m449_b70/CBS_k3_n100_m449_b70_43.cnf,SAT,15637.97,15622.11,15.86,147,117
/home/richard/project/SAT_benchmark/SATLIB/CBS_k3_n100_m449_b70/CBS_k3_n100_m449_b70_27.cnf,SAT,51774.70,51758.51,16.20,473,416
/home/richard/project/SAT_benchmark/SATLIB/CBS_k3_n100_m449_b70/CBS_k3_n100_m449_b70_373.cnf,SAT,18865.02,18849.30,15.72,173,133
/home/richard/project/SAT_benchmark/SATLIB/CBS_k3_n100_m449_b70/CBS_k3_n100_m449_b70_277.cnf,SAT,55147.11,55130.25,16.87,500,394
/home/richard/project/SAT_benchmark/SATLIB/CBS_k3_n100_m449_b70/CBS_k3_n100_m449_b70_512.cnf,SAT,12260.20,12246.72,13.49,119,83
/home/richard/project/SAT_benchmark/SATLIB/CBS_k3_n100_m449_b70/CBS_k3_n100_m449_b70_359.cnf,SAT,62580.40,62563.77,16.62,573,511
/home/richard/project/SAT_benchmark/SATLIB/CBS_k3_n100_m449_b70/CBS_k3_n100_m449_b70_532.cnf,SAT,62922.06,62904.52,17.54,573,495
/home/richard/project/SAT_benchmark/SATLIB/CBS_k3_n100_m449_b70/CBS_k3_n100_m449_b70_740.cnf,SAT,154875.54,154853.41,22.13,1419,1046
/home/richard/project/SAT_benchmark/SATLIB/CBS_k3_n100_m449_b70/CBS_k3_n100_m449_b70_51.cnf,SAT,89176.94,89158.72,18.22,815,700
/home/richard/project/SAT_benchmark/SATLIB/CBS_k3_n100_m449_b70/CBS_k3_n100_m449_b70_762.cnf,SAT,45141.54,45124.73,16.82,410,343
/home/richard/project/SAT_benchmark/SATLIB/CBS_k3_n100_m449_b70/CBS_k3_n100_m449_b70_638.cnf,SAT,45299.82,45286.24,13.58,414,331
/home/richard/project/SAT_benchmark/SATLIB/CBS_k3_n100_m449_b70/CBS_k3_n100_m449_b70_376.cnf,SAT,59565.62,59548.37,17.25,546,447
/home/richard/project/SAT_benchmark/SATLIB/CBS_k3_n100_m449_b70/CBS_k3_n100_m449_b70_251.cnf,SAT,81527.17,81508.95,18.23,749,636
/home/richard/project/SAT_benchmark/SATLIB/CBS_k3_n100_m449_b70/CBS_k3_n100_m449_b70_10.cnf,SAT,33226.66,33210.30,16.36,309,252
/home/richard/project/SAT_benchmark/SATLIB/CBS_k3_n100_m449_b70/CBS_k3_n100_m449_b70_456.cnf,SAT,6798.75,6783.05,15.69,68,42
/home/richard/project/SAT_benchmark/SATLIB/CBS_k3_n100_m449_b70/CBS_k3_n100_m449_b70_149.cnf,SAT,57175.97,57158.87,17.10,520,433
/home/richard/project/SAT_benchmark/SATLIB/CBS_k3_n100_m449_b70/CBS_k3_n100_m449_b70_692.cnf,SAT,37499.56,37488.07,11.49,349,302
/home/richard/project/SAT_benchmark/SATLIB/CBS_k3_n100_m449_b70/CBS_k3_n100_m449_b70_248.cnf,SAT,63882.33,63865.84,16.49,587,495
/home/richard/project/SAT_benchmark/SATLIB/CBS_k3_n100_m449_b70/CBS_k3_n100_m449_b70_878.cnf,SAT,2396.25,2384.38,11.86,23,1
/home/richard/project/SAT_benchmark/SATLIB/CBS_k3_n100_m449_b70/CBS_k3_n100_m449_b70_919.cnf,SAT,48526.84,48512.72,14.12,446,367
/home/richard/project/SAT_benchmark/SATLIB/CBS_k3_n100_m449_b70/CBS_k3_n100_m449_b70_891.cnf,SAT,28898.06,28883.99,14.07,262,209
/home/richard/project/SAT_benchmark/SATLIB/CBS_k3_n100_m449_b70/CBS_k3_n100_m449_b70_881.cnf,SAT,44066.78,44050.95,15.83,403,339
/home/richard/project/SAT_benchmark/SATLIB/CBS_k3_n100_m449_b70/CBS_k3_n100_m449_b70_187.cnf,SAT,13411.53,13395.47,16.06,120,93
/home/richard/project/SAT_benchmark/SATLIB/CBS_k3_n100_m449_b70/CBS_k3_n100_m449_b70_96.cnf,SAT,53775.79,53760.42,15.37,494,380
/home/richard/project/SAT_benchmark/SATLIB/CBS_k3_n100_m449_b70/CBS_k3_n100_m449_b70_351.cnf,SAT,19988.43,19972.88,15.55,180,152
/home/richard/project/SAT_benchmark/SATLIB/CBS_k3_n100_m449_b70/CBS_k3_n100_m449_b70_372.cnf,SAT,110721.27,110701.24,20.03,1015,725
/home/richard/project/SAT_benchmark/SATLIB/CBS_k3_n100_m449_b70/CBS_k3_n100_m449_b70_427.cnf,SAT,56376.65,56360.26,16.39,510,420
/home/richard/project/SAT_benchmark/SATLIB/CBS_k3_n100_m449_b70/CBS_k3_n100_m449_b70_180.cnf,SAT,50836.68,50823.04,13.64,467,253
/home/richard/project/SAT_benchmark/SATLIB/CBS_k3_n100_m449_b70/CBS_k3_n100_m449_b70_995.cnf,SAT,50794.65,50781.50,13.15,460,398
/home/richard/project/SAT_benchmark/SATLIB/CBS_k3_n100_m449_b70/CBS_k3_n100_m449_b70_920.cnf,SAT,25466.58,25453.78,12.80,235,193
/home/richard/project/SAT_benchmark/SATLIB/CBS_k3_n100_m449_b70/CBS_k3_n100_m449_b70_561.cnf,SAT,22205.15,22194.16,11.00,202,163
/home/richard/project/SAT_benchmark/SATLIB/CBS_k3_n100_m449_b70/CBS_k3_n100_m449_b70_92.cnf,SAT,59457.19,59441.57,15.62,546,452
/home/richard/project/SAT_benchmark/SATLIB/CBS_k3_n100_m449_b70/CBS_k3_n100_m449_b70_956.cnf,SAT,20052.85,20036.89,15.96,184,152
/home/richard/project/SAT_benchmark/SATLIB/CBS_k3_n100_m449_b70/CBS_k3_n100_m449_b70_514.cnf,SAT,4570.89,4555.92,14.97,48,25
/home/richard/project/SAT_benchmark/SATLIB/CBS_k3_n100_m449_b70/CBS_k3_n100_m449_b70_192.cnf,SAT,11191.34,11177.84,13.50,101,72
/home/richard/project/SAT_benchmark/SATLIB/CBS_k3_n100_m449_b70/CBS_k3_n100_m449_b70_955.cnf,SAT,5753.06,5740.65,12.41,52,29
/home/richard/project/SAT_benchmark/SATLIB/CBS_k3_n100_m449_b70/CBS_k3_n100_m449_b70_53.cnf,SAT,4599.62,4589.24,10.38,47,26
/home/richard/project/SAT_benchmark/SATLIB/CBS_k3_n100_m449_b70/CBS_k3_n100_m449_b70_246.cnf,SAT,49564.63,49550.56,14.06,450,363
/home/richard/project/SAT_benchmark/SATLIB/CBS_k3_n100_m449_b70/CBS_k3_n100_m449_b70_781.cnf,SAT,45509.06,45492.76,16.30,413,352
/home/richard/project/SAT_benchmark/SATLIB/CBS_k3_n100_m449_b70/CBS_k3_n100_m449_b70_363.cnf,SAT,91262.99,91247.65,15.34,839,735
/home/richard/project/SAT_benchmark/SATLIB/CBS_k3_n100_m449_b70/CBS_k3_n100_m449_b70_597.cnf,SAT,32087.78,32071.75,16.03,293,233
/home/richard/project/SAT_benchmark/SATLIB/CBS_k3_n100_m449_b70/CBS_k3_n100_m449_b70_279.cnf,SAT,11119.43,11107.80,11.64,109,84
/home/richard/project/SAT_benchmark/SATLIB/CBS_k3_n100_m449_b70/CBS_k3_n100_m449_b70_719.cnf,SAT,78368.90,78350.81,18.09,713,563
/home/richard/project/SAT_benchmark/SATLIB/CBS_k3_n100_m449_b70/CBS_k3_n100_m449_b70_753.cnf,SAT,76054.95,76039.04,15.91,695,580
/home/richard/project/SAT_benchmark/SATLIB/CBS_k3_n100_m449_b70/CBS_k3_n100_m449_b70_135.cnf,SAT,130749.47,130728.74,20.73,1191,841
/home/richard/project/SAT_benchmark/SATLIB/CBS_k3_n100_m449_b70/CBS_k3_n100_m449_b70_172.cnf,SAT,91408.71,91389.80,18.91,833,725
/home/richard/project/SAT_benchmark/SATLIB/CBS_k3_n100_m449_b70/CBS_k3_n100_m449_b70_703.cnf,SAT,59404.20,59387.10,17.10,542,400
/home/richard/project/SAT_benchmark/SATLIB/CBS_k3_n100_m449_b70/CBS_k3_n100_m449_b70_988.cnf,SAT,20124.49,20108.78,15.71,186,145
/home/richard/project/SAT_benchmark/SATLIB/CBS_k3_n100_m449_b70/CBS_k3_n100_m449_b70_495.cnf,SAT,3486.98,3472.04,14.94,35,16
/home/richard/project/SAT_benchmark/SATLIB/CBS_k3_n100_m449_b70/CBS_k3_n100_m449_b70_855.cnf,SAT,35512.81,35496.63,16.18,328,265
/home/richard/project/SAT_benchmark/SATLIB/CBS_k3_n100_m449_b70/CBS_k3_n100_m449_b70_796.cnf,SAT,50777.20,50759.95,17.25,465,402
/home/richard/project/SAT_benchmark/SATLIB/CBS_k3_n100_m449_b70/CBS_k3_n100_m449_b70_840.cnf,SAT,0.08,0.00,0.08,0,0
/home/richard/project/SAT_benchmark/SATLIB/CBS_k3_n100_m449_b70/CBS_k3_n100_m449_b70_340.cnf,SAT,43091.70,43078.69,13.01,398,311
/home/richard/project/SAT_benchmark/SATLIB/RTI_k3_n100_m429/RTI_k3_n100_m429_247.cnf,SAT,34287.87,34274.96,12.92,314,224
/home/richard/project/SAT_benchmark/SATLIB/RTI_k3_n100_m429/RTI_k3_n100_m429_423.cnf,SAT,24382.13,24366.57,15.56,220,163
/home/richard/project/SAT_benchmark/SATLIB/RTI_k3_n100_m429/RTI_k3_n100_m429_420.cnf,SAT,47325.66,47314.74,10.92,430,356
/home/richard/project/SAT_benchmark/SATLIB/RTI_k3_n100_m429/RTI_k3_n100_m429_471.cnf,SAT,81235.89,81223.75,12.14,740,614
/home/richard/project/SAT_benchmark/SATLIB/RTI_k3_n100_m429/RTI_k3_n100_m429_258.cnf,SAT,2382.48,2374.38,8.10,20,1
/home/richard/project/SAT_benchmark/SATLIB/RTI_k3_n100_m429/RTI_k3_n100_m429_246.cnf,SAT,105484.54,105469.40,15.14,965,800
/home/richard/project/SAT_benchmark/SATLIB/RTI_k3_n100_m429/RTI_k3_n100_m429_227.cnf,SAT,22308.55,22298.89,9.66,209,169
/home/richard/project/SAT_benchmark/SATLIB/RTI_k3_n100_m429/RTI_k3_n100_m429_58.cnf,SAT,10133.07,10124.11,8.96,93,59
/home/richard/project/SAT_benchmark/SATLIB/RTI_k3_n100_m429/RTI_k3_n100_m429_286.cnf,SAT,31978.48,31963.34,15.13,294,248
/home/richard/project/SAT_benchmark/SATLIB/RTI_k3_n100_m429/RTI_k3_n100_m429_415.cnf,SAT,27649.91,27639.53,10.37,257,211
/home/richard/project/SAT_benchmark/SATLIB/RTI_k3_n100_m429/RTI_k3_n100_m429_129.cnf,SAT,77227.28,77214.91,12.37,708,520
/home/richard/project/SAT_benchmark/SATLIB/RTI_k3_n100_m429/RTI_k3_n100_m429_320.cnf,SAT,25469.86,25457.91,11.94,236,191
/home/richard/project/SAT_benchmark/SATLIB/RTI_k3_n100_m429/RTI_k3_n100_m429_64.cnf,SAT,107997.97,107983.99,13.98,981,785
/home/richard/project/SAT_benchmark/SATLIB/RTI_k3_n100_m429/RTI_k3_n100_m429_355.cnf,SAT,48741.45,48731.22,10.24,441,265
/home/richard/project/SAT_benchmark/SATLIB/RTI_k3_n100_m429/RTI_k3_n100_m429_259.cnf,SAT,37659.94,37648.36,11.58,343,254
/home/richard/project/SAT_benchmark/SATLIB/RTI_k3_n100_m429/RTI_k3_n100_m429_181.cnf,SAT,57435.69,57421.00,14.70,528,464
/home/richard/project/SAT_benchmark/SATLIB/RTI_k3_n100_m429/RTI_k3_n100_m429_10.cnf,SAT,81613.87,81601.47,12.40,745,600
/home/richard/project/SAT_benchmark/SATLIB/RTI_k3_n100_m429/RTI_k3_n100_m429_92.cnf,SAT,45262.15,45250.94,11.21,411,351
/home/richard/project/SAT_benchmark/SATLIB/RTI_k3_n100_m429/RTI_k3_n100_m429_33.cnf,SAT,39785.14,39773.44,11.70,365,251
/home/richard/project/SAT_benchmark/SATLIB/RTI_k3_n100_m429/RTI_k3_n100_m429_31.cnf,SAT,63954.18,63942.39,11.80,580,498
/home/richard/project/SAT_benchmark/SATLIB/RTI_k3_n100_m429/RTI_k3_n100_m429_179.cnf,SAT,9013.92,9004.91,9.00,80,45
/home/richard/project/SAT_benchmark/SATLIB/RTI_k3_n100_m429/RTI_k3_n100_m429_288.cnf,SAT,44169.28,44157.61,11.67,403,338
/home/richard/project/SAT_benchmark/SATLIB/RTI_k3_n100_m429/RTI_k3_n100_m429_349.cnf,SAT,49703.34,49693.36,9.98,453,377
/home/richard/project/SAT_benchmark/SATLIB/RTI_k3_n100_m429/RTI_k3_n100_m429_106.cnf,SAT,50792.50,50781.91,10.59,466,400
/home/richard/project/SAT_benchmark/SATLIB/RTI_k3_n100_m429/RTI_k3_n100_m429_119.cnf,SAT,5678.98,5667.65,11.32,55,31
/home/richard/project/SAT_benchmark/SATLIB/RTI_k3_n100_m429/RTI_k3_n100_m429_168.cnf,SAT,25580.63,25569.43,11.19,230,182
/home/richard/project/SAT_benchmark/SATLIB/RTI_k3_n100_m429/RTI_k3_n100_m429_299.cnf,SAT,67070.96,67055.75,15.21,610,541
/home/richard/project/SAT_benchmark/SATLIB/RTI_k3_n100_m429/RTI_k3_n100_m429_12.cnf,SAT,59465.83,59454.45,11.38,544,464
/home/richard/project/SAT_benchmark/SATLIB/RTI_k3_n100_m429/RTI_k3_n100_m429_255.cnf,SAT,94476.59,94464.19,12.40,860,694
/home/richard/project/SAT_benchmark/SATLIB/RTI_k3_n100_m429/RTI_k3_n100_m429_329.cnf,SAT,47268.69,47254.38,14.32,438,379
/home/richard/project/SAT_benchmark/SATLIB/RTI_k3_n100_m429/RTI_k3_n100_m429_495.cnf,SAT,100169.40,100154.32,15.08,910,735
/home/richard/project/SAT_benchmark/SATLIB/RTI_k3_n100_m429/RTI_k3_n100_m429_454.cnf,SAT,12319.70,12311.06,8.63,111,85
/home/richard/project/SAT_benchmark/SATLIB/RTI_k3_n100_m429/RTI_k3_n100_m429_143.cnf,SAT,68467.36,68454.95,12.40,629,552
/home/richard/project/SAT_benchmark/SATLIB/RTI_k3_n100_m429/RTI_k3_n100_m429_373.cnf,SAT,60583.94,60570.88,13.06,552,463
/home/richard/project/SAT_benchmark/SATLIB/RTI_k3_n100_m429/RTI_k3_n100_m429_59.cnf,SAT,88398.49,88385.12,13.37,809,694
/home/richard/project/SAT_benchmark/SATLIB/RTI_k3_n100_m429/RTI_k3_n100_m429_484.cnf,SAT,0.08,0.00,0.08,0,0
/home/richard/project/SAT_benchmark/SATLIB/RTI_k3_n100_m429/RTI_k3_n100_m429_341.cnf,SAT,24423.32,24411.82,11.50,221,181
/home/richard/project/SAT_benchmark/SATLIB/RTI_k3_n100_m429/RTI_k3_n100_m429_112.cnf,SAT,49693.23,49676.28,16.95,457,397
/home/richard/project/SAT_benchmark/SATLIB/RTI_k3_n100_m429/RTI_k3_n100_m429_223.cnf,SAT,20059.38,20044.72,14.66,188,156
/home/richard/project/SAT_benchmark/SATLIB/RTI_k3_n100_m429/RTI_k3_n100_m429_241.cnf,SAT,15635.29,15625.20,10.09,142,118
/home/richard/project/SAT_benchmark/SATLIB/RTI_k3_n100_m429/RTI_k3_n100_m429_163.cnf,SAT,8980.35,8968.87,11.47,80,45
/home/richard/project/SAT_benchmark/SATLIB/RTI_k3_n100_m429/RTI_k3_n100_m429_354.cnf,SAT,78349.26,78334.59,14.68,717,597
/home/richard/project/SAT_benchmark/SATLIB/RTI_k3_n100_m429/RTI_k3_n100_m429_40.cnf,SAT,21106.03,21095.29,10.74,190,139
/home/richard/project/SAT_benchmark/SATLIB/RTI_k3_n100_m429/RTI_k3_n100_m429_19.cnf,SAT,59563.53,59551.50,12.03,541,375
/home/richard/project/SAT_benchmark/SATLIB/RTI_k3_n100_m429/RTI_k3_n100_m429_44.cnf,SAT,30989.59,30978.85,10.74,289,229
/home/richard/project/SAT_benchmark/SATLIB/RTI_k3_n100_m429/RTI_k3_n100_m429_335.cnf,SAT,43174.76,43163.96,10.80,398,256
/home/richard/project/SAT_benchmark/SATLIB/RTI_k3_n100_m429/RTI_k3_n100_m429_279.cnf,SAT,93424.84,93411.15,13.69,858,732
/home/richard/project/SAT_benchmark/SATLIB/RTI_k3_n100_m429/RTI_k3_n100_m429_390.cnf,SAT,31010.34,30998.13,12.21,286,232
/home/richard/project/SAT_benchmark/SATLIB/RTI_k3_n100_m429/RTI_k3_n100_m429_158.cnf,SAT,99829.41,99813.91,15.50,910,784
/home/richard/project/SAT_benchmark/SATLIB/RTI_k3_n100_m429/RTI_k3_n100_m429_413.cnf,SAT,80311.18,80297.14,14.04,739,577
/home/richard/project/SAT_benchmark/SATLIB/RTI_k3_n100_m429/RTI_k3_n100_m429_490.cnf,SAT,24386.87,24374.69,12.17,228,191
/home/richard/project/SAT_benchmark/SATLIB/RTI_k3_n100_m429/RTI_k3_n100_m429_344.cnf,SAT,19161.82,19146.32,15.50,177,132
/home/richard/project/SAT_benchmark/SATLIB/RTI_k3_n100_m429/RTI_k3_n100_m429_385.cnf,SAT,6784.17,6774.04,10.13,66,37
/home/richard/project/SAT_benchmark/SATLIB/RTI_k3_n100_m429/RTI_k3_n100_m429_343.cnf,SAT,4591.01,4582.14,8.88,46,15
/home/richard/project/SAT_benchmark/SATLIB/RTI_k3_n100_m429/RTI_k3_n100_m429_368.cnf,SAT,19984.37,19974.13,10.24,189,147
/home/richard/project/SAT_benchmark/SATLIB/RTI_k3_n100_m429/RTI_k3_n100_m429_146.cnf,SAT,63835.38,63823.65,11.72,584,471
/home/richard/project/SAT_benchmark/SATLIB/RTI_k3_n100_m429/RTI_k3_n100_m429_130.cnf,SAT,14539.61,14528.44,11.17,131,99
/home/richard/project/SAT_benchmark/SATLIB/RTI_k3_n100_m429/RTI_k3_n100_m429_477.cnf,SAT,27777.87,27765.87,12.00,253,203
/home/richard/project/SAT_benchmark/SATLIB/RTI_k3_n100_m429/RTI_k3_n100_m429_234.cnf,SAT,12345.90,12331.28,14.61,117,79
/home/richard/project/SAT_benchmark/SATLIB/RTI_k3_n100_m429/RTI_k3_n100_m429_39.cnf,SAT,10157.60,10147.96,9.64,90,53
/home/richard/project/SAT_benchmark/SATLIB/RTI_k3_n100_m429/RTI_k3_n100_m429_425.cnf,SAT,20039.25,20029.83,9.42,182,133
/home/richard/project/SAT_benchmark/SATLIB/RTI_k3_n100_m429/RTI_k3_n100_m429_122.cnf,SAT,71503.94,71489.94,14.01,657,546
/home/richard/project/SAT_benchmark/SATLIB/RTI_k3_n100_m429/RTI_k3_n100_m429_264.cnf,SAT,123555.93,123535.15,20.79,1125,964
/home/richard/project/SAT_benchmark/SATLIB/RTI_k3_n100_m429/RTI_k3_n100_m429_273.cnf,SAT,93359.34,93346.85,12.48,854,722
/home/richard/project/SAT_benchmark/SATLIB/RTI_k3_n100_m429/RTI_k3_n100_m429_491.cnf,SAT,56316.10,56304.85,11.26,513,390
/home/richard/project/SAT_benchmark/SATLIB/RTI_k3_n100_m429/RTI_k3_n100_m429_4.cnf,SAT,116512.78,116496.25,16.53,1061,882
/home/richard/project/SAT_benchmark/SATLIB/RTI_k3_n100_m429/RTI_k3_n100_m429_250.cnf,SAT,10.31,0.00,10.31,0,0
/home/richard/project/SAT_benchmark/SATLIB/RTI_k3_n100_m429/RTI_k3_n100_m429_169.cnf,SAT,67316.96,67305.18,11.78,611,535
/home/richard/project/SAT_benchmark/SATLIB/RTI_k3_n100_m429/RTI_k3_n100_m429_219.cnf,SAT,15591.91,15582.75,9.16,145,113
/home/richard/project/SAT_benchmark/SATLIB/RTI_k3_n100_m429/RTI_k3_n100_m429_271.cnf,SAT,69262.15,69250.12,12.03,638,516
/home/richard/project/SAT_benchmark/SATLIB/RTI_k3_n100_m429/RTI_k3_n100_m429_176.cnf,SAT,92455.97,92439.16,16.82,847,686
/home/richard/project/SAT_benchmark/SATLIB/RTI_k3_n100_m429/RTI_k3_n100_m429_32.cnf,SAT,119751.33,119736.36,14.97,1093,928
/home/richard/project/SAT_benchmark/SATLIB/RTI_k3_n100_m429/RTI_k3_n100_m429_135.cnf,SAT,28811.57,28800.99,10.58,265,217
/home/richard/project/SAT_benchmark/SATLIB/RTI_k3_n100_m429/RTI_k3_n100_m429_38.cnf,SAT,35495.77,35485.05,10.72,323,253
/home/richard/project/SAT_benchmark/SATLIB/RTI_k3_n100_m429/RTI_k3_n100_m429_215.cnf,SAT,89264.02,89250.96,13.06,814,456
/home/richard/project/SAT_benchmark/SATLIB/RTI_k3_n100_m429/RTI_k3_n100_m429_427.cnf,SAT,13432.77,13419.23,13.54,128,93
/home/richard/project/SAT_benchmark/SATLIB/RTI_k3_n100_m429/RTI_k3_n100_m429_2.cnf,SAT,70249.89,70236.16,13.73,641,553
/home/richard/project/SAT_benchmark/SATLIB/RTI_k3_n100_m429/RTI_k3_n100_m429_79.cnf,SAT,59493.66,59480.53,13.14,540,463
/home/richard/project/SAT_benchmark/SATLIB/RTI_k3_n100_m429/RTI_k3_n100_m429_156.cnf,SAT,54045.56,54034.65,10.90,492,406
/home/richard/project/SAT_benchmark/SATLIB/RTI_k3_n100_m429/RTI_k3_n100_m429_78.cnf,SAT,87799.62,87787.48,12.14,809,583
/home/richard/project/SAT_benchmark/SATLIB/RTI_k3_n100_m429/RTI_k3_n100_m429_162.cnf,SAT,99636.30,99621.73,14.57,917,768
/home/richard/project/SAT_benchmark/SATLIB/RTI_k3_n100_m429/RTI_k3_n100_m429_208.cnf,SAT,15580.38,15571.49,8.89,149,102
/home/richard/project/SAT_benchmark/SATLIB/RTI_k3_n100_m429/RTI_k3_n100_m429_442.cnf,SAT,14474.92,14465.60,9.32,131,102
/home/richard/project/SAT_benchmark/SATLIB/RTI_k3_n100_m429/RTI_k3_n100_m429_185.cnf,SAT,21130.10,21119.53,10.57,197,156
/home/richard/project/SAT_benchmark/SATLIB/RTI_k3_n100_m429/RTI_k3_n100_m429_105.cnf,SAT,70536.94,70520.01,16.93,648,562
/home/richard/project/SAT_benchmark/SATLIB/RTI_k3_n100_m429/RTI_k3_n100_m429_29.cnf,SAT,56165.72,56153.22,12.50,517,420
/home/richard/project/SAT_benchmark/SATLIB/RTI_k3_n100_m429/RTI_k3_n100_m429_155.cnf,SAT,97794.30,97774.82,19.48,897,729
/home/richard/project/SAT_benchmark/SATLIB/RTI_k3_n100_m429/RTI_k3_n100_m429_60.cnf,SAT,61923.01,61910.82,12.19,560,456
/home/richard/project/SAT_benchmark/SATLIB/RTI_k3_n100_m429/RTI_k3_n100_m429_199.cnf,SAT,27766.47,27750.46,16.01,258,222
/home/richard/project/SAT_benchmark/SATLIB/RTI_k3_n100_m429/RTI_k3_n100_m429_96.cnf,SAT,21136.99,21124.82,12.17,191,145
/home/richard/project/SAT_benchmark/SATLIB/RTI_k3_n100_m429/RTI_k3_n100_m429_346.cnf,SAT,16720.46,16708.64,11.82,153,109
/home/richard/project/SAT_benchmark/SATLIB/RTI_k3_n100_m429/RTI_k3_n100_m429_480.cnf,SAT,15674.73,15666.19,8.54,140,110
/home/richard/project/SAT_benchmark/SATLIB/RTI_k3_n100_m429/RTI_k3_n100_m429_228.cnf,SAT,48483.42,48466.41,17.02,441,355
/home/richard/project/SAT_benchmark/SATLIB/RTI_k3_n100_m429/RTI_k3_n100_m429_134.cnf,SAT,45244.46,45233.88,10.59,417,341
/home/richard/project/SAT_benchmark/SATLIB/RTI_k3_n100_m429/RTI_k3_n100_m429_191.cnf,SAT,27772.09,27757.73,14.36,251,210
/home/richard/project/SAT_benchmark/SATLIB/RTI_k3_n100_m429/RTI_k3_n100_m429_7.cnf,SAT,27761.53,27750.97,10.56,258,210
/home/richard/project/SAT_benchmark/SATLIB/RTI_k3_n100_m429/RTI_k3_n100_m429_90.cnf,SAT,110833.55,110817.58,15.97,1015,827
/home/richard/project/SAT_benchmark/SATLIB/RTI_k3_n100_m429/RTI_k3_n100_m429_455.cnf,SAT,60538.87,60526.92,11.94,553,432
/home/richard/project/SAT_benchmark/SATLIB/RTI_k3_n100_m429/RTI_k3_n100_m429_375.cnf,SAT,96834.98,96822.47,12.51,880,763
/home/richard/project/SAT_benchmark/SATLIB/RTI_k3_n100_m429/RTI_k3_n100_m429_472.cnf,SAT,34382.66,34372.00,10.67,318,259
/home/richard/project/SAT_benchmark/SATLIB/RTI_k3_n100_m429/RTI_k3_n100_m429_151.cnf,SAT,23340.21,23326.32,13.89,218,191
/home/richard/project/SAT_benchmark/SATLIB/RTI_k3_n100_m429/RTI_k3_n100_m429_475.cnf,SAT,37568.76,37551.76,17.00,345,295
/home/richard/project/SAT_benchmark/SATLIB/RTI_k3_n100_m429/RTI_k3_n100_m429_293.cnf,SAT,52912.96,52900.83,12.12,483,427
/home/richard/project/SAT_benchmark/SATLIB/RTI_k3_n100_m429/RTI_k3_n100_m429_366.cnf,SAT,47502.31,47490.19,12.12,437,365
/home/richard/project/SAT_benchmark/SATLIB/RTI_k3_n100_m429/RTI_k3_n100_m429_300.cnf,SAT,32121.47,32106.34,15.12,294,275
/home/richard/project/SAT_benchmark/SATLIB/RTI_k3_n100_m429/RTI_k3_n100_m429_239.cnf,SAT,170053.24,170036.06,17.18,1554,1196
/home/richard/project/SAT_benchmark/SATLIB/RTI_k3_n100_m429/RTI_k3_n100_m429_334.cnf,SAT,104538.77,104525.20,13.57,957,700
/home/richard/project/SAT_benchmark/SATLIB/RTI_k3_n100_m429/RTI_k3_n100_m429_86.cnf,SAT,5707.06,5694.91,12.15,52,32
/home/richard/project/SAT_benchmark/SATLIB/RTI_k3_n100_m429/RTI_k3_n100_m429_104.cnf,SAT,127391.48,127377.26,14.22,1169,722
/home/richard/project/SAT_benchmark/SATLIB/RTI_k3_n100_m429/RTI_k3_n100_m429_489.cnf,SAT,18831.48,18821.72,9.77,173,128
/home/richard/project/SAT_benchmark/SATLIB/RTI_k3_n100_m429/RTI_k3_n100_m429_68.cnf,SAT,14446.28,14436.85,9.43,138,105
/home/richard/project/SAT_benchmark/SATLIB/RTI_k3_n100_m429/RTI_k3_n100_m429_61.cnf,SAT,115400.39,115382.42,17.97,1057,910
/home/richard/project/SAT_benchmark/SATLIB/RTI_k3_n100_m429/RTI_k3_n100_m429_167.cnf,SAT,21047.21,21038.18,9.03,195,142
/home/richard/project/SAT_benchmark/SATLIB/RTI_k3_n100_m429/RTI_k3_n100_m429_460.cnf,SAT,65327.07,65315.36,11.72,599,492
/home/richard/project/SAT_benchmark/SATLIB/RTI_k3_n100_m429/RTI_k3_n100_m429_309.cnf,SAT,20007.20,19991.67,15.54,189,151
/home/richard/project/SAT_benchmark/SATLIB/RTI_k3_n100_m429/RTI_k3_n100_m429_189.cnf,SAT,167462.78,167445.91,16.86,1521,1097
/home/richard/project/SAT_benchmark/SATLIB/RTI_k3_n100_m429/RTI_k3_n100_m429_175.cnf,SAT,106821.35,106808.92,12.43,973,655
/home/richard/project/SAT_benchmark/SATLIB/RTI_k3_n100_m429/RTI_k3_n100_m429_126.cnf,SAT,72657.70,72645.29,12.42,667,564
/home/richard/project/SAT_benchmark/SATLIB/RTI_k3_n100_m429/RTI_k3_n100_m429_379.cnf,SAT,10112.63,10102.71,9.92,92,72
/home/richard/project/SAT_benchmark/SATLIB/RTI_k3_n100_m429/RTI_k3_n100_m429_408.cnf,SAT,63913.63,63902.05,11.58,581,481
/home/richard/project/SAT_benchmark/SATLIB/RTI_k3_n100_m429/RTI_k3_n100_m429_70.cnf,SAT,58348.23,58337.48,10.75,535,447
/home/richard/project/SAT_benchmark/SATLIB/RTI_k3_n100_m429/RTI_k3_n100_m429_28.cnf,SAT,30951.89,30942.77,9.12,281,202
/home/richard/project/SAT_benchmark/SATLIB/RTI_k3_n100_m429/RTI_k3_n100_m429_278.cnf,SAT,4661.79,4654.08,7.71,49,21
/home/richard/project/SAT_benchmark/SATLIB/RTI_k3_n100_m429/RTI_k3_n100_m429_226.cnf,SAT,16689.00,16679.04,9.95,152,125
/home/richard/project/SAT_benchmark/SATLIB/RTI_k3_n100_m429/RTI_k3_n100_m429_93.cnf,SAT,13436.96,13427.94,9.02,128,90
/home/richard/project/SAT_benchmark/SATLIB/RTI_k3_n100_m429/RTI_k3_n100_m429_340.cnf,SAT,51673.27,51658.90,14.38,479,359
/home/richard/project/SAT_benchmark/SATLIB/RTI_k3_n100_m429/RTI_k3_n100_m429_461.cnf,SAT,72610.97,72596.64,14.34,668,583
/home/richard/project/SAT_benchmark/SATLIB/RTI_k3_n100_m429/RTI_k3_n100_m429_457.cnf,SAT,50762.87,50748.62,14.25,462,374
/home/richard/project/SAT_benchmark/SATLIB/RTI_k3_n100_m429/RTI_k3_n100_m429_434.cnf,SAT,60704.86,60693.48,11.37,557,457
/home/richard/project/SAT_benchmark/SATLIB/RTI_k3_n100_m429/RTI_k3_n100_m429_337.cnf,SAT,49819.23,49804.43,14.79,451,337
/home/richard/project/SAT_benchmark/SATLIB/RTI_k3_n100_m429/RTI_k3_n100_m429_353.cnf,SAT,86924.52,86909.94,14.57,799,708
/home/richard/project/SAT_benchmark/SATLIB/RTI_k3_n100_m429/RTI_k3_n100_m429_392.cnf,SAT,12289.86,12279.05,10.81,112,76
/home/richard/project/SAT_benchmark/SATLIB/RTI_k3_n100_m429/RTI_k3_n100_m429_154.cnf,SAT,90593.06,90577.54,15.52,825,660
/home/richard/project/SAT_benchmark/SATLIB/RTI_k3_n100_m429/RTI_k3_n100_m429_296.cnf,SAT,37566.39,37555.14,11.25,346,290
/home/richard/project/SAT_benchmark/SATLIB/RTI_k3_n100_m429/RTI_k3_n100_m429_138.cnf,SAT,7933.66,7923.61,10.06,78,52
/home/richard/project/SAT_benchmark/SATLIB/RTI_k3_n100_m429/RTI_k3_n100_m429_211.cnf,SAT,108971.10,108955.42,15.67,993,849
/home/richard/project/SAT_benchmark/SATLIB/RTI_k3_n100_m429/RTI_k3_n100_m429_451.cnf,SAT,14546.59,14536.93,9.66,137,103
/home/richard/project/SAT_benchmark/SATLIB/RTI_k3_n100_m429/RTI_k3_n100_m429_118.cnf,SAT,183329.80,183310.74,19.07,1678,1379
/home/richard/project/SAT_benchmark/SATLIB/RTI_k3_n100_m429/RTI_k3_n100_m429_87.cnf,SAT,15598.51,15588.11,10.41,148,114
/home/richard/project/SAT_benchmark/SATLIB/RTI_k3_n100_m429/RTI_k3_n100_m429_89.cnf,SAT,93263.93,93250.10,13.82,858,700
/home/richard/project/SAT_benchmark/SATLIB/RTI_k3_n100_m429/RTI_k3_n100_m429_357.cnf,SAT,11210.78,11202.81,7.97,105,67
/home/richard/project/SAT_benchmark/SATLIB/RTI_k3_n100_m429/RTI_k3_n100_m429_263.cnf,SAT,152392.91,152375.79,17.12,1397,1080
/home/richard/project/SAT_benchmark/SATLIB/RTI_k3_n100_m429/RTI_k3_n100_m429_482.cnf,SAT,8988.32,8977.91,10.41,89,58
/home/richard/project/SAT_benchmark/SATLIB/RTI_k3_n100_m429/RTI_k3_n100_m429_276.cnf,SAT,56229.71,56217.39,12.31,511,422
/home/richard/project/SAT_benchmark/SATLIB/RTI_k3_n100_m429/RTI_k3_n100_m429_196.cnf,SAT,56180.21,56166.65,13.56,513,451
/home/richard/project/SAT_benchmark/SATLIB/RTI_k3_n100_m429/RTI_k3_n100_m429_330.cnf,SAT,6867.49,6854.68,12.82,68,32
/home/richard/project/SAT_benchmark/SATLIB/RTI_k3_n100_m429/RTI_k3_n100_m429_201.cnf,SAT,22223.72,22212.28,11.44,208,146
/home/richard/project/SAT_benchmark/SATLIB/RTI_k3_n100_m429/RTI_k3_n100_m429_327.cnf,SAT,173137.95,173120.73,17.23,1587,1228
/home/richard/project/SAT_benchmark/SATLIB/RTI_k3_n100_m429/RTI_k3_n100_m429_94.cnf,SAT,24372.19,24361.27,10.93,227,185
/home/richard/project/SAT_benchmark/SATLIB/RTI_k3_n100_m429/RTI_k3_n100_m429_367.cnf,SAT,12317.27,12308.76,8.50,119,85
/home/richard/project/SAT_benchmark/SATLIB/RTI_k3_n100_m429/RTI_k3_n100_m429_389.cnf,SAT,8987.12,8978.50,8.62,88,46
/home/richard/project/SAT_benchmark/SATLIB/RTI_k3_n100_m429/RTI_k3_n100_m429_83.cnf,SAT,12357.33,12347.65,9.68,119,86
/home/richard/project/SAT_benchmark/SATLIB/RTI_k3_n100_m429/RTI_k3_n100_m429_435.cnf,SAT,2432.51,2421.93,10.57,25,8
/home/richard/project/SAT_benchmark/SATLIB/RTI_k3_n100_m429/RTI_k3_n100_m429_310.cnf,SAT,21187.46,21175.31,12.15,192,167
/home/richard/project/SAT_benchmark/SATLIB/RTI_k3_n100_m429/RTI_k3_n100_m429_222.cnf,SAT,15638.43,15627.85,10.58,145,107
/home/richard/project/SAT_benchmark/SATLIB/RTI_k3_n100_m429/RTI_k3_n100_m429_224.cnf,SAT,21153.90,21145.09,8.81,196,150
/home/richard/project/SAT_benchmark/SATLIB/RTI_k3_n100_m429/RTI_k3_n100_m429_275.cnf,SAT,23324.77,23311.86,12.91,215,176
/home/richard/project/SAT_benchmark/SATLIB/RTI_k3_n100_m429/RTI_k3_n100_m429_492.cnf,SAT,17799.27,17790.01,9.26,160,124
/home/richard/project/SAT_benchmark/SATLIB/RTI_k3_n100_m429/RTI_k3_n100_m429_209.cnf,SAT,71608.78,71595.60,13.19,653,529
/home/richard/project/SAT_benchmark/SATLIB/RTI_k3_n100_m429/RTI_k3_n100_m429_284.cnf,SAT,24447.49,24437.80,9.69,225,171
/home/richard/project/SAT_benchmark/SATLIB/RTI_k3_n100_m429/RTI_k3_n100_m429_71.cnf,SAT,210682.39,210660.62,21.77,1923,1607
/home/richard/project/SAT_benchmark/SATLIB/RTI_k3_n100_m429/RTI_k3_n100_m429_372.cnf,SAT,51791.97,51781.21,10.76,471,387
/home/richard/project/SAT_benchmark/SATLIB/RTI_k3_n100_m429/RTI_k3_n100_m429_336.cnf,SAT,50702.00,50690.14,11.86,469,326
/home/richard/project/SAT_benchmark/SATLIB/RTI_k3_n100_m429/RTI_k3_n100_m429_243.cnf,SAT,13449.90,13441.02,8.88,124,102
/home/richard/project/SAT_benchmark/SATLIB/RTI_k3_n100_m429/RTI_k3_n100_m429_272.cnf,SAT,25480.95,25468.55,12.40,233,200
/home/richard/project/SAT_benchmark/SATLIB/RTI_k3_n100_m429/RTI_k3_n100_m429_443.cnf,SAT,45266.17,45254.68,11.49,416,304
/home/richard/project/SAT_benchmark/SATLIB/RTI_k3_n100_m429/RTI_k3_n100_m429_431.cnf,SAT,26694.53,26683.30,11.23,245,207
/home/richard/project/SAT_benchmark/SATLIB/RTI_k3_n100_m429/RTI_k3_n100_m429_77.cnf,SAT,83787.35,83774.56,12.79,769,477
/home/richard/project/SAT_benchmark/SATLIB/RTI_k3_n100_m429/RTI_k3_n100_m429_109.cnf,SAT,51838.52,51826.74,11.78,470,382
/home/richard/project/SAT_benchmark/SATLIB/RTI_k3_n100_m429/RTI_k3_n100_m429_429.cnf,SAT,35342.51,35330.38,12.13,326,264
/home/richard/project/SAT_benchmark/SATLIB/RTI_k3_n100_m429/RTI_k3_n100_m429_236.cnf,SAT,26757.79,26748.20,9.59,248,187
/home/richard/project/SAT_benchmark/SATLIB/RTI_k3_n100_m429/RTI_k3_n100_m429_128.cnf,SAT,69521.23,69508.21,13.02,632,536
/home/richard/project/SAT_benchmark/SATLIB/RTI_k3_n100_m429/RTI_k3_n100_m429_290.cnf,SAT,21008.69,20998.68,10.01,195,147
/home/richard/project/SAT_benchmark/SATLIB/RTI_k3_n100_m429/RTI_k3_n100_m429_445.cnf,SAT,13379.66,13370.81,8.86,125,81
/home/richard/project/SAT_benchmark/SATLIB/RTI_k3_n100_m429/RTI_k3_n100_m429_204.cnf,SAT,93511.19,93496.32,14.87,851,725
/home/richard/project/SAT_benchmark/SATLIB/RTI_k3_n100_m429/RTI_k3_n100_m429_473.cnf,SAT,78310.36,78297.08,13.28,715,594
/home/richard/project/SAT_benchmark/SATLIB/RTI_k3_n100_m429/RTI_k3_n100_m429_266.cnf,SAT,59657.54,59640.75,16.79,542,486
/home/richard/project/SAT_benchmark/SATLIB/RTI_k3_n100_m429/RTI_k3_n100_m429_468.cnf,SAT,6803.00,6793.49,9.52,67,49
/home/richard/project/SAT_benchmark/SATLIB/RTI_k3_n100_m429/RTI_k3_n100_m429_361.cnf,SAT,7881.74,7870.20,11.54,74,49
/home/richard/project/SAT_benchmark/SATLIB/RTI_k3_n100_m429/RTI_k3_n100_m429_437.cnf,SAT,44191.26,44180.49,10.78,400,319
/home/richard/project/SAT_benchmark/SATLIB/RTI_k3_n100_m429/RTI_k3_n100_m429_18.cnf,SAT,9.57,0.00,9.57,0,0
/home/richard/project/SAT_benchmark/SATLIB/RTI_k3_n100_m429/RTI_k3_n100_m429_111.cnf,SAT,18897.87,18882.24,15.63,178,150
/home/richard/project/SAT_benchmark/SATLIB/RTI_k3_n100_m429/RTI_k3_n100_m429_197.cnf,SAT,18924.10,18909.45,14.65,179,146
/home/richard/project/SAT_benchmark/SATLIB/RTI_k3_n100_m429/RTI_k3_n100_m429_46.cnf,SAT,49698.66,49686.84,11.82,456,389
/home/richard/project/SAT_benchmark/SATLIB/RTI_k3_n100_m429/RTI_k3_n100_m429_75.cnf,SAT,13450.30,13441.46,8.84,125,99
/home/richard/project/SAT_benchmark/SATLIB/RTI_k3_n100_m429/RTI_k3_n100_m429_321.cnf,SAT,28710.88,28701.68,9.21,266,232
/home/richard/project/SAT_benchmark/SATLIB/RTI_k3_n100_m429/RTI_k3_n100_m429_237.cnf,SAT,72661.19,72650.54,10.65,661,342
/home/richard/project/SAT_benchmark/SATLIB/RTI_k3_n100_m429/RTI_k3_n100_m429_345.cnf,SAT,33238.21,33227.24,10.97,305,258
/home/richard/project/SAT_benchmark/SATLIB/RTI_k3_n100_m429/RTI_k3_n100_m429_446.cnf,SAT,12303.67,12293.12,10.55,118,81
/home/richard/project/SAT_benchmark/SATLIB/RTI_k3_n100_m429/RTI_k3_n100_m429_36.cnf,SAT,54042.62,54025.78,16.84,490,415
/home/richard/project/SAT_benchmark/SATLIB/RTI_k3_n100_m429/RTI_k3_n100_m429_149.cnf,SAT,77291.01,77278.03,12.98,701,593
/home/richard/project/SAT_benchmark/SATLIB/RTI_k3_n100_m429/RTI_k3_n100_m429_466.cnf,SAT,0.19,0.00,0.19,0,0
/home/richard/project/SAT_benchmark/SATLIB/RTI_k3_n100_m429/RTI_k3_n100_m429_301.cnf,SAT,35249.89,35239.66,10.23,324,263
/home/richard/project/SAT_benchmark/SATLIB/RTI_k3_n100_m429/RTI_k3_n100_m429_280.cnf,SAT,15615.55,15604.82,10.74,140,116
/home/richard/project/SAT_benchmark/SATLIB/RTI_k3_n100_m429/RTI_k3_n100_m429_467.cnf,SAT,20025.34,20009.79,15.55,188,136
/home/richard/project/SAT_benchmark/SATLIB/RTI_k3_n100_m429/RTI_k3_n100_m429_352.cnf,SAT,8998.15,8988.81,9.34,83,58
/home/richard/project/SAT_benchmark/SATLIB/RTI_k3_n100_m429/RTI_k3_n100_m429_447.cnf,SAT,20070.48,20055.98,14.51,182,130
/home/richard/project/SAT_benchmark/SATLIB/RTI_k3_n100_m429/RTI_k3_n100_m429_190.cnf,SAT,14507.98,14498.80,9.18,131,103
/home/richard/project/SAT_benchmark/SATLIB/RTI_k3_n100_m429/RTI_k3_n100_m429_478.cnf,SAT,181704.86,181685.59,19.27,1662,1363
/home/richard/project/SAT_benchmark/SATLIB/RTI_k3_n100_m429/RTI_k3_n100_m429_182.cnf,SAT,22255.82,22246.33,9.48,201,154
/home/richard/project/SAT_benchmark/SATLIB/RTI_k3_n100_m429/RTI_k3_n100_m429_486.cnf,SAT,75805.38,75790.00,15.38,697,598
/home/richard/project/SAT_benchmark/SATLIB/RTI_k3_n100_m429/RTI_k3_n100_m429_254.cnf,SAT,13394.86,13383.49,11.38,122,101
/home/richard/project/SAT_benchmark/SATLIB/RTI_k3_n100_m429/RTI_k3_n100_m429_125.cnf,SAT,10160.29,10152.21,8.08,92,58
/home/richard/project/SAT_benchmark/SATLIB/RTI_k3_n100_m429/RTI_k3_n100_m429_305.cnf,SAT,7908.57,7898.98,9.59,77,54
/home/richard/project/SAT_benchmark/SATLIB/RTI_k3_n100_m429/RTI_k3_n100_m429_291.cnf,SAT,20063.85,20054.41,9.44,184,137
/home/richard/project/SAT_benchmark/SATLIB/RTI_k3_n100_m429/RTI_k3_n100_m429_351.cnf,SAT,156050.50,156035.36,15.14,1424,903
/home/richard/project/SAT_benchmark/SATLIB/RTI_k3_n100_m429/RTI_k3_n100_m429_114.cnf,SAT,122660.46,122644.99,15.47,1121,976
/home/richard/project/SAT_benchmark/SATLIB/RTI_k3_n100_m429/RTI_k3_n100_m429_147.cnf,SAT,59409.36,59397.42,11.94,542,310
/home/richard/project/SAT_benchmark/SATLIB/RTI_k3_n100_m429/RTI_k3_n100_m429_297.cnf,SAT,83402.23,83387.14,15.09,766,611
/home/richard/project/SAT_benchmark/SATLIB/RTI_k3_n100_m429/RTI_k3_n100_m429_144.cnf,SAT,29871.85,29857.89,13.96,277,228
/home/richard/project/SAT_benchmark/SATLIB/RTI_k3_n100_m429/RTI_k3_n100_m429_101.cnf,SAT,29925.88,29916.79,9.09,274,208
/home/richard/project/SAT_benchmark/SATLIB/RTI_k3_n100_m429/RTI_k3_n100_m429_127.cnf,SAT,8994.02,8982.16,11.86,88,74
/home/richard/project/SAT_benchmark/SATLIB/RTI_k3_n100_m429/RTI_k3_n100_m429_42.cnf,SAT,44241.35,44229.79,11.56,407,333
/home/richard/project/SAT_benchmark/SATLIB/RTI_k3_n100_m429/RTI_k3_n100_m429_11.cnf,SAT,57242.94,57226.35,16.60,520,452
/home/richard/project/SAT_benchmark/SATLIB/RTI_k3_n100_m429/RTI_k3_n100_m429_160.cnf,SAT,5709.48,5699.68,9.80,51,27
/home/richard/project/SAT_benchmark/SATLIB/RTI_k3_n100_m429/RTI_k3_n100_m429_428.cnf,SAT,86769.92,86756.99,12.93,799,617
/home/richard/project/SAT_benchmark/SATLIB/RTI_k3_n100_m429/RTI_k3_n100_m429_212.cnf,SAT,10085.52,10075.79,9.73,98,76
/home/richard/project/SAT_benchmark/SATLIB/RTI_k3_n100_m429/RTI_k3_n100_m429_100.cnf,SAT,174885.11,174867.51,17.60,1592,1274
/home/richard/project/SAT_benchmark/SATLIB/RTI_k3_n100_m429/RTI_k3_n100_m429_449.cnf,SAT,10127.57,10117.06,10.51,93,64
/home/richard/project/SAT_benchmark/SATLIB/RTI_k3_n100_m429/RTI_k3_n100_m429_485.cnf,SAT,28763.27,28751.96,11.31,267,235
/home/richard/project/SAT_benchmark/SATLIB/RTI_k3_n100_m429/RTI_k3_n100_m429_469.cnf,SAT,41925.11,41913.33,11.78,384,314
/home/richard/project/SAT_benchmark/SATLIB/RTI_k3_n100_m429/RTI_k3_n100_m429_459.cnf,SAT,34320.79,34308.99,11.79,311,248
/home/richard/project/SAT_benchmark/SATLIB/RTI_k3_n100_m429/RTI_k3_n100_m429_339.cnf,SAT,27690.93,27678.77,12.16,254,224
/home/richard/project/SAT_benchmark/SATLIB/RTI_k3_n100_m429/RTI_k3_n100_m429_235.cnf,SAT,32155.84,32143.83,12.01,292,238
/home/richard/project/SAT_benchmark/SATLIB/RTI_k3_n100_m429/RTI_k3_n100_m429_24.cnf,SAT,39780.02,39768.25,11.77,361,309
/home/richard/project/SAT_benchmark/SATLIB/RTI_k3_n100_m429/RTI_k3_n100_m429_108.cnf,SAT,98839.26,98826.40,12.86,907,693
/home/richard/project/SAT_benchmark/SATLIB/RTI_k3_n100_m429/RTI_k3_n100_m429_9.cnf,SAT,22273.97,22263.78,10.19,203,156
/home/richard/project/SAT_benchmark/SATLIB/RTI_k3_n100_m429/RTI_k3_n100_m429_184.cnf,SAT,47252.83,47239.65,13.18,430,366
/home/richard/project/SAT_benchmark/SATLIB/RTI_k3_n100_m429/RTI_k3_n100_m429_21.cnf,SAT,13330.07,13320.17,9.90,127,76
/home/richard/project/SAT_benchmark/SATLIB/RTI_k3_n100_m429/RTI_k3_n100_m429_381.cnf,SAT,21057.27,21048.00,9.26,198,161
/home/richard/project/SAT_benchmark/SATLIB/RTI_k3_n100_m429/RTI_k3_n100_m429_432.cnf,SAT,28764.52,28753.79,10.74,262,203
/home/richard/project/SAT_benchmark/SATLIB/RTI_k3_n100_m429/RTI_k3_n100_m429_277.cnf,SAT,26569.65,26558.53,11.13,245,206
/home/richard/project/SAT_benchmark/SATLIB/RTI_k3_n100_m429/RTI_k3_n100_m429_426.cnf,SAT,26565.61,26556.24,9.37,243,209
/home/richard/project/SAT_benchmark/SATLIB/RTI_k3_n100_m429/RTI_k3_n100_m429_13.cnf,SAT,64814.07,64800.05,14.02,597,506
/home/richard/project/SAT_benchmark/SATLIB/RTI_k3_n100_m429/RTI_k3_n100_m429_323.cnf,SAT,21142.87,21132.01,10.86,194,150
/home/richard/project/SAT_benchmark/SATLIB/RTI_k3_n100_m429/RTI_k3_n100_m429_424.cnf,SAT,97835.04,97820.34,14.70,892,763
/home/richard/project/SAT_benchmark/SATLIB/RTI_k3_n100_m429/RTI_k3_n100_m429_363.cnf,SAT,67333.84,67320.36,13.48,612,505
/home/richard/project/SAT_benchmark/SATLIB/RTI_k3_n100_m429/RTI_k3_n100_m429_198.cnf,SAT,51861.70,51848.06,13.63,473,387
/home/richard/project/SAT_benchmark/SATLIB/RTI_k3_n100_m429/RTI_k3_n100_m429_315.cnf,SAT,90366.34,90350.32,16.01,827,620
/home/richard/project/SAT_benchmark/SATLIB/RTI_k3_n100_m429/RTI_k3_n100_m429_438.cnf,SAT,23313.49,23297.59,15.91,215,174
/home/richard/project/SAT_benchmark/SATLIB/RTI_k3_n100_m429/RTI_k3_n100_m429_166.cnf,SAT,64115.36,64102.02,13.34,587,498
/home/richard/project/SAT_benchmark/SATLIB/RTI_k3_n100_m429/RTI_k3_n100_m429_274.cnf,SAT,20074.01,20059.03,14.98,181,141
/home/richard/project/SAT_benchmark/SATLIB/RTI_k3_n100_m429/RTI_k3_n100_m429_421.cnf,SAT,38637.62,38626.49,11.13,351,298
/home/richard/project/SAT_benchmark/SATLIB/RTI_k3_n100_m429/RTI_k3_n100_m429_308.cnf,SAT,11202.54,11194.31,8.23,104,73
/home/richard/project/SAT_benchmark/SATLIB/RTI_k3_n100_m429/RTI_k3_n100_m429_282.cnf,SAT,45224.07,45210.39,13.68,410,347
/home/richard/project/SAT_benchmark/SATLIB/RTI_k3_n100_m429/RTI_k3_n100_m429_62.cnf,SAT,30872.83,30862.45,10.38,284,229
/home/richard/project/SAT_benchmark/SATLIB/RTI_k3_n100_m429/RTI_k3_n100_m429_260.cnf,SAT,25462.27,25451.46,10.81,233,198
/home/richard/project/SAT_benchmark/SATLIB/RTI_k3_n100_m429/RTI_k3_n100_m429_386.cnf,SAT,19937.10,19928.01,9.09,186,131
/home/richard/project/SAT_benchmark/SATLIB/RTI_k3_n100_m429/RTI_k3_n100_m429_403.cnf,SAT,70440.53,70428.15,12.38,645,551
/home/richard/project/SAT_benchmark/SATLIB/RTI_k3_n100_m429/RTI_k3_n100_m429_333.cnf,SAT,53037.96,53020.08,17.88,489,445
/home/richard/project/SAT_benchmark/SATLIB/CBS_k3_n100_m435_b90/CBS_k3_n100_m435_b90_771.cnf,SAT,68070.56,68054.29,16.26,624,474
/home/richard/project/SAT_benchmark/SATLIB/CBS_k3_n100_m435_b90/CBS_k3_n100_m435_b90_141.cnf,SAT,89173.78,89160.36,13.42,813,702
/home/richard/project/SAT_benchmark/SATLIB/CBS_k3_n100_m435_b90/CBS_k3_n100_m435_b90_195.cnf,SAT,57236.10,57221.26,14.84,529,452
/home/richard/project/SAT_benchmark/SATLIB/CBS_k3_n100_m435_b90/CBS_k3_n100_m435_b90_827.cnf,SAT,34278.98,34267.59,11.39,319,258
/home/richard/project/SAT_benchmark/SATLIB/CBS_k3_n100_m435_b90/CBS_k3_n100_m435_b90_781.cnf,SAT,24368.60,24356.53,12.07,221,139
/home/richard/project/SAT_benchmark/SATLIB/CBS_k3_n100_m435_b90/CBS_k3_n100_m435_b90_525.cnf,SAT,52823.42,52806.25,17.17,482,417
/home/richard/project/SAT_benchmark/SATLIB/CBS_k3_n100_m435_b90/CBS_k3_n100_m435_b90_278.cnf,SAT,20044.69,20032.49,12.20,188,154
/home/richard/project/SAT_benchmark/SATLIB/CBS_k3_n100_m435_b90/CBS_k3_n100_m435_b90_83.cnf,SAT,22237.58,22222.85,14.73,207,179
/home/richard/project/SAT_benchmark/SATLIB/CBS_k3_n100_m435_b90/CBS_k3_n100_m435_b90_664.cnf,SAT,38688.01,38671.70,16.31,350,301
/home/richard/project/SAT_benchmark/SATLIB/CBS_k3_n100_m435_b90/CBS_k3_n100_m435_b90_891.cnf,SAT,32026.49,32013.68,12.82,298,245
/home/richard/project/SAT_benchmark/SATLIB/CBS_k3_n100_m435_b90/CBS_k3_n100_m435_b90_272.cnf,SAT,17865.75,17854.53,11.22,160,99
/home/richard/project/SAT_benchmark/SATLIB/CBS_k3_n100_m435_b90/CBS_k3_n100_m435_b90_581.cnf,SAT,117769.13,117753.13,16.01,1074,809
/home/richard/project/SAT_benchmark/SATLIB/CBS_k3_n100_m435_b90/CBS_k3_n100_m435_b90_842.cnf,SAT,28815.78,28802.47,13.30,260,210
/home/richard/project/SAT_benchmark/SATLIB/CBS_k3_n100_m435_b90/CBS_k3_n100_m435_b90_481.cnf,SAT,23290.73,23277.55,13.19,210,161
/home/richard/project/SAT_benchmark/SATLIB/CBS_k3_n100_m435_b90/CBS_k3_n100_m435_b90_31.cnf,SAT,34314.45,34301.35,13.10,312,259
/home/richard/project/SAT_benchmark/SATLIB/CBS_k3_n100_m435_b90/CBS_k3_n100_m435_b90_779.cnf,SAT,26545.66,26535.28,10.38,247,205
/home/richard/project/SAT_benchmark/SATLIB/CBS_k3_n100_m435_b90/CBS_k3_n100_m435_b90_315.cnf,SAT,24513.66,24499.89,13.77,224,176
/home/richard/project/SAT_benchmark/SATLIB/CBS_k3_n100_m435_b90/CBS_k3_n100_m435_b90_676.cnf,SAT,45153.64,45139.29,14.34,415,350
/home/richard/project/SAT_benchmark/SATLIB/CBS_k3_n100_m435_b90/CBS_k3_n100_m435_b90_860.cnf,SAT,108135.68,108118.84,16.85,989,760
/home/richard/project/SAT_benchmark/SATLIB/CBS_k3_n100_m435_b90/CBS_k3_n100_m435_b90_898.cnf,SAT,137990.86,137974.84,16.02,1262,810
/home/richard/project/SAT_benchmark/SATLIB/CBS_k3_n100_m435_b90/CBS_k3_n100_m435_b90_17.cnf,SAT,13369.69,13358.08,11.61,128,97
/home/richard/project/SAT_benchmark/SATLIB/CBS_k3_n100_m435_b90/CBS_k3_n100_m435_b90_497.cnf,SAT,113026.27,113010.59,15.68,1031,795
/home/richard/project/SAT_benchmark/SATLIB/CBS_k3_n100_m435_b90/CBS_k3_n100_m435_b90_985.cnf,SAT,40892.12,40878.23,13.89,379,316
/home/richard/project/SAT_benchmark/SATLIB/CBS_k3_n100_m435_b90/CBS_k3_n100_m435_b90_190.cnf,SAT,35277.64,35261.45,16.19,324,269
/home/richard/project/SAT_benchmark/SATLIB/CBS_k3_n100_m435_b90/CBS_k3_n100_m435_b90_780.cnf,SAT,85684.14,85666.52,17.62,789,633
/home/richard/project/SAT_benchmark/SATLIB/CBS_k3_n100_m435_b90/CBS_k3_n100_m435_b90_480.cnf,SAT,46147.18,46135.91,11.28,421,357
/home/richard/project/SAT_benchmark/SATLIB/CBS_k3_n100_m435_b90/CBS_k3_n100_m435_b90_984.cnf,SAT,37538.73,37527.63,11.11,342,280
/home/richard/project/SAT_benchmark/SATLIB/CBS_k3_n100_m435_b90/CBS_k3_n100_m435_b90_804.cnf,SAT,73810.11,73791.60,18.51,676,590
/home/richard/project/SAT_benchmark/SATLIB/CBS_k3_n100_m435_b90/CBS_k3_n100_m435_b90_885.cnf,SAT,111074.26,111056.96,17.30,1011,688
/home/richard/project/SAT_benchmark/SATLIB/CBS_k3_n100_m435_b90/CBS_k3_n100_m435_b90_892.cnf,SAT,23333.14,23320.45,12.69,215,173
/home/richard/project/SAT_benchmark/SATLIB/CBS_k3_n100_m435_b90/CBS_k3_n100_m435_b90_446.cnf,SAT,34267.46,34251.24,16.22,318,268
/home/richard/project/SAT_benchmark/SATLIB/CBS_k3_n100_m435_b90/CBS_k3_n100_m435_b90_602.cnf,SAT,3461.24,3450.02,11.22,32,15
/home/richard/project/SAT_benchmark/SATLIB/CBS_k3_n100_m435_b90/CBS_k3_n100_m435_b90_463.cnf,SAT,46220.46,46206.85,13.61,427,376
/home/richard/project/SAT_benchmark/SATLIB/CBS_k3_n100_m435_b90/CBS_k3_n100_m435_b90_934.cnf,SAT,40945.43,40934.27,11.16,370,317
/home/richard/project/SAT_benchmark/SATLIB/CBS_k3_n100_m435_b90/CBS_k3_n100_m435_b90_241.cnf,SAT,81305.53,81291.11,14.42,743,506
/home/richard/project/SAT_benchmark/SATLIB/CBS_k3_n100_m435_b90/CBS_k3_n100_m435_b90_324.cnf,SAT,67259.39,67241.28,18.11,618,543
/home/richard/project/SAT_benchmark/SATLIB/CBS_k3_n100_m435_b90/CBS_k3_n100_m435_b90_1.cnf,SAT,78528.04,78509.10,18.94,718,605
/home/richard/project/SAT_benchmark/SATLIB/CBS_k3_n100_m435_b90/CBS_k3_n100_m435_b90_218.cnf,SAT,50592.33,50579.91,12.43,461,386
/home/richard/project/SAT_benchmark/SATLIB/CBS_k3_n100_m435_b90/CBS_k3_n100_m435_b90_930.cnf,SAT,4598.06,4588.20,9.86,43,21
/home/richard/project/SAT_benchmark/SATLIB/CBS_k3_n100_m435_b90/CBS_k3_n100_m435_b90_889.cnf,SAT,54226.85,54213.65,13.20,497,417
/home/richard/project/SAT_benchmark/SATLIB/CBS_k3_n100_m435_b90/CBS_k3_n100_m435_b90_798.cnf,SAT,118724.77,118709.28,15.49,1086,920
/home/richard/project/SAT_benchmark/SATLIB/CBS_k3_n100_m435_b90/CBS_k3_n100_m435_b90_527.cnf,SAT,67290.25,67276.44,13.81,612,528
/home/richard/project/SAT_benchmark/SATLIB/CBS_k3_n100_m435_b90/CBS_k3_n100_m435_b90_67.cnf,SAT,65075.92,65058.72,17.20,596,500
/home/richard/project/SAT_benchmark/SATLIB/CBS_k3_n100_m435_b90/CBS_k3_n100_m435_b90_639.cnf,SAT,34343.33,34327.63,15.70,313,279
/home/richard/project/SAT_benchmark/SATLIB/CBS_k3_n100_m435_b90/CBS_k3_n100_m435_b90_484.cnf,SAT,25566.33,25556.15,10.18,238,181
/home/richard/project/SAT_benchmark/SATLIB/CBS_k3_n100_m435_b90/CBS_k3_n100_m435_b90_526.cnf,SAT,0.08,0.00,0.08,0,0
/home/richard/project/SAT_benchmark/SATLIB/CBS_k3_n100_m435_b90/CBS_k3_n100_m435_b90_748.cnf,SAT,149759.26,149741.87,17.39,1364,1069
/home/richard/project/SAT_benchmark/SATLIB/CBS_k3_n100_m435_b90/CBS_k3_n100_m435_b90_907.cnf,SAT,56223.99,56209.95,14.04,510,395
/home/richard/project/SAT_benchmark/SATLIB/CBS_k3_n100_m435_b90/CBS_k3_n100_m435_b90_693.cnf,SAT,39912.36,39898.97,13.39,367,298
/home/richard/project/SAT_benchmark/SATLIB/CBS_k3_n100_m435_b90/CBS_k3_n100_m435_b90_74.cnf,SAT,55264.51,55248.21,16.30,508,452
/home/richard/project/SAT_benchmark/SATLIB/CBS_k3_n100_m435_b90/CBS_k3_n100_m435_b90_936.cnf,SAT,180440.31,180422.62,17.68,1646,1321
/home/richard/project/SAT_benchmark/SATLIB/CBS_k3_n100_m435_b90/CBS_k3_n100_m435_b90_291.cnf,SAT,27800.39,27786.39,13.99,255,213
/home/richard/project/SAT_benchmark/SATLIB/CBS_k3_n100_m435_b90/CBS_k3_n100_m435_b90_62.cnf,SAT,18946.05,18932.76,13.28,177,145
/home/richard/project/SAT_benchmark/SATLIB/CBS_k3_n100_m435_b90/CBS_k3_n100_m435_b90_105.cnf,SAT,12333.48,12319.90,13.58,113,77
/home/richard/project/SAT_benchmark/SATLIB/CBS_k3_n100_m435_b90/CBS_k3_n100_m435_b90_742.cnf,SAT,6809.84,6800.29,9.55,68,39
/home/richard/project/SAT_benchmark/SATLIB/CBS_k3_n100_m435_b90/CBS_k3_n100_m435_b90_689.cnf,SAT,75388.79,75374.91,13.88,682,579
/home/richard/project/SAT_benchmark/SATLIB/CBS_k3_n100_m435_b90/CBS_k3_n100_m435_b90_731.cnf,SAT,72705.35,72691.91,13.45,666,535
/home/richard/project/SAT_benchmark/SATLIB/CBS_k3_n100_m435_b90/CBS_k3_n100_m435_b90_966.cnf,SAT,38680.59,38665.64,14.95,358,317
/home/richard/project/SAT_benchmark/SATLIB/CBS_k3_n100_m435_b90/CBS_k3_n100_m435_b90_848.cnf,SAT,33188.74,33177.29,11.45,309,254
/home/richard/project/SAT_benchmark/SATLIB/CBS_k3_n100_m435_b90/CBS_k3_n100_m435_b90_547.cnf,SAT,51628.50,51616.00,12.50,476,353
/home/richard/project/SAT_benchmark/SATLIB/CBS_k3_n100_m435_b90/CBS_k3_n100_m435_b90_193.cnf,SAT,42102.60,42091.52,11.08,388,322
/home/richard/project/SAT_benchmark/SATLIB/CBS_k3_n100_m435_b90/CBS_k3_n100_m435_b90_349.cnf,SAT,25401.15,25390.57,10.58,236,174
/home/richard/project/SAT_benchmark/SATLIB/CBS_k3_n100_m435_b90/CBS_k3_n100_m435_b90_555.cnf,SAT,44102.44,44085.64,16.79,409,356
/home/richard/project/SAT_benchmark/SATLIB/CBS_k3_n100_m435_b90/CBS_k3_n100_m435_b90_850.cnf,SAT,33303.73,33288.72,15.01,307,247
/home/richard/project/SAT_benchmark/SATLIB/CBS_k3_n100_m435_b90/CBS_k3_n100_m435_b90_33.cnf,SAT,64924.41,64912.26,12.15,592,465
/home/richard/project/SAT_benchmark/SATLIB/CBS_k3_n100_m435_b90/CBS_k3_n100_m435_b90_736.cnf,SAT,64885.34,64872.37,12.97,595,463
/home/richard/project/SAT_benchmark/SATLIB/CBS_k3_n100_m435_b90/CBS_k3_n100_m435_b90_65.cnf,SAT,96589.86,96577.86,12.00,886,610
/home/richard/project/SAT_benchmark/SATLIB/CBS_k3_n100_m435_b90/CBS_k3_n100_m435_b90_638.cnf,SAT,160357.97,160341.79,16.18,1469,902
/home/richard/project/SAT_benchmark/SATLIB/CBS_k3_n100_m435_b90/CBS_k3_n100_m435_b90_637.cnf,SAT,41930.10,41916.89,13.21,382,337
/home/richard/project/SAT_benchmark/SATLIB/CBS_k3_n100_m435_b90/CBS_k3_n100_m435_b90_317.cnf,SAT,69448.81,69435.73,13.09,636,524
/home/richard/project/SAT_benchmark/SATLIB/CBS_k3_n100_m435_b90/CBS_k3_n100_m435_b90_553.cnf,SAT,71489.97,71476.89,13.08,653,574
/home/richard/project/SAT_benchmark/SATLIB/CBS_k3_n100_m435_b90/CBS_k3_n100_m435_b90_715.cnf,SAT,12326.97,12311.53,15.44,119,87
/home/richard/project/SAT_benchmark/SATLIB/CBS_k3_n100_m435_b90/CBS_k3_n100_m435_b90_504.cnf,SAT,35309.89,35298.08,11.81,321,205
/home/richard/project/SAT_benchmark/SATLIB/CBS_k3_n100_m435_b90/CBS_k3_n100_m435_b90_533.cnf,SAT,43082.57,43070.57,12.00,397,331
/home/richard/project/SAT_benchmark/SATLIB/CBS_k3_n100_m435_b90/CBS_k3_n100_m435_b90_609.cnf,SAT,75871.79,75857.41,14.38,692,583
/home/richard/project/SAT_benchmark/SATLIB/CBS_k3_n100_m435_b90/CBS_k3_n100_m435_b90_266.cnf,SAT,11213.64,11201.59,12.05,109,67
/home/richard/project/SAT_benchmark/SATLIB/CBS_k3_n100_m435_b90/CBS_k3_n100_m435_b90_131.cnf,SAT,35494.89,35484.24,10.66,321,217
/home/richard/project/SAT_benchmark/SATLIB/CBS_k3_n100_m435_b90/CBS_k3_n100_m435_b90_587.cnf,SAT,9008.45,8998.31,10.14,80,54
/home/richard/project/SAT_benchmark/SATLIB/CBS_k3_n100_m435_b90/CBS_k3_n100_m435_b90_947.cnf,SAT,93562.42,93542.89,19.53,857,737
/home/richard/project/SAT_benchmark/SATLIB/CBS_k3_n100_m435_b90/CBS_k3_n100_m435_b90_386.cnf,SAT,55834.96,55823.49,11.47,508,383
/home/richard/project/SAT_benchmark/SATLIB/CBS_k3_n100_m435_b90/CBS_k3_n100_m435_b90_507.cnf,SAT,119238.50,119223.92,14.58,1099,958
/home/richard/project/SAT_benchmark/SATLIB/CBS_k3_n100_m435_b90/CBS_k3_n100_m435_b90_126.cnf,SAT,65976.99,65963.73,13.27,609,503
/home/richard/project/SAT_benchmark/SATLIB/CBS_k3_n100_m435_b90/CBS_k3_n100_m435_b90_142.cnf,SAT,53039.03,53022.52,16.51,489,424
/home/richard/project/SAT_benchmark/SATLIB/CBS_k3_n100_m435_b90/CBS_k3_n100_m435_b90_452.cnf,SAT,68222.52,68206.53,15.99,621,534
/home/richard/project/SAT_benchmark/SATLIB/CBS_k3_n100_m435_b90/CBS_k3_n100_m435_b90_164.cnf,SAT,69102.03,69086.96,15.07,639,412
/home/richard/project/SAT_benchmark/SATLIB/CBS_k3_n100_m435_b90/CBS_k3_n100_m435_b90_52.cnf,SAT,43102.98,43086.32,16.66,399,324
/home/richard/project/SAT_benchmark/SATLIB/CBS_k3_n100_m435_b90/CBS_k3_n100_m435_b90_174.cnf,SAT,110889.73,110873.51,16.22,1017,846
/home/richard/project/SAT_benchmark/SATLIB/CBS_k3_n100_m435_b90/CBS_k3_n100_m435_b90_629.cnf,SAT,70308.03,70293.96,14.07,648,533
/home/richard/project/SAT_benchmark/SATLIB/CBS_k3_n100_m435_b90/CBS_k3_n100_m435_b90_982.cnf,SAT,85329.27,85314.75,14.51,780,668
/home/richard/project/SAT_benchmark/SATLIB/CBS_k3_n100_m435_b90/CBS_k3_n100_m435_b90_808.cnf,SAT,148065.20,148045.91,19.29,1344,1092
/home/richard/project/SAT_benchmark/SATLIB/CBS_k3_n100_m435_b90/CBS_k3_n100_m435_b90_654.cnf,SAT,29343.32,29331.34,11.98,253,216
/home/richard/project/SAT_benchmark/SATLIB/CBS_k3_n100_m435_b90/CBS_k3_n100_m435_b90_368.cnf,SAT,30391.43,30377.75,13.68,258,212
/home/richard/project/SAT_benchmark/SATLIB/CBS_k3_n100_m435_b90/CBS_k3_n100_m435_b90_536.cnf,SAT,84017.01,84001.31,15.70,726,637
/home/richard/project/SAT_benchmark/SATLIB/CBS_k3_n100_m435_b90/CBS_k3_n100_m435_b90_951.cnf,SAT,81626.01,81611.78,14.24,717,613
/home/richard/project/SAT_benchmark/SATLIB/CBS_k3_n100_m435_b90/CBS_k3_n100_m435_b90_855.cnf,SAT,106627.12,106609.39,17.73,936,761
/home/richard/project/SAT_benchmark/SATLIB/CBS_k3_n100_m435_b90/CBS_k3_n100_m435_b90_18.cnf,SAT,63050.55,63037.23,13.32,550,371
/home/richard/project/SAT_benchmark/SATLIB/CBS_k3_n100_m435_b90/CBS_k3_n100_m435_b90_267.cnf,SAT,27648.12,27637.26,10.86,248,201
/home/richard/project/SAT_benchmark/SATLIB/CBS_k3_n100_m435_b90/CBS_k3_n100_m435_b90_806.cnf,SAT,82308.79,82292.48,16.30,729,639
/home/richard/project/SAT_benchmark/SATLIB/CBS_k3_n100_m435_b90/CBS_k3_n100_m435_b90_822.cnf,SAT,36796.23,36783.85,12.37,323,256
/home/richard/project/SAT_benchmark/SATLIB/CBS_k3_n100_m435_b90/CBS_k3_n100_m435_b90_158.cnf,SAT,28645.82,28635.19,10.63,258,224
/home/richard/project/SAT_benchmark/SATLIB/CBS_k3_n100_m435_b90/CBS_k3_n100_m435_b90_49.cnf,SAT,115168.15,115153.58,14.56,1014,760
/home/richard/project/SAT_benchmark/SATLIB/CBS_k3_n100_m435_b90/CBS_k3_n100_m435_b90_120.cnf,SAT,25366.18,25355.74,10.44,229,191
/home/richard/project/SAT_benchmark/SATLIB/CBS_k3_n100_m435_b90/CBS_k3_n100_m435_b90_598.cnf,SAT,7099.93,7087.04,12.89,61,38
/home/richard/project/SAT_benchmark/SATLIB/CBS_k3_n100_m435_b90/CBS_k3_n100_m435_b90_409.cnf,SAT,17382.02,17370.33,11.69,155,124
/home/richard/project/SAT_benchmark/SATLIB/CBS_k3_n100_m435_b90/CBS_k3_n100_m435_b90_948.cnf,SAT,108394.25,108379.18,15.07,954,695
/home/richard/project/SAT_benchmark/SATLIB/CBS_k3_n100_m435_b90/CBS_k3_n100_m435_b90_937.cnf,SAT,132729.63,132709.24,20.39,1169,932
/home/richard/project/SAT_benchmark/SATLIB/CBS_k3_n100_m435_b90/CBS_k3_n100_m435_b90_672.cnf,SAT,7128.02,7114.04,13.98,63,42
/home/richard/project/SAT_benchmark/SATLIB/CBS_k3_n100_m435_b90/CBS_k3_n100_m435_b90_706.cnf,SAT,18446.26,18433.87,12.39,164,132
/home/richard/project/SAT_benchmark/SATLIB/CBS_k3_n100_m435_b90/CBS_k3_n100_m435_b90_783.cnf,SAT,121318.81,121304.31,14.50,1037,873
/home/richard/project/SAT_benchmark/SATLIB/CBS_k3_n100_m435_b90/CBS_k3_n100_m435_b90_583.cnf,SAT,37096.54,37085.31,11.22,329,271
/home/richard/project/SAT_benchmark/SATLIB/CBS_k3_n100_m435_b90/CBS_k3_n100_m435_b90_63.cnf,SAT,38104.95,38091.18,13.77,336,278
/home/richard/project/SAT_benchmark/SATLIB/CBS_k3_n100_m435_b90/CBS_k3_n100_m435_b90_19.cnf,SAT,19721.44,19709.93,11.51,173,134
/home/richard/project/SAT_benchmark/SATLIB/CBS_k3_n100_m435_b90/CBS_k3_n100_m435_b90_847.cnf,SAT,66658.80,66645.22,13.57,583,480
/home/richard/project/SAT_benchmark/SATLIB/CBS_k3_n100_m435_b90/CBS_k3_n100_m435_b90_499.cnf,SAT,11701.72,11688.52,13.20,106,63
/home/richard/project/SAT_benchmark/SATLIB/CBS_k3_n100_m435_b90/CBS_k3_n100_m435_b90_380.cnf,SAT,123712.16,123691.65,20.51,1080,935
/home/richard/project/SAT_benchmark/SATLIB/CBS_k3_n100_m435_b90/CBS_k3_n100_m435_b90_472.cnf,SAT,9334.43,9320.92,13.50,86,61
/home/richard/project/SAT_benchmark/SATLIB/CBS_k3_n100_m435_b90/CBS_k3_n100_m435_b90_815.cnf,SAT,21066.17,21055.27,10.90,180,142
/home/richard/project/SAT_benchmark/SATLIB/CBS_k3_n100_m435_b90/CBS_k3_n100_m435_b90_203.cnf,SAT,79029.29,79013.25,16.04,695,530
/home/richard/project/SAT_benchmark/SATLIB/CBS_k3_n100_m435_b90/CBS_k3_n100_m435_b90_134.cnf,SAT,77071.57,77057.56,14.01,672,563
/home/richard/project/SAT_benchmark/SATLIB/CBS_k3_n100_m435_b90/CBS_k3_n100_m435_b90_916.cnf,SAT,65406.34,65390.30,16.04,576,501
/home/richard/project/SAT_benchmark/SATLIB/CBS_k3_n100_m435_b90/CBS_k3_n100_m435_b90_767.cnf,SAT,77809.53,77794.48,15.05,684,592
/home/richard/project/SAT_benchmark/SATLIB/CBS_k3_n100_m435_b90/CBS_k3_n100_m435_b90_130.cnf,SAT,101838.48,101824.61,13.87,899,769
/home/richard/project/SAT_benchmark/SATLIB/CBS_k3_n100_m435_b90/CBS_k3_n100_m435_b90_112.cnf,SAT,21239.76,21228.85,10.92,184,144
/home/richard/project/SAT_benchmark/SATLIB/CBS_k3_n100_m435_b90/CBS_k3_n100_m435_b90_631.cnf,SAT,52588.28,52573.56,14.72,461,375
/home/richard/project/SAT_benchmark/SATLIB/CBS_k3_n100_m435_b90/CBS_k3_n100_m435_b90_603.cnf,SAT,27674.42,27658.44,15.98,245,205
/home/richard/project/SAT_benchmark/SATLIB/CBS_k3_n100_m435_b90/CBS_k3_n100_m435_b90_596.cnf,SAT,83649.06,83635.61,13.45,735,644
/home/richard/project/SAT_benchmark/SATLIB/CBS_k3_n100_m435_b90/CBS_k3_n100_m435_b90_257.cnf,SAT,2675.41,2664.58,10.83,29,16
/home/richard/project/SAT_benchmark/SATLIB/CBS_k3_n100_m435_b90/CBS_k3_n100_m435_b90_351.cnf,SAT,62638.19,62620.75,17.45,544,468
/home/richard/project/SAT_benchmark/SATLIB/CBS_k3_n100_m435_b90/CBS_k3_n100_m435_b90_900.cnf,SAT,67630.27,67619.44,10.83,597,464
/home/richard/project/SAT_benchmark/SATLIB/CBS_k3_n100_m435_b90/CBS_k3_n100_m435_b90_521.cnf,SAT,43782.53,43769.91,12.62,386,322
/home/richard/project/SAT_benchmark/SATLIB/CBS_k3_n100_m435_b90/CBS_k3_n100_m435_b90_302.cnf,SAT,78399.35,78385.97,13.38,687,578
/home/richard/project/SAT_benchmark/SATLIB/CBS_k3_n100_m435_b90/CBS_k3_n100_m435_b90_923.cnf,SAT,261406.65,261387.72,18.93,2273,1201
/home/richard/project/SAT_benchmark/SATLIB/CBS_k3_n100_m435_b90/CBS_k3_n100_m435_b90_90.cnf,SAT,45656.12,45642.13,13.99,352,301
/home/richard/project/SAT_benchmark/SATLIB/CBS_k3_n100_m435_b90/CBS_k3_n100_m435_b90_716.cnf,SAT,32658.34,32647.29,11.05,285,234
/home/richard/project/SAT_benchmark/SATLIB/CBS_k3_n100_m435_b90/CBS_k3_n100_m435_b90_764.cnf,SAT,67365.99,67353.43,12.57,587,488
/home/richard/project/SAT_benchmark/SATLIB/CBS_k3_n100_m435_b90/CBS_k3_n100_m435_b90_319.cnf,SAT,53750.21,53737.63,12.58,469,369
/home/richard/project/SAT_benchmark/SATLIB/CBS_k3_n100_m435_b90/CBS_k3_n100_m435_b90_624.cnf,SAT,23720.24,23709.33,10.91,207,168
/home/richard/project/SAT_benchmark/SATLIB/CBS_k3_n100_m435_b90/CBS_k3_n100_m435_b90_869.cnf,SAT,30277.42,30266.08,11.34,263,214
/home/richard/project/SAT_benchmark/SATLIB/CBS_k3_n100_m435_b90/CBS_k3_n100_m435_b90_238.cnf,SAT,106311.92,106296.92,15.00,939,794
/home/richard/project/SAT_benchmark/SATLIB/CBS_k3_n100_m435_b90/CBS_k3_n100_m435_b90_379.cnf,SAT,157820.70,157802.31,18.40,1373,957
/home/richard/project/SAT_benchmark/SATLIB/CBS_k3_n100_m435_b90/CBS_k3_n100_m435_b90_127.cnf,SAT,39716.98,39703.38,13.60,345,280
/home/richard/project/SAT_benchmark/SATLIB/CBS_k3_n100_m435_b90/CBS_k3_n100_m435_b90_690.cnf,SAT,34110.54,34097.42,13.12,292,247
/home/richard/project/SAT_benchmark/SATLIB/CBS_k3_n100_m435_b90/CBS_k3_n100_m435_b90_958.cnf,SAT,6936.88,6924.53,12.35,68,45
/home/richard/project/SAT_benchmark/SATLIB/CBS_k3_n100_m435_b90/CBS_k3_n100_m435_b90_623.cnf,SAT,41716.42,41703.39,13.04,369,301
/home/richard/project/SAT_benchmark/SATLIB/CBS_k3_n100_m435_b90/CBS_k3_n100_m435_b90_987.cnf,SAT,36542.25,36526.32,15.93,328,280
/home/richard/project/SAT_benchmark/SATLIB/CBS_k3_n100_m435_b90/CBS_k3_n100_m435_b90_775.cnf,SAT,46820.25,46803.83,16.42,418,330
/home/richard/project/SAT_benchmark/SATLIB/CBS_k3_n100_m435_b90/CBS_k3_n100_m435_b90_728.cnf,SAT,63171.83,63156.34,15.49,566,452
/home/richard/project/SAT_benchmark/SATLIB/CBS_k3_n100_m435_b90/CBS_k3_n100_m435_b90_523.cnf,SAT,96709.97,96690.63,19.34,837,731
/home/richard/project/SAT_benchmark/SATLIB/CBS_k3_n100_m435_b90/CBS_k3_n100_m435_b90_46.cnf,SAT,77133.30,77119.15,14.14,670,577
/home/richard/project/SAT_benchmark/SATLIB/CBS_k3_n100_m435_b90/CBS_k3_n100_m435_b90_509.cnf,SAT,15096.44,15085.75,10.69,133,98
/home/richard/project/SAT_benchmark/SATLIB/CBS_k3_n100_m435_b90/CBS_k3_n100_m435_b90_369.cnf,SAT,83629.30,83612.51,16.79,734,467
/home/richard/project/SAT_benchmark/SATLIB/CBS_k3_n100_m435_b90/CBS_k3_n100_m435_b90_705.cnf,SAT,36996.44,36985.64,10.80,326,259
/home/richard/project/SAT_benchmark/SATLIB/CBS_k3_n100_m435_b90/CBS_k3_n100_m435_b90_580.cnf,SAT,32445.09,32429.18,15.91,288,246
/home/richard/project/SAT_benchmark/SATLIB/CBS_k3_n100_m435_b90/CBS_k3_n100_m435_b90_914.cnf,SAT,80007.21,79993.33,13.87,698,600
/home/richard/project/SAT_benchmark/SATLIB/CBS_k3_n100_m435_b90/CBS_k3_n100_m435_b90_188.cnf,SAT,51213.16,51195.95,17.21,440,397
/home/richard/project/SAT_benchmark/SATLIB/CBS_k3_n100_m435_b90/CBS_k3_n100_m435_b90_378.cnf,SAT,69553.56,69536.84,16.72,618,439
/home/richard/project/SAT_benchmark/SATLIB/CBS_k3_n100_m435_b90/CBS_k3_n100_m435_b90_282.cnf,SAT,65039.38,65021.71,17.67,564,467
/home/richard/project/SAT_benchmark/SATLIB/CBS_k3_n100_m435_b90/CBS_k3_n100_m435_b90_899.cnf,SAT,13053.36,13041.87,11.49,116,75
/home/richard/project/SAT_benchmark/SATLIB/CBS_k3_n100_m435_b90/CBS_k3_n100_m435_b90_432.cnf,SAT,55824.07,55807.54,16.53,499,430
/home/richard/project/SAT_benchmark/SATLIB/CBS_k3_n100_m435_b90/CBS_k3_n100_m435_b90_366.cnf,SAT,39360.15,39346.75,13.40,355,289
/home/richard/project/SAT_benchmark/SATLIB/CBS_k3_n100_m435_b90/CBS_k3_n100_m435_b90_879.cnf,SAT,114640.02,114623.35,16.67,932,788
/home/richard/project/SAT_benchmark/SATLIB/CBS_k3_n100_m435_b90/CBS_k3_n100_m435_b90_35.cnf,SAT,72682.69,72670.07,12.62,574,489
/home/richard/project/SAT_benchmark/SATLIB/CBS_k3_n100_m435_b90/CBS_k3_n100_m435_b90_393.cnf,SAT,49603.85,49586.98,16.87,386,249
/home/richard/project/SAT_benchmark/SATLIB/CBS_k3_n100_m435_b90/CBS_k3_n100_m435_b90_924.cnf,SAT,74444.45,74430.29,14.16,574,489
/home/richard/project/SAT_benchmark/SATLIB/CBS_k3_n100_m435_b90/CBS_k3_n100_m435_b90_865.cnf,SAT,152907.31,152890.84,16.47,1173,861
/home/richard/project/SAT_benchmark/SATLIB/CBS_k3_n100_m435_b90/CBS_k3_n100_m435_b90_613.cnf,SAT,152075.15,152059.03,16.12,1284,1025
/home/richard/project/SAT_benchmark/SATLIB/CBS_k3_n100_m435_b90/CBS_k3_n100_m435_b90_311.cnf,SAT,64023.27,64010.35,12.92,584,456
/home/richard/project/SAT_benchmark/SATLIB/CBS_k3_n100_m435_b90/CBS_k3_n100_m435_b90_341.cnf,SAT,86693.02,86676.23,16.79,798,588
/home/richard/project/SAT_benchmark/SATLIB/CBS_k3_n100_m435_b90/CBS_k3_n100_m435_b90_314.cnf,SAT,105134.82,105117.86,16.97,965,830
/home/richard/project/SAT_benchmark/SATLIB/CBS_k3_n100_m435_b90/CBS_k3_n100_m435_b90_531.cnf,SAT,73879.45,73864.64,14.81,677,560
/home/richard/project/SAT_benchmark/SATLIB/CBS_k3_n100_m435_b90/CBS_k3_n100_m435_b90_206.cnf,SAT,85383.34,85369.22,14.12,782,665
/home/richard/project/SAT_benchmark/SATLIB/CBS_k3_n100_m435_b90/CBS_k3_n100_m435_b90_73.cnf,SAT,36000.73,35984.46,16.27,329,271
/home/richard/project/SAT_benchmark/SATLIB/CBS_k3_n100_m435_b90/CBS_k3_n100_m435_b90_411.cnf,SAT,14576.03,14560.76,15.27,132,102
/home/richard/project/SAT_benchmark/SATLIB/CBS_k3_n100_m435_b90/CBS_k3_n100_m435_b90_373.cnf,SAT,55966.34,55953.95,12.39,514,415
/home/richard/project/SAT_benchmark/SATLIB/CBS_k3_n100_m435_b90/CBS_k3_n100_m435_b90_387.cnf,SAT,41862.72,41848.66,14.06,381,316
/home/richard/project/SAT_benchmark/SATLIB/CBS_k3_n100_m435_b90/CBS_k3_n100_m435_b90_301.cnf,SAT,29736.94,29722.58,14.36,270,221
/home/richard/project/SAT_benchmark/SATLIB/CBS_k3_n100_m435_b90/CBS_k3_n100_m435_b90_321.cnf,SAT,79991.29,79972.86,18.44,730,622
/home/richard/project/SAT_benchmark/SATLIB/CBS_k3_n100_m435_b90/CBS_k3_n100_m435_b90_371.cnf,SAT,64758.92,64747.10,11.82,595,507
/home/richard/project/SAT_benchmark/SATLIB/CBS_k3_n100_m435_b90/CBS_k3_n100_m435_b90_298.cnf,SAT,27682.60,27671.69,10.92,251,194
/home/richard/project/SAT_benchmark/SATLIB/CBS_k3_n100_m435_b90/CBS_k3_n100_m435_b90_32.cnf,SAT,44058.45,44044.19,14.26,404,327
/home/richard/project/SAT_benchmark/SATLIB/CBS_k3_n100_m435_b90/CBS_k3_n100_m435_b90_954.cnf,SAT,84159.83,84146.72,13.11,773,646
/home/richard/project/SAT_benchmark/SATLIB/CBS_k3_n100_m435_b90/CBS_k3_n100_m435_b90_726.cnf,SAT,40824.89,40810.26,14.63,378,301
/home/richard/project/SAT_benchmark/SATLIB/CBS_k3_n100_m435_b90/CBS_k3_n100_m435_b90_185.cnf,SAT,48438.01,48421.28,16.73,447,383
/home/richard/project/SAT_benchmark/SATLIB/CBS_k3_n100_m435_b90/CBS_k3_n100_m435_b90_277.cnf,SAT,83362.44,83349.05,13.39,769,637
/home/richard/project/SAT_benchmark/SATLIB/CBS_k3_n100_m435_b90/CBS_k3_n100_m435_b90_406.cnf,SAT,65121.55,65106.99,14.56,591,502
/home/richard/project/SAT_benchmark/SATLIB/CBS_k3_n100_m435_b90/CBS_k3_n100_m435_b90_99.cnf,SAT,64978.35,64963.88,14.48,590,493
/home/richard/project/SAT_benchmark/SATLIB/CBS_k3_n100_m435_b90/CBS_k3_n100_m435_b90_906.cnf,SAT,67005.56,66990.28,15.29,619,552
/home/richard/project/SAT_benchmark/SATLIB/CBS_k3_n100_m435_b90/CBS_k3_n100_m435_b90_877.cnf,SAT,38543.53,38531.42,12.12,358,309
/home/richard/project/SAT_benchmark/SATLIB/CBS_k3_n100_m435_b90/CBS_k3_n100_m435_b90_234.cnf,SAT,42977.51,42963.65,13.87,393,321
/home/richard/project/SAT_benchmark/SATLIB/CBS_k3_n100_m435_b90/CBS_k3_n100_m435_b90_426.cnf,SAT,64966.39,64952.91,13.47,593,499
/home/richard/project/SAT_benchmark/SATLIB/CBS_k3_n100_m435_b90/CBS_k3_n100_m435_b90_724.cnf,SAT,64859.14,64843.36,15.78,594,371
/home/richard/project/SAT_benchmark/SATLIB/CBS_k3_n100_m435_b90/CBS_k3_n100_m435_b90_803.cnf,SAT,58245.49,58232.04,13.45,530,381
/home/richard/project/SAT_benchmark/SATLIB/CBS_k3_n100_m435_b90/CBS_k3_n100_m435_b90_929.cnf,SAT,61449.25,61436.44,12.81,564,444
/home/richard/project/SAT_benchmark/SATLIB/CBS_k3_n100_m435_b90/CBS_k3_n100_m435_b90_121.cnf,SAT,54889.71,54877.87,11.84,508,412
/home/richard/project/SAT_benchmark/SATLIB/CBS_k3_n100_m435_b90/CBS_k3_n100_m435_b90_115.cnf,SAT,32007.37,31991.27,16.10,296,239
/home/richard/project/SAT_benchmark/SATLIB/CBS_k3_n100_m435_b90/CBS_k3_n100_m435_b90_154.cnf,SAT,76875.22,76859.38,15.84,704,579
/home/richard/project/SAT_benchmark/SATLIB/CBS_k3_n100_m435_b90/CBS_k3_n100_m435_b90_696.cnf,SAT,72722.16,72709.11,13.05,668,543
/home/richard/project/SAT_benchmark/SATLIB/CBS_k3_n100_m435_b90/CBS_k3_n100_m435_b90_21.cnf,SAT,62709.58,62695.86,13.72,571,472
/home/richard/project/SAT_benchmark/SATLIB/CBS_k3_n100_m435_b90/CBS_k3_n100_m435_b90_245.cnf,SAT,210720.42,210700.70,19.72,1924,1295
/home/richard/project/SAT_benchmark/SATLIB/CBS_k3_n100_m435_b90/CBS_k3_n100_m435_b90_626.cnf,SAT,36471.07,36454.41,16.66,331,295
/home/richard/project/SAT_benchmark/SATLIB/CBS_k3_n100_m435_b90/CBS_k3_n100_m435_b90_503.cnf,SAT,52795.12,52781.44,13.68,482,401
/home/richard/project/SAT_benchmark/SATLIB/CBS_k3_n100_m435_b90/CBS_k3_n100_m435_b90_410.cnf,SAT,21083.17,21072.53,10.64,197,152
/home/richard/project/SAT_benchmark/SATLIB/CBS_k3_n100_m435_b90/CBS_k3_n100_m435_b90_101.cnf,SAT,30798.61,30788.75,9.85,289,209
/home/richard/project/SAT_benchmark/SATLIB/CBS_k3_n100_m435_b90/CBS_k3_n100_m435_b90_887.cnf,SAT,66300.39,66285.67,14.72,605,524
/home/richard/project/SAT_benchmark/SATLIB/CBS_k3_n100_m435_b90/CBS_k3_n100_m435_b90_268.cnf,SAT,13524.22,13509.87,14.35,127,98
/home/richard/project/SAT_benchmark/SATLIB/CBS_k3_n100_m435_b90/CBS_k3_n100_m435_b90_857.cnf,SAT,49528.53,49511.58,16.95,443,373
/home/richard/project/SAT_benchmark/SATLIB/CBS_k3_n100_m435_b90/CBS_k3_n100_m435_b90_698.cnf,SAT,94211.80,94194.83,16.96,853,722
/home/richard/project/SAT_benchmark/SATLIB/CBS_k3_n100_m435_b90/CBS_k3_n100_m435_b90_423.cnf,SAT,53373.41,53358.99,14.42,483,419
/home/richard/project/SAT_benchmark/SATLIB/CBS_k3_n100_m435_b90/CBS_k3_n100_m435_b90_498.cnf,SAT,11303.65,11288.22,15.43,103,85
/home/richard/project/SAT_benchmark/SATLIB/CBS_k3_n100_m435_b90/CBS_k3_n100_m435_b90_691.cnf,SAT,73084.97,73070.35,14.62,668,546
/home/richard/project/SAT_benchmark/SATLIB/CBS_k3_n100_m435_b90/CBS_k3_n100_m435_b90_832.cnf,SAT,7936.24,7924.39,11.85,76,56
/home/richard/project/SAT_benchmark/SATLIB/CBS_k3_n100_m435_b90/CBS_k3_n100_m435_b90_416.cnf,SAT,43440.58,43425.64,14.94,393,281
/home/richard/project/SAT_benchmark/SATLIB/CBS_k3_n100_m435_b90/CBS_k3_n100_m435_b90_793.cnf,SAT,20476.48,20464.55,11.93,184,155
/home/richard/project/SAT_benchmark/SATLIB/CBS_k3_n100_m435_b90/CBS_k3_n100_m435_b90_215.cnf,SAT,107694.30,107680.26,14.04,967,779
/home/richard/project/SAT_benchmark/SATLIB/CBS_k3_n100_m435_b90/CBS_k3_n100_m435_b90_551.cnf,SAT,67746.17,67731.74,14.43,585,492
/home/richard/project/SAT_benchmark/SATLIB/CBS_k3_n100_m435_b90/CBS_k3_n100_m435_b90_322.cnf,SAT,70741.97,70727.67,14.29,611,423
/home/richard/project/SAT_benchmark/SATLIB/CBS_k3_n100_m435_b90/CBS_k3_n100_m435_b90_364.cnf,SAT,21082.84,21068.10,14.74,185,155
/home/richard/project/SAT_benchmark/SATLIB/CBS_k3_n100_m435_b90/CBS_k3_n100_m435_b90_864.cnf,SAT,10533.50,10518.11,15.38,98,75
/home/richard/project/SAT_benchmark/SATLIB/CBS_k3_n100_m435_b90/CBS_k3_n100_m435_b90_40.cnf,SAT,23928.78,23913.15,15.63,202,172
/home/richard/project/SAT_benchmark/SATLIB/CBS_k3_n100_m435_b90/CBS_k3_n100_m435_b90_422.cnf,SAT,45923.51,45906.21,17.30,399,340
/home/richard/project/SAT_benchmark/SATLIB/CBS_k3_n100_m435_b90/CBS_k3_n100_m435_b90_925.cnf,SAT,49641.24,49629.59,11.65,425,348
/home/richard/project/SAT_benchmark/SATLIB/CBS_k3_n100_m435_b90/CBS_k3_n100_m435_b90_325.cnf,SAT,66234.40,66216.72,17.67,579,466
/home/richard/project/SAT_benchmark/SATLIB/CBS_k3_n100_m435_b90/CBS_k3_n100_m435_b90_628.cnf,SAT,69147.44,69134.50,12.94,598,518
/home/richard/project/SAT_benchmark/SATLIB/CBS_k3_n100_m435_b90/CBS_k3_n100_m435_b90_307.cnf,SAT,108172.91,108153.29,19.62,948,603
/home/richard/project/SAT_benchmark/SATLIB/CBS_k3_n100_m435_b90/CBS_k3_n100_m435_b90_295.cnf,SAT,64394.18,64378.06,16.12,579,486
/home/richard/project/SAT_benchmark/SATLIB/CBS_k3_n100_m435_b90/CBS_k3_n100_m435_b90_106.cnf,SAT,5738.03,5722.86,15.17,55,33
/home/richard/project/SAT_benchmark/SATLIB/CBS_k3_n100_m435_b90/CBS_k3_n100_m435_b90_261.cnf,SAT,89755.75,89739.60,16.14,798,697
/home/richard/project/SAT_benchmark/SATLIB/CBS_k3_n100_m435_b90/CBS_k3_n100_m435_b90_799.cnf,SAT,32139.61,32123.31,16.29,282,241
/home/richard/project/SAT_benchmark/SATLIB/CBS_k3_n100_m435_b90/CBS_k3_n100_m435_b90_489.cnf,SAT,72933.24,72921.06,12.17,625,528
/home/richard/project/SAT_benchmark/SATLIB/CBS_k3_n100_m435_b90/CBS_k3_n100_m435_b90_605.cnf,SAT,30772.53,30756.45,16.08,266,227
/home/richard/project/SAT_benchmark/SATLIB/CBS_k3_n100_m435_b90/CBS_k3_n100_m435_b90_290.cnf,SAT,7182.09,7172.78,9.32,67,45
/home/richard/project/SAT_benchmark/SATLIB/CBS_k3_n100_m435_b90/CBS_k3_n100_m435_b90_544.cnf,SAT,38912.43,38901.94,10.50,334,279
/home/richard/project/SAT_benchmark/SATLIB/CBS_k3_n100_m435_b90/CBS_k3_n100_m435_b90_333.cnf,SAT,13028.55,13018.24,10.31,119,88
/home/richard/project/SAT_benchmark/SATLIB/CBS_k3_n100_m435_b90/CBS_k3_n100_m435_b90_579.cnf,SAT,25974.66,25961.65,13.01,220,178
/home/richard/project/SAT_benchmark/SATLIB/CBS_k3_n100_m435_b90/CBS_k3_n100_m435_b90_513.cnf,SAT,22220.83,22204.97,15.86,193,164
/home/richard/project/SAT_benchmark/SATLIB/CBS_k3_n100_m435_b90/CBS_k3_n100_m435_b90_468.cnf,SAT,59446.20,59428.91,17.28,524,467
/home/richard/project/SAT_benchmark/SATLIB/CBS_k3_n100_m435_b90/CBS_k3_n100_m435_b90_684.cnf,SAT,117250.73,117233.86,16.88,1005,810
/home/richard/project/SAT_benchmark/SATLIB/CBS_k3_n100_m435_b90/CBS_k3_n100_m435_b90_297.cnf,SAT,30607.13,30592.71,14.42,264,224
/home/richard/project/SAT_benchmark/SATLIB/CBS_k3_n100_m435_b90/CBS_k3_n100_m435_b90_585.cnf,SAT,20126.60,20116.60,10.00,172,127
/home/richard/project/SAT_benchmark/SATLIB/CBS_k3_n100_m435_b90/CBS_k3_n100_m435_b90_327.cnf,SAT,83427.78,83412.89,14.88,730,621
/home/richard/project/SAT_benchmark/SATLIB/CBS_k3_n100_m435_b90/CBS_k3_n100_m435_b90_303.cnf,SAT,31940.71,31925.28,15.44,272,220
/home/richard/project/SAT_benchmark/SATLIB/CBS_k3_n100_m435_b90/CBS_k3_n100_m435_b90_486.cnf,SAT,69338.58,69320.69,17.89,596,486
/home/richard/project/SAT_benchmark/SATLIB/CBS_k3_n100_m435_b90/CBS_k3_n100_m435_b90_357.cnf,SAT,124894.33,124878.92,15.41,1091,803
/home/richard/project/SAT_benchmark/SATLIB/CBS_k3_n100_m435_b90/CBS_k3_n100_m435_b90_284.cnf,SAT,54498.52,54481.86,16.66,466,390
/home/richard/project/SAT_benchmark/SATLIB/CBS_k3_n100_m435_b90/CBS_k3_n100_m435_b90_565.cnf,SAT,64650.91,64638.19,12.72,588,510
/home/richard/project/SAT_benchmark/SATLIB/CBS_k3_n100_m435_b90/CBS_k3_n100_m435_b90_151.cnf,SAT,40066.80,40051.75,15.05,365,315
/home/richard/project/SAT_benchmark/SATLIB/CBS_k3_n100_m435_b90/CBS_k3_n100_m435_b90_981.cnf,SAT,132797.77,132782.41,15.35,1203,714
/home/richard/project/SAT_benchmark/SATLIB/CBS_k3_n100_m435_b90/CBS_k3_n100_m435_b90_216.cnf,SAT,67307.35,67293.10,14.25,603,514
/home/richard/project/SAT_benchmark/SATLIB/CBS_k3_n100_m435_b90/CBS_k3_n100_m435_b90_838.cnf,SAT,133934.57,133915.89,18.68,1225,997
/home/richard/project/SAT_benchmark/SATLIB/CBS_k3_n100_m435_b90/CBS_k3_n100_m435_b90_44.cnf,SAT,51818.21,51802.93,15.28,476,398
/home/richard/project/SAT_benchmark/SATLIB/CBS_k3_n100_m435_b90/CBS_k3_n100_m435_b90_874.cnf,SAT,205164.11,205144.62,19.49,1867,1252
/home/richard/project/SAT_benchmark/SATLIB/CBS_k3_n100_m435_b90/CBS_k3_n100_m435_b90_896.cnf,SAT,25499.42,25483.73,15.69,238,187
/home/richard/project/SAT_benchmark/SATLIB/CBS_k3_n100_m435_b90/CBS_k3_n100_m435_b90_442.cnf,SAT,48477.29,48460.73,16.56,448,389
/home/richard/project/SAT_benchmark/SATLIB/CBS_k3_n100_m435_b90/CBS_k3_n100_m435_b90_217.cnf,SAT,12307.17,12292.16,15.01,111,82
/home/richard/project/SAT_benchmark/SATLIB/CBS_k3_n100_m435_b90/CBS_k3_n100_m435_b90_146.cnf,SAT,54094.99,54080.22,14.77,493,411
/home/richard/project/SAT_benchmark/SATLIB/CBS_k3_n100_m435_b90/CBS_k3_n100_m435_b90_839.cnf,SAT,13517.77,13507.21,10.56,111,83
/home/richard/project/SAT_benchmark/SATLIB/CBS_k3_n100_m435_b90/CBS_k3_n100_m435_b90_157.cnf,SAT,112107.09,112093.03,14.06,930,739
/home/richard/project/SAT_benchmark/SATLIB/CBS_k3_n100_m435_b90/CBS_k3_n100_m435_b90_455.cnf,SAT,123705.55,123691.06,14.49,1031,665
/home/richard/project/SAT_benchmark/SATLIB/CBS_k3_n100_m435_b90/CBS_k3_n100_m435_b90_320.cnf,SAT,172130.16,172110.80,19.36,1433,1212
/home/richard/project/SAT_benchmark/SATLIB/CBS_k3_n100_m435_b90/CBS_k3_n100_m435_b90_971.cnf,SAT,20497.68,20487.03,10.65,176,149
/home/richard/project/SAT_benchmark/SATLIB/CBS_k3_n100_m435_b90/CBS_k3_n100_m435_b90_79.cnf,SAT,71392.01,71380.66,11.35,607,483
/home/richard/project/SAT_benchmark/SATLIB/CBS_k3_n100_m435_b90/CBS_k3_n100_m435_b90_465.cnf,SAT,28686.32,28670.17,16.15,243,207
/home/richard/project/SAT_benchmark/SATLIB/CBS_k3_n100_m435_b90/CBS_k3_n100_m435_b90_445.cnf,SAT,91726.27,91708.06,18.22,775,636
/home/richard/project/SAT_benchmark/SATLIB/CBS_k3_n100_m435_b90/CBS_k3_n100_m435_b90_274.cnf,SAT,31439.15,31424.85,14.30,263,216
/home/richard/project/SAT_benchmark/SATLIB/CBS_k3_n100_m435_b90/CBS_k3_n100_m435_b90_338.cnf,SAT,39355.76,39345.08,10.68,339,269
/home/richard/project/SAT_benchmark/SATLIB/CBS_k3_n100_m435_b90/CBS_k3_n100_m435_b90_633.cnf,SAT,83440.30,83423.03,17.27,708,614
/home/richard/project/SAT_benchmark/SATLIB/CBS_k3_n100_m435_b90/CBS_k3_n100_m435_b90_183.cnf,SAT,51476.32,51465.35,10.97,434,375
/home/richard/project/SAT_benchmark/SATLIB/CBS_k3_n100_m435_b90/CBS_k3_n100_m435_b90_236.cnf,SAT,81434.80,81421.57,13.23,682,566
/home/richard/project/SAT_benchmark/SATLIB/CBS_k3_n100_m435_b90/CBS_k3_n100_m435_b90_719.cnf,SAT,109257.78,109239.31,18.48,975,642
/home/richard/project/SAT_benchmark/SATLIB/CBS_k3_n100_m435_b90/CBS_k3_n100_m435_b90_772.cnf,SAT,91674.00,91658.00,15.99,830,716
/home/richard/project/SAT_benchmark/SATLIB/CBS_k3_n100_m435_b90/CBS_k3_n100_m435_b90_108.cnf,SAT,80768.22,80749.48,18.74,735,612
/home/richard/project/SAT_benchmark/SATLIB/CBS_k3_n100_m435_b90/CBS_k3_n100_m435_b90_313.cnf,SAT,136046.03,136027.96,18.07,1247,833
/home/richard/project/SAT_benchmark/SATLIB/CBS_k3_n100_m435_b90/CBS_k3_n100_m435_b90_209.cnf,SAT,69350.37,69334.88,15.49,636,469
/home/richard/project/SAT_benchmark/SATLIB/CBS_k3_n100_m435_b90/CBS_k3_n100_m435_b90_223.cnf,SAT,106790.06,106770.28,19.78,975,817
/home/richard/project/SAT_benchmark/SATLIB/CBS_k3_n100_m435_b90/CBS_k3_n100_m435_b90_607.cnf,SAT,63824.33,63810.24,14.09,585,495
/home/richard/project/SAT_benchmark/SATLIB/CBS_k3_n100_m435_b90/CBS_k3_n100_m435_b90_375.cnf,SAT,4618.21,4605.67,12.54,46,24
/home/richard/project/SAT_benchmark/SATLIB/CBS_k3_n100_m435_b90/CBS_k3_n100_m435_b90_729.cnf,SAT,43328.71,43316.49,12.22,399,263
/home/richard/project/SAT_benchmark/SATLIB/CBS_k3_n100_m435_b90/CBS_k3_n100_m435_b90_37.cnf,SAT,16675.38,16665.76,9.63,154,110
/home/richard/project/SAT_benchmark/SATLIB/CBS_k3_n100_m435_b90/CBS_k3_n100_m435_b90_283.cnf,SAT,55118.38,55102.48,15.90,502,426
/home/richard/project/SAT_benchmark/SATLIB/CBS_k3_n100_m435_b90/CBS_k3_n100_m435_b90_666.cnf,SAT,56213.75,56196.96,16.79,513,428
/home/richard/project/SAT_benchmark/SATLIB/CBS_k3_n100_m435_b90/CBS_k3_n100_m435_b90_621.cnf,SAT,23313.87,23301.95,11.92,212,160
/home/richard/project/SAT_benchmark/SATLIB/CBS_k3_n100_m435_b90/CBS_k3_n100_m435_b90_821.cnf,SAT,195703.44,195683.12,20.32,1789,1343
/home/richard/project/SAT_benchmark/SATLIB/CBS_k3_n100_m435_b90/CBS_k3_n100_m435_b90_365.cnf,SAT,15.48,0.00,15.48,0,0
/home/richard/project/SAT_benchmark/SATLIB/CBS_k3_n100_m435_b90/CBS_k3_n100_m435_b90_125.cnf,SAT,105393.60,105377.53,16.07,967,774
/home/richard/project/SAT_benchmark/SATLIB/CBS_k3_n100_m435_b90/CBS_k3_n100_m435_b90_24.cnf,SAT,48711.11,48694.43,16.68,441,372
/home/richard/project/SAT_benchmark/SATLIB/CBS_k3_n100_m435_b90/CBS_k3_n100_m435_b90_232.cnf,SAT,30935.93,30924.92,11.00,281,216
/home/richard/project/SAT_benchmark/SATLIB/CBS_k3_n100_m435_b90/CBS_k3_n100_m435_b90_113.cnf,SAT,24444.59,24429.28,15.32,223,185
/home/richard/project/SAT_benchmark/SATLIB/CBS_k3_n100_m435_b90/CBS_k3_n100_m435_b90_224.cnf,SAT,82837.19,82824.05,13.13,756,572
/home/richard/project/SAT_benchmark/SATLIB/CBS_k3_n100_m435_b90/CBS_k3_n100_m435_b90_688.cnf,SAT,41966.90,41950.12,16.79,387,338
/home/richard/project/SAT_benchmark/SATLIB/CBS_k3_n100_m435_b90/CBS_k3_n100_m435_b90_890.cnf,SAT,5722.64,5709.86,12.78,51,35
/home/richard/project/SAT_benchmark/SATLIB/CBS_k3_n100_m435_b90/CBS_k3_n100_m435_b90_89.cnf,SAT,40005.13,39988.70,16.43,366,317
/home/richard/project/SAT_benchmark/SATLIB/CBS_k3_n100_m435_b90/CBS_k3_n100_m435_b90_622.cnf,SAT,95880.00,95863.92,16.09,876,708
/home/richard/project/SAT_benchmark/SATLIB/CBS_k3_n100_m435_b90/CBS_k3_n100_m435_b90_43.cnf,SAT,129584.66,129568.52,16.14,1187,899
/home/richard/project/SAT_benchmark/SATLIB/CBS_k3_n100_m435_b90/CBS_k3_n100_m435_b90_915.cnf,SAT,94700.74,94685.74,15.00,869,754
/home/richard/project/SAT_benchmark/SATLIB/CBS_k3_n100_m435_b90/CBS_k3_n100_m435_b90_237.cnf,SAT,44113.75,44103.05,10.70,408,347
/home/richard/project/SAT_benchmark/SATLIB/CBS_k3_n100_m435_b90/CBS_k3_n100_m435_b90_265.cnf,SAT,8997.06,8984.56,12.50,84,56
/home/richard/project/SAT_benchmark/SATLIB/CBS_k3_n100_m435_b90/CBS_k3_n100_m435_b90_868.cnf,SAT,56309.26,56296.32,12.94,518,432
/home/richard/project/SAT_benchmark/SATLIB/CBS_k3_n100_m435_b90/CBS_k3_n100_m435_b90_560.cnf,SAT,163552.86,163534.98,17.88,1498,1158
/home/richard/project/SAT_benchmark/SATLIB/CBS_k3_n100_m435_b90/CBS_k3_n100_m435_b90_233.cnf,SAT,28629.32,28613.59,15.73,262,141
/home/richard/project/SAT_benchmark/SATLIB/CBS_k3_n100_m435_b90/CBS_k3_n100_m435_b90_532.cnf,SAT,175381.04,175361.87,19.17,1606,1338
/home/richard/project/SAT_benchmark/SATLIB/CBS_k3_n100_m435_b90/CBS_k3_n100_m435_b90_759.cnf,SAT,140258.85,140241.92,16.93,1289,1124
/home/richard/project/SAT_benchmark/SATLIB/CBS_k3_n100_m435_b90/CBS_k3_n100_m435_b90_14.cnf,SAT,56314.75,56303.57,11.17,519,434
/home/richard/project/SAT_benchmark/SATLIB/CBS_k3_n100_m435_b90/CBS_k3_n100_m435_b90_103.cnf,SAT,63900.87,63888.32,12.54,583,528
/home/richard/project/SAT_benchmark/SATLIB/CBS_k3_n100_m435_b90/CBS_k3_n100_m435_b90_428.cnf,SAT,25494.20,25479.09,15.11,232,191
/home/richard/project/SAT_benchmark/SATLIB/CBS_k3_n100_m435_b90/CBS_k3_n100_m435_b90_732.cnf,SAT,93262.74,93248.11,14.63,850,600
/home/richard/project/SAT_benchmark/SATLIB/CBS_k3_n100_m435_b90/CBS_k3_n100_m435_b90_370.cnf,SAT,65935.63,65921.59,14.04,609,514
/home/richard/project/SAT_benchmark/SATLIB/CBS_k3_n100_m435_b90/CBS_k3_n100_m435_b90_708.cnf,SAT,107587.30,107570.79,16.51,983,829
/home/richard/project/SAT_benchmark/SATLIB/CBS_k3_n100_m435_b90/CBS_k3_n100_m435_b90_655.cnf,SAT,52986.76,52969.65,17.12,484,415
/home/richard/project/SAT_benchmark/SATLIB/CBS_k3_n100_m435_b90/CBS_k3_n100_m435_b90_549.cnf,SAT,84671.90,84657.31,14.59,773,681
/home/richard/project/SAT_benchmark/SATLIB/CBS_k3_n100_m435_b90/CBS_k3_n100_m435_b90_85.cnf,SAT,34182.89,34166.80,16.09,315,276
/home/richard/project/SAT_benchmark/SATLIB/CBS_k3_n100_m435_b90/CBS_k3_n100_m435_b90_12.cnf,SAT,128665.50,128651.66,13.84,1171,702
/home/richard/project/SAT_benchmark/SATLIB/CBS_k3_n100_m435_b90/CBS_k3_n100_m435_b90_11.cnf,SAT,125041.42,125025.84,15.58,1137,944
/home/richard/project/SAT_benchmark/SATLIB/CBS_k3_n100_m435_b90/CBS_k3_n100_m435_b90_816.cnf,SAT,47531.02,47515.54,15.48,439,385
/home/richard/project/SAT_benchmark/SATLIB/CBS_k3_n100_m435_b90/CBS_k3_n100_m435_b90_882.cnf,SAT,105361.34,105345.76,15.58,967,720
/home/richard/project/SAT_benchmark/SATLIB/CBS_k3_n100_m435_b90/CBS_k3_n100_m435_b90_550.cnf,SAT,5734.83,5725.12,9.72,52,24
/home/richard/project/SAT_benchmark/SATLIB/CBS_k3_n100_m435_b90/CBS_k3_n100_m435_b90_828.cnf,SAT,23684.45,23672.37,12.09,218,174
/home/richard/project/SAT_benchmark/SATLIB/CBS_k3_n100_m435_b90/CBS_k3_n100_m435_b90_918.cnf,SAT,4615.78,4605.14,10.64,44,29
/home/richard/project/SAT_benchmark/SATLIB/CBS_k3_n100_m435_b90/CBS_k3_n100_m435_b90_294.cnf,SAT,26633.10,26622.40,10.70,241,194
/home/richard/project/SAT_benchmark/SATLIB/CBS_k3_n100_m435_b90/CBS_k3_n100_m435_b90_694.cnf,SAT,64821.23,64808.81,12.42,599,508
/home/richard/project/SAT_benchmark/SATLIB/CBS_k3_n100_m435_b90/CBS_k3_n100_m435_b90_170.cnf,SAT,78895.84,78879.69,16.15,725,609
/home/richard/project/SAT_benchmark/SATLIB/CBS_k3_n100_m435_b90/CBS_k3_n100_m435_b90_823.cnf,SAT,108459.89,108445.55,14.34,990,767
/home/richard/project/SAT_benchmark/SATLIB/CBS_k3_n100_m435_b90/CBS_k3_n100_m435_b90_496.cnf,SAT,14514.59,14498.75,15.84,134,95
/home/richard/project/SAT_benchmark/SATLIB/CBS_k3_n100_m435_b90/CBS_k3_n100_m435_b90_407.cnf,SAT,139431.60,139414.25,17.35,1277,1060
/home/richard/project/SAT_benchmark/SATLIB/CBS_k3_n100_m435_b90/CBS_k3_n100_m435_b90_794.cnf,SAT,33123.55,33110.85,12.70,308,263
/home/richard/project/SAT_benchmark/SATLIB/CBS_k3_n100_m435_b90/CBS_k3_n100_m435_b90_957.cnf,SAT,31014.13,30998.19,15.94,289,248
/home/richard/project/SAT_benchmark/SATLIB/CBS_k3_n100_m435_b90/CBS_k3_n100_m435_b90_208.cnf,SAT,87873.86,87858.79,15.07,805,690
/home/richard/project/SAT_benchmark/SATLIB/CBS_k3_n100_m435_b90/CBS_k3_n100_m435_b90_214.cnf,SAT,102358.19,102338.88,19.31,935,749
/home/richard/project/SAT_benchmark/SATLIB/CBS_k3_n100_m435_b90/CBS_k3_n100_m435_b90_548.cnf,SAT,104513.17,104498.11,15.05,952,832
/home/richard/project/SAT_benchmark/SATLIB/CBS_k3_n100_m435_b90/CBS_k3_n100_m435_b90_28.cnf,SAT,54129.55,54116.00,13.55,492,425
/home/richard/project/SAT_benchmark/SATLIB/CBS_k3_n100_m435_b90/CBS_k3_n100_m435_b90_787.cnf,SAT,72725.84,72712.75,13.09,664,570
/home/richard/project/SAT_benchmark/SATLIB/CBS_k3_n100_m435_b90/CBS_k3_n100_m435_b90_824.cnf,SAT,48420.53,48408.53,12.00,441,332
/home/richard/project/SAT_benchmark/SATLIB/CBS_k3_n100_m435_b90/CBS_k3_n100_m435_b90_337.cnf,SAT,30863.66,30847.65,16.01,287,240
/home/richard/project/SAT_benchmark/SATLIB/CBS_k3_n100_m435_b90/CBS_k3_n100_m435_b90_657.cnf,SAT,23345.43,23334.96,10.47,217,170
/home/richard/project/SAT_benchmark/SATLIB/CBS_k3_n100_m435_b90/CBS_k3_n100_m435_b90_567.cnf,SAT,92056.51,92041.56,14.95,848,682
/home/richard/project/SAT_benchmark/SATLIB/CBS_k3_n100_m435_b90/CBS_k3_n100_m435_b90_541.cnf,SAT,56120.11,56108.39,11.72,514,434
/home/richard/project/SAT_benchmark/SATLIB/CBS_k3_n100_m435_b90/CBS_k3_n100_m435_b90_641.cnf,SAT,78177.34,78163.46,13.88,717,596
/home/richard/project/SAT_benchmark/SATLIB/CBS_k3_n100_m435_b90/CBS_k3_n100_m435_b90_709.cnf,SAT,137976.71,137958.55,18.16,1255,1046
/home/richard/project/SAT_benchmark/SATLIB/CBS_k3_n100_m435_b90/CBS_k3_n100_m435_b90_30.cnf,SAT,102329.07,102312.90,16.17,935,796
/home/richard/project/SAT_benchmark/SATLIB/CBS_k3_n100_m435_b90/CBS_k3_n100_m435_b90_359.cnf,SAT,157131.00,157110.52,20.48,1436,1180
/home/richard/project/SAT_benchmark/SATLIB/CBS_k3_n100_m435_b90/CBS_k3_n100_m435_b90_395.cnf,SAT,115532.07,115512.11,19.96,1055,814
/home/richard/project/SAT_benchmark/SATLIB/CBS_k3_n100_m435_b90/CBS_k3_n100_m435_b90_735.cnf,SAT,219241.75,219222.89,18.86,2005,1267
/home/richard/project/SAT_benchmark/SATLIB/CBS_k3_n100_m435_b90/CBS_k3_n100_m435_b90_685.cnf,SAT,105366.04,105352.86,13.18,963,762
/home/richard/project/SAT_benchmark/SATLIB/CBS_k3_n100_m435_b90/CBS_k3_n100_m435_b90_356.cnf,SAT,93467.48,93451.55,15.93,850,652
/home/richard/project/SAT_benchmark/SATLIB/CBS_k3_n100_m435_b90/CBS_k3_n100_m435_b90_239.cnf,SAT,88022.51,88006.83,15.67,800,704
/home/richard/project/SAT_benchmark/SATLIB/CBS_k3_n100_m435_b90/CBS_k3_n100_m435_b90_15.cnf,SAT,14557.78,14542.33,15.45,135,110
/home/richard/project/SAT_benchmark/SATLIB/CBS_k3_n100_m435_b90/CBS_k3_n100_m435_b90_293.cnf,SAT,27625.95,27613.71,12.24,250,215
/home/richard/project/SAT_benchmark/SATLIB/CBS_k3_n100_m435_b90/CBS_k3_n100_m435_b90_150.cnf,SAT,53171.60,53157.00,14.61,483,410
/home/richard/project/SAT_benchmark/SATLIB/CBS_k3_n100_m435_b90/CBS_k3_n100_m435_b90_919.cnf,SAT,78187.21,78171.38,15.83,719,618
/home/richard/project/SAT_benchmark/SATLIB/CBS_k3_n100_m435_b90/CBS_k3_n100_m435_b90_186.cnf,SAT,113051.09,113035.27,15.82,1025,649
/home/richard/project/SAT_benchmark/SATLIB/CBS_k3_n100_m435_b90/CBS_k3_n100_m435_b90_617.cnf,SAT,27678.54,27666.39,12.14,258,204
/home/richard/project/SAT_benchmark/SATLIB/CBS_k3_n100_m435_b90/CBS_k3_n100_m435_b90_88.cnf,SAT,30013.19,30002.02,11.17,279,232
/home/richard/project/SAT_benchmark/SATLIB/CBS_k3_n100_m435_b90/CBS_k3_n100_m435_b90_753.cnf,SAT,34327.75,34311.42,16.33,315,286
/home/richard/project/SAT_benchmark/SATLIB/CBS_k3_n100_m435_b90/CBS_k3_n100_m435_b90_595.cnf,SAT,91217.24,91203.23,14.01,835,719
/home/richard/project/SAT_benchmark/SATLIB/CBS_k3_n100_m435_b90/CBS_k3_n100_m435_b90_440.cnf,SAT,119402.59,119381.60,20.99,1095,896
/home/richard/project/SAT_benchmark/SATLIB/CBS_k3_n100_m435_b90/CBS_k3_n100_m435_b90_911.cnf,SAT,131671.09,131655.40,15.69,1203,876
/home/richard/project/SAT_benchmark/SATLIB/CBS_k3_n100_m435_b90/CBS_k3_n100_m435_b90_8.cnf,SAT,39779.94,39767.12,12.82,367,304
/home/richard/project/SAT_benchmark/SATLIB/CBS_k3_n100_m435_b90/CBS_k3_n100_m435_b90_645.cnf,SAT,56250.07,56236.08,13.99,515,446
/home/richard/project/SAT_benchmark/SATLIB/CBS_k3_n100_m435_b90/CBS_k3_n100_m435_b90_326.cnf,SAT,63817.55,63804.22,13.33,584,473
/home/richard/project/SAT_benchmark/SATLIB/CBS_k3_n100_m435_b90/CBS_k3_n100_m435_b90_998.cnf,SAT,95849.78,95830.91,18.87,872,655
/home/richard/project/SAT_benchmark/SATLIB/CBS_k3_n100_m435_b90/CBS_k3_n100_m435_b90_259.cnf,SAT,42892.37,42878.68,13.69,391,314
/home/richard/project/SAT_benchmark/SATLIB/CBS_k3_n100_m435_b90/CBS_k3_n100_m435_b90_306.cnf,SAT,108423.01,108408.99,14.02,998,813
/home/richard/project/SAT_benchmark/SATLIB/CBS_k3_n100_m435_b90/CBS_k3_n100_m435_b90_467.cnf,SAT,60542.11,60524.40,17.71,555,474
/home/richard/project/SAT_benchmark/SATLIB/CBS_k3_n100_m435_b90/CBS_k3_n100_m435_b90_145.cnf,SAT,156243.27,156226.05,17.22,1415,1057
/home/richard/project/SAT_benchmark/SATLIB/CBS_k3_n100_m435_b90/CBS_k3_n100_m435_b90_346.cnf,SAT,17214.74,17205.01,9.73,159,118
/home/richard/project/SAT_benchmark/SATLIB/CBS_k3_n100_m435_b90/CBS_k3_n100_m435_b90_519.cnf,SAT,53883.47,53872.06,11.41,497,399
/home/richard/project/SAT_benchmark/SATLIB/CBS_k3_n100_m435_b90/CBS_k3_n100_m435_b90_192.cnf,SAT,70469.46,70453.09,16.37,649,538
/home/richard/project/SAT_benchmark/SATLIB/CBS_k3_n100_m435_b90/CBS_k3_n100_m435_b90_477.cnf,SAT,13416.65,13405.48,11.16,120,89
/home/richard/project/SAT_benchmark/SATLIB/CBS_k3_n100_m435_b90/CBS_k3_n100_m435_b90_695.cnf,SAT,66132.71,66119.71,12.99,609,462
/home/richard/project/SAT_benchmark/SATLIB/CBS_k3_n100_m435_b90/CBS_k3_n100_m435_b90_859.cnf,SAT,74787.29,74771.73,15.56,681,600
/home/richard/project/SAT_benchmark/SATLIB/CBS_k3_n100_m435_b90/CBS_k3_n100_m435_b90_201.cnf,SAT,74744.28,74730.13,14.15,681,579
/home/richard/project/SAT_benchmark/SATLIB/CBS_k3_n100_m435_b90/CBS_k3_n100_m435_b90_557.cnf,SAT,72651.78,72636.67,15.11,665,562
/home/richard/project/SAT_benchmark/SATLIB/CBS_k3_n100_m435_b90/CBS_k3_n100_m435_b90_699.cnf,SAT,217489.42,217467.97,21.46,1998,1587
/home/richard/project/SAT_benchmark/SATLIB/CBS_k3_n100_m435_b90/CBS_k3_n100_m435_b90_149.cnf,SAT,71588.00,71569.80,18.20,658,556
/home/richard/project/SAT_benchmark/SATLIB/CBS_k3_n100_m435_b90/CBS_k3_n100_m435_b90_659.cnf,SAT,112123.39,112104.99,18.39,1024,772
/home/richard/project/SAT_benchmark/SATLIB/CBS_k3_n100_m435_b90/CBS_k3_n100_m435_b90_276.cnf,SAT,112528.08,112513.08,15.00,1024,766
/home/richard/project/SAT_benchmark/SATLIB/CBS_k3_n100_m435_b90/CBS_k3_n100_m435_b90_904.cnf,SAT,41801.53,41789.15,12.39,387,324
/home/richard/project/SAT_benchmark/SATLIB/CBS_k3_n100_m435_b90/CBS_k3_n100_m435_b90_16.cnf,SAT,58584.33,58571.43,12.90,538,436
/home/richard/project/SAT_benchmark/SATLIB/CBS_k3_n100_m435_b90/CBS_k3_n100_m435_b90_774.cnf,SAT,35820.35,35808.29,12.07,329,242
/home/richard/project/SAT_benchmark/SATLIB/CBS_k3_n100_m435_b90/CBS_k3_n100_m435_b90_68.cnf,SAT,96599.78,96581.42,18.36,888,753
/home/richard/project/SAT_benchmark/SATLIB/CBS_k3_n100_m435_b90/CBS_k3_n100_m435_b90_862.cnf,SAT,32006.47,31990.83,15.64,293,247
/home/richard/project/SAT_benchmark/SATLIB/CBS_k3_n100_m435_b90/CBS_k3_n100_m435_b90_429.cnf,SAT,48581.39,48566.43,14.96,441,354
/home/richard/project/SAT_benchmark/SATLIB/CBS_k3_n100_m435_b90/CBS_k3_n100_m435_b90_897.cnf,SAT,37539.90,37526.05,13.85,348,292
/home/richard/project/SAT_benchmark/SATLIB/CBS_k3_n100_m435_b90/CBS_k3_n100_m435_b90_703.cnf,SAT,12255.20,12243.29,11.92,113,85
/home/richard/project/SAT_benchmark/SATLIB/CBS_k3_n100_m435_b90/CBS_k3_n100_m435_b90_963.cnf,SAT,18918.66,18906.84,11.82,172,123
/home/richard/project/SAT_benchmark/SATLIB/CBS_k3_n100_m435_b90/CBS_k3_n100_m435_b90_22.cnf,SAT,29847.73,29836.92,10.81,279,244
/home/richard/project/SAT_benchmark/SATLIB/CBS_k3_n100_m435_b90/CBS_k3_n100_m435_b90_956.cnf,SAT,11192.09,11176.80,15.28,100,75
/home/richard/project/SAT_benchmark/SATLIB/CBS_k3_n100_m435_b90/CBS_k3_n100_m435_b90_433.cnf,SAT,25838.19,25822.30,15.90,238,199
/home/richard/project/SAT_benchmark/SATLIB/CBS_k3_n100_m435_b90/CBS_k3_n100_m435_b90_299.cnf,SAT,32092.32,32079.31,13.01,290,257
/home/richard/project/SAT_benchmark/SATLIB/CBS_k3_n100_m435_b90/CBS_k3_n100_m435_b90_136.cnf,SAT,79463.01,79447.71,15.30,724,599
/home/richard/project/SAT_benchmark/SATLIB/CBS_k3_n100_m435_b90/CBS_k3_n100_m435_b90_189.cnf,SAT,15559.45,15548.81,10.65,146,104
/home/richard/project/SAT_benchmark/SATLIB/CBS_k3_n100_m435_b90/CBS_k3_n100_m435_b90_650.cnf,SAT,105386.42,105367.39,19.02,967,672
/home/richard/project/SAT_benchmark/SATLIB/CBS_k3_n100_m435_b90/CBS_k3_n100_m435_b90_242.cnf,SAT,33217.22,33204.95,12.27,301,238
/home/richard/project/SAT_benchmark/SATLIB/CBS_k3_n100_m435_b90/CBS_k3_n100_m435_b90_448.cnf,SAT,26560.64,26544.62,16.02,249,201
/home/richard/project/SAT_benchmark/SATLIB/CBS_k3_n100_m435_b90/CBS_k3_n100_m435_b90_652.cnf,SAT,13440.13,13425.76,14.38,120,75
/home/richard/project/SAT_benchmark/SATLIB/CBS_k3_n100_m435_b90/CBS_k3_n100_m435_b90_53.cnf,SAT,22168.69,22157.30,11.38,202,172
/home/richard/project/SAT_benchmark/SATLIB/CBS_k3_n100_m435_b90/CBS_k3_n100_m435_b90_733.cnf,SAT,122103.05,122088.14,14.91,1118,833
/home/richard/project/SAT_benchmark/SATLIB/CBS_k3_n100_m435_b90/CBS_k3_n100_m435_b90_820.cnf,SAT,113861.95,113844.59,17.36,1048,921
/home/richard/project/SAT_benchmark/SATLIB/CBS_k3_n100_m435_b90/CBS_k3_n100_m435_b90_312.cnf,SAT,60513.58,60501.65,11.93,554,436
/home/richard/project/SAT_benchmark/SATLIB/CBS_k3_n100_m435_b90/CBS_k3_n100_m435_b90_436.cnf,SAT,75798.53,75781.69,16.84,691,588
/home/richard/project/SAT_benchmark/SATLIB/CBS_k3_n100_m435_b90/CBS_k3_n100_m435_b90_506.cnf,SAT,29798.88,29782.45,16.43,274,247
/home/richard/project/SAT_benchmark/SATLIB/CBS_k3_n100_m435_b90/CBS_k3_n100_m435_b90_975.cnf,SAT,83320.21,83304.40,15.81,722,521
/home/richard/project/SAT_benchmark/SATLIB/CBS_k3_n100_m435_b90/CBS_k3_n100_m435_b90_122.cnf,SAT,126134.62,126120.01,14.61,1152,742
/home/richard/project/SAT_benchmark/SATLIB/CBS_k3_n100_m435_b90/CBS_k3_n100_m435_b90_182.cnf,SAT,76151.24,76134.67,16.57,699,621
/home/richard/project/SAT_benchmark/SATLIB/CBS_k3_n100_m435_b90/CBS_k3_n100_m435_b90_612.cnf,SAT,84000.38,83983.86,16.52,765,663
/home/richard/project/SAT_benchmark/SATLIB/CBS_k3_n100_m435_b90/CBS_k3_n100_m435_b90_836.cnf,SAT,34325.26,34313.73,11.53,317,265
/home/richard/project/SAT_benchmark/SATLIB/CBS_k3_n100_m435_b90/CBS_k3_n100_m435_b90_25.cnf,SAT,59510.22,59497.65,12.57,543,484
/home/richard/project/SAT_benchmark/SATLIB/CBS_k3_n100_m435_b90/CBS_k3_n100_m435_b90_811.cnf,SAT,31072.28,31058.59,13.69,286,187
/home/richard/project/SAT_benchmark/SATLIB/CBS_k3_n100_m435_b90/CBS_k3_n100_m435_b90_714.cnf,SAT,33279.77,33268.30,11.48,308,260
/home/richard/project/SAT_benchmark/SATLIB/CBS_k3_n100_m435_b90/CBS_k3_n100_m435_b90_851.cnf,SAT,36404.94,36393.51,11.44,339,294
/home/richard/project/SAT_benchmark/SATLIB/CBS_k3_n100_m435_b90/CBS_k3_n100_m435_b90_271.cnf,SAT,22224.09,22208.30,15.79,200,179
/home/richard/project/SAT_benchmark/SATLIB/CBS_k3_n100_m435_b90/CBS_k3_n100_m435_b90_933.cnf,SAT,48614.25,48602.48,11.78,445,392
/home/richard/project/SAT_benchmark/SATLIB/CBS_k3_n100_m435_b90/CBS_k3_n100_m435_b90_858.cnf,SAT,77780.14,77765.57,14.57,713,609
/home/richard/project/SAT_benchmark/SATLIB/CBS_k3_n100_m435_b90/CBS_k3_n100_m435_b90_961.cnf,SAT,49610.96,49595.27,15.70,453,369
/home/richard/project/SAT_benchmark/SATLIB/CBS_k3_n100_m435_b90/CBS_k3_n100_m435_b90_447.cnf,SAT,44225.29,44212.36,12.92,408,339
/home/richard/project/SAT_benchmark/SATLIB/CBS_k3_n100_m435_b90/CBS_k3_n100_m435_b90_784.cnf,SAT,59641.35,59627.10,14.25,542,421
/home/richard/project/SAT_benchmark/SATLIB/CBS_k3_n100_m435_b90/CBS_k3_n100_m435_b90_475.cnf,SAT,69395.08,69376.94,18.14,638,540
/home/richard/project/SAT_benchmark/SATLIB/CBS_k3_n100_m435_b90/CBS_k3_n100_m435_b90_863.cnf,SAT,56413.12,56395.68,17.44,516,452
/home/richard/project/SAT_benchmark/SATLIB/CBS_k3_n100_m435_b90/CBS_k3_n100_m435_b90_256.cnf,SAT,59513.90,59502.06,11.84,547,445
/home/richard/project/SAT_benchmark/SATLIB/CBS_k3_n100_m435_b90/CBS_k3_n100_m435_b90_734.cnf,SAT,126311.78,126295.48,16.30,1113,959
/home/richard/project/SAT_benchmark/SATLIB/CBS_k3_n100_m435_b90/CBS_k3_n100_m435_b90_786.cnf,SAT,149403.84,149383.66,20.18,1348,1143
/home/richard/project/SAT_benchmark/SATLIB/CBS_k3_n100_m435_b90/CBS_k3_n100_m435_b90_886.cnf,SAT,113888.54,113873.34,15.21,1024,794
/home/richard/project/SAT_benchmark/SATLIB/CBS_k3_n100_m435_b90/CBS_k3_n100_m435_b90_66.cnf,SAT,29141.64,29129.03,12.61,260,220
/home/richard/project/SAT_benchmark/SATLIB/CBS_k3_n100_m435_b90/CBS_k3_n100_m435_b90_991.cnf,SAT,44877.24,44863.95,13.29,408,369
/home/richard/project/SAT_benchmark/SATLIB/CBS_k3_n100_m435_b90/CBS_k3_n100_m435_b90_318.cnf,SAT,79692.90,79675.63,17.27,710,612
/home/richard/project/SAT_benchmark/SATLIB/CBS_k3_n100_m435_b90/CBS_k3_n100_m435_b90_508.cnf,SAT,138146.75,138131.45,15.30,1247,698
/home/richard/project/SAT_benchmark/SATLIB/CBS_k3_n100_m435_b90/CBS_k3_n100_m435_b90_992.cnf,SAT,31464.28,31453.30,10.98,285,223
/home/richard/project/SAT_benchmark/SATLIB/CBS_k3_n100_m435_b90/CBS_k3_n100_m435_b90_249.cnf,SAT,18093.08,18080.28,12.80,160,135
/home/richard/project/SAT_benchmark/SATLIB/CBS_k3_n100_m435_b90/CBS_k3_n100_m435_b90_582.cnf,SAT,46751.54,46739.10,12.44,422,355
/home/richard/project/SAT_benchmark/SATLIB/CBS_k3_n100_m435_b90/CBS_k3_n100_m435_b90_818.cnf,SAT,14725.40,14709.49,15.91,135,97
/home/richard/project/SAT_benchmark/SATLIB/CBS_k3_n100_m435_b90/CBS_k3_n100_m435_b90_133.cnf,SAT,16888.49,16878.09,10.40,158,126
/home/richard/project/SAT_benchmark/SATLIB/CBS_k3_n100_m435_b90/CBS_k3_n100_m435_b90_700.cnf,SAT,47474.05,47460.33,13.72,426,324
/home/richard/project/SAT_benchmark/SATLIB/CBS_k3_n100_m435_b90/CBS_k3_n100_m435_b90_989.cnf,SAT,59140.76,59127.48,13.28,530,462
/home/richard/project/SAT_benchmark/SATLIB/CBS_k3_n100_m435_b90/CBS_k3_n100_m435_b90_391.cnf,SAT,105644.26,105627.78,16.48,953,791
/home/richard/project/SAT_benchmark/SATLIB/CBS_k3_n100_m435_b90/CBS_k3_n100_m435_b90_651.cnf,SAT,34671.36,34660.79,10.57,313,253
/home/richard/project/SAT_benchmark/SATLIB/CBS_k3_n100_m435_b90/CBS_k3_n100_m435_b90_616.cnf,SAT,32700.36,32684.37,15.99,299,259
/home/richard/project/SAT_benchmark/SATLIB/CBS_k3_n100_m435_b90/CBS_k3_n100_m435_b90_110.cnf,SAT,31217.62,31205.09,12.53,289,246
/home/richard/project/SAT_benchmark/SATLIB/CBS_k3_n100_m435_b90/CBS_k3_n100_m435_b90_184.cnf,SAT,19158.12,19145.36,12.75,173,150
/home/richard/project/SAT_benchmark/SATLIB/CBS_k3_n100_m435_b90/CBS_k3_n100_m435_b90_692.cnf,SAT,63440.93,63427.65,13.28,571,482
/home/richard/project/SAT_benchmark/SATLIB/CBS_k3_n100_m435_b90/CBS_k3_n100_m435_b90_194.cnf,SAT,89034.45,89020.18,14.27,801,490
/home/richard/project/SAT_benchmark/SATLIB/CBS_k3_n100_m435_b90/CBS_k3_n100_m435_b90_766.cnf,SAT,49166.17,49153.41,12.76,444,376
/home/richard/project/SAT_benchmark/SATLIB/CBS_k3_n100_m435_b90/CBS_k3_n100_m435_b90_390.cnf,SAT,79920.37,79901.94,18.43,710,580
/home/richard/project/SAT_benchmark/SATLIB/CBS_k3_n100_m435_b90/CBS_k3_n100_m435_b90_348.cnf,SAT,31301.57,31288.56,13.01,281,232
/home/richard/project/SAT_benchmark/SATLIB/CBS_k3_n100_m435_b90/CBS_k3_n100_m435_b90_505.cnf,SAT,12452.94,12437.40,15.54,119,98
/home/richard/project/SAT_benchmark/SATLIB/CBS_k3_n100_m435_b90/CBS_k3_n100_m435_b90_754.cnf,SAT,81105.18,81089.65,15.52,729,618
/home/richard/project/SAT_benchmark/SATLIB/CBS_k3_n100_m435_b90/CBS_k3_n100_m435_b90_591.cnf,SAT,42736.58,42720.64,15.95,385,246
/home/richard/project/SAT_benchmark/SATLIB/CBS_k3_n100_m435_b90/CBS_k3_n100_m435_b90_212.cnf,SAT,40209.48,40193.24,16.24,361,224
/home/richard/project/SAT_benchmark/SATLIB/CBS_k3_n100_m435_b90/CBS_k3_n100_m435_b90_901.cnf,SAT,33264.60,33248.39,16.22,299,246
/home/richard/project/SAT_benchmark/SATLIB/CBS_k3_n100_m435_b90/CBS_k3_n100_m435_b90_559.cnf,SAT,112987.92,112968.67,19.24,1015,730
/home/richard/project/SAT_benchmark/SATLIB/CBS_k3_n100_m435_b90/CBS_k3_n100_m435_b90_683.cnf,SAT,93123.80,93108.51,15.29,832,595
/home/richard/project/SAT_benchmark/SATLIB/CBS_k3_n100_m435_b90/CBS_k3_n100_m435_b90_844.cnf,SAT,19682.56,19670.57,11.99,170,122
/home/richard/project/SAT_benchmark/SATLIB/CBS_k3_n100_m435_b90/CBS_k3_n100_m435_b90_721.cnf,SAT,214525.11,214500.04,25.07,1929,1309
/home/richard/project/SAT_benchmark/SATLIB/CBS_k3_n100_m435_b90/CBS_k3_n100_m435_b90_147.cnf,SAT,165635.93,165618.50,17.44,1480,1152
/home/richard/project/SAT_benchmark/SATLIB/CBS_k3_n100_m435_b90/CBS_k3_n100_m435_b90_54.cnf,SAT,110437.87,110423.32,14.55,994,740
/home/richard/project/SAT_benchmark/SATLIB/CBS_k3_n100_m435_b90/CBS_k3_n100_m435_b90_632.cnf,SAT,17217.77,17206.80,10.97,150,103
/home/richard/project/SAT_benchmark/SATLIB/CBS_k3_n100_m435_b90/CBS_k3_n100_m435_b90_9.cnf,SAT,73092.48,73078.35,14.14,658,570
/home/richard/project/SAT_benchmark/SATLIB/CBS_k3_n100_m435_b90/CBS_k3_n100_m435_b90_490.cnf,SAT,56809.42,56792.11,17.30,513,452
/home/richard/project/SAT_benchmark/SATLIB/CBS_k3_n100_m435_b90/CBS_k3_n100_m435_b90_910.cnf,SAT,10314.57,10302.62,11.95,93,75
/home/richard/project/SAT_benchmark/SATLIB/CBS_k3_n100_m435_b90/CBS_k3_n100_m435_b90_57.cnf,SAT,41597.51,41581.06,16.45,372,307
/home/richard/project/SAT_benchmark/SATLIB/CBS_k3_n100_m435_b90/CBS_k3_n100_m435_b90_144.cnf,SAT,51692.18,51679.18,12.99,462,378
/home/richard/project/SAT_benchmark/SATLIB/CBS_k3_n100_m435_b90/CBS_k3_n100_m435_b90_829.cnf,SAT,50540.67,50527.51,13.16,458,376
/home/richard/project/SAT_benchmark/SATLIB/CBS_k3_n100_m435_b90/CBS_k3_n100_m435_b90_928.cnf,SAT,27396.29,27383.33,12.97,248,198
/home/richard/project/SAT_benchmark/SATLIB/CBS_k3_n100_m435_b90/CBS_k3_n100_m435_b90_563.cnf,SAT,31413.13,31400.30,12.83,284,235
/home/richard/project/SAT_benchmark/SATLIB/CBS_k3_n100_m435_b90/CBS_k3_n100_m435_b90_825.cnf,SAT,39328.91,39316.96,11.95,353,298
/home/richard/project/SAT_benchmark/SATLIB/CBS_k3_n100_m435_b90/CBS_k3_n100_m435_b90_309.cnf,SAT,93136.15,93115.85,20.30,836,684
/home/richard/project/SAT_benchmark/SATLIB/CBS_k3_n100_m435_b90/CBS_k3_n100_m435_b90_749.cnf,SAT,103082.81,103063.21,19.60,928,816
/home/richard/project/SAT_benchmark/SATLIB/CBS_k3_n100_m435_b90/CBS_k3_n100_m435_b90_200.cnf,SAT,69749.91,69736.47,13.44,624,543
/home/richard/project/SAT_benchmark/SATLIB/CBS_k3_n100_m435_b90/CBS_k3_n100_m435_b90_710.cnf,SAT,42230.19,42213.42,16.77,374,296
/home/richard/project/SAT_benchmark/SATLIB/CBS_k3_n100_m435_b90/CBS_k3_n100_m435_b90_993.cnf,SAT,35189.57,35173.07,16.51,314,269
/home/richard/project/SAT_benchmark/SATLIB/CBS_k3_n100_m435_b90/CBS_k3_n100_m435_b90_972.cnf,SAT,59398.97,59382.23,16.74,539,460
/home/richard/project/SAT_benchmark/SATLIB/CBS_k3_n100_m435_b90/CBS_k3_n100_m435_b90_537.cnf,SAT,47398.67,47386.41,12.25,426,299
/home/richard/project/SAT_benchmark/SATLIB/CBS_k3_n100_m435_b90/CBS_k3_n100_m435_b90_673.cnf,SAT,41680.49,41661.27,19.22,370,326
/home/richard/project/SAT_benchmark/SATLIB/CBS_k3_n100_m435_b90/CBS_k3_n100_m435_b90_344.cnf,SAT,32673.53,32663.34,10.19,298,256
/home/richard/project/SAT_benchmark/SATLIB/CBS_k3_n100_m435_b90/CBS_k3_n100_m435_b90_627.cnf,SAT,61603.44,61587.46,15.99,551,465
/home/richard/project/SAT_benchmark/SATLIB/CBS_k3_n100_m435_b90/CBS_k3_n100_m435_b90_994.cnf,SAT,264461.48,264436.46,25.02,2376,2036
/home/richard/project/SAT_benchmark/SATLIB/CBS_k3_n100_m435_b90/CBS_k3_n100_m435_b90_330.cnf,SAT,34667.22,34653.19,14.04,312,191
/home/richard/project/SAT_benchmark/SATLIB/CBS_k3_n100_m435_b90/CBS_k3_n100_m435_b90_932.cnf,SAT,75020.94,75007.10,13.84,671,565
/home/richard/project/SAT_benchmark/SATLIB/CBS_k3_n100_m435_b90/CBS_k3_n100_m435_b90_441.cnf,SAT,49917.17,49903.09,14.09,444,372
/home/richard/project/SAT_benchmark/SATLIB/CBS_k3_n100_m435_b90/CBS_k3_n100_m435_b90_198.cnf,SAT,16004.11,15993.74,10.38,147,115
/home/richard/project/SAT_benchmark/SATLIB/CBS_k3_n100_m435_b90/CBS_k3_n100_m435_b90_0.cnf,SAT,18582.16,18566.55,15.61,165,141
/home/richard/project/SAT_benchmark/SATLIB/CBS_k3_n100_m435_b90/CBS_k3_n100_m435_b90_148.cnf,SAT,18180.75,18170.37,10.39,161,124
/home/richard/project/SAT_benchmark/SATLIB/CBS_k3_n100_m435_b90/CBS_k3_n100_m435_b90_999.cnf,SAT,43801.38,43786.43,14.95,391,313
/home/richard/project/SAT_benchmark/SATLIB/CBS_k3_n100_m435_b90/CBS_k3_n100_m435_b90_180.cnf,SAT,23622.36,23611.47,10.90,216,181
/home/richard/project/SAT_benchmark/SATLIB/CBS_k3_n100_m435_b90/CBS_k3_n100_m435_b90_615.cnf,SAT,64618.71,64603.60,15.11,580,468
/home/richard/project/SAT_benchmark/SATLIB/CBS_k3_n100_m435_b90/CBS_k3_n100_m435_b90_970.cnf,SAT,87264.95,87251.10,13.85,782,680
/home/richard/project/SAT_benchmark/SATLIB/CBS_k3_n100_m435_b90/CBS_k3_n100_m435_b90_254.cnf,SAT,38719.53,38706.03,13.51,348,269
/home/richard/project/SAT_benchmark/SATLIB/CBS_k3_n100_m435_b90/CBS_k3_n100_m435_b90_718.cnf,SAT,32628.42,32614.67,13.75,293,259
/home/richard/project/SAT_benchmark/SATLIB/CBS_k3_n100_m435_b90/CBS_k3_n100_m435_b90_92.cnf,SAT,118551.11,118535.11,16.00,1067,849
/home/richard/project/SAT_benchmark/SATLIB/CBS_k3_n100_m435_b90/CBS_k3_n100_m435_b90_588.cnf,SAT,47264.11,47249.18,14.94,429,349
/home/richard/project/SAT_benchmark/SATLIB/CBS_k3_n100_m435_b90/CBS_k3_n100_m435_b90_540.cnf,SAT,22671.27,22661.33,9.95,208,163
/home/richard/project/SAT_benchmark/SATLIB/CBS_k3_n100_m435_b90/CBS_k3_n100_m435_b90_345.cnf,SAT,52167.55,52150.85,16.70,461,401
/home/richard/project/SAT_benchmark/SATLIB/CBS_k3_n100_m435_b90/CBS_k3_n100_m435_b90_538.cnf,SAT,80760.16,80748.53,11.63,727,578
/home/richard/project/SAT_benchmark/SATLIB/CBS_k3_n100_m435_b90/CBS_k3_n100_m435_b90_285.cnf,SAT,68548.22,68534.54,13.68,616,510
/home/richard/project/SAT_benchmark/SATLIB/CBS_k3_n100_m435_b90/CBS_k3_n100_m435_b90_191.cnf,SAT,74346.95,74332.56,14.39,668,569
/home/richard/project/SAT_benchmark/SATLIB/CBS_k3_n100_m435_b90/CBS_k3_n100_m435_b90_687.cnf,SAT,106164.12,106149.93,14.19,955,746
/home/richard/project/SAT_benchmark/SATLIB/CBS_k3_n100_m435_b90/CBS_k3_n100_m435_b90_469.cnf,SAT,157695.17,157679.24,15.93,1414,928
/home/richard/project/SAT_benchmark/SATLIB/CBS_k3_n100_m435_b90/CBS_k3_n100_m435_b90_414.cnf,SAT,98503.85,98487.32,16.53,885,781
/home/richard/project/SAT_benchmark/SATLIB/CBS_k3_n100_m435_b90/CBS_k3_n100_m435_b90_671.cnf,SAT,13664.06,13650.28,13.78,129,104
/home/richard/project/SAT_benchmark/SATLIB/CBS_k3_n100_m435_b90/CBS_k3_n100_m435_b90_646.cnf,SAT,78344.87,78330.97,13.90,702,568
/home/richard/project/SAT_benchmark/SATLIB/CBS_k3_n100_m435_b90/CBS_k3_n100_m435_b90_211.cnf,SAT,34105.86,34092.79,13.07,307,249
/home/richard/project/SAT_benchmark/SATLIB/CBS_k3_n100_m435_b90/CBS_k3_n100_m435_b90_597.cnf,SAT,20571.34,20555.12,16.22,186,154
/home/richard/project/SAT_benchmark/SATLIB/CBS_k3_n100_m449_b10/CBS_k3_n100_m449_b10_673.cnf,SAT,45660.95,45649.93,11.02,411,326
/home/richard/project/SAT_benchmark/SATLIB/CBS_k3_n100_m449_b10/CBS_k3_n100_m449_b10_58.cnf,SAT,51592.87,51579.96,12.90,461,386
/home/richard/project/SAT_benchmark/SATLIB/CBS_k3_n100_m449_b10/CBS_k3_n100_m449_b10_143.cnf,SAT,5856.09,5844.48,11.60,59,33
/home/richard/project/SAT_benchmark/SATLIB/CBS_k3_n100_m449_b10/CBS_k3_n100_m449_b10_610.cnf,SAT,32374.76,32361.25,13.51,290,250
/home/richard/project/SAT_benchmark/SATLIB/CBS_k3_n100_m449_b10/CBS_k3_n100_m449_b10_305.cnf,SAT,38535.60,38523.08,12.53,349,290
/home/richard/project/SAT_benchmark/SATLIB/CBS_k3_n100_m449_b10/CBS_k3_n100_m449_b10_596.cnf,SAT,29359.33,29347.73,11.60,264,216
/home/richard/project/SAT_benchmark/SATLIB/CBS_k3_n100_m449_b10/CBS_k3_n100_m449_b10_537.cnf,SAT,10373.66,10362.67,10.99,93,53
/home/richard/project/SAT_benchmark/SATLIB/CBS_k3_n100_m449_b10/CBS_k3_n100_m449_b10_485.cnf,SAT,7032.92,7022.46,10.45,60,39
/home/richard/project/SAT_benchmark/SATLIB/CBS_k3_n100_m449_b10/CBS_k3_n100_m449_b10_642.cnf,SAT,4685.28,4675.84,9.43,43,19
/home/richard/project/SAT_benchmark/SATLIB/CBS_k3_n100_m449_b10/CBS_k3_n100_m449_b10_966.cnf,SAT,8211.20,8201.54,9.66,74,44
/home/richard/project/SAT_benchmark/SATLIB/CBS_k3_n100_m449_b10/CBS_k3_n100_m449_b10_583.cnf,SAT,12717.68,12706.44,11.24,113,85
/home/richard/project/SAT_benchmark/SATLIB/CBS_k3_n100_m449_b10/CBS_k3_n100_m449_b10_221.cnf,SAT,8297.84,8285.64,12.20,77,48
/home/richard/project/SAT_benchmark/SATLIB/CBS_k3_n100_m449_b10/CBS_k3_n100_m449_b10_87.cnf,SAT,4711.92,4701.21,10.71,43,21
/home/richard/project/SAT_benchmark/SATLIB/CBS_k3_n100_m449_b10/CBS_k3_n100_m449_b10_250.cnf,SAT,6328.14,6317.15,10.99,54,24
/home/richard/project/SAT_benchmark/SATLIB/CBS_k3_n100_m449_b10/CBS_k3_n100_m449_b10_6.cnf,SAT,10297.05,10285.91,11.14,99,54
/home/richard/project/SAT_benchmark/SATLIB/CBS_k3_n100_m449_b10/CBS_k3_n100_m449_b10_565.cnf,SAT,11404.49,11393.10,11.39,104,72
/home/richard/project/SAT_benchmark/SATLIB/CBS_k3_n100_m449_b10/CBS_k3_n100_m449_b10_605.cnf,SAT,13752.38,13742.13,10.25,123,85
/home/richard/project/SAT_benchmark/SATLIB/CBS_k3_n100_m449_b10/CBS_k3_n100_m449_b10_687.cnf,SAT,11419.18,11406.66,12.52,107,76
/home/richard/project/SAT_benchmark/SATLIB/CBS_k3_n100_m449_b10/CBS_k3_n100_m449_b10_234.cnf,SAT,5818.84,5807.73,11.11,53,28
/home/richard/project/SAT_benchmark/SATLIB/CBS_k3_n100_m449_b10/CBS_k3_n100_m449_b10_976.cnf,SAT,13845.58,13835.63,9.95,122,89
/home/richard/project/SAT_benchmark/SATLIB/CBS_k3_n100_m449_b10/CBS_k3_n100_m449_b10_19.cnf,SAT,39179.76,39166.51,13.25,357,273
/home/richard/project/SAT_benchmark/SATLIB/CBS_k3_n100_m449_b10/CBS_k3_n100_m449_b10_169.cnf,SAT,14894.40,14883.09,11.30,132,110
/home/richard/project/SAT_benchmark/SATLIB/CBS_k3_n100_m449_b10/CBS_k3_n100_m449_b10_689.cnf,SAT,6037.44,6028.18,9.26,50,26
/home/richard/project/SAT_benchmark/SATLIB/CBS_k3_n100_m449_b10/CBS_k3_n100_m449_b10_141.cnf,SAT,23760.89,23749.83,11.06,211,164
/home/richard/project/SAT_benchmark/SATLIB/CBS_k3_n100_m449_b10/CBS_k3_n100_m449_b10_962.cnf,SAT,8118.07,8107.32,10.74,75,54
/home/richard/project/SAT_benchmark/SATLIB/CBS_k3_n100_m449_b10/CBS_k3_n100_m449_b10_385.cnf,SAT,10243.68,10233.07,10.61,94,72
/home/richard/project/SAT_benchmark/SATLIB/CBS_k3_n100_m449_b10/CBS_k3_n100_m449_b10_302.cnf,SAT,12655.05,12643.19,11.86,112,79
/home/richard/project/SAT_benchmark/SATLIB/CBS_k3_n100_m449_b10/CBS_k3_n100_m449_b10_130.cnf,SAT,2491.83,2481.70,10.13,24,3
/home/richard/project/SAT_benchmark/SATLIB/CBS_k3_n100_m449_b10/CBS_k3_n100_m449_b10_225.cnf,SAT,24813.59,24801.05,12.54,226,178
/home/richard/project/SAT_benchmark/SATLIB/CBS_k3_n100_m449_b10/CBS_k3_n100_m449_b10_964.cnf,SAT,14837.40,14825.99,11.41,131,92
/home/richard/project/SAT_benchmark/SATLIB/CBS_k3_n100_m449_b10/CBS_k3_n100_m449_b10_128.cnf,SAT,18348.45,18333.65,14.81,168,130
/home/richard/project/SAT_benchmark/SATLIB/CBS_k3_n100_m449_b10/CBS_k3_n100_m449_b10_15.cnf,SAT,14893.76,14881.51,12.25,135,107
/home/richard/project/SAT_benchmark/SATLIB/CBS_k3_n100_m449_b10/CBS_k3_n100_m449_b10_229.cnf,SAT,23715.78,23705.02,10.75,212,178
/home/richard/project/SAT_benchmark/SATLIB/CBS_k3_n100_m449_b10/CBS_k3_n100_m449_b10_769.cnf,SAT,4792.02,4781.99,10.04,42,12
/home/richard/project/SAT_benchmark/SATLIB/CBS_k3_n100_m449_b10/CBS_k3_n100_m449_b10_725.cnf,SAT,5778.52,5768.20,10.32,52,15
/home/richard/project/SAT_benchmark/SATLIB/CBS_k3_n100_m449_b10/CBS_k3_n100_m449_b10_785.cnf,SAT,21600.93,21588.36,12.58,199,128
/home/richard/project/SAT_benchmark/SATLIB/CBS_k3_n100_m449_b10/CBS_k3_n100_m449_b10_436.cnf,SAT,22690.02,22679.70,10.32,202,154
/home/richard/project/SAT_benchmark/SATLIB/CBS_k3_n100_m449_b10/CBS_k3_n100_m449_b10_126.cnf,SAT,23932.12,23921.22,10.90,211,157
/home/richard/project/SAT_benchmark/SATLIB/CBS_k3_n100_m449_b10/CBS_k3_n100_m449_b10_815.cnf,SAT,23881.71,23871.76,9.94,210,154
/home/richard/project/SAT_benchmark/SATLIB/CBS_k3_n100_m449_b10/CBS_k3_n100_m449_b10_378.cnf,SAT,19401.05,19389.79,11.26,171,132
/home/richard/project/SAT_benchmark/SATLIB/CBS_k3_n100_m449_b10/CBS_k3_n100_m449_b10_344.cnf,SAT,45664.02,45650.75,13.27,406,314
/home/richard/project/SAT_benchmark/SATLIB/CBS_k3_n100_m449_b10/CBS_k3_n100_m449_b10_749.cnf,SAT,14857.36,14847.86,9.50,138,84
/home/richard/project/SAT_benchmark/SATLIB/CBS_k3_n100_m449_b10/CBS_k3_n100_m449_b10_92.cnf,SAT,44126.02,44114.08,11.94,394,259
/home/richard/project/SAT_benchmark/SATLIB/CBS_k3_n100_m449_b10/CBS_k3_n100_m449_b10_195.cnf,SAT,82273.33,82259.97,13.36,735,554
/home/richard/project/SAT_benchmark/SATLIB/CBS_k3_n100_m449_b10/CBS_k3_n100_m449_b10_864.cnf,SAT,2432.62,2420.50,12.13,27,7
/home/richard/project/SAT_benchmark/SATLIB/CBS_k3_n100_m449_b10/CBS_k3_n100_m449_b10_117.cnf,SAT,77696.18,77683.04,13.14,691,593
/home/richard/project/SAT_benchmark/SATLIB/CBS_k3_n100_m449_b10/CBS_k3_n100_m449_b10_246.cnf,SAT,3564.42,3553.68,10.74,37,14
/home/richard/project/SAT_benchmark/SATLIB/CBS_k3_n100_m449_b10/CBS_k3_n100_m449_b10_132.cnf,SAT,20491.76,20481.45,10.31,189,150
/home/richard/project/SAT_benchmark/SATLIB/CBS_k3_n100_m449_b10/CBS_k3_n100_m449_b10_421.cnf,SAT,22706.26,22692.75,13.50,207,172
/home/richard/project/SAT_benchmark/SATLIB/CBS_k3_n100_m449_b10/CBS_k3_n100_m449_b10_97.cnf,SAT,6924.77,6915.54,9.24,64,26
/home/richard/project/SAT_benchmark/SATLIB/CBS_k3_n100_m449_b10/CBS_k3_n100_m449_b10_863.cnf,SAT,101346.06,101330.69,15.37,912,761
/home/richard/project/SAT_benchmark/SATLIB/CBS_k3_n100_m449_b10/CBS_k3_n100_m449_b10_462.cnf,SAT,8310.00,8300.47,9.54,75,46
/home/richard/project/SAT_benchmark/SATLIB/CBS_k3_n100_m449_b10/CBS_k3_n100_m449_b10_48.cnf,SAT,9253.48,9240.74,12.74,80,56
/home/richard/project/SAT_benchmark/SATLIB/CBS_k3_n100_m449_b10/CBS_k3_n100_m449_b10_263.cnf,SAT,42784.44,42771.65,12.78,382,186
/home/richard/project/SAT_benchmark/SATLIB/CBS_k3_n100_m449_b10/CBS_k3_n100_m449_b10_534.cnf,SAT,12572.79,12562.53,10.26,115,84
/home/richard/project/SAT_benchmark/SATLIB/CBS_k3_n100_m449_b10/CBS_k3_n100_m449_b10_923.cnf,SAT,4778.03,4768.97,9.06,41,11
/home/richard/project/SAT_benchmark/SATLIB/CBS_k3_n100_m449_b10/CBS_k3_n100_m449_b10_946.cnf,SAT,42495.53,42483.78,11.75,384,325
/home/richard/project/SAT_benchmark/SATLIB/CBS_k3_n100_m449_b10/CBS_k3_n100_m449_b10_43.cnf,SAT,10470.91,10461.53,9.37,93,72
/home/richard/project/SAT_benchmark/SATLIB/CBS_k3_n100_m449_b10/CBS_k3_n100_m449_b10_484.cnf,SAT,31164.43,31151.80,12.63,274,230
/home/richard/project/SAT_benchmark/SATLIB/CBS_k3_n100_m449_b10/CBS_k3_n100_m449_b10_352.cnf,SAT,23343.63,23331.92,11.70,204,171
/home/richard/project/SAT_benchmark/SATLIB/CBS_k3_n100_m449_b10/CBS_k3_n100_m449_b10_27.cnf,SAT,21518.35,21507.86,10.49,190,145
/home/richard/project/SAT_benchmark/SATLIB/CBS_k3_n100_m449_b10/CBS_k3_n100_m449_b10_171.cnf,SAT,5787.26,5777.02,10.24,59,41
/home/richard/project/SAT_benchmark/SATLIB/CBS_k3_n100_m449_b10/CBS_k3_n100_m449_b10_975.cnf,SAT,19203.25,19190.54,12.71,179,147
/home/richard/project/SAT_benchmark/SATLIB/CBS_k3_n100_m449_b10/CBS_k3_n100_m449_b10_238.cnf,SAT,47085.05,47072.82,12.23,422,338
/home/richard/project/SAT_benchmark/SATLIB/CBS_k3_n100_m449_b10/CBS_k3_n100_m449_b10_388.cnf,SAT,13678.46,13666.40,12.06,127,95
/home/richard/project/SAT_benchmark/SATLIB/CBS_k3_n100_m449_b10/CBS_k3_n100_m449_b10_919.cnf,SAT,34751.17,34739.76,11.41,317,248
/home/richard/project/SAT_benchmark/SATLIB/CBS_k3_n100_m449_b10/CBS_k3_n100_m449_b10_679.cnf,SAT,2661.33,2650.34,10.99,20,5
/home/richard/project/SAT_benchmark/SATLIB/CBS_k3_n100_m449_b10/CBS_k3_n100_m449_b10_140.cnf,SAT,5856.09,5841.42,14.67,55,21
/home/richard/project/SAT_benchmark/SATLIB/CBS_k3_n100_m449_b10/CBS_k3_n100_m449_b10_161.cnf,SAT,9182.61,9171.41,11.20,84,62
/home/richard/project/SAT_benchmark/SATLIB/CBS_k3_n100_m449_b10/CBS_k3_n100_m449_b10_188.cnf,SAT,0.08,0.00,0.08,0,0
/home/richard/project/SAT_benchmark/SATLIB/CBS_k3_n100_m449_b10/CBS_k3_n100_m449_b10_241.cnf,SAT,28773.29,28762.86,10.44,256,202
/home/richard/project/SAT_benchmark/SATLIB/CBS_k3_n100_m449_b10/CBS_k3_n100_m449_b10_597.cnf,SAT,8018.49,8009.41,9.09,79,55
/home/richard/project/SAT_benchmark/SATLIB/CBS_k3_n100_m449_b10/CBS_k3_n100_m449_b10_491.cnf,SAT,32598.13,32583.72,14.41,292,229
/home/richard/project/SAT_benchmark/SATLIB/CBS_k3_n100_m449_b10/CBS_k3_n100_m449_b10_24.cnf,SAT,2543.32,2533.38,9.95,29,4
/home/richard/project/SAT_benchmark/SATLIB/CBS_k3_n100_m449_b10/CBS_k3_n100_m449_b10_632.cnf,SAT,18027.94,18015.21,12.73,166,109
/home/richard/project/SAT_benchmark/SATLIB/CBS_k3_n100_m449_b10/CBS_k3_n100_m449_b10_938.cnf,SAT,13736.52,13725.36,11.16,127,99
/home/richard/project/SAT_benchmark/SATLIB/CBS_k3_n100_m449_b10/CBS_k3_n100_m449_b10_944.cnf,SAT,6961.89,6951.43,10.47,66,39
/home/richard/project/SAT_benchmark/SATLIB/CBS_k3_n100_m449_b10/CBS_k3_n100_m449_b10_652.cnf,SAT,22476.61,22464.31,12.29,204,162
/home/richard/project/SAT_benchmark/SATLIB/CBS_k3_n100_m449_b10/CBS_k3_n100_m449_b10_723.cnf,SAT,3744.60,3732.07,12.54,33,7
/home/richard/project/SAT_benchmark/SATLIB/CBS_k3_n100_m449_b10/CBS_k3_n100_m449_b10_564.cnf,SAT,14735.66,14724.92,10.74,133,107
/home/richard/project/SAT_benchmark/SATLIB/CBS_k3_n100_m449_b10/CBS_k3_n100_m449_b10_952.cnf,SAT,17641.60,17630.50,11.10,158,104
/home/richard/project/SAT_benchmark/SATLIB/CBS_k3_n100_m449_b10/CBS_k3_n100_m449_b10_20.cnf,SAT,14870.40,14860.05,10.35,133,106
/home/richard/project/SAT_benchmark/SATLIB/CBS_k3_n100_m449_b10/CBS_k3_n100_m449_b10_206.cnf,SAT,13546.71,13537.68,9.04,124,78
/home/richard/project/SAT_benchmark/SATLIB/CBS_k3_n100_m449_b10/CBS_k3_n100_m449_b10_790.cnf,SAT,68768.25,68754.02,14.22,618,424
/home/richard/project/SAT_benchmark/SATLIB/CBS_k3_n100_m449_b10/CBS_k3_n100_m449_b10_415.cnf,SAT,10628.15,10618.35,9.80,93,66
/home/richard/project/SAT_benchmark/SATLIB/CBS_k3_n100_m449_b10/CBS_k3_n100_m449_b10_615.cnf,SAT,4814.62,4805.43,9.19,46,13
/home/richard/project/SAT_benchmark/SATLIB/CBS_k3_n100_m449_b10/CBS_k3_n100_m449_b10_102.cnf,SAT,6813.11,6801.58,11.53,51,13
/home/richard/project/SAT_benchmark/SATLIB/CBS_k3_n100_m449_b10/CBS_k3_n100_m449_b10_394.cnf,SAT,13172.96,13162.45,10.50,116,83
/home/richard/project/SAT_benchmark/SATLIB/CBS_k3_n100_m449_b10/CBS_k3_n100_m449_b10_261.cnf,SAT,3705.11,3695.55,9.56,35,13
/home/richard/project/SAT_benchmark/SATLIB/CBS_k3_n100_m449_b10/CBS_k3_n100_m449_b10_244.cnf,SAT,16368.13,16357.49,10.64,146,103
/home/richard/project/SAT_benchmark/SATLIB/CBS_k3_n100_m449_b10/CBS_k3_n100_m449_b10_205.cnf,SAT,32748.72,32738.60,10.12,281,212
/home/richard/project/SAT_benchmark/SATLIB/CBS_k3_n100_m449_b10/CBS_k3_n100_m449_b10_668.cnf,SAT,7120.90,7111.57,9.33,67,36
/home/richard/project/SAT_benchmark/SATLIB/CBS_k3_n100_m449_b10/CBS_k3_n100_m449_b10_887.cnf,SAT,9373.66,9363.09,10.58,89,65
/home/richard/project/SAT_benchmark/SATLIB/CBS_k3_n100_m449_b10/CBS_k3_n100_m449_b10_486.cnf,SAT,8201.08,8189.01,12.07,77,55
/home/richard/project/SAT_benchmark/SATLIB/CBS_k3_n100_m449_b10/CBS_k3_n100_m449_b10_454.cnf,SAT,63733.19,63719.99,13.20,565,224
/home/richard/project/SAT_benchmark/SATLIB/CBS_k3_n100_m449_b10/CBS_k3_n100_m449_b10_715.cnf,SAT,19670.30,19659.36,10.94,178,145
/home/richard/project/SAT_benchmark/SATLIB/CBS_k3_n100_m449_b10/CBS_k3_n100_m449_b10_227.cnf,SAT,53120.17,53108.08,12.09,469,321
/home/richard/project/SAT_benchmark/SATLIB/CBS_k3_n100_m449_b10/CBS_k3_n100_m449_b10_823.cnf,SAT,27864.62,27852.69,11.93,249,208
/home/richard/project/SAT_benchmark/SATLIB/CBS_k3_n100_m449_b10/CBS_k3_n100_m449_b10_553.cnf,SAT,17305.23,17293.76,11.47,157,113
/home/richard/project/SAT_benchmark/SATLIB/CBS_k3_n100_m449_b10/CBS_k3_n100_m449_b10_957.cnf,SAT,14248.66,14239.79,8.87,122,86
/home/richard/project/SAT_benchmark/SATLIB/CBS_k3_n100_m449_b10/CBS_k3_n100_m449_b10_349.cnf,SAT,26838.66,26825.82,12.84,235,195
/home/richard/project/SAT_benchmark/SATLIB/CBS_k3_n100_m449_b10/CBS_k3_n100_m449_b10_264.cnf,SAT,10514.90,10504.73,10.16,92,71
/home/richard/project/SAT_benchmark/SATLIB/CBS_k3_n100_m449_b10/CBS_k3_n100_m449_b10_16.cnf,SAT,8227.36,8217.33,10.03,71,47
/home/richard/project/SAT_benchmark/SATLIB/CBS_k3_n100_m449_b10/CBS_k3_n100_m449_b10_153.cnf,SAT,22926.68,22915.45,11.24,200,152
/home/richard/project/SAT_benchmark/SATLIB/CBS_k3_n100_m449_b10/CBS_k3_n100_m449_b10_774.cnf,SAT,50251.30,50240.13,11.16,444,373
/home/richard/project/SAT_benchmark/SATLIB/CBS_k3_n100_m449_b10/CBS_k3_n100_m449_b10_75.cnf,SAT,29731.01,29720.33,10.68,264,217
/home/richard/project/SAT_benchmark/SATLIB/CBS_k3_n100_m449_b10/CBS_k3_n100_m449_b10_200.cnf,SAT,11942.75,11931.41,11.34,102,76
/home/richard/project/SAT_benchmark/SATLIB/CBS_k3_n100_m449_b10/CBS_k3_n100_m449_b10_164.cnf,SAT,18503.77,18493.85,9.92,163,131
/home/richard/project/SAT_benchmark/SATLIB/CBS_k3_n100_m449_b10/CBS_k3_n100_m449_b10_783.cnf,SAT,28603.48,28592.93,10.55,254,212
/home/richard/project/SAT_benchmark/SATLIB/CBS_k3_n100_m449_b10/CBS_k3_n100_m449_b10_342.cnf,SAT,42268.63,42257.97,10.66,370,300
/home/richard/project/SAT_benchmark/SATLIB/CBS_k3_n100_m449_b10/CBS_k3_n100_m449_b10_186.cnf,SAT,67985.01,67972.14,12.87,605,497
/home/richard/project/SAT_benchmark/SATLIB/CBS_k3_n100_m449_b10/CBS_k3_n100_m449_b10_848.cnf,SAT,8165.00,8155.19,9.80,73,39
/home/richard/project/SAT_benchmark/SATLIB/CBS_k3_n100_m449_b10/CBS_k3_n100_m449_b10_402.cnf,SAT,5901.72,5891.28,10.44,55,18
/home/richard/project/SAT_benchmark/SATLIB/CBS_k3_n100_m449_b10/CBS_k3_n100_m449_b10_889.cnf,SAT,9703.99,9693.60,10.39,80,46
/home/richard/project/SAT_benchmark/SATLIB/CBS_k3_n100_m449_b10/CBS_k3_n100_m449_b10_742.cnf,SAT,32909.92,32897.74,12.19,298,235
/home/richard/project/SAT_benchmark/SATLIB/CBS_k3_n100_m449_b10/CBS_k3_n100_m449_b10_47.cnf,SAT,10456.62,10446.14,10.48,95,65
/home/richard/project/SAT_benchmark/SATLIB/CBS_k3_n100_m449_b10/CBS_k3_n100_m449_b10_397.cnf,SAT,13558.95,13548.67,10.28,122,83
/home/richard/project/SAT_benchmark/SATLIB/CBS_k3_n100_m449_b10/CBS_k3_n100_m449_b10_226.cnf,SAT,41174.96,41162.96,12.00,369,299
/home/richard/project/SAT_benchmark/SATLIB/CBS_k3_n100_m449_b10/CBS_k3_n100_m449_b10_659.cnf,SAT,11446.99,11437.09,9.90,101,75
/home/richard/project/SAT_benchmark/SATLIB/CBS_k3_n100_m449_b10/CBS_k3_n100_m449_b10_867.cnf,SAT,23812.13,23798.38,13.75,213,166
/home/richard/project/SAT_benchmark/SATLIB/CBS_k3_n100_m449_b10/CBS_k3_n100_m449_b10_53.cnf,SAT,37188.05,37176.84,11.21,332,201
/home/richard/project/SAT_benchmark/SATLIB/CBS_k3_n100_m449_b10/CBS_k3_n100_m449_b10_591.cnf,SAT,20597.41,20587.25,10.16,182,137
/home/richard/project/SAT_benchmark/SATLIB/CBS_k3_n100_m449_b10/CBS_k3_n100_m449_b10_127.cnf,SAT,12626.29,12614.77,11.52,113,64
/home/richard/project/SAT_benchmark/SATLIB/CBS_k3_n100_m449_b10/CBS_k3_n100_m449_b10_655.cnf,SAT,12519.03,12509.57,9.46,115,86
/home/richard/project/SAT_benchmark/SATLIB/CBS_k3_n100_m449_b10/CBS_k3_n100_m449_b10_426.cnf,SAT,19522.07,19511.61,10.46,174,129
/home/richard/project/SAT_benchmark/SATLIB/CBS_k3_n100_m449_b10/CBS_k3_n100_m449_b10_424.cnf,SAT,8132.43,8121.62,10.81,74,41
/home/richard/project/SAT_benchmark/SATLIB/CBS_k3_n100_m449_b10/CBS_k3_n100_m449_b10_624.cnf,SAT,9193.29,9181.84,11.46,84,57
/home/richard/project/SAT_benchmark/SATLIB/CBS_k3_n100_m449_b10/CBS_k3_n100_m449_b10_699.cnf,SAT,32701.55,32690.36,11.19,298,257
/home/richard/project/SAT_benchmark/SATLIB/CBS_k3_n100_m449_b10/CBS_k3_n100_m449_b10_529.cnf,SAT,17081.96,17071.07,10.89,154,116
/home/richard/project/SAT_benchmark/SATLIB/CBS_k3_n100_m449_b10/CBS_k3_n100_m449_b10_828.cnf,SAT,14862.43,14851.30,11.13,130,101
/home/richard/project/SAT_benchmark/SATLIB/CBS_k3_n100_m449_b10/CBS_k3_n100_m449_b10_482.cnf,SAT,11555.16,11542.95,12.21,104,81
/home/richard/project/SAT_benchmark/SATLIB/CBS_k3_n100_m449_b10/CBS_k3_n100_m449_b10_734.cnf,SAT,0.09,0.00,0.09,0,0
/home/richard/project/SAT_benchmark/SATLIB/CBS_k3_n100_m449_b10/CBS_k3_n100_m449_b10_771.cnf,SAT,20441.97,20430.31,11.66,184,149
/home/richard/project/SAT_benchmark/SATLIB/CBS_k3_n100_m449_b10/CBS_k3_n100_m449_b10_139.cnf,SAT,2425.28,2414.61,10.67,23,3
/home/richard/project/SAT_benchmark/SATLIB/CBS_k3_n100_m449_b10/CBS_k3_n100_m449_b10_201.cnf,SAT,22502.24,22489.83,12.41,200,165
/home/richard/project/SAT_benchmark/SATLIB/CBS_k3_n100_m449_b10/CBS_k3_n100_m449_b10_80.cnf,SAT,39002.52,38991.18,11.33,345,276
/home/richard/project/SAT_benchmark/SATLIB/CBS_k3_n100_m449_b10/CBS_k3_n100_m449_b10_999.cnf,SAT,6915.04,6905.40,9.64,62,23
/home/richard/project/SAT_benchmark/SATLIB/CBS_k3_n100_m449_b10/CBS_k3_n100_m449_b10_752.cnf,SAT,7047.32,7038.05,9.28,66,40
/home/richard/project/SAT_benchmark/SATLIB/CBS_k3_n100_m449_b10/CBS_k3_n100_m449_b10_235.cnf,SAT,7074.05,7061.19,12.86,63,39
/home/richard/project/SAT_benchmark/SATLIB/CBS_k3_n100_m449_b10/CBS_k3_n100_m449_b10_259.cnf,SAT,23941.89,23929.13,12.76,215,159
/home/richard/project/SAT_benchmark/SATLIB/CBS_k3_n100_m449_b10/CBS_k3_n100_m449_b10_199.cnf,SAT,3669.25,3659.46,9.79,33,13
/home/richard/project/SAT_benchmark/SATLIB/CBS_k3_n100_m449_b10/CBS_k3_n100_m449_b10_729.cnf,SAT,20391.56,20381.89,9.67,186,147
/home/richard/project/SAT_benchmark/SATLIB/CBS_k3_n100_m449_b10/CBS_k3_n100_m449_b10_926.cnf,SAT,16119.45,16107.92,11.54,149,109
/home/richard/project/SAT_benchmark/SATLIB/CBS_k3_n100_m449_b10/CBS_k3_n100_m449_b10_883.cnf,SAT,74916.58,74902.74,13.84,666,557
/home/richard/project/SAT_benchmark/SATLIB/CBS_k3_n100_m449_b10/CBS_k3_n100_m449_b10_193.cnf,SAT,19382.48,19370.92,11.55,174,139
/home/richard/project/SAT_benchmark/SATLIB/CBS_k3_n100_m449_b10/CBS_k3_n100_m449_b10_253.cnf,SAT,32627.48,32611.68,15.80,298,250
/home/richard/project/SAT_benchmark/SATLIB/CBS_k3_n100_m449_b10/CBS_k3_n100_m449_b10_763.cnf,SAT,18067.44,18056.93,10.51,164,125
/home/richard/project/SAT_benchmark/SATLIB/CBS_k3_n100_m449_b10/CBS_k3_n100_m449_b10_408.cnf,SAT,11233.73,11221.12,12.61,99,79
/home/richard/project/SAT_benchmark/SATLIB/CBS_k3_n100_m449_b10/CBS_k3_n100_m449_b10_217.cnf,SAT,38234.67,38219.41,15.25,331,278
/home/richard/project/SAT_benchmark/SATLIB/CBS_k3_n100_m449_b10/CBS_k3_n100_m449_b10_231.cnf,SAT,25540.94,25529.78,11.16,226,180
/home/richard/project/SAT_benchmark/SATLIB/CBS_k3_n100_m449_b10/CBS_k3_n100_m449_b10_647.cnf,SAT,20872.62,20861.26,11.36,182,151
/home/richard/project/SAT_benchmark/SATLIB/CBS_k3_n100_m449_b10/CBS_k3_n100_m449_b10_621.cnf,SAT,4684.70,4672.78,11.91,41,19
/home/richard/project/SAT_benchmark/SATLIB/CBS_k3_n100_m449_b10/CBS_k3_n100_m449_b10_498.cnf,SAT,13833.00,13822.41,10.59,126,98
/home/richard/project/SAT_benchmark/SATLIB/CBS_k3_n100_m449_b10/CBS_k3_n100_m449_b10_649.cnf,SAT,12611.48,12598.34,13.14,115,92
/home/richard/project/SAT_benchmark/SATLIB/CBS_k3_n100_m449_b10/CBS_k3_n100_m449_b10_228.cnf,SAT,10468.03,10456.74,11.29,94,58
/home/richard/project/SAT_benchmark/SATLIB/CBS_k3_n100_m449_b10/CBS_k3_n100_m449_b10_541.cnf,SAT,7283.51,7273.80,9.71,60,27
/home/richard/project/SAT_benchmark/SATLIB/CBS_k3_n100_m449_b10/CBS_k3_n100_m449_b10_78.cnf,SAT,8072.93,8063.31,9.61,78,49
/home/richard/project/SAT_benchmark/SATLIB/CBS_k3_n100_m449_b10/CBS_k3_n100_m449_b10_690.cnf,SAT,13678.78,13668.76,10.02,123,91
/home/richard/project/SAT_benchmark/SATLIB/CBS_k3_n100_m449_b10/CBS_k3_n100_m449_b10_367.cnf,SAT,19282.89,19270.12,12.78,177,144
/home/richard/project/SAT_benchmark/SATLIB/CBS_k3_n100_m449_b10/CBS_k3_n100_m449_b10_276.cnf,SAT,17086.13,17074.05,12.08,150,118
/home/richard/project/SAT_benchmark/SATLIB/CBS_k3_n100_m449_b10/CBS_k3_n100_m449_b10_589.cnf,SAT,34800.53,34788.52,12.01,317,265
/home/richard/project/SAT_benchmark/SATLIB/CBS_k3_n100_m449_b10/CBS_k3_n100_m449_b10_808.cnf,SAT,11513.51,11504.05,9.46,104,82
/home/richard/project/SAT_benchmark/SATLIB/CBS_k3_n100_m449_b10/CBS_k3_n100_m449_b10_573.cnf,SAT,21990.39,21979.32,11.07,190,153
/home/richard/project/SAT_benchmark/SATLIB/CBS_k3_n100_m449_b10/CBS_k3_n100_m449_b10_826.cnf,SAT,5863.97,5853.79,10.18,53,32
/home/richard/project/SAT_benchmark/SATLIB/CBS_k3_n100_m449_b10/CBS_k3_n100_m449_b10_502.cnf,SAT,20401.04,20388.99,12.05,186,142
/home/richard/project/SAT_benchmark/SATLIB/CBS_k3_n100_m449_b10/CBS_k3_n100_m449_b10_131.cnf,SAT,32535.36,32523.53,11.83,295,250
/home/richard/project/SAT_benchmark/SATLIB/CBS_k3_n100_m449_b10/CBS_k3_n100_m449_b10_851.cnf,SAT,106224.04,106207.74,16.29,952,830
/home/richard/project/SAT_benchmark/SATLIB/CBS_k3_n100_m449_b10/CBS_k3_n100_m449_b10_165.cnf,SAT,3556.97,3546.36,10.60,31,9
/home/richard/project/SAT_benchmark/SATLIB/CBS_k3_n100_m449_b10/CBS_k3_n100_m449_b10_488.cnf,SAT,27128.05,27117.98,10.07,249,196
/home/richard/project/SAT_benchmark/SATLIB/CBS_k3_n100_m449_b10/CBS_k3_n100_m449_b10_324.cnf,SAT,63424.37,63410.17,14.20,560,478
/home/richard/project/SAT_benchmark/SATLIB/CBS_k3_n100_m449_b10/CBS_k3_n100_m449_b10_104.cnf,SAT,26953.69,26942.00,11.69,245,207
/home/richard/project/SAT_benchmark/SATLIB/CBS_k3_n100_m449_b10/CBS_k3_n100_m449_b10_755.cnf,SAT,45918.43,45906.66,11.77,417,363
/home/richard/project/SAT_benchmark/SATLIB/CBS_k3_n100_m449_b10/CBS_k3_n100_m449_b10_574.cnf,SAT,40841.09,40828.98,12.11,363,281
/home/richard/project/SAT_benchmark/SATLIB/CBS_k3_n100_m449_b10/CBS_k3_n100_m449_b10_803.cnf,SAT,9194.24,9184.08,10.16,84,56
/home/richard/project/SAT_benchmark/SATLIB/CBS_k3_n100_m449_b10/CBS_k3_n100_m449_b10_372.cnf,SAT,56291.17,56277.27,13.90,508,428
/home/richard/project/SAT_benchmark/SATLIB/CBS_k3_n100_m449_b10/CBS_k3_n100_m449_b10_987.cnf,SAT,13523.26,13513.21,10.05,129,83
/home/richard/project/SAT_benchmark/SATLIB/CBS_k3_n100_m449_b10/CBS_k3_n100_m449_b10_676.cnf,SAT,24706.78,24691.17,15.61,223,186
/home/richard/project/SAT_benchmark/SATLIB/CBS_k3_n100_m449_b10/CBS_k3_n100_m449_b10_688.cnf,SAT,32934.82,32923.93,10.89,295,234
/home/richard/project/SAT_benchmark/SATLIB/CBS_k3_n100_m449_b10/CBS_k3_n100_m449_b10_409.cnf,SAT,31560.63,31550.16,10.47,281,209
/home/richard/project/SAT_benchmark/SATLIB/CBS_k3_n100_m449_b10/CBS_k3_n100_m449_b10_395.cnf,SAT,12458.94,12449.73,9.21,117,80
/home/richard/project/SAT_benchmark/SATLIB/CBS_k3_n100_m449_b10/CBS_k3_n100_m449_b10_215.cnf,SAT,2482.95,2472.60,10.35,29,14
/home/richard/project/SAT_benchmark/SATLIB/CBS_k3_n100_m449_b10/CBS_k3_n100_m449_b10_563.cnf,SAT,10427.12,10416.28,10.84,90,58
/home/richard/project/SAT_benchmark/SATLIB/CBS_k3_n100_m449_b10/CBS_k3_n100_m449_b10_441.cnf,SAT,9206.31,9195.93,10.38,80,57
/home/richard/project/SAT_benchmark/SATLIB/CBS_k3_n100_m449_b10/CBS_k3_n100_m449_b10_167.cnf,SAT,18412.46,18402.73,9.73,160,124
/home/richard/project/SAT_benchmark/SATLIB/CBS_k3_n100_m449_b10/CBS_k3_n100_m449_b10_232.cnf,SAT,27478.15,27465.95,12.20,243,206
/home/richard/project/SAT_benchmark/SATLIB/CBS_k3_n100_m449_b10/CBS_k3_n100_m449_b10_222.cnf,SAT,18151.52,18141.65,9.88,164,117
/home/richard/project/SAT_benchmark/SATLIB/CBS_k3_n100_m449_b10/CBS_k3_n100_m449_b10_42.cnf,SAT,46218.63,46207.45,11.18,414,330
/home/richard/project/SAT_benchmark/SATLIB/CBS_k3_n100_m449_b10/CBS_k3_n100_m449_b10_343.cnf,SAT,3751.63,3741.80,9.83,34,5
/home/richard/project/SAT_benchmark/SATLIB/CBS_k3_n100_m449_b10/CBS_k3_n100_m449_b10_963.cnf,SAT,5997.64,5988.59,9.05,52,28
/home/richard/project/SAT_benchmark/SATLIB/CBS_k3_n100_m449_b10/CBS_k3_n100_m449_b10_779.cnf,SAT,24841.13,24828.51,12.62,224,185
/home/richard/project/SAT_benchmark/SATLIB/CBS_k3_n100_m449_b10/CBS_k3_n100_m449_b10_322.cnf,SAT,0.08,0.00,0.08,0,0
/home/richard/project/SAT_benchmark/SATLIB/CBS_k3_n100_m449_b10/CBS_k3_n100_m449_b10_684.cnf,SAT,48132.74,48121.28,11.46,437,366
/home/richard/project/SAT_benchmark/SATLIB/CBS_k3_n100_m449_b10/CBS_k3_n100_m449_b10_465.cnf,SAT,19289.97,19277.60,12.37,175,134
/home/richard/project/SAT_benchmark/SATLIB/CBS_k3_n100_m449_b10/CBS_k3_n100_m449_b10_662.cnf,SAT,20233.76,20221.44,12.32,184,141
/home/richard/project/SAT_benchmark/SATLIB/CBS_k3_n100_m449_b10/CBS_k3_n100_m449_b10_137.cnf,SAT,12609.80,12599.14,10.65,115,68
/home/richard/project/SAT_benchmark/SATLIB/CBS_k3_n100_m449_b10/CBS_k3_n100_m449_b10_645.cnf,SAT,47089.33,47078.13,11.20,421,334
/home/richard/project/SAT_benchmark/SATLIB/CBS_k3_n100_m449_b10/CBS_k3_n100_m449_b10_63.cnf,SAT,16024.46,16013.91,10.55,148,128
/home/richard/project/SAT_benchmark/SATLIB/CBS_k3_n100_m449_b10/CBS_k3_n100_m449_b10_179.cnf,SAT,12540.00,12528.34,11.65,115,82
/home/richard/project/SAT_benchmark/SATLIB/CBS_k3_n100_m449_b10/CBS_k3_n100_m449_b10_505.cnf,SAT,2514.65,2503.16,11.49,23,2
/home/richard/project/SAT_benchmark/SATLIB/CBS_k3_n100_m449_b10/CBS_k3_n100_m449_b10_814.cnf,SAT,17160.38,17149.41,10.97,156,110
/home/richard/project/SAT_benchmark/SATLIB/CBS_k3_n100_m449_b10/CBS_k3_n100_m449_b10_595.cnf,SAT,32015.18,32003.31,11.87,282,223
/home/richard/project/SAT_benchmark/SATLIB/CBS_k3_n100_m449_b10/CBS_k3_n100_m449_b10_331.cnf,SAT,23723.97,23713.72,10.25,215,164
/home/richard/project/SAT_benchmark/SATLIB/CBS_k3_n100_m449_b10/CBS_k3_n100_m449_b10_255.cnf,SAT,47218.90,47207.70,11.20,421,350
/home/richard/project/SAT_benchmark/SATLIB/CBS_k3_n100_m449_b10/CBS_k3_n100_m449_b10_510.cnf,SAT,3765.20,3754.77,10.43,37,19
/home/richard/project/SAT_benchmark/SATLIB/CBS_k3_n100_m449_b10/CBS_k3_n100_m449_b10_722.cnf,SAT,121104.91,121090.62,14.29,1074,727
/home/richard/project/SAT_benchmark/SATLIB/CBS_k3_n100_m449_b10/CBS_k3_n100_m449_b10_904.cnf,SAT,39322.72,39311.74,10.97,359,302
/home/richard/project/SAT_benchmark/SATLIB/CBS_k3_n100_m449_b10/CBS_k3_n100_m449_b10_478.cnf,SAT,3972.07,3961.98,10.09,30,13
/home/richard/project/SAT_benchmark/SATLIB/CBS_k3_n100_m449_b10/CBS_k3_n100_m449_b10_862.cnf,SAT,8550.18,8541.19,9.00,79,36
/home/richard/project/SAT_benchmark/SATLIB/CBS_k3_n100_m449_b10/CBS_k3_n100_m449_b10_297.cnf,SAT,29377.22,29366.01,11.21,267,215
/home/richard/project/SAT_benchmark/SATLIB/CBS_k3_n100_m449_b10/CBS_k3_n100_m449_b10_816.cnf,SAT,7242.13,7230.25,11.88,61,36
/home/richard/project/SAT_benchmark/SATLIB/CBS_k3_n100_m449_b10/CBS_k3_n100_m449_b10_693.cnf,SAT,22644.95,22633.24,11.72,205,170
/home/richard/project/SAT_benchmark/SATLIB/CBS_k3_n100_m449_b10/CBS_k3_n100_m449_b10_108.cnf,SAT,32606.33,32593.88,12.45,294,235
/home/richard/project/SAT_benchmark/SATLIB/CBS_k3_n100_m449_b10/CBS_k3_n100_m449_b10_295.cnf,SAT,13722.07,13711.93,10.14,120,93
/home/richard/project/SAT_benchmark/SATLIB/CBS_k3_n100_m449_b10/CBS_k3_n100_m449_b10_778.cnf,SAT,10429.37,10418.57,10.81,99,71
/home/richard/project/SAT_benchmark/SATLIB/CBS_k3_n100_m449_b10/CBS_k3_n100_m449_b10_921.cnf,SAT,19224.73,19214.68,10.05,177,137
/home/richard/project/SAT_benchmark/SATLIB/CBS_k3_n100_m449_b10/CBS_k3_n100_m449_b10_741.cnf,SAT,52169.11,52157.32,11.79,463,403
/home/richard/project/SAT_benchmark/SATLIB/CBS_k3_n100_m449_b10/CBS_k3_n100_m449_b10_448.cnf,SAT,0.07,0.00,0.07,0,0
/home/richard/project/SAT_benchmark/SATLIB/CBS_k3_n100_m449_b10/CBS_k3_n100_m449_b10_796.cnf,SAT,26188.47,26177.92,10.56,229,182
/home/richard/project/SAT_benchmark/SATLIB/CBS_k3_n100_m449_b10/CBS_k3_n100_m449_b10_827.cnf,SAT,71735.83,71721.95,13.88,636,311
/home/richard/project/SAT_benchmark/SATLIB/CBS_k3_n100_m449_b10/CBS_k3_n100_m449_b10_274.cnf,SAT,7147.03,7136.30,10.73,63,28
/home/richard/project/SAT_benchmark/SATLIB/CBS_k3_n100_m449_b10/CBS_k3_n100_m449_b10_838.cnf,SAT,7042.89,7032.47,10.42,69,42
/home/richard/project/SAT_benchmark/SATLIB/CBS_k3_n100_m449_b10/CBS_k3_n100_m449_b10_903.cnf,SAT,7028.60,7015.43,13.17,63,42
/home/richard/project/SAT_benchmark/SATLIB/CBS_k3_n100_m449_b10/CBS_k3_n100_m449_b10_299.cnf,SAT,37641.56,37630.05,11.50,329,258
/home/richard/project/SAT_benchmark/SATLIB/CBS_k3_n100_m449_b10/CBS_k3_n100_m449_b10_909.cnf,SAT,11056.35,11045.82,10.53,97,57
/home/richard/project/SAT_benchmark/SATLIB/CBS_k3_n100_m449_b10/CBS_k3_n100_m449_b10_467.cnf,SAT,8594.65,8584.85,9.79,70,38
/home/richard/project/SAT_benchmark/SATLIB/CBS_k3_n100_m449_b10/CBS_k3_n100_m449_b10_942.cnf,SAT,37680.96,37667.58,13.38,310,167
/home/richard/project/SAT_benchmark/SATLIB/CBS_k3_n100_m449_b10/CBS_k3_n100_m449_b10_51.cnf,SAT,110736.98,110722.09,14.89,936,773
/home/richard/project/SAT_benchmark/SATLIB/CBS_k3_n100_m449_b10/CBS_k3_n100_m449_b10_123.cnf,SAT,35205.98,35194.66,11.32,312,262
/home/richard/project/SAT_benchmark/SATLIB/CBS_k3_n100_m449_b10/CBS_k3_n100_m449_b10_933.cnf,SAT,3996.84,3987.70,9.14,30,0
/home/richard/project/SAT_benchmark/SATLIB/CBS_k3_n100_m449_b10/CBS_k3_n100_m449_b10_638.cnf,SAT,20442.23,20431.30,10.93,186,153
/home/richard/project/SAT_benchmark/SATLIB/CBS_k3_n100_m449_b10/CBS_k3_n100_m449_b10_522.cnf,SAT,18291.84,18278.98,12.86,168,101
/home/richard/project/SAT_benchmark/SATLIB/CBS_k3_n100_m449_b10/CBS_k3_n100_m449_b10_351.cnf,SAT,10475.72,10465.34,10.38,96,61
/home/richard/project/SAT_benchmark/SATLIB/CBS_k3_n100_m449_b10/CBS_k3_n100_m449_b10_79.cnf,SAT,42623.99,42611.34,12.65,382,316
/home/richard/project/SAT_benchmark/SATLIB/CBS_k3_n100_m449_b10/CBS_k3_n100_m449_b10_414.cnf,SAT,7023.53,7013.04,10.49,62,34
/home/richard/project/SAT_benchmark/SATLIB/CBS_k3_n100_m449_b10/CBS_k3_n100_m449_b10_308.cnf,SAT,38585.51,38574.38,11.13,342,281
/home/richard/project/SAT_benchmark/SATLIB/CBS_k3_n100_m449_b10/CBS_k3_n100_m449_b10_959.cnf,SAT,18266.68,18256.03,10.65,167,122
/home/richard/project/SAT_benchmark/SATLIB/CBS_k3_n100_m449_b10/CBS_k3_n100_m449_b10_797.cnf,SAT,22913.90,22901.62,12.28,208,171
/home/richard/project/SAT_benchmark/SATLIB/CBS_k3_n100_m449_b10/CBS_k3_n100_m449_b10_301.cnf,SAT,3632.30,3618.85,13.45,34,18
/home/richard/project/SAT_benchmark/SATLIB/CBS_k3_n100_m449_b10/CBS_k3_n100_m449_b10_400.cnf,SAT,24394.95,24384.73,10.22,218,181
/home/richard/project/SAT_benchmark/SATLIB/CBS_k3_n100_m449_b10/CBS_k3_n100_m449_b10_500.cnf,SAT,9572.68,9561.65,11.03,86,46
/home/richard/project/SAT_benchmark/SATLIB/CBS_k3_n100_m449_b10/CBS_k3_n100_m449_b10_594.cnf,SAT,0.08,0.00,0.08,0,0
/home/richard/project/SAT_benchmark/SATLIB/CBS_k3_n100_m449_b10/CBS_k3_n100_m449_b10_743.cnf,SAT,41094.09,41080.25,13.84,369,301
/home/richard/project/SAT_benchmark/SATLIB/CBS_k3_n100_m449_b10/CBS_k3_n100_m449_b10_670.cnf,SAT,26809.77,26798.94,10.83,235,196
/home/richard/project/SAT_benchmark/SATLIB/CBS_k3_n100_m449_b10/CBS_k3_n100_m449_b10_760.cnf,SAT,12684.40,12673.17,11.23,115,87
/home/richard/project/SAT_benchmark/SATLIB/CBS_k3_n100_m449_b10/CBS_k3_n100_m449_b10_7.cnf,SAT,16462.67,16452.05,10.62,145,100
/home/richard/project/SAT_benchmark/SATLIB/CBS_k3_n100_m449_b10/CBS_k3_n100_m449_b10_2.cnf,SAT,41137.41,41124.04,13.36,365,312
/home/richard/project/SAT_benchmark/SATLIB/CBS_k3_n100_m449_b10/CBS_k3_n100_m449_b10_479.cnf,SAT,9468.65,9457.76,10.90,80,63
/home/richard/project/SAT_benchmark/SATLIB/CBS_k3_n100_m449_b10/CBS_k3_n100_m449_b10_871.cnf,SAT,36105.03,36094.70,10.33,326,236
/home/richard/project/SAT_benchmark/SATLIB/CBS_k3_n100_m449_b10/CBS_k3_n100_m449_b10_393.cnf,SAT,15119.44,15108.30,11.14,131,99
/home/richard/project/SAT_benchmark/SATLIB/CBS_k3_n100_m449_b10/CBS_k3_n100_m449_b10_41.cnf,SAT,75787.50,75774.87,12.63,675,567
/home/richard/project/SAT_benchmark/SATLIB/CBS_k3_n100_m449_b10/CBS_k3_n100_m449_b10_483.cnf,SAT,7277.34,7268.33,9.01,62,33
/home/richard/project/SAT_benchmark/SATLIB/CBS_k3_n100_m449_b10/CBS_k3_n100_m449_b10_757.cnf,SAT,9394.37,9383.89,10.48,80,54
/home/richard/project/SAT_benchmark/SATLIB/CBS_k3_n100_m449_b10/CBS_k3_n100_m449_b10_3.cnf,SAT,38344.36,38331.99,12.38,348,302
/home/richard/project/SAT_benchmark/SATLIB/CBS_k3_n100_m449_b10/CBS_k3_n100_m449_b10_798.cnf,SAT,28440.67,28428.77,11.90,258,206
/home/richard/project/SAT_benchmark/SATLIB/CBS_k3_n100_m449_b10/CBS_k3_n100_m449_b10_317.cnf,SAT,33063.38,33051.84,11.54,299,226
/home/richard/project/SAT_benchmark/SATLIB/CBS_k3_n100_m449_b10/CBS_k3_n100_m449_b10_306.cnf,SAT,18376.72,18366.17,10.55,161,125
/home/richard/project/SAT_benchmark/SATLIB/CBS_k3_n100_m449_b10/CBS_k3_n100_m449_b10_613.cnf,SAT,57342.56,57329.08,13.48,517,432
/home/richard/project/SAT_benchmark/SATLIB/CBS_k3_n100_m449_b10/CBS_k3_n100_m449_b10_616.cnf,SAT,16106.34,16093.43,12.91,144,101
/home/richard/project/SAT_benchmark/SATLIB/CBS_k3_n100_m449_b10/CBS_k3_n100_m449_b10_487.cnf,SAT,13899.65,13888.38,11.27,120,95
/home/richard/project/SAT_benchmark/SATLIB/CBS_k3_n100_m449_b10/CBS_k3_n100_m449_b10_765.cnf,SAT,54986.54,54971.24,15.30,499,400
/home/richard/project/SAT_benchmark/SATLIB/CBS_k3_n100_m449_b10/CBS_k3_n100_m449_b10_739.cnf,SAT,9129.17,9119.47,9.70,82,62
/home/richard/project/SAT_benchmark/SATLIB/CBS_k3_n100_m449_b10/CBS_k3_n100_m449_b10_347.cnf,SAT,26185.58,26171.59,13.99,234,176
/home/richard/project/SAT_benchmark/SATLIB/CBS_k3_n100_m449_b10/CBS_k3_n100_m449_b10_23.cnf,SAT,20523.69,20513.10,10.58,186,137
/home/richard/project/SAT_benchmark/SATLIB/CBS_k3_n100_m449_b10/CBS_k3_n100_m449_b10_764.cnf,SAT,41629.55,41618.31,11.24,379,253
/home/richard/project/SAT_benchmark/SATLIB/CBS_k3_n100_m449_b10/CBS_k3_n100_m449_b10_157.cnf,SAT,0.08,0.00,0.08,0,0
/home/richard/project/SAT_benchmark/SATLIB/CBS_k3_n100_m449_b10/CBS_k3_n100_m449_b10_560.cnf,SAT,40626.83,40616.03,10.80,360,287
/home/richard/project/SAT_benchmark/SATLIB/CBS_k3_n100_m449_b10/CBS_k3_n100_m449_b10_910.cnf,SAT,8177.46,8167.64,9.83,70,41
/home/richard/project/SAT_benchmark/SATLIB/CBS_k3_n100_m449_b10/CBS_k3_n100_m449_b10_874.cnf,SAT,56055.41,56043.51,11.89,506,352
/home/richard/project/SAT_benchmark/SATLIB/CBS_k3_n100_m449_b10/CBS_k3_n100_m449_b10_445.cnf,SAT,12534.79,12524.50,10.29,115,76
/home/richard/project/SAT_benchmark/SATLIB/CBS_k3_n100_m449_b10/CBS_k3_n100_m449_b10_824.cnf,SAT,43844.90,43833.92,10.98,392,224
/home/richard/project/SAT_benchmark/SATLIB/CBS_k3_n100_m449_b10/CBS_k3_n100_m449_b10_382.cnf,SAT,2634.47,2622.66,11.81,27,9
/home/richard/project/SAT_benchmark/SATLIB/CBS_k3_n100_m449_b10/CBS_k3_n100_m449_b10_290.cnf,SAT,4741.73,4731.75,9.99,45,23
/home/richard/project/SAT_benchmark/SATLIB/CBS_k3_n100_m449_b10/CBS_k3_n100_m449_b10_932.cnf,SAT,8215.99,8203.15,12.84,71,43
/home/richard/project/SAT_benchmark/SATLIB/CBS_k3_n100_m449_b10/CBS_k3_n100_m449_b10_392.cnf,SAT,15931.68,15920.41,11.27,145,112
/home/richard/project/SAT_benchmark/SATLIB/CBS_k3_n100_m449_b10/CBS_k3_n100_m449_b10_321.cnf,SAT,22822.41,22811.16,11.24,201,152
/home/richard/project/SAT_benchmark/SATLIB/CBS_k3_n100_m449_b10/CBS_k3_n100_m449_b10_202.cnf,SAT,33964.48,33953.16,11.32,300,227
/home/richard/project/SAT_benchmark/SATLIB/CBS_k3_n100_m449_b10/CBS_k3_n100_m449_b10_834.cnf,SAT,2412.65,2402.89,9.75,26,5
/home/richard/project/SAT_benchmark/SATLIB/CBS_k3_n100_m449_b10/CBS_k3_n100_m449_b10_494.cnf,SAT,97049.76,97036.91,12.85,875,494
/home/richard/project/SAT_benchmark/SATLIB/CBS_k3_n100_m449_b10/CBS_k3_n100_m449_b10_435.cnf,SAT,16036.19,16024.40,11.79,145,100
/home/richard/project/SAT_benchmark/SATLIB/CBS_k3_n100_m449_b10/CBS_k3_n100_m449_b10_315.cnf,SAT,10464.09,10452.97,11.12,94,59
/home/richard/project/SAT_benchmark/SATLIB/CBS_k3_n100_m449_b10/CBS_k3_n100_m449_b10_64.cnf,SAT,21453.58,21443.50,10.08,198,148
/home/richard/project/SAT_benchmark/SATLIB/CBS_k3_n100_m449_b10/CBS_k3_n100_m449_b10_204.cnf,SAT,5969.82,5958.89,10.93,56,25
/home/richard/project/SAT_benchmark/SATLIB/CBS_k3_n100_m449_b10/CBS_k3_n100_m449_b10_474.cnf,SAT,17011.43,16996.79,14.64,157,126
/home/richard/project/SAT_benchmark/SATLIB/CBS_k3_n100_m449_b10/CBS_k3_n100_m449_b10_680.cnf,SAT,0.07,0.00,0.07,0,0
/home/richard/project/SAT_benchmark/SATLIB/CBS_k3_n100_m449_b10/CBS_k3_n100_m449_b10_955.cnf,SAT,36901.10,36890.52,10.57,330,262
/home/richard/project/SAT_benchmark/SATLIB/CBS_k3_n100_m449_b10/CBS_k3_n100_m449_b10_592.cnf,SAT,8212.91,8201.09,11.82,71,36
/home/richard/project/SAT_benchmark/SATLIB/CBS_k3_n100_m449_b10/CBS_k3_n100_m449_b10_877.cnf,SAT,48122.59,48110.82,11.77,438,379
/home/richard/project/SAT_benchmark/SATLIB/CBS_k3_n100_m449_b10/CBS_k3_n100_m449_b10_360.cnf,SAT,23894.97,23884.11,10.86,218,168
/home/richard/project/SAT_benchmark/SATLIB/CBS_k3_n100_m449_b10/CBS_k3_n100_m449_b10_216.cnf,SAT,7156.89,7146.69,10.20,62,38
/home/richard/project/SAT_benchmark/SATLIB/CBS_k3_n100_m449_b10/CBS_k3_n100_m449_b10_740.cnf,SAT,3553.94,3544.99,8.96,38,11
/home/richard/project/SAT_benchmark/SATLIB/CBS_k3_n100_m449_b10/CBS_k3_n100_m449_b10_724.cnf,SAT,23870.93,23858.85,12.08,216,169
/home/richard/project/SAT_benchmark/SATLIB/CBS_k3_n100_m449_b10/CBS_k3_n100_m449_b10_631.cnf,SAT,30532.36,30522.08,10.29,271,206
/home/richard/project/SAT_benchmark/SATLIB/CBS_k3_n100_m449_b10/CBS_k3_n100_m449_b10_754.cnf,SAT,4809.32,4797.35,11.97,40,9
/home/richard/project/SAT_benchmark/SATLIB/CBS_k3_n100_m449_b10/CBS_k3_n100_m449_b10_640.cnf,SAT,4637.37,4627.50,9.87,41,9
/home/richard/project/SAT_benchmark/SATLIB/CBS_k3_n100_m449_b10/CBS_k3_n100_m449_b10_535.cnf,SAT,4857.58,4847.05,10.53,41,8
/home/richard/project/SAT_benchmark/SATLIB/CBS_k3_n100_m449_b10/CBS_k3_n100_m449_b10_512.cnf,SAT,14774.37,14763.11,11.27,137,105
/home/richard/project/SAT_benchmark/SATLIB/CBS_k3_n100_m449_b10/CBS_k3_n100_m449_b10_795.cnf,SAT,7218.66,7207.15,11.51,60,32
/home/richard/project/SAT_benchmark/SATLIB/CBS_k3_n100_m449_b10/CBS_k3_n100_m449_b10_185.cnf,SAT,44830.10,44819.56,10.54,408,233
/home/richard/project/SAT_benchmark/SATLIB/CBS_k3_n100_m449_b10/CBS_k3_n100_m449_b10_184.cnf,SAT,10433.23,10420.75,12.49,94,73
/home/richard/project/SAT_benchmark/SATLIB/CBS_k3_n100_m449_b10/CBS_k3_n100_m449_b10_674.cnf,SAT,9146.25,9135.45,10.79,86,59
/home/richard/project/SAT_benchmark/SATLIB/CBS_k3_n100_m449_b10/CBS_k3_n100_m449_b10_52.cnf,SAT,11618.82,11608.19,10.63,101,72
/home/richard/project/SAT_benchmark/SATLIB/CBS_k3_n100_m449_b10/CBS_k3_n100_m449_b10_648.cnf,SAT,28317.25,28302.61,14.64,254,199
/home/richard/project/SAT_benchmark/SATLIB/CBS_k3_n100_m449_b10/CBS_k3_n100_m449_b10_419.cnf,SAT,28718.12,28706.18,11.94,251,197
/home/richard/project/SAT_benchmark/SATLIB/CBS_k3_n100_m449_b10/CBS_k3_n100_m449_b10_60.cnf,SAT,13987.00,13975.90,11.10,127,104
/home/richard/project/SAT_benchmark/SATLIB/CBS_k3_n100_m449_b10/CBS_k3_n100_m449_b10_275.cnf,SAT,19395.10,19383.08,12.02,179,129
/home/richard/project/SAT_benchmark/SATLIB/CBS_k3_n100_m449_b10/CBS_k3_n100_m449_b10_552.cnf,SAT,62516.34,62504.04,12.30,552,459
/home/richard/project/SAT_benchmark/SATLIB/CBS_k3_n100_m449_b10/CBS_k3_n100_m449_b10_844.cnf,SAT,17080.07,17070.43,9.64,157,113
/home/richard/project/SAT_benchmark/SATLIB/CBS_k3_n100_m449_b10/CBS_k3_n100_m449_b10_118.cnf,SAT,6906.95,6892.80,14.16,66,45
/home/richard/project/SAT_benchmark/SATLIB/CBS_k3_n100_m449_b10/CBS_k3_n100_m449_b10_489.cnf,SAT,12795.57,12784.25,11.32,118,74
/home/richard/project/SAT_benchmark/SATLIB/CBS_k3_n100_m449_b10/CBS_k3_n100_m449_b10_629.cnf,SAT,17116.23,17106.02,10.21,155,117
/home/richard/project/SAT_benchmark/SATLIB/CBS_k3_n100_m449_b10/CBS_k3_n100_m449_b10_310.cnf,SAT,52373.70,52359.80,13.90,465,392
/home/richard/project/SAT_benchmark/SATLIB/CBS_k3_n100_m449_b10/CBS_k3_n100_m449_b10_745.cnf,SAT,41158.90,41147.93,10.96,366,296
/home/richard/project/SAT_benchmark/SATLIB/CBS_k3_n100_m449_b10/CBS_k3_n100_m449_b10_588.cnf,SAT,4632.05,4619.10,12.95,47,20
/home/richard/project/SAT_benchmark/SATLIB/CBS_k3_n100_m449_b10/CBS_k3_n100_m449_b10_608.cnf,SAT,20455.79,20443.72,12.07,180,128
/home/richard/project/SAT_benchmark/SATLIB/CBS_k3_n100_m449_b10/CBS_k3_n100_m449_b10_83.cnf,SAT,4632.11,4622.47,9.64,42,21
/home/richard/project/SAT_benchmark/SATLIB/CBS_k3_n100_m449_b10/CBS_k3_n100_m449_b10_721.cnf,SAT,29119.46,29109.51,9.95,266,211
/home/richard/project/SAT_benchmark/SATLIB/CBS_k3_n100_m449_b10/CBS_k3_n100_m449_b10_996.cnf,SAT,21331.52,21318.41,13.10,195,127
/home/richard/project/SAT_benchmark/SATLIB/CBS_k3_n100_m449_b10/CBS_k3_n100_m449_b10_533.cnf,SAT,11285.94,11276.86,9.08,105,63
/home/richard/project/SAT_benchmark/SATLIB/CBS_k3_n100_m449_b10/CBS_k3_n100_m449_b10_636.cnf,SAT,4621.00,4612.41,8.59,43,23
/home/richard/project/SAT_benchmark/SATLIB/CBS_k3_n100_m449_b10/CBS_k3_n100_m449_b10_585.cnf,SAT,66658.48,66644.91,13.57,593,427
/home/richard/project/SAT_benchmark/SATLIB/CBS_k3_n100_m449_b10/CBS_k3_n100_m449_b10_894.cnf,SAT,27227.33,27215.88,11.44,243,207
/home/richard/project/SAT_benchmark/SATLIB/CBS_k3_n100_m449_b10/CBS_k3_n100_m449_b10_791.cnf,SAT,3550.91,3541.44,9.47,36,13
/home/richard/project/SAT_benchmark/SATLIB/CBS_k3_n100_m449_b10/CBS_k3_n100_m449_b10_270.cnf,SAT,6098.34,6088.34,10.01,50,22
/home/richard/project/SAT_benchmark/SATLIB/CBS_k3_n100_m449_b10/CBS_k3_n100_m449_b10_899.cnf,SAT,8131.82,8120.28,11.54,79,45
/home/richard/project/SAT_benchmark/SATLIB/CBS_k3_n100_m449_b10/CBS_k3_n100_m449_b10_551.cnf,SAT,19368.16,19355.91,12.25,171,137
/home/richard/project/SAT_benchmark/SATLIB/CBS_k3_n100_m449_b10/CBS_k3_n100_m449_b10_901.cnf,SAT,31718.30,31708.18,10.12,289,224
/home/richard/project/SAT_benchmark/SATLIB/CBS_k3_n100_m449_b10/CBS_k3_n100_m449_b10_813.cnf,SAT,41862.15,41850.33,11.82,373,327
/home/richard/project/SAT_benchmark/SATLIB/CBS_k3_n100_m449_b10/CBS_k3_n100_m449_b10_66.cnf,SAT,35544.26,35532.91,11.35,320,264
/home/richard/project/SAT_benchmark/SATLIB/CBS_k3_n100_m449_b10/CBS_k3_n100_m449_b10_750.cnf,SAT,14982.07,14971.89,10.18,138,109
/home/richard/project/SAT_benchmark/SATLIB/CBS_k3_n100_m449_b10/CBS_k3_n100_m449_b10_67.cnf,SAT,8327.09,8315.89,11.20,70,42
/home/richard/project/SAT_benchmark/SATLIB/CBS_k3_n100_m449_b10/CBS_k3_n100_m449_b10_744.cnf,SAT,29332.69,29320.89,11.80,256,216
/home/richard/project/SAT_benchmark/SATLIB/CBS_k3_n100_m449_b10/CBS_k3_n100_m449_b10_566.cnf,SAT,3587.77,3579.06,8.70,36,19
/home/richard/project/SAT_benchmark/SATLIB/CBS_k3_n100_m449_b10/CBS_k3_n100_m449_b10_695.cnf,SAT,35555.56,35543.34,12.22,318,252
/home/richard/project/SAT_benchmark/SATLIB/CBS_k3_n100_m449_b10/CBS_k3_n100_m449_b10_218.cnf,SAT,38831.24,38818.28,12.96,339,298
/home/richard/project/SAT_benchmark/SATLIB/CBS_k3_n100_m449_b10/CBS_k3_n100_m449_b10_389.cnf,SAT,6077.96,6068.81,9.15,57,32
/home/richard/project/SAT_benchmark/SATLIB/CBS_k3_n100_m449_b10/CBS_k3_n100_m449_b10_677.cnf,SAT,10735.90,10725.18,10.72,93,57
/home/richard/project/SAT_benchmark/SATLIB/CBS_k3_n100_m449_b10/CBS_k3_n100_m449_b10_948.cnf,SAT,16625.92,16615.83,10.09,148,109
/home/richard/project/SAT_benchmark/SATLIB/CBS_k3_n100_m449_b10/CBS_k3_n100_m449_b10_271.cnf,SAT,4090.74,4081.03,9.71,33,9
/home/richard/project/SAT_benchmark/SATLIB/CBS_k3_n100_m449_b10/CBS_k3_n100_m449_b10_988.cnf,SAT,42264.91,42253.52,11.39,362,300
/home/richard/project/SAT_benchmark/SATLIB/CBS_k3_n100_m449_b10/CBS_k3_n100_m449_b10_176.cnf,SAT,0.09,0.00,0.09,0,0
/home/richard/project/SAT_benchmark/SATLIB/CBS_k3_n100_m449_b10/CBS_k3_n100_m449_b10_268.cnf,SAT,21507.91,21495.91,12.00,191,142
/home/richard/project/SAT_benchmark/SATLIB/CBS_k3_n100_m449_b10/CBS_k3_n100_m449_b10_371.cnf,SAT,21416.01,21404.59,11.41,181,141
/home/richard/project/SAT_benchmark/SATLIB/CBS_k3_n100_m449_b10/CBS_k3_n100_m449_b10_124.cnf,SAT,13129.27,13119.12,10.15,114,69
/home/richard/project/SAT_benchmark/SATLIB/CBS_k3_n100_m449_b10/CBS_k3_n100_m449_b10_991.cnf,SAT,9679.70,9668.90,10.80,85,51
/home/richard/project/SAT_benchmark/SATLIB/CBS_k3_n100_m449_b10/CBS_k3_n100_m449_b10_138.cnf,SAT,3778.83,3766.24,12.59,34,18
/home/richard/project/SAT_benchmark/SATLIB/CBS_k3_n100_m449_b10/CBS_k3_n100_m449_b10_91.cnf,SAT,14211.83,14201.82,10.01,128,95
/home/richard/project/SAT_benchmark/SATLIB/CBS_k3_n100_m449_b10/CBS_k3_n100_m449_b10_836.cnf,SAT,35376.54,35364.03,12.51,308,249
/home/richard/project/SAT_benchmark/SATLIB/CBS_k3_n100_m449_b10/CBS_k3_n100_m449_b10_362.cnf,SAT,33012.39,32996.08,16.31,283,217
/home/richard/project/SAT_benchmark/SATLIB/CBS_k3_n100_m449_b10/CBS_k3_n100_m449_b10_304.cnf,SAT,8122.73,8112.88,9.84,76,48
/home/richard/project/SAT_benchmark/SATLIB/CBS_k3_n100_m449_b10/CBS_k3_n100_m449_b10_958.cnf,SAT,0.08,0.00,0.08,0,0
/home/richard/project/SAT_benchmark/SATLIB/CBS_k3_n100_m449_b10/CBS_k3_n100_m449_b10_30.cnf,SAT,8134.00,8123.46,10.54,71,42
/home/richard/project/SAT_benchmark/SATLIB/CBS_k3_n100_m449_b10/CBS_k3_n100_m449_b10_746.cnf,SAT,20643.78,20631.92,11.86,179,143
/home/richard/project/SAT_benchmark/SATLIB/CBS_k3_n100_m449_b10/CBS_k3_n100_m449_b10_333.cnf,SAT,9643.54,9633.34,10.20,81,54
/home/richard/project/SAT_benchmark/SATLIB/CBS_k3_n100_m449_b10/CBS_k3_n100_m449_b10_251.cnf,SAT,14271.56,14261.07,10.49,126,87
/home/richard/project/SAT_benchmark/SATLIB/CBS_k3_n100_m449_b10/CBS_k3_n100_m449_b10_410.cnf,SAT,22862.76,22851.29,11.48,193,146
/home/richard/project/SAT_benchmark/SATLIB/CBS_k3_n100_m449_b10/CBS_k3_n100_m449_b10_361.cnf,SAT,24091.79,24079.66,12.13,200,161
/home/richard/project/SAT_benchmark/SATLIB/CBS_k3_n100_m449_b10/CBS_k3_n100_m449_b10_644.cnf,SAT,36815.26,36803.80,11.46,318,254
/home/richard/project/SAT_benchmark/SATLIB/CBS_k3_n100_m449_b10/CBS_k3_n100_m449_b10_817.cnf,SAT,42982.16,42970.13,12.03,362,286
/home/richard/project/SAT_benchmark/SATLIB/CBS_k3_n100_m449_b10/CBS_k3_n100_m449_b10_726.cnf,SAT,28616.23,28605.31,10.92,242,203
/home/richard/project/SAT_benchmark/SATLIB/CBS_k3_n100_m449_b10/CBS_k3_n100_m449_b10_411.cnf,SAT,38083.47,38072.18,11.29,325,261
/home/richard/project/SAT_benchmark/SATLIB/CBS_k3_n100_m449_b10/CBS_k3_n100_m449_b10_142.cnf,SAT,4164.70,4154.32,10.38,36,9
/home/richard/project/SAT_benchmark/SATLIB/CBS_k3_n100_m449_b10/CBS_k3_n100_m449_b10_281.cnf,SAT,28434.71,28423.48,11.23,248,207
/home/richard/project/SAT_benchmark/SATLIB/CBS_k3_n100_m449_b10/CBS_k3_n100_m449_b10_187.cnf,SAT,0.08,0.00,0.08,0,0
/home/richard/project/SAT_benchmark/SATLIB/CBS_k3_n100_m449_b10/CBS_k3_n100_m449_b10_990.cnf,SAT,15461.57,15446.55,15.01,135,103
/home/richard/project/SAT_benchmark/SATLIB/CBS_k3_n100_m449_b10/CBS_k3_n100_m449_b10_989.cnf,SAT,21316.86,21305.32,11.54,181,146
/home/richard/project/SAT_benchmark/SATLIB/CBS_k3_n100_m449_b10/CBS_k3_n100_m449_b10_520.cnf,SAT,1341.22,1331.56,9.66,19,1
/home/richard/project/SAT_benchmark/SATLIB/CBS_k3_n100_m449_b10/CBS_k3_n100_m449_b10_911.cnf,SAT,8113.36,8104.05,9.30,76,42
/home/richard/project/SAT_benchmark/SATLIB/CBS_k3_n100_m449_b10/CBS_k3_n100_m449_b10_773.cnf,SAT,38314.45,38301.39,13.06,336,226
/home/richard/project/SAT_benchmark/SATLIB/CBS_k3_n100_m449_b10/CBS_k3_n100_m449_b10_558.cnf,SAT,0.08,0.00,0.08,0,0
/home/richard/project/SAT_benchmark/SATLIB/CBS_k3_n100_m449_b10/CBS_k3_n100_m449_b10_473.cnf,SAT,26852.91,26841.54,11.37,231,183
/home/richard/project/SAT_benchmark/SATLIB/CBS_k3_n100_m449_b10/CBS_k3_n100_m449_b10_98.cnf,SAT,7150.84,7138.73,12.11,62,45
/home/richard/project/SAT_benchmark/SATLIB/CBS_k3_n100_m449_b10/CBS_k3_n100_m449_b10_11.cnf,SAT,12678.33,12669.41,8.92,110,76
/home/richard/project/SAT_benchmark/SATLIB/CBS_k3_n100_m449_b10/CBS_k3_n100_m449_b10_155.cnf,SAT,3573.39,3563.95,9.44,33,9
/home/richard/project/SAT_benchmark/SATLIB/CBS_k3_n100_m449_b10/CBS_k3_n100_m449_b10_37.cnf,SAT,19421.84,19411.46,10.37,173,145
/home/richard/project/SAT_benchmark/SATLIB/CBS_k3_n100_m449_b10/CBS_k3_n100_m449_b10_432.cnf,SAT,5813.85,5804.79,9.05,55,36
/home/richard/project/SAT_benchmark/SATLIB/CBS_k3_n100_m449_b10/CBS_k3_n100_m449_b10_192.cnf,SAT,34860.49,34848.76,11.73,317,273
/home/richard/project/SAT_benchmark/SATLIB/CBS_k3_n100_m449_b10/CBS_k3_n100_m449_b10_443.cnf,SAT,4727.76,4716.98,10.78,40,22
/home/richard/project/SAT_benchmark/SATLIB/CBS_k3_n100_m449_b10/CBS_k3_n100_m449_b10_762.cnf,SAT,26642.36,26630.76,11.60,242,207
/home/richard/project/SAT_benchmark/SATLIB/CBS_k3_n100_m449_b10/CBS_k3_n100_m449_b10_289.cnf,SAT,34431.64,34419.39,12.25,316,254
/home/richard/project/SAT_benchmark/SATLIB/CBS_k3_n100_m449_b10/CBS_k3_n100_m449_b10_208.cnf,SAT,3480.70,3472.02,8.67,38,20
/home/richard/project/SAT_benchmark/SATLIB/CBS_k3_n100_m449_b10/CBS_k3_n100_m449_b10_82.cnf,SAT,37123.01,37110.50,12.51,335,273
/home/richard/project/SAT_benchmark/SATLIB/CBS_k3_n100_m449_b10/CBS_k3_n100_m449_b10_758.cnf,SAT,10191.16,10181.08,10.08,99,76
/home/richard/project/SAT_benchmark/SATLIB/CBS_k3_n100_m449_b10/CBS_k3_n100_m449_b10_84.cnf,SAT,18906.40,18894.51,11.89,165,123
/home/richard/project/SAT_benchmark/SATLIB/CBS_k3_n100_m449_b10/CBS_k3_n100_m449_b10_772.cnf,SAT,12526.28,12516.26,10.02,118,90
/home/richard/project/SAT_benchmark/SATLIB/CBS_k3_n100_m449_b10/CBS_k3_n100_m449_b10_786.cnf,SAT,77535.63,77521.71,13.93,706,566
/home/richard/project/SAT_benchmark/SATLIB/CBS_k3_n100_m449_b10/CBS_k3_n100_m449_b10_845.cnf,SAT,0.08,0.00,0.08,0,0
/home/richard/project/SAT_benchmark/SATLIB/CBS_k3_n100_m449_b10/CBS_k3_n100_m449_b10_407.cnf,SAT,8107.88,8097.62,10.27,73,44
/home/richard/project/SAT_benchmark/SATLIB/CBS_k3_n100_m449_b10/CBS_k3_n100_m449_b10_653.cnf,SAT,40940.48,40928.02,12.45,373,305
/home/richard/project/SAT_benchmark/SATLIB/CBS_k3_n100_m449_b10/CBS_k3_n100_m449_b10_607.cnf,SAT,14579.10,14568.26,10.84,139,117
/home/richard/project/SAT_benchmark/SATLIB/CBS_k3_n100_m449_b10/CBS_k3_n100_m449_b10_994.cnf,SAT,4689.39,4679.24,10.15,47,19
/home/richard/project/SAT_benchmark/SATLIB/CBS_k3_n100_m449_b10/CBS_k3_n100_m449_b10_683.cnf,SAT,12390.89,12379.68,11.21,116,86
/home/richard/project/SAT_benchmark/SATLIB/CBS_k3_n100_m449_b10/CBS_k3_n100_m449_b10_713.cnf,SAT,50056.24,50043.61,12.63,456,361
/home/richard/project/SAT_benchmark/SATLIB/CBS_k3_n100_m449_b10/CBS_k3_n100_m449_b10_858.cnf,SAT,64009.89,63996.62,13.27,583,513
/home/richard/project/SAT_benchmark/SATLIB/CBS_k3_n100_m449_b10/CBS_k3_n100_m449_b10_81.cnf,SAT,4711.48,4699.80,11.68,44,27
/home/richard/project/SAT_benchmark/SATLIB/CBS_k3_n100_m449_b10/CBS_k3_n100_m449_b10_508.cnf,SAT,23489.61,23476.22,13.39,219,183
/home/richard/project/SAT_benchmark/SATLIB/CBS_k3_n100_m449_b10/CBS_k3_n100_m449_b10_940.cnf,SAT,22257.53,22246.52,11.01,201,165
/home/richard/project/SAT_benchmark/SATLIB/CBS_k3_n100_m449_b10/CBS_k3_n100_m449_b10_847.cnf,SAT,25611.35,25599.80,11.55,232,185
/home/richard/project/SAT_benchmark/SATLIB/CBS_k3_n100_m449_b10/CBS_k3_n100_m449_b10_464.cnf,SAT,6816.96,6806.52,10.45,63,29
/home/richard/project/SAT_benchmark/SATLIB/CBS_k3_n100_m449_b10/CBS_k3_n100_m449_b10_539.cnf,SAT,13452.24,13442.68,9.56,128,87
/home/richard/project/SAT_benchmark/SATLIB/CBS_k3_n100_m449_b10/CBS_k3_n100_m449_b10_736.cnf,SAT,38667.21,38655.09,12.12,359,298
/home/richard/project/SAT_benchmark/SATLIB/CBS_k3_n100_m449_b10/CBS_k3_n100_m449_b10_576.cnf,SAT,20088.37,20078.74,9.63,183,129
/home/richard/project/SAT_benchmark/SATLIB/CBS_k3_n100_m449_b10/CBS_k3_n100_m449_b10_766.cnf,SAT,28833.53,28820.60,12.92,265,203
/home/richard/project/SAT_benchmark/SATLIB/CBS_k3_n100_m449_b10/CBS_k3_n100_m449_b10_151.cnf,SAT,9159.42,9148.79,10.64,89,44
/home/richard/project/SAT_benchmark/SATLIB/CBS_k3_n100_m449_b10/CBS_k3_n100_m449_b10_908.cnf,SAT,15663.54,15653.90,9.64,141,102
/home/richard/project/SAT_benchmark/SATLIB/CBS_k3_n100_m449_b10/CBS_k3_n100_m449_b10_73.cnf,SAT,17980.40,17969.70,10.70,168,122
/home/richard/project/SAT_benchmark/SATLIB/CBS_k3_n100_m449_b10/CBS_k3_n100_m449_b10_846.cnf,SAT,16969.42,16958.82,10.60,153,121
/home/richard/project/SAT_benchmark/SATLIB/CBS_k3_n100_m449_b10/CBS_k3_n100_m449_b10_913.cnf,SAT,40811.80,40800.01,11.79,375,308
/home/richard/project/SAT_benchmark/SATLIB/CBS_k3_n100_m449_b10/CBS_k3_n100_m449_b10_90.cnf,SAT,0.07,0.00,0.07,0,0
/home/richard/project/SAT_benchmark/SATLIB/CBS_k3_n100_m449_b10/CBS_k3_n100_m449_b10_998.cnf,SAT,3476.79,3462.77,14.02,34,17
/home/richard/project/SAT_benchmark/SATLIB/CBS_k3_n100_m449_b10/CBS_k3_n100_m449_b10_941.cnf,SAT,3645.99,3634.70,11.29,33,14
/home/richard/project/SAT_benchmark/SATLIB/CBS_k3_n100_m449_b10/CBS_k3_n100_m449_b10_886.cnf,SAT,14581.00,14570.98,10.02,138,105
/home/richard/project/SAT_benchmark/SATLIB/CBS_k3_n100_m449_b10/CBS_k3_n100_m449_b10_719.cnf,SAT,10272.08,10263.35,8.73,91,46
/home/richard/project/SAT_benchmark/SATLIB/CBS_k3_n100_m449_b10/CBS_k3_n100_m449_b10_459.cnf,SAT,15963.17,15950.62,12.55,140,115
/home/richard/project/SAT_benchmark/SATLIB/CBS_k3_n100_m449_b10/CBS_k3_n100_m449_b10_895.cnf,SAT,14535.97,14525.63,10.34,137,97
/home/richard/project/SAT_benchmark/SATLIB/CBS_k3_n100_m449_b10/CBS_k3_n100_m449_b10_135.cnf,SAT,12321.14,12309.36,11.78,112,88
/home/richard/project/SAT_benchmark/SATLIB/CBS_k3_n100_m449_b10/CBS_k3_n100_m449_b10_635.cnf,SAT,4612.06,4596.37,15.69,41,14
/home/richard/project/SAT_benchmark/SATLIB/CBS_k3_n100_m449_b10/CBS_k3_n100_m449_b10_189.cnf,SAT,3660.61,3648.37,12.24,37,11
/home/richard/project/SAT_benchmark/SATLIB/CBS_k3_n100_m449_b10/CBS_k3_n100_m449_b10_777.cnf,SAT,15685.21,15673.30,11.91,147,106
/home/richard/project/SAT_benchmark/SATLIB/CBS_k3_n100_m449_b10/CBS_k3_n100_m449_b10_350.cnf,SAT,19132.15,19121.05,11.10,175,131
/home/richard/project/SAT_benchmark/SATLIB/CBS_k3_n100_m449_b10/CBS_k3_n100_m449_b10_69.cnf,SAT,59244.69,59232.91,11.78,533,412
/home/richard/project/SAT_benchmark/SATLIB/CBS_k3_n100_m449_b10/CBS_k3_n100_m449_b10_728.cnf,SAT,45407.06,45394.90,12.17,412,309
/home/richard/project/SAT_benchmark/SATLIB/CBS_k3_n100_m449_b10/CBS_k3_n100_m449_b10_792.cnf,SAT,8132.28,8121.08,11.20,76,57
/home/richard/project/SAT_benchmark/SATLIB/CBS_k3_n100_m449_b10/CBS_k3_n100_m449_b10_456.cnf,SAT,35555.20,35541.85,13.35,322,278
/home/richard/project/SAT_benchmark/SATLIB/CBS_k3_n100_m449_b10/CBS_k3_n100_m449_b10_116.cnf,SAT,10491.93,10479.93,12.00,97,62
/home/richard/project/SAT_benchmark/SATLIB/CBS_k3_n100_m449_b10/CBS_k3_n100_m449_b10_720.cnf,SAT,9065.59,9056.47,9.12,86,52
/home/richard/project/SAT_benchmark/SATLIB/CBS_k3_n100_m449_b10/CBS_k3_n100_m449_b10_466.cnf,SAT,12302.67,12291.03,11.64,110,78
/home/richard/project/SAT_benchmark/SATLIB/CBS_k3_n100_m449_b10/CBS_k3_n100_m449_b10_876.cnf,SAT,13604.67,13593.20,11.47,126,93
/home/richard/project/SAT_benchmark/SATLIB/CBS_k3_n100_m449_b10/CBS_k3_n100_m449_b10_284.cnf,SAT,87513.02,87499.35,13.67,793,576
/home/richard/project/SAT_benchmark/SATLIB/CBS_k3_n100_m449_b10/CBS_k3_n100_m449_b10_471.cnf,SAT,11270.92,11258.71,12.21,108,84
/home/richard/project/SAT_benchmark/SATLIB/CBS_k3_n100_m449_b10/CBS_k3_n100_m449_b10_671.cnf,SAT,8196.86,8187.01,9.85,73,52
/home/richard/project/SAT_benchmark/SATLIB/CBS_k3_n100_m449_b10/CBS_k3_n100_m449_b10_575.cnf,SAT,7989.84,7977.46,12.39,77,43
/home/richard/project/SAT_benchmark/SATLIB/CBS_k3_n100_m449_b10/CBS_k3_n100_m449_b10_70.cnf,SAT,5765.67,5755.74,9.93,54,38
/home/richard/project/SAT_benchmark/SATLIB/CBS_k3_n100_m449_b10/CBS_k3_n100_m449_b10_209.cnf,SAT,6991.77,6981.65,10.12,62,36
/home/richard/project/SAT_benchmark/SATLIB/CBS_k3_n100_m449_b10/CBS_k3_n100_m449_b10_207.cnf,SAT,12426.63,12415.52,11.11,115,81
/home/richard/project/SAT_benchmark/SATLIB/CBS_k3_n100_m449_b10/CBS_k3_n100_m449_b10_780.cnf,SAT,16828.38,16817.49,10.89,155,121
/home/richard/project/SAT_benchmark/SATLIB/CBS_k3_n100_m449_b10/CBS_k3_n100_m449_b10_416.cnf,SAT,0.09,0.00,0.09,0,0
/home/richard/project/SAT_benchmark/SATLIB/CBS_k3_n100_m449_b10/CBS_k3_n100_m449_b10_283.cnf,SAT,38230.60,38219.32,11.28,342,260
/home/richard/project/SAT_benchmark/SATLIB/CBS_k3_n100_m449_b10/CBS_k3_n100_m449_b10_4.cnf,SAT,10167.31,10157.48,9.84,98,67
/home/richard/project/SAT_benchmark/SATLIB/CBS_k3_n100_m449_b10/CBS_k3_n100_m449_b10_57.cnf,SAT,17927.87,17917.43,10.44,160,122
/home/richard/project/SAT_benchmark/SATLIB/CBS_k3_n100_m449_b10/CBS_k3_n100_m449_b10_326.cnf,SAT,16753.37,16741.74,11.63,155,130
/home/richard/project/SAT_benchmark/SATLIB/CBS_k3_n100_m449_b10/CBS_k3_n100_m449_b10_973.cnf,SAT,4643.95,4632.00,11.95,49,21
/home/richard/project/SAT_benchmark/SATLIB/CBS_k3_n100_m449_b10/CBS_k3_n100_m449_b10_354.cnf,SAT,8222.76,8211.09,11.67,75,45
/home/richard/project/SAT_benchmark/SATLIB/CBS_k3_n100_m449_b10/CBS_k3_n100_m449_b10_348.cnf,SAT,26335.89,26322.86,13.02,231,183
/home/richard/project/SAT_benchmark/SATLIB/CBS_k3_n100_m449_b10/CBS_k3_n100_m449_b10_430.cnf,SAT,7385.14,7374.78,10.36,69,30
/home/richard/project/SAT_benchmark/SATLIB/CBS_k3_n100_m449_b10/CBS_k3_n100_m449_b10_469.cnf,SAT,6109.21,6099.08,10.13,57,23
/home/richard/project/SAT_benchmark/SATLIB/CBS_k3_n100_m449_b10/CBS_k3_n100_m449_b10_584.cnf,SAT,43559.84,43548.93,10.92,384,287
/home/richard/project/SAT_benchmark/SATLIB/CBS_k3_n100_m449_b10/CBS_k3_n100_m449_b10_76.cnf,SAT,5324.66,5312.55,12.11,48,26
/home/richard/project/SAT_benchmark/SATLIB/CBS_k3_n100_m449_b10/CBS_k3_n100_m449_b10_577.cnf,SAT,35331.56,35319.57,11.99,305,256
/home/richard/project/SAT_benchmark/SATLIB/CBS_k3_n100_m449_b10/CBS_k3_n100_m449_b10_881.cnf,SAT,63912.83,63901.16,11.67,548,463
/home/richard/project/SAT_benchmark/SATLIB/CBS_k3_n100_m449_b10/CBS_k3_n100_m449_b10_801.cnf,SAT,9093.61,9082.99,10.62,70,46
/home/richard/project/SAT_benchmark/SATLIB/CBS_k3_n100_m449_b10/CBS_k3_n100_m449_b10_936.cnf,SAT,5537.89,5527.48,10.41,41,21
/home/richard/project/SAT_benchmark/SATLIB/CBS_k3_n100_m449_b10/CBS_k3_n100_m449_b10_507.cnf,SAT,28389.46,28377.57,11.90,244,205
/home/richard/project/SAT_benchmark/SATLIB/CBS_k3_n100_m449_b10/CBS_k3_n100_m449_b10_841.cnf,SAT,81760.93,81747.39,13.55,717,554
/home/richard/project/SAT_benchmark/SATLIB/CBS_k3_n100_m449_b10/CBS_k3_n100_m449_b10_44.cnf,SAT,37362.82,37348.95,13.87,327,268
/home/richard/project/SAT_benchmark/SATLIB/CBS_k3_n100_m449_b10/CBS_k3_n100_m449_b10_832.cnf,SAT,0.09,0.00,0.09,0,0
/home/richard/project/SAT_benchmark/SATLIB/CBS_k3_n100_m449_b10/CBS_k3_n100_m449_b10_602.cnf,SAT,4708.82,4699.02,9.80,49,23
/home/richard/project/SAT_benchmark/SATLIB/CBS_k3_n100_m449_b10/CBS_k3_n100_m449_b10_611.cnf,SAT,13286.13,13275.38,10.75,115,74
/home/richard/project/SAT_benchmark/SATLIB/CBS_k3_n100_m449_b10/CBS_k3_n100_m449_b10_180.cnf,SAT,33964.90,33952.57,12.32,280,227
/home/richard/project/SAT_benchmark/SATLIB/CBS_k3_n100_m449_b10/CBS_k3_n100_m449_b10_706.cnf,SAT,6123.77,6114.25,9.52,53,32
/home/richard/project/SAT_benchmark/SATLIB/CBS_k3_n100_m449_b10/CBS_k3_n100_m449_b10_843.cnf,SAT,5215.56,5203.91,11.64,42,12
/home/richard/project/SAT_benchmark/SATLIB/CBS_k3_n100_m449_b10/CBS_k3_n100_m449_b10_822.cnf,SAT,37941.72,37928.61,13.12,325,272
/home/richard/project/SAT_benchmark/SATLIB/CBS_k3_n100_m449_b10/CBS_k3_n100_m449_b10_425.cnf,SAT,30954.03,30942.83,11.20,265,203
/home/richard/project/SAT_benchmark/SATLIB/CBS_k3_n100_m449_b10/CBS_k3_n100_m449_b10_300.cnf,SAT,0.07,0.00,0.07,0,0
/home/richard/project/SAT_benchmark/SATLIB/CBS_k3_n100_m449_b10/CBS_k3_n100_m449_b10_969.cnf,SAT,9642.65,9632.41,10.24,86,66
/home/richard/project/SAT_benchmark/SATLIB/CBS_k3_n100_m449_b10/CBS_k3_n100_m449_b10_807.cnf,SAT,6111.72,6099.27,12.45,56,27
/home/richard/project/SAT_benchmark/SATLIB/CBS_k3_n100_m449_b10/CBS_k3_n100_m449_b10_997.cnf,SAT,16983.53,16968.38,15.15,141,94
/home/richard/project/SAT_benchmark/SATLIB/CBS_k3_n100_m449_b10/CBS_k3_n100_m449_b10_355.cnf,SAT,27394.08,27383.79,10.29,237,187
/home/richard/project/SAT_benchmark/SATLIB/CBS_k3_n100_m449_b10/CBS_k3_n100_m449_b10_855.cnf,SAT,48669.92,48657.54,12.37,412,222
/home/richard/project/SAT_benchmark/SATLIB/CBS_k3_n100_m449_b10/CBS_k3_n100_m449_b10_617.cnf,SAT,2582.68,2572.67,10.01,23,3
/home/richard/project/SAT_benchmark/SATLIB/CBS_k3_n100_m449_b10/CBS_k3_n100_m449_b10_897.cnf,SAT,32431.88,32419.52,12.36,276,212
/home/richard/project/SAT_benchmark/SATLIB/CBS_k3_n100_m449_b10/CBS_k3_n100_m449_b10_925.cnf,SAT,4912.29,4901.99,10.30,41,23
/home/richard/project/SAT_benchmark/SATLIB/CBS_k3_n100_m449_b10/CBS_k3_n100_m449_b10_447.cnf,SAT,27283.61,27273.74,9.88,239,188
/home/richard/project/SAT_benchmark/SATLIB/CBS_k3_n100_m449_b10/CBS_k3_n100_m449_b10_439.cnf,SAT,44731.23,44718.19,13.04,384,312
/home/richard/project/SAT_benchmark/SATLIB/CBS_k3_n100_m449_b10/CBS_k3_n100_m449_b10_691.cnf,SAT,41496.27,41483.70,12.57,356,268
/home/richard/project/SAT_benchmark/SATLIB/CBS_k3_n100_m449_b10/CBS_k3_n100_m449_b10_279.cnf,SAT,36748.14,36737.20,10.94,316,185
/home/richard/project/SAT_benchmark/SATLIB/CBS_k3_n100_m449_b10/CBS_k3_n100_m449_b10_784.cnf,SAT,21326.85,21316.04,10.80,180,138
/home/richard/project/SAT_benchmark/SATLIB/CBS_k3_n100_m449_b10/CBS_k3_n100_m449_b10_896.cnf,SAT,11897.03,11886.05,10.98,102,78
/home/richard/project/SAT_benchmark/SATLIB/CBS_k3_n100_m449_b10/CBS_k3_n100_m449_b10_956.cnf,SAT,30730.80,30716.69,14.11,268,229
/home/richard/project/SAT_benchmark/SATLIB/CBS_k3_n100_m449_b10/CBS_k3_n100_m449_b10_107.cnf,SAT,8496.92,8481.73,15.19,73,50
/home/richard/project/SAT_benchmark/SATLIB/CBS_k3_n100_m449_b10/CBS_k3_n100_m449_b10_504.cnf,SAT,3749.92,3740.79,9.12,35,8
/home/richard/project/SAT_benchmark/SATLIB/CBS_k3_n100_m449_b10/CBS_k3_n100_m449_b10_802.cnf,SAT,5483.68,5474.25,9.43,40,19
/home/richard/project/SAT_benchmark/SATLIB/CBS_k3_n100_m449_b10/CBS_k3_n100_m449_b10_701.cnf,SAT,35465.42,35452.26,13.16,302,235
/home/richard/project/SAT_benchmark/SATLIB/CBS_k3_n100_m449_b10/CBS_k3_n100_m449_b10_601.cnf,SAT,3743.16,3732.32,10.84,32,11
/home/richard/project/SAT_benchmark/SATLIB/CBS_k3_n100_m449_b10/CBS_k3_n100_m449_b10_273.cnf,SAT,0.07,0.00,0.07,0,0
/home/richard/project/SAT_benchmark/SATLIB/CBS_k3_n100_m449_b10/CBS_k3_n100_m449_b10_547.cnf,SAT,10850.35,10838.12,12.23,92,49
/home/richard/project/SAT_benchmark/SATLIB/CBS_k3_n100_m449_b10/CBS_k3_n100_m449_b10_799.cnf,SAT,6097.88,6088.35,9.53,50,28
/home/richard/project/SAT_benchmark/SATLIB/CBS_k3_n100_m449_b10/CBS_k3_n100_m449_b10_587.cnf,SAT,11992.55,11982.62,9.92,105,84
/home/richard/project/SAT_benchmark/SATLIB/CBS_k3_n100_m449_b10/CBS_k3_n100_m449_b10_528.cnf,SAT,83316.49,83301.72,14.78,714,605
/home/richard/project/SAT_benchmark/SATLIB/CBS_k3_n100_m449_b10/CBS_k3_n100_m449_b10_705.cnf,SAT,39127.93,39115.94,11.99,332,254
/home/richard/project/SAT_benchmark/SATLIB/CBS_k3_n100_m449_b10/CBS_k3_n100_m449_b10_365.cnf,SAT,26245.15,26233.49,11.66,226,172
/home/richard/project/SAT_benchmark/SATLIB/CBS_k3_n100_m449_b10/CBS_k3_n100_m449_b10_892.cnf,SAT,23633.58,23623.66,9.92,205,157
/home/richard/project/SAT_benchmark/SATLIB/CBS_k3_n100_m449_b10/CBS_k3_n100_m449_b10_398.cnf,SAT,4905.91,4895.89,10.02,46,12
/home/richard/project/SAT_benchmark/SATLIB/CBS_k3_n100_m449_b10/CBS_k3_n100_m449_b10_664.cnf,SAT,28600.55,28584.65,15.90,243,215
/home/richard/project/SAT_benchmark/SATLIB/CBS_k3_n100_m449_b10/CBS_k3_n100_m449_b10_95.cnf,SAT,29526.49,29514.77,11.72,252,194
/home/richard/project/SAT_benchmark/SATLIB/CBS_k3_n100_m449_b10/CBS_k3_n100_m449_b10_21.cnf,SAT,8426.68,8415.19,11.49,73,55
/home/richard/project/SAT_benchmark/SATLIB/CBS_k3_n100_m449_b10/CBS_k3_n100_m449_b10_782.cnf,SAT,91821.69,91807.61,14.08,785,658
/home/richard/project/SAT_benchmark/SATLIB/CBS_k3_n100_m449_b10/CBS_k3_n100_m449_b10_697.cnf,SAT,30798.56,30787.14,11.43,262,206
/home/richard/project/SAT_benchmark/SATLIB/CBS_k3_n100_m449_b10/CBS_k3_n100_m449_b10_929.cnf,SAT,8472.38,8462.05,10.34,74,55
/home/richard/project/SAT_benchmark/SATLIB/CBS_k3_n100_m449_b10/CBS_k3_n100_m449_b10_789.cnf,SAT,14218.56,14207.56,11.00,122,92
/home/richard/project/SAT_benchmark/SATLIB/CBS_k3_n100_m449_b10/CBS_k3_n100_m449_b10_840.cnf,SAT,23789.02,23777.29,11.73,205,173
/home/richard/project/SAT_benchmark/SATLIB/uf100-430/uf100-0669.cnf,UNSAT,0.06,0.00,0.06,0,0
/home/richard/project/SAT_benchmark/SATLIB/uf100-430/uf100-0924.cnf,UNSAT,0.05,0.00,0.05,0,0
/home/richard/project/SAT_benchmark/SATLIB/uf100-430/uf100-0864.cnf,UNSAT,0.05,0.00,0.05,0,0
/home/richard/project/SAT_benchmark/SATLIB/uf100-430/uf100-0611.cnf,UNSAT,0.06,0.00,0.06,0,0
/home/richard/project/SAT_benchmark/SATLIB/uf100-430/uf100-0374.cnf,UNSAT,0.06,0.00,0.06,0,0
/home/richard/project/SAT_benchmark/SATLIB/uf100-430/uf100-0859.cnf,UNSAT,0.05,0.00,0.05,0,0
/home/richard/project/SAT_benchmark/SATLIB/uf100-430/uf100-0353.cnf,UNSAT,0.05,0.00,0.05,0,0
/home/richard/project/SAT_benchmark/SATLIB/uf100-430/uf100-0526.cnf,UNSAT,0.05,0.00,0.05,0,0
/home/richard/project/SAT_benchmark/SATLIB/uf100-430/uf100-0550.cnf,UNSAT,0.06,0.00,0.06,0,0
/home/richard/project/SAT_benchmark/SATLIB/uf100-430/uf100-0821.cnf,UNSAT,0.10,0.00,0.10,0,0
/home/richard/project/SAT_benchmark/SATLIB/uf100-430/uf100-0325.cnf,UNSAT,0.06,0.00,0.06,0,0
/home/richard/project/SAT_benchmark/SATLIB/uf100-430/uf100-0622.cnf,UNSAT,0.06,0.00,0.06,0,0
/home/richard/project/SAT_benchmark/SATLIB/uf100-430/uf100-0380.cnf,UNSAT,0.06,0.00,0.06,0,0
/home/richard/project/SAT_benchmark/SATLIB/uf100-430/uf100-0874.cnf,UNSAT,0.05,0.00,0.05,0,0
/home/richard/project/SAT_benchmark/SATLIB/uf100-430/uf100-0304.cnf,UNSAT,0.06,0.00,0.06,0,0
/home/richard/project/SAT_benchmark/SATLIB/uf100-430/uf100-0278.cnf,UNSAT,0.05,0.00,0.05,0,0
/home/richard/project/SAT_benchmark/SATLIB/uf100-430/uf100-014.cnf,UNSAT,0.05,0.00,0.05,0,0
/home/richard/project/SAT_benchmark/SATLIB/uf100-430/uf100-0243.cnf,UNSAT,0.05,0.00,0.05,0,0
/home/richard/project/SAT_benchmark/SATLIB/uf100-430/uf100-0804.cnf,UNSAT,0.05,0.00,0.05,0,0
/home/richard/project/SAT_benchmark/SATLIB/uf100-430/uf100-0175.cnf,UNSAT,0.05,0.00,0.05,0,0
/home/richard/project/SAT_benchmark/SATLIB/uf100-430/uf100-0383.cnf,UNSAT,0.05,0.00,0.05,0,0
/home/richard/project/SAT_benchmark/SATLIB/uf100-430/uf100-0746.cnf,UNSAT,0.05,0.00,0.05,0,0
/home/richard/project/SAT_benchmark/SATLIB/uf100-430/uf100-064.cnf,UNSAT,0.05,0.00,0.05,0,0
/home/richard/project/SAT_benchmark/SATLIB/uf100-430/uf100-0641.cnf,UNSAT,0.06,0.00,0.06,0,0
/home/richard/project/SAT_benchmark/SATLIB/uf100-430/uf100-0712.cnf,UNSAT,0.05,0.00,0.05,0,0
/home/richard/project/SAT_benchmark/SATLIB/uf100-430/uf100-0263.cnf,UNSAT,0.05,0.00,0.05,0,0
/home/richard/project/SAT_benchmark/SATLIB/uf100-430/uf100-0251.cnf,UNSAT,0.05,0.00,0.05,0,0
/home/richard/project/SAT_benchmark/SATLIB/uf100-430/uf100-0822.cnf,UNSAT,0.09,0.00,0.09,0,0
/home/richard/project/SAT_benchmark/SATLIB/uf100-430/uf100-0690.cnf,UNSAT,0.06,0.00,0.06,0,0
/home/richard/project/SAT_benchmark/SATLIB/uf100-430/uf100-010.cnf,UNSAT,0.06,0.00,0.06,0,0
/home/richard/project/SAT_benchmark/SATLIB/uf100-430/uf100-0807.cnf,UNSAT,0.05,0.00,0.05,0,0
/home/richard/project/SAT_benchmark/SATLIB/uf100-430/uf100-0527.cnf,UNSAT,0.05,0.00,0.05,0,0
/home/richard/project/SAT_benchmark/SATLIB/uf100-430/uf100-057.cnf,UNSAT,0.05,0.00,0.05,0,0
/home/richard/project/SAT_benchmark/SATLIB/uf100-430/uf100-0789.cnf,UNSAT,0.06,0.00,0.06,0,0
/home/richard/project/SAT_benchmark/SATLIB/uf100-430/uf100-0310.cnf,UNSAT,0.05,0.00,0.05,0,0
/home/richard/project/SAT_benchmark/SATLIB/uf100-430/uf100-0468.cnf,UNSAT,0.05,0.00,0.05,0,0
/home/richard/project/SAT_benchmark/SATLIB/uf100-430/uf100-0889.cnf,UNSAT,0.05,0.00,0.05,0,0
/home/richard/project/SAT_benchmark/SATLIB/uf100-430/uf100-0415.cnf,UNSAT,0.06,0.00,0.06,0,0
/home/richard/project/SAT_benchmark/SATLIB/uf100-430/uf100-0271.cnf,UNSAT,0.05,0.00,0.05,0,0
/home/richard/project/SAT_benchmark/SATLIB/uf100-430/uf100-0932.cnf,UNSAT,0.06,0.00,0.06,0,0
/home/richard/project/SAT_benchmark/SATLIB/uf100-430/uf100-094.cnf,UNSAT,0.05,0.00,0.05,0,0
/home/richard/project/SAT_benchmark/SATLIB/uf100-430/uf100-0763.cnf,UNSAT,0.05,0.00,0.05,0,0
/home/richard/project/SAT_benchmark/SATLIB/uf100-430/uf100-0713.cnf,UNSAT,0.05,0.00,0.05,0,0
/home/richard/project/SAT_benchmark/SATLIB/uf100-430/uf100-0921.cnf,UNSAT,0.06,0.00,0.06,0,0
/home/richard/project/SAT_benchmark/SATLIB/uf100-430/uf100-0827.cnf,UNSAT,0.06,0.00,0.06,0,0
/home/richard/project/SAT_benchmark/SATLIB/uf100-430/uf100-0504.cnf,UNSAT,0.05,0.00,0.05,0,0
/home/richard/project/SAT_benchmark/SATLIB/uf100-430/uf100-0225.cnf,UNSAT,0.05,0.00,0.05,0,0
/home/richard/project/SAT_benchmark/SATLIB/uf100-430/uf100-0553.cnf,UNSAT,0.05,0.00,0.05,0,0
/home/richard/project/SAT_benchmark/SATLIB/uf100-430/uf100-063.cnf,UNSAT,0.06,0.00,0.06,0,0
/home/richard/project/SAT_benchmark/SATLIB/uf100-430/uf100-0955.cnf,UNSAT,0.06,0.00,0.06,0,0
/home/richard/project/SAT_benchmark/SATLIB/uf100-430/uf100-0931.cnf,UNSAT,0.05,0.00,0.05,0,0
/home/richard/project/SAT_benchmark/SATLIB/uf100-430/uf100-0650.cnf,UNSAT,0.05,0.00,0.05,0,0
/home/richard/project/SAT_benchmark/SATLIB/uf100-430/uf100-0735.cnf,UNSAT,0.05,0.00,0.05,0,0
/home/richard/project/SAT_benchmark/SATLIB/uf100-430/uf100-0651.cnf,UNSAT,0.06,0.00,0.06,0,0
/home/richard/project/SAT_benchmark/SATLIB/uf100-430/uf100-013.cnf,UNSAT,0.05,0.00,0.05,0,0
/home/richard/project/SAT_benchmark/SATLIB/uf100-430/uf100-0511.cnf,UNSAT,0.05,0.00,0.05,0,0
/home/richard/project/SAT_benchmark/SATLIB/uf100-430/uf100-079.cnf,UNSAT,0.05,0.00,0.05,0,0
/home/richard/project/SAT_benchmark/SATLIB/uf100-430/uf100-0192.cnf,UNSAT,0.05,0.00,0.05,0,0
/home/richard/project/SAT_benchmark/SATLIB/uf100-430/uf100-086.cnf,UNSAT,0.05,0.00,0.05,0,0
/home/richard/project/SAT_benchmark/SATLIB/uf100-430/uf100-0732.cnf,UNSAT,0.05,0.00,0.05,0,0
/home/richard/project/SAT_benchmark/SATLIB/uf100-430/uf100-0916.cnf,UNSAT,0.05,0.00,0.05,0,0
/home/richard/project/SAT_benchmark/SATLIB/uf100-430/uf100-0252.cnf,UNSAT,0.05,0.00,0.05,0,0
/home/richard/project/SAT_benchmark/SATLIB/uf100-430/uf100-01.cnf,UNSAT,0.05,0.00,0.05,0,0
/home/richard/project/SAT_benchmark/SATLIB/uf100-430/uf100-04.cnf,UNSAT,0.06,0.00,0.06,0,0
/home/richard/project/SAT_benchmark/SATLIB/uf100-430/uf100-0151.cnf,UNSAT,0.05,0.00,0.05,0,0
/home/richard/project/SAT_benchmark/SATLIB/uf100-430/uf100-0751.cnf,UNSAT,0.05,0.00,0.05,0,0
/home/richard/project/SAT_benchmark/SATLIB/uf100-430/uf100-0139.cnf,UNSAT,0.05,0.00,0.05,0,0
/home/richard/project/SAT_benchmark/SATLIB/uf100-430/uf100-0246.cnf,UNSAT,0.10,0.00,0.10,0,0
/home/richard/project/SAT_benchmark/SATLIB/uf100-430/uf100-0421.cnf,UNSAT,0.05,0.00,0.05,0,0
/home/richard/project/SAT_benchmark/SATLIB/uf100-430/uf100-0567.cnf,UNSAT,0.06,0.00,0.06,0,0
/home/richard/project/SAT_benchmark/SATLIB/uf100-430/uf100-0711.cnf,UNSAT,0.06,0.00,0.06,0,0
/home/richard/project/SAT_benchmark/SATLIB/uf100-430/uf100-0112.cnf,UNSAT,0.05,0.00,0.05,0,0
/home/richard/project/SAT_benchmark/SATLIB/uf100-430/uf100-0966.cnf,UNSAT,0.05,0.00,0.05,0,0
/home/richard/project/SAT_benchmark/SATLIB/uf100-430/uf100-0420.cnf,UNSAT,0.05,0.00,0.05,0,0
/home/richard/project/SAT_benchmark/SATLIB/uf100-430/uf100-0868.cnf,UNSAT,0.05,0.00,0.05,0,0
/home/richard/project/SAT_benchmark/SATLIB/uf100-430/uf100-0429.cnf,UNSAT,0.06,0.00,0.06,0,0
/home/richard/project/SAT_benchmark/SATLIB/uf100-430/uf100-099.cnf,UNSAT,0.05,0.00,0.05,0,0
/home/richard/project/SAT_benchmark/SATLIB/uf100-430/uf100-0720.cnf,UNSAT,0.05,0.00,0.05,0,0
/home/richard/project/SAT_benchmark/SATLIB/uf100-430/uf100-0987.cnf,UNSAT,0.06,0.00,0.06,0,0
/home/richard/project/SAT_benchmark/SATLIB/uf100-430/uf100-0227.cnf,UNSAT,0.05,0.00,0.05,0,0
/home/richard/project/SAT_benchmark/SATLIB/uf100-430/uf100-0925.cnf,UNSAT,0.05,0.00,0.05,0,0
/home/richard/project/SAT_benchmark/SATLIB/uf100-430/uf100-0554.cnf,UNSAT,0.05,0.00,0.05,0,0
/home/richard/project/SAT_benchmark/SATLIB/uf100-430/uf100-0820.cnf,UNSAT,0.05,0.00,0.05,0,0
/home/richard/project/SAT_benchmark/SATLIB/uf100-430/uf100-0298.cnf,UNSAT,0.05,0.00,0.05,0,0
/home/richard/project/SAT_benchmark/SATLIB/uf100-430/uf100-0977.cnf,UNSAT,0.07,0.00,0.07,0,0
/home/richard/project/SAT_benchmark/SATLIB/uf100-430/uf100-0904.cnf,UNSAT,0.05,0.00,0.05,0,0
/home/richard/project/SAT_benchmark/SATLIB/uf100-430/uf100-0542.cnf,UNSAT,0.05,0.00,0.05,0,0
/home/richard/project/SAT_benchmark/SATLIB/uf100-430/uf100-0465.cnf,UNSAT,0.05,0.00,0.05,0,0
/home/richard/project/SAT_benchmark/SATLIB/uf100-430/uf100-022.cnf,UNSAT,0.05,0.00,0.05,0,0
/home/richard/project/SAT_benchmark/SATLIB/uf100-430/uf100-0557.cnf,UNSAT,0.06,0.00,0.06,0,0
/home/richard/project/SAT_benchmark/SATLIB/uf100-430/uf100-0195.cnf,UNSAT,0.06,0.00,0.06,0,0
/home/richard/project/SAT_benchmark/SATLIB/uf100-430/uf100-0581.cnf,UNSAT,0.05,0.00,0.05,0,0
/home/richard/project/SAT_benchmark/SATLIB/uf100-430/uf100-069.cnf,UNSAT,0.05,0.00,0.05,0,0
/home/richard/project/SAT_benchmark/SATLIB/uf100-430/uf100-0265.cnf,UNSAT,0.06,0.00,0.06,0,0
/home/richard/project/SAT_benchmark/SATLIB/uf100-430/uf100-0737.cnf,UNSAT,0.06,0.00,0.06,0,0
/home/richard/project/SAT_benchmark/SATLIB/uf100-430/uf100-0646.cnf,UNSAT,0.05,0.00,0.05,0,0
/home/richard/project/SAT_benchmark/SATLIB/uf100-430/uf100-0221.cnf,UNSAT,0.05,0.00,0.05,0,0
/home/richard/project/SAT_benchmark/SATLIB/uf100-430/uf100-0703.cnf,UNSAT,0.05,0.00,0.05,0,0
/home/richard/project/SAT_benchmark/SATLIB/uf100-430/uf100-0790.cnf,UNSAT,0.05,0.00,0.05,0,0
/home/richard/project/SAT_benchmark/SATLIB/uf100-430/uf100-0321.cnf,UNSAT,0.05,0.00,0.05,0,0
/home/richard/project/SAT_benchmark/SATLIB/uf100-430/uf100-0253.cnf,UNSAT,0.05,0.00,0.05,0,0
/home/richard/project/SAT_benchmark/SATLIB/uf100-430/uf100-0211.cnf,UNSAT,0.05,0.00,0.05,0,0
/home/richard/project/SAT_benchmark/SATLIB/uf100-430/uf100-0449.cnf,UNSAT,0.05,0.00,0.05,0,0
/home/richard/project/SAT_benchmark/SATLIB/uf100-430/uf100-0761.cnf,UNSAT,0.06,0.00,0.06,0,0
/home/richard/project/SAT_benchmark/SATLIB/uf100-430/uf100-0228.cnf,UNSAT,0.05,0.00,0.05,0,0
/home/richard/project/SAT_benchmark/SATLIB/uf100-430/uf100-0488.cnf,UNSAT,0.06,0.00,0.06,0,0
/home/richard/project/SAT_benchmark/SATLIB/uf100-430/uf100-0602.cnf,UNSAT,0.05,0.00,0.05,0,0
/home/richard/project/SAT_benchmark/SATLIB/uf100-430/uf100-0655.cnf,UNSAT,0.05,0.00,0.05,0,0
/home/richard/project/SAT_benchmark/SATLIB/uf100-430/uf100-0400.cnf,UNSAT,0.05,0.00,0.05,0,0
/home/richard/project/SAT_benchmark/SATLIB/uf100-430/uf100-0619.cnf,UNSAT,0.06,0.00,0.06,0,0
/home/richard/project/SAT_benchmark/SATLIB/uf100-430/uf100-0647.cnf,UNSAT,0.06,0.00,0.06,0,0
/home/richard/project/SAT_benchmark/SATLIB/uf100-430/uf100-0973.cnf,UNSAT,0.05,0.00,0.05,0,0
/home/richard/project/SAT_benchmark/SATLIB/uf100-430/uf100-0806.cnf,UNSAT,0.05,0.00,0.05,0,0
/home/richard/project/SAT_benchmark/SATLIB/uf100-430/uf100-0357.cnf,UNSAT,0.06,0.00,0.06,0,0
/home/richard/project/SAT_benchmark/SATLIB/uf100-430/uf100-0907.cnf,UNSAT,0.05,0.00,0.05,0,0
/home/richard/project/SAT_benchmark/SATLIB/uf100-430/uf100-0869.cnf,UNSAT,0.05,0.00,0.05,0,0
/home/richard/project/SAT_benchmark/SATLIB/uf100-430/uf100-0461.cnf,UNSAT,0.05,0.00,0.05,0,0
/home/richard/project/SAT_benchmark/SATLIB/uf100-430/uf100-0890.cnf,UNSAT,0.05,0.00,0.05,0,0
/home/richard/project/SAT_benchmark/SATLIB/uf100-430/uf100-015.cnf,UNSAT,0.12,0.00,0.12,0,0
/home/richard/project/SAT_benchmark/SATLIB/uf100-430/uf100-0343.cnf,UNSAT,0.05,0.00,0.05,0,0
/home/richard/project/SAT_benchmark/SATLIB/uf100-430/uf100-0160.cnf,UNSAT,0.05,0.00,0.05,0,0
/home/richard/project/SAT_benchmark/SATLIB/uf100-430/uf100-0990.cnf,UNSAT,0.05,0.00,0.05,0,0
/home/richard/project/SAT_benchmark/SATLIB/uf100-430/uf100-0172.cnf,UNSAT,0.05,0.00,0.05,0,0
/home/richard/project/SAT_benchmark/SATLIB/uf100-430/uf100-0184.cnf,UNSAT,0.05,0.00,0.05,0,0
/home/richard/project/SAT_benchmark/SATLIB/uf100-430/uf100-0181.cnf,UNSAT,0.05,0.00,0.05,0,0
/home/richard/project/SAT_benchmark/SATLIB/uf100-430/uf100-0234.cnf,UNSAT,0.05,0.00,0.05,0,0
/home/richard/project/SAT_benchmark/SATLIB/uf100-430/uf100-0177.cnf,UNSAT,0.05,0.00,0.05,0,0
/home/richard/project/SAT_benchmark/SATLIB/uf100-430/uf100-0203.cnf,UNSAT,0.05,0.00,0.05,0,0
/home/richard/project/SAT_benchmark/SATLIB/uf100-430/uf100-0620.cnf,UNSAT,0.06,0.00,0.06,0,0
/home/richard/project/SAT_benchmark/SATLIB/uf100-430/uf100-0863.cnf,UNSAT,0.06,0.00,0.06,0,0
/home/richard/project/SAT_benchmark/SATLIB/uf100-430/uf100-0939.cnf,UNSAT,0.05,0.00,0.05,0,0
/home/richard/project/SAT_benchmark/SATLIB/uf100-430/uf100-0388.cnf,UNSAT,0.05,0.00,0.05,0,0
/home/richard/project/SAT_benchmark/SATLIB/uf100-430/uf100-0289.cnf,UNSAT,0.05,0.00,0.05,0,0
/home/richard/project/SAT_benchmark/SATLIB/uf100-430/uf100-075.cnf,UNSAT,0.07,0.00,0.07,0,0
/home/richard/project/SAT_benchmark/SATLIB/uf100-430/uf100-0543.cnf,UNSAT,0.05,0.00,0.05,0,0
/home/richard/project/SAT_benchmark/SATLIB/uf100-430/uf100-0523.cnf,UNSAT,0.05,0.00,0.05,0,0
/home/richard/project/SAT_benchmark/SATLIB/uf100-430/uf100-0693.cnf,UNSAT,0.05,0.00,0.05,0,0
/home/richard/project/SAT_benchmark/SATLIB/uf100-430/uf100-052.cnf,UNSAT,0.05,0.00,0.05,0,0
/home/richard/project/SAT_benchmark/SATLIB/uf100-430/uf100-0633.cnf,UNSAT,0.06,0.00,0.06,0,0
/home/richard/project/SAT_benchmark/SATLIB/uf100-430/uf100-0358.cnf,UNSAT,0.05,0.00,0.05,0,0
/home/richard/project/SAT_benchmark/SATLIB/uf100-430/uf100-0857.cnf,UNSAT,0.05,0.00,0.05,0,0
/home/richard/project/SAT_benchmark/SATLIB/uf100-430/uf100-0885.cnf,UNSAT,0.05,0.00,0.05,0,0
/home/richard/project/SAT_benchmark/SATLIB/uf100-430/uf100-0150.cnf,UNSAT,0.05,0.00,0.05,0,0
/home/richard/project/SAT_benchmark/SATLIB/uf100-430/uf100-0148.cnf,UNSAT,0.06,0.00,0.06,0,0
/home/richard/project/SAT_benchmark/SATLIB/uf100-430/uf100-0472.cnf,UNSAT,0.05,0.00,0.05,0,0
/home/richard/project/SAT_benchmark/SATLIB/uf100-430/uf100-0224.cnf,UNSAT,0.06,0.00,0.06,0,0
/home/richard/project/SAT_benchmark/SATLIB/uf100-430/uf100-0618.cnf,UNSAT,0.05,0.00,0.05,0,0
/home/richard/project/SAT_benchmark/SATLIB/uf100-430/uf100-0124.cnf,UNSAT,0.05,0.00,0.05,0,0
/home/richard/project/SAT_benchmark/SATLIB/uf100-430/uf100-0317.cnf,UNSAT,0.05,0.00,0.05,0,0
/home/richard/project/SAT_benchmark/SATLIB/uf100-430/uf100-0180.cnf,UNSAT,0.06,0.00,0.06,0,0
/home/richard/project/SAT_benchmark/SATLIB/uf100-430/uf100-0440.cnf,UNSAT,0.05,0.00,0.05,0,0
/home/richard/project/SAT_benchmark/SATLIB/uf100-430/uf100-0556.cnf,UNSAT,0.05,0.00,0.05,0,0
/home/richard/project/SAT_benchmark/SATLIB/uf100-430/uf100-0416.cnf,UNSAT,0.06,0.00,0.06,0,0
/home/richard/project/SAT_benchmark/SATLIB/uf100-430/uf100-044.cnf,UNSAT,0.05,0.00,0.05,0,0
/home/richard/project/SAT_benchmark/SATLIB/uf100-430/uf100-0127.cnf,UNSAT,0.05,0.00,0.05,0,0
/home/richard/project/SAT_benchmark/SATLIB/uf100-430/uf100-0560.cnf,UNSAT,0.06,0.00,0.06,0,0
/home/richard/project/SAT_benchmark/SATLIB/uf100-430/uf100-0870.cnf,UNSAT,0.05,0.00,0.05,0,0
/home/richard/project/SAT_benchmark/SATLIB/uf100-430/uf100-0107.cnf,UNSAT,0.05,0.00,0.05,0,0
/home/richard/project/SAT_benchmark/SATLIB/uf100-430/uf100-0370.cnf,UNSAT,0.05,0.00,0.05,0,0
/home/richard/project/SAT_benchmark/SATLIB/uf100-430/uf100-0140.cnf,UNSAT,0.05,0.00,0.05,0,0
/home/richard/project/SAT_benchmark/SATLIB/uf100-430/uf100-0808.cnf,UNSAT,0.05,0.00,0.05,0,0
/home/richard/project/SAT_benchmark/SATLIB/uf100-430/uf100-0756.cnf,UNSAT,0.05,0.00,0.05,0,0
/home/richard/project/SAT_benchmark/SATLIB/uf100-430/uf100-0268.cnf,UNSAT,0.05,0.00,0.05,0,0
/home/richard/project/SAT_benchmark/SATLIB/uf100-430/uf100-0182.cnf,UNSAT,0.05,0.00,0.05,0,0
/home/richard/project/SAT_benchmark/SATLIB/uf100-430/uf100-0375.cnf,UNSAT,0.05,0.00,0.05,0,0
/home/richard/project/SAT_benchmark/SATLIB/uf100-430/uf100-0613.cnf,UNSAT,0.06,0.00,0.06,0,0
/home/richard/project/SAT_benchmark/SATLIB/uf100-430/uf100-0851.cnf,UNSAT,0.06,0.00,0.06,0,0
/home/richard/project/SAT_benchmark/SATLIB/uf100-430/uf100-0338.cnf,UNSAT,0.05,0.00,0.05,0,0
/home/richard/project/SAT_benchmark/SATLIB/uf100-430/uf100-0570.cnf,UNSAT,0.05,0.00,0.05,0,0
/home/richard/project/SAT_benchmark/SATLIB/uf100-430/uf100-0634.cnf,UNSAT,0.05,0.00,0.05,0,0
/home/richard/project/SAT_benchmark/SATLIB/uf100-430/uf100-098.cnf,UNSAT,0.05,0.00,0.05,0,0
/home/richard/project/SAT_benchmark/SATLIB/uf100-430/uf100-0220.cnf,UNSAT,0.05,0.00,0.05,0,0
/home/richard/project/SAT_benchmark/SATLIB/uf100-430/uf100-0163.cnf,UNSAT,0.05,0.00,0.05,0,0
/home/richard/project/SAT_benchmark/SATLIB/uf100-430/uf100-0496.cnf,UNSAT,0.05,0.00,0.05,0,0
/home/richard/project/SAT_benchmark/SATLIB/uf100-430/uf100-0334.cnf,UNSAT,0.05,0.00,0.05,0,0
/home/richard/project/SAT_benchmark/SATLIB/uf100-430/uf100-0120.cnf,UNSAT,0.05,0.00,0.05,0,0
/home/richard/project/SAT_benchmark/SATLIB/uf100-430/uf100-0595.cnf,UNSAT,0.05,0.00,0.05,0,0
/home/richard/project/SAT_benchmark/SATLIB/uf100-430/uf100-0754.cnf,UNSAT,0.10,0.00,0.10,0,0
/home/richard/project/SAT_benchmark/SATLIB/uf100-430/uf100-0126.cnf,UNSAT,0.05,0.00,0.05,0,0
/home/richard/project/SAT_benchmark/SATLIB/uf100-430/uf100-0392.cnf,UNSAT,0.05,0.00,0.05,0,0
/home/richard/project/SAT_benchmark/SATLIB/uf100-430/uf100-0232.cnf,UNSAT,0.05,0.00,0.05,0,0
/home/richard/project/SAT_benchmark/SATLIB/uf100-430/uf100-060.cnf,UNSAT,0.05,0.00,0.05,0,0
/home/richard/project/SAT_benchmark/SATLIB/uf100-430/uf100-0811.cnf,UNSAT,0.05,0.00,0.05,0,0
/home/richard/project/SAT_benchmark/SATLIB/uf100-430/uf100-0780.cnf,UNSAT,0.06,0.00,0.06,0,0
/home/richard/project/SAT_benchmark/SATLIB/uf100-430/uf100-0908.cnf,UNSAT,0.05,0.00,0.05,0,0
/home/richard/project/SAT_benchmark/SATLIB/uf100-430/uf100-0350.cnf,UNSAT,0.11,0.00,0.11,0,0
/home/richard/project/SAT_benchmark/SATLIB/uf100-430/uf100-0275.cnf,UNSAT,0.05,0.00,0.05,0,0
/home/richard/project/SAT_benchmark/SATLIB/uf100-430/uf100-0287.cnf,UNSAT,0.05,0.00,0.05,0,0
/home/richard/project/SAT_benchmark/SATLIB/uf100-430/uf100-0765.cnf,UNSAT,0.05,0.00,0.05,0,0
/home/richard/project/SAT_benchmark/SATLIB/uf100-430/uf100-0609.cnf,UNSAT,0.06,0.00,0.06,0,0
/home/richard/project/SAT_benchmark/SATLIB/uf100-430/uf100-0923.cnf,UNSAT,0.10,0.00,0.10,0,0
/home/richard/project/SAT_benchmark/SATLIB/uf100-430/uf100-0629.cnf,UNSAT,0.05,0.00,0.05,0,0
/home/richard/project/SAT_benchmark/SATLIB/uf100-430/uf100-0930.cnf,UNSAT,0.05,0.00,0.05,0,0
/home/richard/project/SAT_benchmark/SATLIB/uf100-430/uf100-0637.cnf,UNSAT,0.05,0.00,0.05,0,0
/home/richard/project/SAT_benchmark/SATLIB/uf100-430/uf100-0835.cnf,UNSAT,0.06,0.00,0.06,0,0
/home/richard/project/SAT_benchmark/SATLIB/uf100-430/uf100-0345.cnf,UNSAT,0.05,0.00,0.05,0,0
/home/richard/project/SAT_benchmark/SATLIB/uf100-430/uf100-031.cnf,UNSAT,0.05,0.00,0.05,0,0
/home/richard/project/SAT_benchmark/SATLIB/uf100-430/uf100-055.cnf,UNSAT,0.05,0.00,0.05,0,0
/home/richard/project/SAT_benchmark/SATLIB/uf100-430/uf100-0322.cnf,UNSAT,0.06,0.00,0.06,0,0
/home/richard/project/SAT_benchmark/SATLIB/uf100-430/uf100-0188.cnf,UNSAT,0.06,0.00,0.06,0,0
/home/richard/project/SAT_benchmark/SATLIB/uf100-430/uf100-0274.cnf,UNSAT,0.05,0.00,0.05,0,0
/home/richard/project/SAT_benchmark/SATLIB/uf100-430/uf100-074.cnf,UNSAT,0.05,0.00,0.05,0,0
/home/richard/project/SAT_benchmark/SATLIB/uf100-430/uf100-0409.cnf,UNSAT,0.05,0.00,0.05,0,0
/home/richard/project/SAT_benchmark/SATLIB/uf100-430/uf100-0446.cnf,UNSAT,0.05,0.00,0.05,0,0
/home/richard/project/SAT_benchmark/SATLIB/uf100-430/uf100-0888.cnf,UNSAT,0.06,0.00,0.06,0,0
/home/richard/project/SAT_benchmark/SATLIB/uf100-430/uf100-0498.cnf,UNSAT,0.05,0.00,0.05,0,0
/home/richard/project/SAT_benchmark/SATLIB/uf100-430/uf100-0366.cnf,UNSAT,0.09,0.00,0.09,0,0
/home/richard/project/SAT_benchmark/SATLIB/uf100-430/uf100-0369.cnf,UNSAT,0.05,0.00,0.05,0,0
/home/richard/project/SAT_benchmark/SATLIB/uf100-430/uf100-0433.cnf,UNSAT,0.06,0.00,0.06,0,0
/home/richard/project/SAT_benchmark/SATLIB/uf100-430/uf100-0393.cnf,UNSAT,0.05,0.00,0.05,0,0
/home/richard/project/SAT_benchmark/SATLIB/uf100-430/uf100-0958.cnf,UNSAT,0.06,0.00,0.06,0,0
/home/richard/project/SAT_benchmark/SATLIB/uf100-430/uf100-0467.cnf,UNSAT,0.05,0.00,0.05,0,0
/home/richard/project/SAT_benchmark/SATLIB/uf100-430/uf100-0238.cnf,UNSAT,0.05,0.00,0.05,0,0
/home/richard/project/SAT_benchmark/SATLIB/uf100-430/uf100-0267.cnf,UNSAT,0.05,0.00,0.05,0,0
/home/richard/project/SAT_benchmark/SATLIB/uf100-430/uf100-0816.cnf,UNSAT,0.10,0.00,0.10,0,0
/home/richard/project/SAT_benchmark/SATLIB/uf100-430/uf100-0607.cnf,UNSAT,0.06,0.00,0.06,0,0
/home/richard/project/SAT_benchmark/SATLIB/uf100-430/uf100-0214.cnf,UNSAT,0.05,0.00,0.05,0,0
/home/richard/project/SAT_benchmark/SATLIB/uf100-430/uf100-0396.cnf,UNSAT,0.05,0.00,0.05,0,0
/home/richard/project/SAT_benchmark/SATLIB/uf100-430/uf100-0307.cnf,UNSAT,0.05,0.00,0.05,0,0
/home/richard/project/SAT_benchmark/SATLIB/uf100-430/uf100-037.cnf,UNSAT,0.05,0.00,0.05,0,0
/home/richard/project/SAT_benchmark/SATLIB/uf100-430/uf100-0183.cnf,UNSAT,0.05,0.00,0.05,0,0
/home/richard/project/SAT_benchmark/SATLIB/uf100-430/uf100-0548.cnf,UNSAT,0.05,0.00,0.05,0,0
/home/richard/project/SAT_benchmark/SATLIB/uf100-430/uf100-0920.cnf,UNSAT,0.05,0.00,0.05,0,0
/home/richard/project/SAT_benchmark/SATLIB/uf100-430/uf100-0100.cnf,UNSAT,0.05,0.00,0.05,0,0
/home/richard/project/SAT_benchmark/SATLIB/uf100-430/uf100-0442.cnf,UNSAT,0.09,0.00,0.09,0,0
/home/richard/project/SAT_benchmark/SATLIB/uf100-430/uf100-036.cnf,UNSAT,0.05,0.00,0.05,0,0
/home/richard/project/SAT_benchmark/SATLIB/uf100-430/uf100-0376.cnf,UNSAT,0.08,0.00,0.08,0,0
/home/richard/project/SAT_benchmark/SATLIB/uf100-430/uf100-0834.cnf,UNSAT,0.05,0.00,0.05,0,0
/home/richard/project/SAT_benchmark/SATLIB/uf100-430/uf100-0327.cnf,UNSAT,0.05,0.00,0.05,0,0
/home/richard/project/SAT_benchmark/SATLIB/uf100-430/uf100-0875.cnf,UNSAT,0.05,0.00,0.05,0,0
/home/richard/project/SAT_benchmark/SATLIB/uf100-430/uf100-0483.cnf,UNSAT,0.05,0.00,0.05,0,0
/home/richard/project/SAT_benchmark/SATLIB/uf100-430/uf100-0688.cnf,UNSAT,0.05,0.00,0.05,0,0
/home/richard/project/SAT_benchmark/SATLIB/uf100-430/uf100-0363.cnf,UNSAT,0.05,0.00,0.05,0,0
/home/richard/project/SAT_benchmark/SATLIB/uf100-430/uf100-0974.cnf,UNSAT,0.05,0.00,0.05,0,0
/home/richard/project/SAT_benchmark/SATLIB/uf100-430/uf100-0455.cnf,UNSAT,0.05,0.00,0.05,0,0
/home/richard/project/SAT_benchmark/SATLIB/uf100-430/uf100-0954.cnf,UNSAT,0.05,0.00,0.05,0,0
/home/richard/project/SAT_benchmark/SATLIB/uf100-430/uf100-0330.cnf,UNSAT,0.05,0.00,0.05,0,0
/home/richard/project/SAT_benchmark/SATLIB/uf100-430/uf100-0479.cnf,UNSAT,0.05,0.00,0.05,0,0
/home/richard/project/SAT_benchmark/SATLIB/uf100-430/uf100-0514.cnf,UNSAT,0.05,0.00,0.05,0,0
/home/richard/project/SAT_benchmark/SATLIB/uf100-430/uf100-0121.cnf,UNSAT,0.05,0.00,0.05,0,0
/home/richard/project/SAT_benchmark/SATLIB/uf100-430/uf100-0255.cnf,UNSAT,0.05,0.00,0.05,0,0
/home/richard/project/SAT_benchmark/SATLIB/uf100-430/uf100-0240.cnf,UNSAT,0.05,0.00,0.05,0,0
/home/richard/project/SAT_benchmark/SATLIB/uf100-430/uf100-0407.cnf,UNSAT,0.05,0.00,0.05,0,0
/home/richard/project/SAT_benchmark/SATLIB/uf100-430/uf100-0674.cnf,UNSAT,0.05,0.00,0.05,0,0
/home/richard/project/SAT_benchmark/SATLIB/uf100-430/uf100-0155.cnf,UNSAT,0.05,0.00,0.05,0,0
/home/richard/project/SAT_benchmark/SATLIB/uf100-430/uf100-0558.cnf,UNSAT,0.06,0.00,0.06,0,0
/home/richard/project/SAT_benchmark/SATLIB/uf100-430/uf100-019.cnf,UNSAT,0.05,0.00,0.05,0,0
/home/richard/project/SAT_benchmark/SATLIB/uf100-430/uf100-0475.cnf,UNSAT,0.05,0.00,0.05,0,0
/home/richard/project/SAT_benchmark/SATLIB/uf100-430/uf100-0194.cnf,UNSAT,0.05,0.00,0.05,0,0
/home/richard/project/SAT_benchmark/SATLIB/uf100-430/uf100-0597.cnf,UNSAT,0.05,0.00,0.05,0,0
/home/richard/project/SAT_benchmark/SATLIB/uf100-430/uf100-0601.cnf,UNSAT,0.05,0.00,0.05,0,0
/home/richard/project/SAT_benchmark/SATLIB/uf100-430/uf100-0302.cnf,UNSAT,0.05,0.00,0.05,0,0
/home/richard/project/SAT_benchmark/SATLIB/uf100-430/uf100-0297.cnf,UNSAT,0.05,0.00,0.05,0,0
/home/richard/project/SAT_benchmark/SATLIB/uf100-430/uf100-0419.cnf,UNSAT,0.10,0.00,0.10,0,0
/home/richard/project/SAT_benchmark/SATLIB/uf100-430/uf100-0193.cnf,UNSAT,0.05,0.00,0.05,0,0
/home/richard/project/SAT_benchmark/SATLIB/uf100-430/uf100-0101.cnf,UNSAT,0.06,0.00,0.06,0,0
/home/richard/project/SAT_benchmark/SATLIB/uf100-430/uf100-0266.cnf,UNSAT,0.05,0.00,0.05,0,0
/home/richard/project/SAT_benchmark/SATLIB/uf100-430/uf100-0623.cnf,UNSAT,0.05,0.00,0.05,0,0
/home/richard/project/SAT_benchmark/SATLIB/uf100-430/uf100-0734.cnf,UNSAT,0.06,0.00,0.06,0,0
/home/richard/project/SAT_benchmark/SATLIB/uf100-430/uf100-0500.cnf,UNSAT,0.05,0.00,0.05,0,0
/home/richard/project/SAT_benchmark/SATLIB/uf100-430/uf100-0373.cnf,UNSAT,0.05,0.00,0.05,0,0
/home/richard/project/SAT_benchmark/SATLIB/uf100-430/uf100-0309.cnf,UNSAT,0.05,0.00,0.05,0,0
/home/richard/project/SAT_benchmark/SATLIB/uf100-430/uf100-0897.cnf,UNSAT,0.05,0.00,0.05,0,0
/home/richard/project/SAT_benchmark/SATLIB/uf100-430/uf100-0365.cnf,UNSAT,0.05,0.00,0.05,0,0
/home/richard/project/SAT_benchmark/SATLIB/uf100-430/uf100-0296.cnf,UNSAT,0.05,0.00,0.05,0,0
/home/richard/project/SAT_benchmark/SATLIB/uf100-430/uf100-0212.cnf,UNSAT,0.05,0.00,0.05,0,0
/home/richard/project/SAT_benchmark/SATLIB/uf100-430/uf100-0571.cnf,UNSAT,0.09,0.00,0.09,0,0
/home/richard/project/SAT_benchmark/SATLIB/uf100-430/uf100-0736.cnf,UNSAT,0.05,0.00,0.05,0,0
/home/richard/project/SAT_benchmark/SATLIB/uf100-430/uf100-0424.cnf,UNSAT,0.05,0.00,0.05,0,0
/home/richard/project/SAT_benchmark/SATLIB/uf100-430/uf100-0854.cnf,UNSAT,0.05,0.00,0.05,0,0
/home/richard/project/SAT_benchmark/SATLIB/uf100-430/uf100-073.cnf,UNSAT,0.10,0.00,0.10,0,0
/home/richard/project/SAT_benchmark/SATLIB/uf100-430/uf100-0662.cnf,UNSAT,0.07,0.00,0.07,0,0
/home/richard/project/SAT_benchmark/SATLIB/uf100-430/uf100-0698.cnf,UNSAT,0.10,0.00,0.10,0,0
/home/richard/project/SAT_benchmark/SATLIB/uf100-430/uf100-0341.cnf,UNSAT,0.06,0.00,0.06,0,0
/home/richard/project/SAT_benchmark/SATLIB/uf100-430/uf100-0519.cnf,UNSAT,0.06,0.00,0.06,0,0
/home/richard/project/SAT_benchmark/SATLIB/uf100-430/uf100-0960.cnf,UNSAT,0.06,0.00,0.06,0,0
/home/richard/project/SAT_benchmark/SATLIB/uf100-430/uf100-0836.cnf,UNSAT,0.05,0.00,0.05,0,0
/home/richard/project/SAT_benchmark/SATLIB/uf100-430/uf100-0593.cnf,UNSAT,0.05,0.00,0.05,0,0
/home/richard/project/SAT_benchmark/SATLIB/uf100-430/uf100-0201.cnf,UNSAT,0.06,0.00,0.06,0,0
/home/richard/project/SAT_benchmark/SATLIB/uf100-430/uf100-0764.cnf,UNSAT,0.05,0.00,0.05,0,0
/home/richard/project/SAT_benchmark/SATLIB/uf100-430/uf100-0998.cnf,UNSAT,0.05,0.00,0.05,0,0
/home/richard/project/SAT_benchmark/SATLIB/uf100-430/uf100-0775.cnf,UNSAT,0.05,0.00,0.05,0,0
/home/richard/project/SAT_benchmark/SATLIB/uf100-430/uf100-0405.cnf,UNSAT,0.05,0.00,0.05,0,0
/home/richard/project/SAT_benchmark/SATLIB/uf100-430/uf100-0412.cnf,UNSAT,0.05,0.00,0.05,0,0
/home/richard/project/SAT_benchmark/SATLIB/uf100-430/uf100-0722.cnf,UNSAT,0.05,0.00,0.05,0,0
/home/richard/project/SAT_benchmark/SATLIB/uf100-430/uf100-0810.cnf,UNSAT,0.05,0.00,0.05,0,0
/home/richard/project/SAT_benchmark/SATLIB/uf100-430/uf100-0443.cnf,UNSAT,0.06,0.00,0.06,0,0
/home/richard/project/SAT_benchmark/SATLIB/uf100-430/uf100-0865.cnf,UNSAT,0.08,0.00,0.08,0,0
/home/richard/project/SAT_benchmark/SATLIB/uf100-430/uf100-029.cnf,UNSAT,0.05,0.00,0.05,0,0
/home/richard/project/SAT_benchmark/SATLIB/uf100-430/uf100-0894.cnf,UNSAT,0.05,0.00,0.05,0,0
/home/richard/project/SAT_benchmark/SATLIB/uf100-430/uf100-0292.cnf,UNSAT,0.05,0.00,0.05,0,0
/home/richard/project/SAT_benchmark/SATLIB/uf100-430/uf100-0509.cnf,UNSAT,0.05,0.00,0.05,0,0
/home/richard/project/SAT_benchmark/SATLIB/uf100-430/uf100-0279.cnf,UNSAT,0.05,0.00,0.05,0,0
/home/richard/project/SAT_benchmark/SATLIB/uf100-430/uf100-0422.cnf,UNSAT,0.07,0.00,0.07,0,0
/home/richard/project/SAT_benchmark/SATLIB/uf100-430/uf100-05.cnf,UNSAT,0.05,0.00,0.05,0,0
/home/richard/project/SAT_benchmark/SATLIB/uf100-430/uf100-0551.cnf,UNSAT,0.05,0.00,0.05,0,0
/home/richard/project/SAT_benchmark/SATLIB/uf100-430/uf100-0280.cnf,UNSAT,0.11,0.00,0.11,0,0
/home/richard/project/SAT_benchmark/SATLIB/uf100-430/uf100-0684.cnf,UNSAT,0.05,0.00,0.05,0,0
/home/richard/project/SAT_benchmark/SATLIB/uf100-430/uf100-0640.cnf,UNSAT,0.07,0.00,0.07,0,0
/home/richard/project/SAT_benchmark/SATLIB/uf100-430/uf100-0903.cnf,UNSAT,0.05,0.00,0.05,0,0
/home/richard/project/SAT_benchmark/SATLIB/uf100-430/uf100-0185.cnf,UNSAT,0.05,0.00,0.05,0,0
/home/richard/project/SAT_benchmark/SATLIB/uf100-430/uf100-0824.cnf,UNSAT,0.05,0.00,0.05,0,0
/home/richard/project/SAT_benchmark/SATLIB/uf100-430/uf100-0606.cnf,UNSAT,0.05,0.00,0.05,0,0
/home/richard/project/SAT_benchmark/SATLIB/uf100-430/uf100-0517.cnf,UNSAT,0.06,0.00,0.06,0,0
/home/richard/project/SAT_benchmark/SATLIB/uf100-430/uf100-0247.cnf,UNSAT,0.11,0.00,0.11,0,0
/home/richard/project/SAT_benchmark/SATLIB/uf100-430/uf100-0632.cnf,UNSAT,0.05,0.00,0.05,0,0
/home/richard/project/SAT_benchmark/SATLIB/uf100-430/uf100-0256.cnf,UNSAT,0.05,0.00,0.05,0,0
/home/richard/project/SAT_benchmark/SATLIB/uf100-430/uf100-0833.cnf,UNSAT,0.05,0.00,0.05,0,0
/home/richard/project/SAT_benchmark/SATLIB/uf100-430/uf100-0209.cnf,UNSAT,0.05,0.00,0.05,0,0
/home/richard/project/SAT_benchmark/SATLIB/uf100-430/uf100-0288.cnf,UNSAT,0.05,0.00,0.05,0,0
/home/richard/project/SAT_benchmark/SATLIB/uf100-430/uf100-0805.cnf,UNSAT,0.05,0.00,0.05,0,0
/home/richard/project/SAT_benchmark/SATLIB/uf100-430/uf100-039.cnf,UNSAT,0.05,0.00,0.05,0,0
/home/richard/project/SAT_benchmark/SATLIB/uf100-430/uf100-09.cnf,UNSAT,0.05,0.00,0.05,0,0
/home/richard/project/SAT_benchmark/SATLIB/uf100-430/uf100-0486.cnf,UNSAT,0.05,0.00,0.05,0,0
/home/richard/project/SAT_benchmark/SATLIB/uf100-430/uf100-0814.cnf,UNSAT,0.05,0.00,0.05,0,0
/home/richard/project/SAT_benchmark/SATLIB/uf100-430/uf100-0914.cnf,UNSAT,0.05,0.00,0.05,0,0
/home/richard/project/SAT_benchmark/SATLIB/uf100-430/uf100-046.cnf,UNSAT,0.05,0.00,0.05,0,0
/home/richard/project/SAT_benchmark/SATLIB/uf100-430/uf100-0793.cnf,UNSAT,0.05,0.00,0.05,0,0
/home/richard/project/SAT_benchmark/SATLIB/uf100-430/uf100-0738.cnf,UNSAT,0.06,0.00,0.06,0,0
/home/richard/project/SAT_benchmark/SATLIB/uf100-430/uf100-0270.cnf,UNSAT,0.05,0.00,0.05,0,0
/home/richard/project/SAT_benchmark/SATLIB/uf100-430/uf100-0333.cnf,UNSAT,0.05,0.00,0.05,0,0
/home/richard/project/SAT_benchmark/SATLIB/uf100-430/uf100-0462.cnf,UNSAT,0.05,0.00,0.05,0,0
/home/richard/project/SAT_benchmark/SATLIB/uf100-430/uf100-0753.cnf,UNSAT,0.05,0.00,0.05,0,0
/home/richard/project/SAT_benchmark/SATLIB/uf100-430/uf100-0704.cnf,UNSAT,0.06,0.00,0.06,0,0
/home/richard/project/SAT_benchmark/SATLIB/uf100-430/uf100-0926.cnf,UNSAT,0.05,0.00,0.05,0,0
/home/richard/project/SAT_benchmark/SATLIB/uf100-430/uf100-0733.cnf,UNSAT,0.05,0.00,0.05,0,0
/home/richard/project/SAT_benchmark/SATLIB/uf100-430/uf100-0972.cnf,UNSAT,0.05,0.00,0.05,0,0
/home/richard/project/SAT_benchmark/SATLIB/uf100-430/uf100-0199.cnf,UNSAT,0.05,0.00,0.05,0,0
/home/richard/project/SAT_benchmark/SATLIB/uf100-430/uf100-0439.cnf,UNSAT,0.10,0.00,0.10,0,0
/home/richard/project/SAT_benchmark/SATLIB/uf100-430/uf100-0985.cnf,UNSAT,0.05,0.00,0.05,0,0
/home/richard/project/SAT_benchmark/SATLIB/uf100-430/uf100-0159.cnf,UNSAT,0.06,0.00,0.06,0,0
/home/richard/project/SAT_benchmark/SATLIB/uf100-430/uf100-0576.cnf,UNSAT,0.05,0.00,0.05,0,0
/home/richard/project/SAT_benchmark/SATLIB/uf100-430/uf100-0714.cnf,UNSAT,0.09,0.00,0.09,0,0
/home/richard/project/SAT_benchmark/SATLIB/uf100-430/uf100-0564.cnf,UNSAT,0.05,0.00,0.05,0,0
/home/richard/project/SAT_benchmark/SATLIB/uf100-430/uf100-0528.cnf,UNSAT,0.06,0.00,0.06,0,0
/home/richard/project/SAT_benchmark/SATLIB/uf100-430/uf100-0299.cnf,UNSAT,0.10,0.00,0.10,0,0
/home/richard/project/SAT_benchmark/SATLIB/uf100-430/uf100-093.cnf,UNSAT,0.09,0.00,0.09,0,0
/home/richard/project/SAT_benchmark/SATLIB/uf100-430/uf100-0792.cnf,UNSAT,0.06,0.00,0.06,0,0
/home/richard/project/SAT_benchmark/SATLIB/uf100-430/uf100-0838.cnf,UNSAT,0.10,0.00,0.10,0,0
/home/richard/project/SAT_benchmark/SATLIB/uf100-430/uf100-0510.cnf,UNSAT,0.11,0.00,0.11,0,0
/home/richard/project/SAT_benchmark/SATLIB/uf100-430/uf100-0777.cnf,UNSAT,0.06,0.00,0.06,0,0
/home/richard/project/SAT_benchmark/SATLIB/uf100-430/uf100-0447.cnf,UNSAT,0.05,0.00,0.05,0,0
/home/richard/project/SAT_benchmark/SATLIB/uf100-430/uf100-0230.cnf,UNSAT,0.05,0.00,0.05,0,0
/home/richard/project/SAT_benchmark/SATLIB/uf100-430/uf100-0362.cnf,UNSAT,0.06,0.00,0.06,0,0
/home/richard/project/SAT_benchmark/SATLIB/uf100-430/uf100-0639.cnf,UNSAT,0.06,0.00,0.06,0,0
/home/richard/project/SAT_benchmark/SATLIB/uf100-430/uf100-0848.cnf,UNSAT,0.05,0.00,0.05,0,0
/home/richard/project/SAT_benchmark/SATLIB/uf100-430/uf100-0445.cnf,UNSAT,0.06,0.00,0.06,0,0
/home/richard/project/SAT_benchmark/SATLIB/uf100-430/uf100-0315.cnf,UNSAT,0.05,0.00,0.05,0,0
/home/richard/project/SAT_benchmark/SATLIB/uf100-430/uf100-0664.cnf,UNSAT,0.05,0.00,0.05,0,0
/home/richard/project/SAT_benchmark/SATLIB/uf100-430/uf100-0947.cnf,UNSAT,0.06,0.00,0.06,0,0
/home/richard/project/SAT_benchmark/SATLIB/uf100-430/uf100-0771.cnf,UNSAT,0.05,0.00,0.05,0,0
/home/richard/project/SAT_benchmark/SATLIB/uf100-430/uf100-0967.cnf,UNSAT,0.05,0.00,0.05,0,0
/home/richard/project/SAT_benchmark/SATLIB/uf100-430/uf100-01000.cnf,UNSAT,0.05,0.00,0.05,0,0
/home/richard/project/SAT_benchmark/SATLIB/uf100-430/uf100-0941.cnf,UNSAT,0.05,0.00,0.05,0,0
/home/richard/project/SAT_benchmark/SATLIB/uf100-430/uf100-0480.cnf,UNSAT,0.06,0.00,0.06,0,0
/home/richard/project/SAT_benchmark/SATLIB/uf100-430/uf100-0745.cnf,UNSAT,0.05,0.00,0.05,0,0
/home/richard/project/SAT_benchmark/SATLIB/uf100-430/uf100-0701.cnf,UNSAT,0.05,0.00,0.05,0,0
/home/richard/project/SAT_benchmark/SATLIB/uf100-430/uf100-0988.cnf,UNSAT,0.05,0.00,0.05,0,0
/home/richard/project/SAT_benchmark/SATLIB/uf100-430/uf100-0635.cnf,UNSAT,0.05,0.00,0.05,0,0
/home/richard/project/SAT_benchmark/SATLIB/uf100-430/uf100-0695.cnf,UNSAT,0.06,0.00,0.06,0,0
/home/richard/project/SAT_benchmark/SATLIB/uf100-430/uf100-0892.cnf,UNSAT,0.06,0.00,0.06,0,0
/home/richard/project/SAT_benchmark/SATLIB/uf100-430/uf100-0858.cnf,UNSAT,0.10,0.00,0.10,0,0
/home/richard/project/SAT_benchmark/SATLIB/uf100-430/uf100-0210.cnf,UNSAT,0.05,0.00,0.05,0,0
/home/richard/project/SAT_benchmark/SATLIB/uf100-430/uf100-0830.cnf,UNSAT,0.05,0.00,0.05,0,0
/home/richard/project/SAT_benchmark/SATLIB/uf100-430/uf100-0744.cnf,UNSAT,0.06,0.00,0.06,0,0
/home/richard/project/SAT_benchmark/SATLIB/uf100-430/uf100-0878.cnf,UNSAT,0.05,0.00,0.05,0,0
/home/richard/project/SAT_benchmark/SATLIB/uf100-430/uf100-0748.cnf,UNSAT,0.05,0.00,0.05,0,0
/home/richard/project/SAT_benchmark/SATLIB/uf100-430/uf100-0909.cnf,UNSAT,0.05,0.00,0.05,0,0
/home/richard/project/SAT_benchmark/SATLIB/uf100-430/uf100-0469.cnf,UNSAT,0.05,0.00,0.05,0,0
/home/richard/project/SAT_benchmark/SATLIB/uf100-430/uf100-0131.cnf,UNSAT,0.05,0.00,0.05,0,0
/home/richard/project/SAT_benchmark/SATLIB/uf100-430/uf100-0565.cnf,UNSAT,0.06,0.00,0.06,0,0
/home/richard/project/SAT_benchmark/SATLIB/uf100-430/uf100-0147.cnf,UNSAT,0.05,0.00,0.05,0,0
/home/richard/project/SAT_benchmark/SATLIB/uf100-430/uf100-0626.cnf,UNSAT,0.05,0.00,0.05,0,0
/home/richard/project/SAT_benchmark/SATLIB/uf100-430/uf100-0113.cnf,UNSAT,0.05,0.00,0.05,0,0
/home/richard/project/SAT_benchmark/SATLIB/uf100-430/uf100-0555.cnf,UNSAT,0.05,0.00,0.05,0,0
/home/richard/project/SAT_benchmark/SATLIB/uf100-430/uf100-056.cnf,UNSAT,0.06,0.00,0.06,0,0
/home/richard/project/SAT_benchmark/SATLIB/uf100-430/uf100-0644.cnf,UNSAT,0.05,0.00,0.05,0,0
/home/richard/project/SAT_benchmark/SATLIB/uf100-430/uf100-0532.cnf,UNSAT,0.05,0.00,0.05,0,0
/home/richard/project/SAT_benchmark/SATLIB/uf100-430/uf100-0784.cnf,UNSAT,0.05,0.00,0.05,0,0
/home/richard/project/SAT_benchmark/SATLIB/uf100-430/uf100-0336.cnf,UNSAT,0.08,0.00,0.08,0,0
/home/richard/project/SAT_benchmark/SATLIB/uf100-430/uf100-0104.cnf,UNSAT,0.05,0.00,0.05,0,0
/home/richard/project/SAT_benchmark/SATLIB/uf100-430/uf100-0534.cnf,UNSAT,0.05,0.00,0.05,0,0
/home/richard/project/SAT_benchmark/SATLIB/uf100-430/uf100-0506.cnf,UNSAT,0.05,0.00,0.05,0,0
/home/richard/project/SAT_benchmark/SATLIB/uf100-430/uf100-0709.cnf,UNSAT,0.05,0.00,0.05,0,0
/home/richard/project/SAT_benchmark/SATLIB/uf100-430/uf100-0610.cnf,UNSAT,0.05,0.00,0.05,0,0
/home/richard/project/SAT_benchmark/SATLIB/uf100-430/uf100-0886.cnf,UNSAT,0.05,0.00,0.05,0,0
/home/richard/project/SAT_benchmark/SATLIB/uf100-430/uf100-0976.cnf,UNSAT,0.05,0.00,0.05,0,0
/home/richard/project/SAT_benchmark/SATLIB/uf100-430/uf100-0922.cnf,UNSAT,0.05,0.00,0.05,0,0
/home/richard/project/SAT_benchmark/SATLIB/uf100-430/uf100-0881.cnf,UNSAT,0.05,0.00,0.05,0,0
/home/richard/project/SAT_benchmark/SATLIB/uf100-430/uf100-0831.cnf,UNSAT,0.05,0.00,0.05,0,0
/home/richard/project/SAT_benchmark/SATLIB/uf100-430/uf100-0933.cnf,UNSAT,0.05,0.00,0.05,0,0
/home/richard/project/SAT_benchmark/SATLIB/uf100-430/uf100-0518.cnf,UNSAT,0.05,0.00,0.05,0,0
/home/richard/project/SAT_benchmark/SATLIB/uf100-430/uf100-0497.cnf,UNSAT,0.07,0.00,0.07,0,0
/home/richard/project/SAT_benchmark/SATLIB/uf100-430/uf100-0428.cnf,UNSAT,0.06,0.00,0.06,0,0
/home/richard/project/SAT_benchmark/SATLIB/uf100-430/uf100-0755.cnf,UNSAT,0.05,0.00,0.05,0,0
/home/richard/project/SAT_benchmark/SATLIB/uf100-430/uf100-0696.cnf,UNSAT,0.05,0.00,0.05,0,0
/home/richard/project/SAT_benchmark/SATLIB/uf100-430/uf100-026.cnf,UNSAT,0.05,0.00,0.05,0,0
/home/richard/project/SAT_benchmark/SATLIB/uf100-430/uf100-0464.cnf,UNSAT,0.05,0.00,0.05,0,0
/home/richard/project/SAT_benchmark/SATLIB/uf100-430/uf100-0856.cnf,UNSAT,0.05,0.00,0.05,0,0
/home/richard/project/SAT_benchmark/SATLIB/uf100-430/uf100-0495.cnf,UNSAT,0.05,0.00,0.05,0,0
/home/richard/project/SAT_benchmark/SATLIB/uf100-430/uf100-0132.cnf,UNSAT,0.05,0.00,0.05,0,0
/home/richard/project/SAT_benchmark/SATLIB/uf100-430/uf100-0355.cnf,UNSAT,0.05,0.00,0.05,0,0
/home/richard/project/SAT_benchmark/SATLIB/uf100-430/uf100-0459.cnf,UNSAT,0.05,0.00,0.05,0,0
/home/richard/project/SAT_benchmark/SATLIB/uf100-430/uf100-0290.cnf,UNSAT,0.06,0.00,0.06,0,0
/home/richard/project/SAT_benchmark/SATLIB/uf100-430/uf100-0384.cnf,UNSAT,0.05,0.00,0.05,0,0
/home/richard/project/SAT_benchmark/SATLIB/uf100-430/uf100-0893.cnf,UNSAT,0.05,0.00,0.05,0,0
/home/richard/project/SAT_benchmark/SATLIB/uf100-430/uf100-0522.cnf,UNSAT,0.05,0.00,0.05,0,0
/home/richard/project/SAT_benchmark/SATLIB/uf100-430/uf100-08.cnf,UNSAT,0.05,0.00,0.05,0,0
/home/richard/project/SAT_benchmark/SATLIB/uf100-430/uf100-0689.cnf,UNSAT,0.05,0.00,0.05,0,0
/home/richard/project/SAT_benchmark/SATLIB/uf100-430/uf100-0980.cnf,UNSAT,0.05,0.00,0.05,0,0
/home/richard/project/SAT_benchmark/SATLIB/uf100-430/uf100-0378.cnf,UNSAT,0.05,0.00,0.05,0,0
/home/richard/project/SAT_benchmark/SATLIB/uf100-430/uf100-0982.cnf,UNSAT,0.05,0.00,0.05,0,0
/home/richard/project/SAT_benchmark/SATLIB/uf100-430/uf100-0589.cnf,UNSAT,0.05,0.00,0.05,0,0
/home/richard/project/SAT_benchmark/SATLIB/uf100-430/uf100-0128.cnf,UNSAT,0.05,0.00,0.05,0,0
/home/richard/project/SAT_benchmark/SATLIB/uf100-430/uf100-0855.cnf,UNSAT,0.05,0.00,0.05,0,0
/home/richard/project/SAT_benchmark/SATLIB/uf100-430/uf100-0837.cnf,UNSAT,0.05,0.00,0.05,0,0
/home/richard/project/SAT_benchmark/SATLIB/uf100-430/uf100-0171.cnf,UNSAT,0.05,0.00,0.05,0,0
/home/richard/project/SAT_benchmark/SATLIB/uf100-430/uf100-0250.cnf,UNSAT,0.05,0.00,0.05,0,0
/home/richard/project/SAT_benchmark/SATLIB/uf100-430/uf100-0285.cnf,UNSAT,0.05,0.00,0.05,0,0
/home/richard/project/SAT_benchmark/SATLIB/uf100-430/uf100-0778.cnf,UNSAT,0.05,0.00,0.05,0,0
/home/richard/project/SAT_benchmark/SATLIB/uf100-430/uf100-0237.cnf,UNSAT,0.05,0.00,0.05,0,0
/home/richard/project/SAT_benchmark/SATLIB/uf100-430/uf100-0204.cnf,UNSAT,0.05,0.00,0.05,0,0
/home/richard/project/SAT_benchmark/SATLIB/uf100-430/uf100-0685.cnf,UNSAT,0.05,0.00,0.05,0,0
/home/richard/project/SAT_benchmark/SATLIB/uf100-430/uf100-0671.cnf,UNSAT,0.05,0.00,0.05,0,0
/home/richard/project/SAT_benchmark/SATLIB/uf100-430/uf100-0919.cnf,UNSAT,0.05,0.00,0.05,0,0
/home/richard/project/SAT_benchmark/SATLIB/uf100-430/uf100-0578.cnf,UNSAT,0.06,0.00,0.06,0,0
/home/richard/project/SAT_benchmark/SATLIB/uf100-430/uf100-0847.cnf,UNSAT,0.05,0.00,0.05,0,0
/home/richard/project/SAT_benchmark/SATLIB/uf100-430/uf100-0740.cnf,UNSAT,0.06,0.00,0.06,0,0
/home/richard/project/SAT_benchmark/SATLIB/uf100-430/uf100-0546.cnf,UNSAT,0.05,0.00,0.05,0,0
/home/richard/project/SAT_benchmark/SATLIB/uf100-430/uf100-0905.cnf,UNSAT,0.05,0.00,0.05,0,0
/home/richard/project/SAT_benchmark/SATLIB/uf100-430/uf100-0767.cnf,UNSAT,0.08,0.00,0.08,0,0
/home/richard/project/SAT_benchmark/SATLIB/uf100-430/uf100-0235.cnf,UNSAT,0.10,0.00,0.10,0,0
/home/richard/project/SAT_benchmark/SATLIB/uf100-430/uf100-070.cnf,UNSAT,0.06,0.00,0.06,0,0
/home/richard/project/SAT_benchmark/SATLIB/uf100-430/uf100-0502.cnf,UNSAT,0.05,0.00,0.05,0,0
/home/richard/project/SAT_benchmark/SATLIB/uf100-430/uf100-0145.cnf,UNSAT,0.05,0.00,0.05,0,0
/home/richard/project/SAT_benchmark/SATLIB/uf100-430/uf100-0516.cnf,UNSAT,0.06,0.00,0.06,0,0
/home/richard/project/SAT_benchmark/SATLIB/uf100-430/uf100-0577.cnf,UNSAT,0.05,0.00,0.05,0,0
/home/richard/project/SAT_benchmark/SATLIB/uf100-430/uf100-0832.cnf,UNSAT,0.05,0.00,0.05,0,0
/home/richard/project/SAT_benchmark/SATLIB/uf100-430/uf100-0562.cnf,UNSAT,0.05,0.00,0.05,0,0
/home/richard/project/SAT_benchmark/SATLIB/uf100-430/uf100-0187.cnf,UNSAT,0.05,0.00,0.05,0,0
/home/richard/project/SAT_benchmark/SATLIB/uf100-430/uf100-07.cnf,UNSAT,0.05,0.00,0.05,0,0
/home/richard/project/SAT_benchmark/SATLIB/uf100-430/uf100-0484.cnf,UNSAT,0.05,0.00,0.05,0,0
/home/richard/project/SAT_benchmark/SATLIB/uf100-430/uf100-0604.cnf,UNSAT,0.06,0.00,0.06,0,0
/home/richard/project/SAT_benchmark/SATLIB/uf100-430/uf100-0700.cnf,UNSAT,0.06,0.00,0.06,0,0
/home/richard/project/SAT_benchmark/SATLIB/uf100-430/uf100-0261.cnf,UNSAT,0.05,0.00,0.05,0,0
/home/richard/project/SAT_benchmark/SATLIB/uf100-430/uf100-0339.cnf,UNSAT,0.06,0.00,0.06,0,0
/home/richard/project/SAT_benchmark/SATLIB/uf100-430/uf100-0708.cnf,UNSAT,0.05,0.00,0.05,0,0
/home/richard/project/SAT_benchmark/SATLIB/uf100-430/uf100-0156.cnf,UNSAT,0.05,0.00,0.05,0,0
/home/richard/project/SAT_benchmark/SATLIB/uf100-430/uf100-0585.cnf,UNSAT,0.05,0.00,0.05,0,0
/home/richard/project/SAT_benchmark/SATLIB/uf100-430/uf100-0423.cnf,UNSAT,0.05,0.00,0.05,0,0
/home/richard/project/SAT_benchmark/SATLIB/uf100-430/uf100-0115.cnf,UNSAT,0.05,0.00,0.05,0,0
/home/richard/project/SAT_benchmark/SATLIB/uf100-430/uf100-0906.cnf,UNSAT,0.06,0.00,0.06,0,0
/home/richard/project/SAT_benchmark/SATLIB/uf100-430/uf100-0499.cnf,UNSAT,0.05,0.00,0.05,0,0
/home/richard/project/SAT_benchmark/SATLIB/uf100-430/uf100-0503.cnf,UNSAT,0.05,0.00,0.05,0,0
/home/richard/project/SAT_benchmark/SATLIB/uf100-430/uf100-0144.cnf,UNSAT,0.05,0.00,0.05,0,0
/home/richard/project/SAT_benchmark/SATLIB/uf100-430/uf100-077.cnf,UNSAT,0.05,0.00,0.05,0,0
/home/richard/project/SAT_benchmark/SATLIB/uf100-430/uf100-0323.cnf,UNSAT,0.05,0.00,0.05,0,0
/home/richard/project/SAT_benchmark/SATLIB/uf100-430/uf100-067.cnf,UNSAT,0.10,0.00,0.10,0,0
/home/richard/project/SAT_benchmark/SATLIB/uf100-430/uf100-0161.cnf,UNSAT,0.10,0.00,0.10,0,0
/home/richard/project/SAT_benchmark/SATLIB/uf100-430/uf100-0476.cnf,UNSAT,0.05,0.00,0.05,0,0
/home/richard/project/SAT_benchmark/SATLIB/uf100-430/uf100-0971.cnf,UNSAT,0.06,0.00,0.06,0,0
/home/richard/project/SAT_benchmark/SATLIB/uf100-430/uf100-0579.cnf,UNSAT,0.05,0.00,0.05,0,0
/home/richard/project/SAT_benchmark/SATLIB/uf100-430/uf100-0983.cnf,UNSAT,0.05,0.00,0.05,0,0
/home/richard/project/SAT_benchmark/SATLIB/uf100-430/uf100-0162.cnf,UNSAT,0.05,0.00,0.05,0,0
/home/richard/project/SAT_benchmark/SATLIB/uf100-430/uf100-0950.cnf,UNSAT,0.05,0.00,0.05,0,0
/home/richard/project/SAT_benchmark/SATLIB/uf100-430/uf100-0347.cnf,UNSAT,0.10,0.00,0.10,0,0
/home/richard/project/SAT_benchmark/SATLIB/uf100-430/uf100-0308.cnf,UNSAT,0.05,0.00,0.05,0,0
/home/richard/project/SAT_benchmark/SATLIB/uf100-430/uf100-0248.cnf,UNSAT,0.05,0.00,0.05,0,0
/home/richard/project/SAT_benchmark/SATLIB/uf100-430/uf100-0129.cnf,UNSAT,0.06,0.00,0.06,0,0
/home/richard/project/SAT_benchmark/SATLIB/uf100-430/uf100-0795.cnf,UNSAT,0.06,0.00,0.06,0,0
/home/richard/project/SAT_benchmark/SATLIB/uf100-430/uf100-0697.cnf,UNSAT,0.05,0.00,0.05,0,0
/home/richard/project/SAT_benchmark/SATLIB/uf100-430/uf100-0774.cnf,UNSAT,0.10,0.00,0.10,0,0
/home/richard/project/SAT_benchmark/SATLIB/uf100-430/uf100-0395.cnf,UNSAT,0.06,0.00,0.06,0,0
/home/richard/project/SAT_benchmark/SATLIB/uf100-430/uf100-0823.cnf,UNSAT,0.05,0.00,0.05,0,0
/home/richard/project/SAT_benchmark/SATLIB/uf100-430/uf100-096.cnf,UNSAT,0.07,0.00,0.07,0,0
/home/richard/project/SAT_benchmark/SATLIB/uf100-430/uf100-0668.cnf,UNSAT,0.05,0.00,0.05,0,0
/home/richard/project/SAT_benchmark/SATLIB/uf100-430/uf100-06.cnf,UNSAT,0.05,0.00,0.05,0,0
/home/richard/project/SAT_benchmark/SATLIB/uf100-430/uf100-0133.cnf,UNSAT,0.05,0.00,0.05,0,0
/home/richard/project/SAT_benchmark/SATLIB/uf100-430/uf100-0410.cnf,UNSAT,0.05,0.00,0.05,0,0
/home/richard/project/SAT_benchmark/SATLIB/uf100-430/uf100-0782.cnf,UNSAT,0.05,0.00,0.05,0,0
/home/richard/project/SAT_benchmark/SATLIB/uf100-430/uf100-0531.cnf,UNSAT,0.05,0.00,0.05,0,0
/home/richard/project/SAT_benchmark/SATLIB/uf100-430/uf100-0352.cnf,UNSAT,0.05,0.00,0.05,0,0
/home/richard/project/SAT_benchmark/SATLIB/uf100-430/uf100-0552.cnf,UNSAT,0.05,0.00,0.05,0,0
/home/richard/project/SAT_benchmark/SATLIB/uf100-430/uf100-0103.cnf,UNSAT,0.05,0.00,0.05,0,0
/home/richard/project/SAT_benchmark/SATLIB/uf100-430/uf100-0895.cnf,UNSAT,0.05,0.00,0.05,0,0
/home/richard/project/SAT_benchmark/SATLIB/uf100-430/uf100-0529.cnf,UNSAT,0.05,0.00,0.05,0,0
/home/richard/project/SAT_benchmark/SATLIB/uf100-430/uf100-0928.cnf,UNSAT,0.05,0.00,0.05,0,0
/home/richard/project/SAT_benchmark/SATLIB/uf100-430/uf100-0197.cnf,UNSAT,0.05,0.00,0.05,0,0
/home/richard/project/SAT_benchmark/SATLIB/uf100-430/uf100-0178.cnf,UNSAT,0.06,0.00,0.06,0,0
/home/richard/project/SAT_benchmark/SATLIB/uf100-430/uf100-0360.cnf,UNSAT,0.06,0.00,0.06,0,0
/home/richard/project/SAT_benchmark/SATLIB/uf100-430/uf100-0986.cnf,UNSAT,0.05,0.00,0.05,0,0
/home/richard/project/SAT_benchmark/SATLIB/uf100-430/uf100-0608.cnf,UNSAT,0.06,0.00,0.06,0,0
/home/richard/project/SAT_benchmark/SATLIB/uf100-430/uf100-0389.cnf,UNSAT,0.05,0.00,0.05,0,0
/home/richard/project/SAT_benchmark/SATLIB/uf100-430/uf100-080.cnf,UNSAT,0.10,0.00,0.10,0,0
/home/richard/project/SAT_benchmark/SATLIB/uf100-430/uf100-0826.cnf,UNSAT,0.05,0.00,0.05,0,0
/home/richard/project/SAT_benchmark/SATLIB/uf100-430/uf100-0900.cnf,UNSAT,0.05,0.00,0.05,0,0
/home/richard/project/SAT_benchmark/SATLIB/uf100-430/uf100-0849.cnf,UNSAT,0.05,0.00,0.05,0,0
/home/richard/project/SAT_benchmark/SATLIB/uf100-430/uf100-0658.cnf,UNSAT,0.05,0.00,0.05,0,0
/home/richard/project/SAT_benchmark/SATLIB/uf100-430/uf100-0591.cnf,UNSAT,0.05,0.00,0.05,0,0
/home/richard/project/SAT_benchmark/SATLIB/uf100-430/uf100-0710.cnf,UNSAT,0.05,0.00,0.05,0,0
/home/richard/project/SAT_benchmark/SATLIB/CBS_k3_n100_m449_b30/CBS_k3_n100_m449_b30_85.cnf,SAT,16858.70,16846.21,12.49,142,118
/home/richard/project/SAT_benchmark/SATLIB/CBS_k3_n100_m449_b30/CBS_k3_n100_m449_b30_221.cnf,SAT,3797.98,3786.71,11.27,31,1
/home/richard/project/SAT_benchmark/SATLIB/CBS_k3_n100_m449_b30/CBS_k3_n100_m449_b30_541.cnf,SAT,9635.39,9620.13,15.26,85,54
/home/richard/project/SAT_benchmark/SATLIB/CBS_k3_n100_m449_b30/CBS_k3_n100_m449_b30_703.cnf,SAT,0.10,0.00,0.10,0,0
/home/richard/project/SAT_benchmark/SATLIB/CBS_k3_n100_m449_b30/CBS_k3_n100_m449_b30_136.cnf,SAT,16794.10,16779.54,14.56,146,113
/home/richard/project/SAT_benchmark/SATLIB/CBS_k3_n100_m449_b30/CBS_k3_n100_m449_b30_530.cnf,SAT,0.09,0.00,0.09,0,0
/home/richard/project/SAT_benchmark/SATLIB/CBS_k3_n100_m449_b30/CBS_k3_n100_m449_b30_297.cnf,SAT,4967.98,4955.69,12.29,49,30
/home/richard/project/SAT_benchmark/SATLIB/CBS_k3_n100_m449_b30/CBS_k3_n100_m449_b30_710.cnf,SAT,11991.74,11980.98,10.75,100,72
/home/richard/project/SAT_benchmark/SATLIB/CBS_k3_n100_m449_b30/CBS_k3_n100_m449_b30_476.cnf,SAT,62479.14,62461.94,17.20,538,436
/home/richard/project/SAT_benchmark/SATLIB/CBS_k3_n100_m449_b30/CBS_k3_n100_m449_b30_210.cnf,SAT,98896.66,98881.10,15.56,847,592
/home/richard/project/SAT_benchmark/SATLIB/CBS_k3_n100_m449_b30/CBS_k3_n100_m449_b30_595.cnf,SAT,9768.50,9756.86,11.64,89,65
/home/richard/project/SAT_benchmark/SATLIB/CBS_k3_n100_m449_b30/CBS_k3_n100_m449_b30_146.cnf,SAT,8432.69,8423.19,9.50,75,46
/home/richard/project/SAT_benchmark/SATLIB/CBS_k3_n100_m449_b30/CBS_k3_n100_m449_b30_302.cnf,SAT,28540.15,28523.99,16.16,246,206
/home/richard/project/SAT_benchmark/SATLIB/CBS_k3_n100_m449_b30/CBS_k3_n100_m449_b30_915.cnf,SAT,28607.15,28595.13,12.01,249,153
/home/richard/project/SAT_benchmark/SATLIB/CBS_k3_n100_m449_b30/CBS_k3_n100_m449_b30_106.cnf,SAT,62374.25,62360.18,14.06,539,448
/home/richard/project/SAT_benchmark/SATLIB/CBS_k3_n100_m449_b30/CBS_k3_n100_m449_b30_141.cnf,SAT,7372.29,7361.67,10.62,67,37
/home/richard/project/SAT_benchmark/SATLIB/CBS_k3_n100_m449_b30/CBS_k3_n100_m449_b30_543.cnf,SAT,52059.35,52045.66,13.70,449,355
/home/richard/project/SAT_benchmark/SATLIB/CBS_k3_n100_m449_b30/CBS_k3_n100_m449_b30_269.cnf,SAT,32053.99,32038.94,15.05,279,234
/home/richard/project/SAT_benchmark/SATLIB/CBS_k3_n100_m449_b30/CBS_k3_n100_m449_b30_376.cnf,SAT,18073.20,18062.47,10.72,156,118
/home/richard/project/SAT_benchmark/SATLIB/CBS_k3_n100_m449_b30/CBS_k3_n100_m449_b30_947.cnf,SAT,156937.33,156921.30,16.03,1336,640
/home/richard/project/SAT_benchmark/SATLIB/CBS_k3_n100_m449_b30/CBS_k3_n100_m449_b30_457.cnf,SAT,66343.69,66329.85,13.84,566,493
/home/richard/project/SAT_benchmark/SATLIB/CBS_k3_n100_m449_b30/CBS_k3_n100_m449_b30_690.cnf,SAT,23776.25,23767.21,9.03,208,178
/home/richard/project/SAT_benchmark/SATLIB/CBS_k3_n100_m449_b30/CBS_k3_n100_m449_b30_490.cnf,SAT,16848.63,16834.42,14.21,144,112
/home/richard/project/SAT_benchmark/SATLIB/CBS_k3_n100_m449_b30/CBS_k3_n100_m449_b30_937.cnf,SAT,17996.56,17986.07,10.49,154,96
/home/richard/project/SAT_benchmark/SATLIB/CBS_k3_n100_m449_b30/CBS_k3_n100_m449_b30_359.cnf,SAT,37839.68,37826.73,12.95,320,265
/home/richard/project/SAT_benchmark/SATLIB/CBS_k3_n100_m449_b30/CBS_k3_n100_m449_b30_900.cnf,SAT,10896.34,10885.07,11.27,91,55
/home/richard/project/SAT_benchmark/SATLIB/CBS_k3_n100_m449_b30/CBS_k3_n100_m449_b30_434.cnf,SAT,93941.95,93927.84,14.11,808,665
/home/richard/project/SAT_benchmark/SATLIB/CBS_k3_n100_m449_b30/CBS_k3_n100_m449_b30_399.cnf,SAT,3869.83,3859.42,10.41,32,15
/home/richard/project/SAT_benchmark/SATLIB/CBS_k3_n100_m449_b30/CBS_k3_n100_m449_b30_32.cnf,SAT,36634.21,36621.40,12.81,312,269
/home/richard/project/SAT_benchmark/SATLIB/CBS_k3_n100_m449_b30/CBS_k3_n100_m449_b30_876.cnf,SAT,35533.16,35520.68,12.48,307,229
/home/richard/project/SAT_benchmark/SATLIB/CBS_k3_n100_m449_b30/CBS_k3_n100_m449_b30_863.cnf,SAT,73430.33,73414.35,15.98,622,538
/home/richard/project/SAT_benchmark/SATLIB/CBS_k3_n100_m449_b30/CBS_k3_n100_m449_b30_208.cnf,SAT,8460.03,8444.94,15.09,73,37
/home/richard/project/SAT_benchmark/SATLIB/CBS_k3_n100_m449_b30/CBS_k3_n100_m449_b30_98.cnf,SAT,4999.38,4988.35,11.03,41,29
/home/richard/project/SAT_benchmark/SATLIB/CBS_k3_n100_m449_b30/CBS_k3_n100_m449_b30_191.cnf,SAT,12049.34,12037.84,11.50,105,85
/home/richard/project/SAT_benchmark/SATLIB/CBS_k3_n100_m449_b30/CBS_k3_n100_m449_b30_647.cnf,SAT,35583.71,35571.28,12.43,302,208
/home/richard/project/SAT_benchmark/SATLIB/CBS_k3_n100_m449_b30/CBS_k3_n100_m449_b30_181.cnf,SAT,15506.39,15490.92,15.48,137,90
/home/richard/project/SAT_benchmark/SATLIB/CBS_k3_n100_m449_b30/CBS_k3_n100_m449_b30_881.cnf,SAT,22650.90,22639.68,11.22,198,162
/home/richard/project/SAT_benchmark/SATLIB/CBS_k3_n100_m449_b30/CBS_k3_n100_m449_b30_351.cnf,SAT,43904.22,43893.01,11.21,372,313
/home/richard/project/SAT_benchmark/SATLIB/CBS_k3_n100_m449_b30/CBS_k3_n100_m449_b30_533.cnf,SAT,135304.96,135289.59,15.36,1150,760
/home/richard/project/SAT_benchmark/SATLIB/CBS_k3_n100_m449_b30/CBS_k3_n100_m449_b30_626.cnf,SAT,23722.04,23705.27,16.77,202,164
/home/richard/project/SAT_benchmark/SATLIB/CBS_k3_n100_m449_b30/CBS_k3_n100_m449_b30_66.cnf,SAT,36892.91,36881.42,11.49,311,261
/home/richard/project/SAT_benchmark/SATLIB/CBS_k3_n100_m449_b30/CBS_k3_n100_m449_b30_898.cnf,SAT,78101.43,78089.01,12.42,662,555
/home/richard/project/SAT_benchmark/SATLIB/CBS_k3_n100_m449_b30/CBS_k3_n100_m449_b30_564.cnf,SAT,7299.90,7286.41,13.49,63,37
/home/richard/project/SAT_benchmark/SATLIB/CBS_k3_n100_m449_b30/CBS_k3_n100_m449_b30_713.cnf,SAT,13252.46,13240.95,11.51,118,95
/home/richard/project/SAT_benchmark/SATLIB/CBS_k3_n100_m449_b30/CBS_k3_n100_m449_b30_271.cnf,SAT,10989.60,10976.69,12.91,92,64
/home/richard/project/SAT_benchmark/SATLIB/CBS_k3_n100_m449_b30/CBS_k3_n100_m449_b30_645.cnf,SAT,13262.33,13250.49,11.84,112,82
/home/richard/project/SAT_benchmark/SATLIB/CBS_k3_n100_m449_b30/CBS_k3_n100_m449_b30_151.cnf,SAT,4940.61,4928.51,12.10,46,20
/home/richard/project/SAT_benchmark/SATLIB/CBS_k3_n100_m449_b30/CBS_k3_n100_m449_b30_36.cnf,SAT,30905.41,30894.51,10.90,263,213
/home/richard/project/SAT_benchmark/SATLIB/CBS_k3_n100_m449_b30/CBS_k3_n100_m449_b30_891.cnf,SAT,50811.53,50794.48,17.05,438,359
/home/richard/project/SAT_benchmark/SATLIB/CBS_k3_n100_m449_b30/CBS_k3_n100_m449_b30_167.cnf,SAT,12259.66,12248.28,11.39,107,87
/home/richard/project/SAT_benchmark/SATLIB/CBS_k3_n100_m449_b30/CBS_k3_n100_m449_b30_296.cnf,SAT,47489.55,47475.48,14.07,402,342
/home/richard/project/SAT_benchmark/SATLIB/CBS_k3_n100_m449_b30/CBS_k3_n100_m449_b30_173.cnf,SAT,105889.42,105873.63,15.79,907,639
/home/richard/project/SAT_benchmark/SATLIB/CBS_k3_n100_m449_b30/CBS_k3_n100_m449_b30_821.cnf,SAT,36701.20,36687.13,14.07,312,174
/home/richard/project/SAT_benchmark/SATLIB/CBS_k3_n100_m449_b30/CBS_k3_n100_m449_b30_606.cnf,SAT,52016.94,52002.84,14.10,442,360
/home/richard/project/SAT_benchmark/SATLIB/CBS_k3_n100_m449_b30/CBS_k3_n100_m449_b30_323.cnf,SAT,13314.29,13302.15,12.14,110,77
/home/richard/project/SAT_benchmark/SATLIB/CBS_k3_n100_m449_b30/CBS_k3_n100_m449_b30_518.cnf,SAT,57984.73,57970.01,14.72,498,326
/home/richard/project/SAT_benchmark/SATLIB/CBS_k3_n100_m449_b30/CBS_k3_n100_m449_b30_685.cnf,SAT,34372.97,34361.04,11.93,299,243
/home/richard/project/SAT_benchmark/SATLIB/CBS_k3_n100_m449_b30/CBS_k3_n100_m449_b30_187.cnf,SAT,44048.16,44036.64,11.52,376,309
/home/richard/project/SAT_benchmark/SATLIB/CBS_k3_n100_m449_b30/CBS_k3_n100_m449_b30_609.cnf,SAT,13384.54,13372.17,12.37,111,76
/home/richard/project/SAT_benchmark/SATLIB/CBS_k3_n100_m449_b30/CBS_k3_n100_m449_b30_64.cnf,SAT,41438.05,41425.60,12.45,353,280
/home/richard/project/SAT_benchmark/SATLIB/CBS_k3_n100_m449_b30/CBS_k3_n100_m449_b30_174.cnf,SAT,27472.43,27459.80,12.63,234,188
/home/richard/project/SAT_benchmark/SATLIB/CBS_k3_n100_m449_b30/CBS_k3_n100_m449_b30_599.cnf,SAT,130126.86,130110.48,16.38,1104,754
/home/richard/project/SAT_benchmark/SATLIB/CBS_k3_n100_m449_b30/CBS_k3_n100_m449_b30_928.cnf,SAT,75514.31,75500.40,13.91,640,516
/home/richard/project/SAT_benchmark/SATLIB/CBS_k3_n100_m449_b30/CBS_k3_n100_m449_b30_829.cnf,SAT,43914.78,43902.79,11.98,374,302
/home/richard/project/SAT_benchmark/SATLIB/CBS_k3_n100_m449_b30/CBS_k3_n100_m449_b30_843.cnf,SAT,30243.06,30231.38,11.68,252,215
/home/richard/project/SAT_benchmark/SATLIB/CBS_k3_n100_m449_b30/CBS_k3_n100_m449_b30_579.cnf,SAT,49766.92,49754.75,12.17,415,335
/home/richard/project/SAT_benchmark/SATLIB/CBS_k3_n100_m449_b30/CBS_k3_n100_m449_b30_30.cnf,SAT,19190.61,19175.89,14.72,167,134
/home/richard/project/SAT_benchmark/SATLIB/CBS_k3_n100_m449_b30/CBS_k3_n100_m449_b30_976.cnf,SAT,26524.44,26511.68,12.76,226,179
/home/richard/project/SAT_benchmark/SATLIB/CBS_k3_n100_m449_b30/CBS_k3_n100_m449_b30_639.cnf,SAT,5061.24,5050.56,10.68,40,13
/home/richard/project/SAT_benchmark/SATLIB/CBS_k3_n100_m449_b30/CBS_k3_n100_m449_b30_980.cnf,SAT,31820.81,31807.87,12.94,261,215
/home/richard/project/SAT_benchmark/SATLIB/CBS_k3_n100_m449_b30/CBS_k3_n100_m449_b30_461.cnf,SAT,13957.26,13945.65,11.60,116,76
/home/richard/project/SAT_benchmark/SATLIB/CBS_k3_n100_m449_b30/CBS_k3_n100_m449_b30_455.cnf,SAT,62105.36,62090.35,15.01,528,457
/home/richard/project/SAT_benchmark/SATLIB/CBS_k3_n100_m449_b30/CBS_k3_n100_m449_b30_37.cnf,SAT,10961.47,10951.09,10.37,93,63
/home/richard/project/SAT_benchmark/SATLIB/CBS_k3_n100_m449_b30/CBS_k3_n100_m449_b30_860.cnf,SAT,3746.51,3734.09,12.42,32,7
/home/richard/project/SAT_benchmark/SATLIB/CBS_k3_n100_m449_b30/CBS_k3_n100_m449_b30_960.cnf,SAT,30790.25,30778.18,12.06,260,201
/home/richard/project/SAT_benchmark/SATLIB/CBS_k3_n100_m449_b30/CBS_k3_n100_m449_b30_29.cnf,SAT,11.15,0.00,11.15,0,0
/home/richard/project/SAT_benchmark/SATLIB/CBS_k3_n100_m449_b30/CBS_k3_n100_m449_b30_588.cnf,SAT,36691.72,36678.88,12.84,314,277
/home/richard/project/SAT_benchmark/SATLIB/CBS_k3_n100_m449_b30/CBS_k3_n100_m449_b30_531.cnf,SAT,42869.78,42853.99,15.79,361,302
/home/richard/project/SAT_benchmark/SATLIB/CBS_k3_n100_m449_b30/CBS_k3_n100_m449_b30_93.cnf,SAT,43541.83,43529.79,12.04,363,312
/home/richard/project/SAT_benchmark/SATLIB/CBS_k3_n100_m449_b30/CBS_k3_n100_m449_b30_229.cnf,SAT,27410.87,27397.91,12.96,234,186
/home/richard/project/SAT_benchmark/SATLIB/CBS_k3_n100_m449_b30/CBS_k3_n100_m449_b30_665.cnf,SAT,37913.27,37901.30,11.96,323,269
/home/richard/project/SAT_benchmark/SATLIB/CBS_k3_n100_m449_b30/CBS_k3_n100_m449_b30_975.cnf,SAT,16717.87,16704.06,13.80,149,110
/home/richard/project/SAT_benchmark/SATLIB/CBS_k3_n100_m449_b30/CBS_k3_n100_m449_b30_117.cnf,SAT,35533.43,35519.43,13.99,308,250
/home/richard/project/SAT_benchmark/SATLIB/CBS_k3_n100_m449_b30/CBS_k3_n100_m449_b30_883.cnf,SAT,10932.08,10921.63,10.44,99,71
/home/richard/project/SAT_benchmark/SATLIB/CBS_k3_n100_m449_b30/CBS_k3_n100_m449_b30_625.cnf,SAT,39206.10,39194.35,11.75,338,286
/home/richard/project/SAT_benchmark/SATLIB/CBS_k3_n100_m449_b30/CBS_k3_n100_m449_b30_288.cnf,SAT,36766.88,36755.54,11.34,314,251
/home/richard/project/SAT_benchmark/SATLIB/CBS_k3_n100_m449_b30/CBS_k3_n100_m449_b30_823.cnf,SAT,8613.39,8601.76,11.62,73,55
/home/richard/project/SAT_benchmark/SATLIB/CBS_k3_n100_m449_b30/CBS_k3_n100_m449_b30_379.cnf,SAT,43662.52,43646.62,15.90,374,319
/home/richard/project/SAT_benchmark/SATLIB/CBS_k3_n100_m449_b30/CBS_k3_n100_m449_b30_637.cnf,SAT,24004.77,23990.84,13.93,203,164
/home/richard/project/SAT_benchmark/SATLIB/CBS_k3_n100_m449_b30/CBS_k3_n100_m449_b30_822.cnf,SAT,45024.14,45008.64,15.51,386,304
/home/richard/project/SAT_benchmark/SATLIB/CBS_k3_n100_m449_b30/CBS_k3_n100_m449_b30_84.cnf,SAT,97174.26,97159.04,15.22,823,604
/home/richard/project/SAT_benchmark/SATLIB/CBS_k3_n100_m449_b30/CBS_k3_n100_m449_b30_907.cnf,SAT,76537.91,76524.32,13.60,658,533
/home/richard/project/SAT_benchmark/SATLIB/CBS_k3_n100_m449_b30/CBS_k3_n100_m449_b30_10.cnf,SAT,17791.75,17779.16,12.59,153,118
/home/richard/project/SAT_benchmark/SATLIB/CBS_k3_n100_m449_b30/CBS_k3_n100_m449_b30_128.cnf,SAT,45098.11,45084.16,13.96,386,329
/home/richard/project/SAT_benchmark/SATLIB/CBS_k3_n100_m449_b30/CBS_k3_n100_m449_b30_247.cnf,SAT,10974.01,10960.57,13.44,92,53
/home/richard/project/SAT_benchmark/SATLIB/CBS_k3_n100_m449_b30/CBS_k3_n100_m449_b30_470.cnf,SAT,99097.13,99083.08,14.05,844,579
/home/richard/project/SAT_benchmark/SATLIB/CBS_k3_n100_m449_b30/CBS_k3_n100_m449_b30_243.cnf,SAT,10859.30,10845.31,14.00,99,74
/home/richard/project/SAT_benchmark/SATLIB/CBS_k3_n100_m449_b30/CBS_k3_n100_m449_b30_925.cnf,SAT,12116.34,12103.66,12.68,103,91
/home/richard/project/SAT_benchmark/SATLIB/CBS_k3_n100_m449_b30/CBS_k3_n100_m449_b30_786.cnf,SAT,44950.44,44937.82,12.61,380,277
/home/richard/project/SAT_benchmark/SATLIB/CBS_k3_n100_m449_b30/CBS_k3_n100_m449_b30_576.cnf,SAT,39218.64,39206.79,11.85,334,285
/home/richard/project/SAT_benchmark/SATLIB/CBS_k3_n100_m449_b30/CBS_k3_n100_m449_b30_950.cnf,SAT,8986.95,8975.26,11.69,73,46
/home/richard/project/SAT_benchmark/SATLIB/CBS_k3_n100_m449_b30/CBS_k3_n100_m449_b30_384.cnf,SAT,85801.24,85785.10,16.14,732,639
/home/richard/project/SAT_benchmark/SATLIB/CBS_k3_n100_m449_b30/CBS_k3_n100_m449_b30_505.cnf,SAT,27321.83,27306.04,15.79,230,201
/home/richard/project/SAT_benchmark/SATLIB/CBS_k3_n100_m449_b30/CBS_k3_n100_m449_b30_263.cnf,SAT,33089.95,33079.08,10.87,285,235
/home/richard/project/SAT_benchmark/SATLIB/CBS_k3_n100_m449_b30/CBS_k3_n100_m449_b30_249.cnf,SAT,49547.30,49535.27,12.03,427,364
/home/richard/project/SAT_benchmark/SATLIB/CBS_k3_n100_m449_b30/CBS_k3_n100_m449_b30_155.cnf,SAT,17992.45,17980.63,11.82,152,110
/home/richard/project/SAT_benchmark/SATLIB/CBS_k3_n100_m449_b30/CBS_k3_n100_m449_b30_717.cnf,SAT,0.08,0.00,0.08,0,0
/home/richard/project/SAT_benchmark/SATLIB/CBS_k3_n100_m449_b30/CBS_k3_n100_m449_b30_295.cnf,SAT,19437.59,19424.87,12.71,160,116
/home/richard/project/SAT_benchmark/SATLIB/CBS_k3_n100_m449_b30/CBS_k3_n100_m449_b30_669.cnf,SAT,14495.57,14482.63,12.94,121,94
/home/richard/project/SAT_benchmark/SATLIB/CBS_k3_n100_m449_b30/CBS_k3_n100_m449_b30_493.cnf,SAT,15887.06,15875.62,11.44,138,111
/home/richard/project/SAT_benchmark/SATLIB/CBS_k3_n100_m449_b30/CBS_k3_n100_m449_b30_974.cnf,SAT,12638.51,12628.03,10.48,108,74
/home/richard/project/SAT_benchmark/SATLIB/CBS_k3_n100_m449_b30/CBS_k3_n100_m449_b30_212.cnf,SAT,22889.91,22875.39,14.52,197,170
/home/richard/project/SAT_benchmark/SATLIB/CBS_k3_n100_m449_b30/CBS_k3_n100_m449_b30_15.cnf,SAT,52620.79,52609.88,10.90,442,304
/home/richard/project/SAT_benchmark/SATLIB/CBS_k3_n100_m449_b30/CBS_k3_n100_m449_b30_737.cnf,SAT,30893.84,30881.44,12.40,261,197
/home/richard/project/SAT_benchmark/SATLIB/CBS_k3_n100_m449_b30/CBS_k3_n100_m449_b30_27.cnf,SAT,6203.35,6192.94,10.40,50,32
/home/richard/project/SAT_benchmark/SATLIB/CBS_k3_n100_m449_b30/CBS_k3_n100_m449_b30_650.cnf,SAT,0.20,0.00,0.20,0,0
/home/richard/project/SAT_benchmark/SATLIB/CBS_k3_n100_m449_b30/CBS_k3_n100_m449_b30_757.cnf,SAT,28594.81,28583.17,11.64,241,188
/home/richard/project/SAT_benchmark/SATLIB/CBS_k3_n100_m449_b30/CBS_k3_n100_m449_b30_398.cnf,SAT,33305.96,33289.90,16.05,283,225
/home/richard/project/SAT_benchmark/SATLIB/CBS_k3_n100_m449_b30/CBS_k3_n100_m449_b30_607.cnf,SAT,27050.21,27035.92,14.29,237,191
/home/richard/project/SAT_benchmark/SATLIB/CBS_k3_n100_m449_b30/CBS_k3_n100_m449_b30_567.cnf,SAT,4948.79,4937.76,11.03,44,21
/home/richard/project/SAT_benchmark/SATLIB/CBS_k3_n100_m449_b30/CBS_k3_n100_m449_b30_724.cnf,SAT,19879.50,19866.57,12.93,174,128
/home/richard/project/SAT_benchmark/SATLIB/CBS_k3_n100_m449_b30/CBS_k3_n100_m449_b30_19.cnf,SAT,54313.97,54301.95,12.02,490,343
/home/richard/project/SAT_benchmark/SATLIB/CBS_k3_n100_m449_b30/CBS_k3_n100_m449_b30_118.cnf,SAT,81734.11,81719.31,14.80,744,567
/home/richard/project/SAT_benchmark/SATLIB/CBS_k3_n100_m449_b30/CBS_k3_n100_m449_b30_623.cnf,SAT,2409.66,2396.51,13.15,28,8
/home/richard/project/SAT_benchmark/SATLIB/CBS_k3_n100_m449_b30/CBS_k3_n100_m449_b30_526.cnf,SAT,38362.53,38347.59,14.93,340,273
/home/richard/project/SAT_benchmark/SATLIB/CBS_k3_n100_m449_b30/CBS_k3_n100_m449_b30_426.cnf,SAT,6822.08,6808.19,13.88,63,35
/home/richard/project/SAT_benchmark/SATLIB/CBS_k3_n100_m449_b30/CBS_k3_n100_m449_b30_603.cnf,SAT,56613.08,56597.04,16.04,512,462
/home/richard/project/SAT_benchmark/SATLIB/CBS_k3_n100_m449_b30/CBS_k3_n100_m449_b30_95.cnf,SAT,66343.15,66328.48,14.67,601,520
/home/richard/project/SAT_benchmark/SATLIB/CBS_k3_n100_m449_b30/CBS_k3_n100_m449_b30_278.cnf,SAT,9022.89,9010.36,12.53,82,56
/home/richard/project/SAT_benchmark/SATLIB/CBS_k3_n100_m449_b30/CBS_k3_n100_m449_b30_105.cnf,SAT,71542.47,71529.04,13.43,654,512
/home/richard/project/SAT_benchmark/SATLIB/CBS_k3_n100_m449_b30/CBS_k3_n100_m449_b30_982.cnf,SAT,35461.14,35449.90,11.24,328,273
/home/richard/project/SAT_benchmark/SATLIB/CBS_k3_n100_m449_b30/CBS_k3_n100_m449_b30_694.cnf,SAT,18993.89,18978.35,15.54,173,149
/home/richard/project/SAT_benchmark/SATLIB/CBS_k3_n100_m449_b30/CBS_k3_n100_m449_b30_961.cnf,SAT,4639.60,4628.06,11.55,40,13
/home/richard/project/SAT_benchmark/SATLIB/CBS_k3_n100_m449_b30/CBS_k3_n100_m449_b30_400.cnf,SAT,26725.92,26713.23,12.69,243,196
/home/richard/project/SAT_benchmark/SATLIB/CBS_k3_n100_m449_b30/CBS_k3_n100_m449_b30_395.cnf,SAT,66531.54,66514.77,16.77,607,490
/home/richard/project/SAT_benchmark/SATLIB/CBS_k3_n100_m449_b30/CBS_k3_n100_m449_b30_736.cnf,SAT,21208.54,21196.82,11.73,193,157
/home/richard/project/SAT_benchmark/SATLIB/CBS_k3_n100_m449_b30/CBS_k3_n100_m449_b30_706.cnf,SAT,12368.79,12357.05,11.74,110,78
/home/richard/project/SAT_benchmark/SATLIB/CBS_k3_n100_m449_b30/CBS_k3_n100_m449_b30_871.cnf,SAT,89502.36,89488.03,14.33,813,596
/home/richard/project/SAT_benchmark/SATLIB/CBS_k3_n100_m449_b30/CBS_k3_n100_m449_b30_740.cnf,SAT,6860.94,6848.65,12.29,64,39
/home/richard/project/SAT_benchmark/SATLIB/CBS_k3_n100_m449_b30/CBS_k3_n100_m449_b30_186.cnf,SAT,51014.98,50998.74,16.23,468,396
/home/richard/project/SAT_benchmark/SATLIB/CBS_k3_n100_m449_b30/CBS_k3_n100_m449_b30_572.cnf,SAT,60680.34,60662.44,17.90,558,469
/home/richard/project/SAT_benchmark/SATLIB/CBS_k3_n100_m449_b30/CBS_k3_n100_m449_b30_252.cnf,SAT,5706.01,5691.25,14.76,53,39
/home/richard/project/SAT_benchmark/SATLIB/CBS_k3_n100_m449_b30/CBS_k3_n100_m449_b30_954.cnf,SAT,22761.92,22751.21,10.71,204,167
/home/richard/project/SAT_benchmark/SATLIB/CBS_k3_n100_m449_b30/CBS_k3_n100_m449_b30_754.cnf,SAT,58618.02,58604.75,13.28,531,454
/home/richard/project/SAT_benchmark/SATLIB/CBS_k3_n100_m449_b30/CBS_k3_n100_m449_b30_696.cnf,SAT,0.07,0.00,0.07,0,0
/home/richard/project/SAT_benchmark/SATLIB/CBS_k3_n100_m449_b30/CBS_k3_n100_m449_b30_584.cnf,SAT,21225.96,21215.86,10.10,195,153
/home/richard/project/SAT_benchmark/SATLIB/CBS_k3_n100_m449_b30/CBS_k3_n100_m449_b30_225.cnf,SAT,17910.39,17896.75,13.64,160,127
/home/richard/project/SAT_benchmark/SATLIB/CBS_k3_n100_m449_b30/CBS_k3_n100_m449_b30_354.cnf,SAT,26691.67,26681.20,10.48,245,195
/home/richard/project/SAT_benchmark/SATLIB/CBS_k3_n100_m449_b30/CBS_k3_n100_m449_b30_970.cnf,SAT,31103.99,31090.46,13.53,287,232
/home/richard/project/SAT_benchmark/SATLIB/CBS_k3_n100_m449_b30/CBS_k3_n100_m449_b30_60.cnf,SAT,14511.51,14498.78,12.73,134,97
/home/richard/project/SAT_benchmark/SATLIB/CBS_k3_n100_m449_b30/CBS_k3_n100_m449_b30_869.cnf,SAT,20115.19,20099.54,15.65,182,136
/home/richard/project/SAT_benchmark/SATLIB/CBS_k3_n100_m449_b30/CBS_k3_n100_m449_b30_539.cnf,SAT,48847.05,48831.80,15.25,448,359
/home/richard/project/SAT_benchmark/SATLIB/CBS_k3_n100_m449_b30/CBS_k3_n100_m449_b30_952.cnf,SAT,24480.21,24467.70,12.52,222,183
/home/richard/project/SAT_benchmark/SATLIB/CBS_k3_n100_m449_b30/CBS_k3_n100_m449_b30_929.cnf,SAT,45486.67,45473.81,12.86,414,361
/home/richard/project/SAT_benchmark/SATLIB/CBS_k3_n100_m449_b30/CBS_k3_n100_m449_b30_824.cnf,SAT,5712.33,5701.81,10.51,58,39
/home/richard/project/SAT_benchmark/SATLIB/CBS_k3_n100_m449_b30/CBS_k3_n100_m449_b30_50.cnf,SAT,19030.65,19018.19,12.45,174,142
/home/richard/project/SAT_benchmark/SATLIB/CBS_k3_n100_m449_b30/CBS_k3_n100_m449_b30_175.cnf,SAT,23464.54,23449.51,15.03,211,139
/home/richard/project/SAT_benchmark/SATLIB/CBS_k3_n100_m449_b30/CBS_k3_n100_m449_b30_321.cnf,SAT,50929.94,50914.08,15.87,466,394
/home/richard/project/SAT_benchmark/SATLIB/CBS_k3_n100_m449_b30/CBS_k3_n100_m449_b30_111.cnf,SAT,11272.59,11257.61,14.98,106,63
/home/richard/project/SAT_benchmark/SATLIB/CBS_k3_n100_m449_b30/CBS_k3_n100_m449_b30_617.cnf,SAT,63559.03,63545.87,13.16,576,491
/home/richard/project/SAT_benchmark/SATLIB/CBS_k3_n100_m449_b30/CBS_k3_n100_m449_b30_933.cnf,SAT,55315.65,55298.91,16.74,507,384
/home/richard/project/SAT_benchmark/SATLIB/CBS_k3_n100_m449_b30/CBS_k3_n100_m449_b30_11.cnf,SAT,12320.85,12305.78,15.08,114,75
/home/richard/project/SAT_benchmark/SATLIB/CBS_k3_n100_m449_b30/CBS_k3_n100_m449_b30_877.cnf,SAT,45412.72,45397.90,14.82,417,351
/home/richard/project/SAT_benchmark/SATLIB/CBS_k3_n100_m449_b30/CBS_k3_n100_m449_b30_749.cnf,SAT,47603.99,47590.89,13.10,434,361
/home/richard/project/SAT_benchmark/SATLIB/CBS_k3_n100_m449_b30/CBS_k3_n100_m449_b30_315.cnf,SAT,12377.01,12366.25,10.76,116,79
/home/richard/project/SAT_benchmark/SATLIB/CBS_k3_n100_m449_b30/CBS_k3_n100_m449_b30_560.cnf,SAT,74221.45,74206.16,15.29,678,587
/home/richard/project/SAT_benchmark/SATLIB/CBS_k3_n100_m449_b30/CBS_k3_n100_m449_b30_941.cnf,SAT,17949.19,17938.52,10.68,162,119
/home/richard/project/SAT_benchmark/SATLIB/CBS_k3_n100_m449_b30/CBS_k3_n100_m449_b30_981.cnf,SAT,9057.32,9044.62,12.70,80,38
/home/richard/project/SAT_benchmark/SATLIB/CBS_k3_n100_m449_b30/CBS_k3_n100_m449_b30_949.cnf,SAT,97272.48,97257.78,14.70,886,610
/home/richard/project/SAT_benchmark/SATLIB/CBS_k3_n100_m449_b30/CBS_k3_n100_m449_b30_471.cnf,SAT,46545.85,46535.17,10.68,426,348
/home/richard/project/SAT_benchmark/SATLIB/CBS_k3_n100_m449_b30/CBS_k3_n100_m449_b30_918.cnf,SAT,69474.36,69459.29,15.07,635,552
/home/richard/project/SAT_benchmark/SATLIB/CBS_k3_n100_m449_b30/CBS_k3_n100_m449_b30_166.cnf,SAT,53065.95,53051.32,14.63,484,372
/home/richard/project/SAT_benchmark/SATLIB/CBS_k3_n100_m449_b30/CBS_k3_n100_m449_b30_332.cnf,SAT,5702.63,5689.24,13.39,52,42
/home/richard/project/SAT_benchmark/SATLIB/CBS_k3_n100_m449_b30/CBS_k3_n100_m449_b30_720.cnf,SAT,24548.91,24533.08,15.83,223,177
/home/richard/project/SAT_benchmark/SATLIB/CBS_k3_n100_m449_b30/CBS_k3_n100_m449_b30_122.cnf,SAT,11279.14,11263.54,15.60,106,79
/home/richard/project/SAT_benchmark/SATLIB/CBS_k3_n100_m449_b30/CBS_k3_n100_m449_b30_274.cnf,SAT,18940.16,18928.82,11.33,177,141
/home/richard/project/SAT_benchmark/SATLIB/CBS_k3_n100_m449_b30/CBS_k3_n100_m449_b30_958.cnf,SAT,37612.25,37598.64,13.61,345,272
/home/richard/project/SAT_benchmark/SATLIB/CBS_k3_n100_m449_b30/CBS_k3_n100_m449_b30_253.cnf,SAT,110252.54,110235.74,16.79,1000,845
/home/richard/project/SAT_benchmark/SATLIB/CBS_k3_n100_m449_b30/CBS_k3_n100_m449_b30_291.cnf,SAT,52008.31,51994.27,14.03,472,407
/home/richard/project/SAT_benchmark/SATLIB/CBS_k3_n100_m449_b30/CBS_k3_n100_m449_b30_879.cnf,SAT,5746.25,5733.56,12.69,52,24
/home/richard/project/SAT_benchmark/SATLIB/CBS_k3_n100_m449_b30/CBS_k3_n100_m449_b30_387.cnf,SAT,21229.04,21213.86,15.19,193,162
/home/richard/project/SAT_benchmark/SATLIB/CBS_k3_n100_m449_b30/CBS_k3_n100_m449_b30_419.cnf,SAT,49855.18,49839.30,15.88,450,371
/home/richard/project/SAT_benchmark/SATLIB/CBS_k3_n100_m449_b30/CBS_k3_n100_m449_b30_523.cnf,SAT,22304.45,22289.56,14.89,206,168
/home/richard/project/SAT_benchmark/SATLIB/CBS_k3_n100_m449_b30/CBS_k3_n100_m449_b30_989.cnf,SAT,21241.33,21229.13,12.20,193,149
/home/richard/project/SAT_benchmark/SATLIB/CBS_k3_n100_m449_b30/CBS_k3_n100_m449_b30_479.cnf,SAT,10118.87,10104.79,14.08,90,69
/home/richard/project/SAT_benchmark/SATLIB/CBS_k3_n100_m449_b30/CBS_k3_n100_m449_b30_671.cnf,SAT,21150.69,21138.74,11.95,196,145
/home/richard/project/SAT_benchmark/SATLIB/CBS_k3_n100_m449_b30/CBS_k3_n100_m449_b30_268.cnf,SAT,28847.48,28836.03,11.45,263,213
/home/richard/project/SAT_benchmark/SATLIB/CBS_k3_n100_m449_b30/CBS_k3_n100_m449_b30_61.cnf,SAT,53129.70,53116.31,13.39,483,399
/home/richard/project/SAT_benchmark/SATLIB/CBS_k3_n100_m449_b30/CBS_k3_n100_m449_b30_758.cnf,SAT,27718.65,27707.87,10.78,250,205
/home/richard/project/SAT_benchmark/SATLIB/CBS_k3_n100_m449_b30/CBS_k3_n100_m449_b30_35.cnf,SAT,59866.92,59854.16,12.75,543,376
/home/richard/project/SAT_benchmark/SATLIB/CBS_k3_n100_m449_b30/CBS_k3_n100_m449_b30_201.cnf,SAT,69842.93,69828.73,14.20,636,534
/home/richard/project/SAT_benchmark/SATLIB/CBS_k3_n100_m449_b30/CBS_k3_n100_m449_b30_612.cnf,SAT,17921.42,17909.92,11.50,164,124
/home/richard/project/SAT_benchmark/SATLIB/CBS_k3_n100_m449_b30/CBS_k3_n100_m449_b30_921.cnf,SAT,11827.87,11818.23,9.64,106,79
/home/richard/project/SAT_benchmark/SATLIB/CBS_k3_n100_m449_b30/CBS_k3_n100_m449_b30_287.cnf,SAT,27851.97,27837.96,14.01,254,184
/home/richard/project/SAT_benchmark/SATLIB/CBS_k3_n100_m449_b30/CBS_k3_n100_m449_b30_935.cnf,SAT,33411.80,33397.82,13.98,303,202
/home/richard/project/SAT_benchmark/SATLIB/CBS_k3_n100_m449_b30/CBS_k3_n100_m449_b30_874.cnf,SAT,43326.55,43313.81,12.74,396,303
/home/richard/project/SAT_benchmark/SATLIB/CBS_k3_n100_m449_b30/CBS_k3_n100_m449_b30_371.cnf,SAT,28919.73,28909.68,10.06,264,207
/home/richard/project/SAT_benchmark/SATLIB/CBS_k3_n100_m449_b30/CBS_k3_n100_m449_b30_82.cnf,SAT,13508.80,13497.44,11.36,129,112
/home/richard/project/SAT_benchmark/SATLIB/CBS_k3_n100_m449_b30/CBS_k3_n100_m449_b30_408.cnf,SAT,34401.83,34388.84,12.99,319,250
/home/richard/project/SAT_benchmark/SATLIB/CBS_k3_n100_m449_b30/CBS_k3_n100_m449_b30_429.cnf,SAT,38620.43,38604.83,15.60,358,312
/home/richard/project/SAT_benchmark/SATLIB/CBS_k3_n100_m449_b30/CBS_k3_n100_m449_b30_764.cnf,SAT,17855.57,17842.16,13.40,164,119
/home/richard/project/SAT_benchmark/SATLIB/CBS_k3_n100_m449_b30/CBS_k3_n100_m449_b30_985.cnf,SAT,44329.10,44312.87,16.22,402,296
/home/richard/project/SAT_benchmark/SATLIB/CBS_k3_n100_m449_b30/CBS_k3_n100_m449_b30_895.cnf,SAT,48430.55,48417.39,13.16,445,367
/home/richard/project/SAT_benchmark/SATLIB/CBS_k3_n100_m449_b30/CBS_k3_n100_m449_b30_483.cnf,SAT,52930.77,52918.01,12.76,483,399
/home/richard/project/SAT_benchmark/SATLIB/CBS_k3_n100_m449_b30/CBS_k3_n100_m449_b30_404.cnf,SAT,60386.76,60373.43,13.33,556,475
/home/richard/project/SAT_benchmark/SATLIB/CBS_k3_n100_m449_b30/CBS_k3_n100_m449_b30_760.cnf,SAT,60477.52,60459.53,18.00,550,483
/home/richard/project/SAT_benchmark/SATLIB/CBS_k3_n100_m449_b30/CBS_k3_n100_m449_b30_680.cnf,SAT,33169.62,33153.73,15.90,302,247
/home/richard/project/SAT_benchmark/SATLIB/CBS_k3_n100_m449_b30/CBS_k3_n100_m449_b30_240.cnf,SAT,23186.13,23173.32,12.81,219,189
/home/richard/project/SAT_benchmark/SATLIB/CBS_k3_n100_m449_b30/CBS_k3_n100_m449_b30_996.cnf,SAT,6775.61,6765.69,9.92,61,35
/home/richard/project/SAT_benchmark/SATLIB/CBS_k3_n100_m449_b30/CBS_k3_n100_m449_b30_264.cnf,SAT,39742.93,39725.86,17.07,369,319
/home/richard/project/SAT_benchmark/SATLIB/CBS_k3_n100_m449_b30/CBS_k3_n100_m449_b30_521.cnf,SAT,69313.44,69298.85,14.59,635,540
/home/richard/project/SAT_benchmark/SATLIB/CBS_k3_n100_m449_b30/CBS_k3_n100_m449_b30_859.cnf,SAT,57239.99,57224.13,15.85,521,455
/home/richard/project/SAT_benchmark/SATLIB/CBS_k3_n100_m449_b30/CBS_k3_n100_m449_b30_393.cnf,SAT,24448.58,24436.61,11.97,225,176
/home/richard/project/SAT_benchmark/SATLIB/CBS_k3_n100_m449_b30/CBS_k3_n100_m449_b30_90.cnf,SAT,23278.57,23267.97,10.60,212,175
/home/richard/project/SAT_benchmark/SATLIB/CBS_k3_n100_m449_b30/CBS_k3_n100_m449_b30_686.cnf,SAT,12348.97,12337.89,11.08,119,82
/home/richard/project/SAT_benchmark/SATLIB/CBS_k3_n100_m449_b30/CBS_k3_n100_m449_b30_246.cnf,SAT,5729.13,5714.91,14.23,51,21
/home/richard/project/SAT_benchmark/SATLIB/CBS_k3_n100_m449_b30/CBS_k3_n100_m449_b30_833.cnf,SAT,10669.29,10658.46,10.84,99,70
/home/richard/project/SAT_benchmark/SATLIB/CBS_k3_n100_m449_b30/CBS_k3_n100_m449_b30_495.cnf,SAT,52848.26,52836.09,12.17,485,410
/home/richard/project/SAT_benchmark/SATLIB/CBS_k3_n100_m449_b30/CBS_k3_n100_m449_b30_443.cnf,SAT,23302.54,23292.05,10.50,215,192
/home/richard/project/SAT_benchmark/SATLIB/CBS_k3_n100_m449_b30/CBS_k3_n100_m449_b30_480.cnf,SAT,25444.24,25430.10,14.14,239,207
/home/richard/project/SAT_benchmark/SATLIB/CBS_k3_n100_m449_b30/CBS_k3_n100_m449_b30_598.cnf,SAT,12266.18,12251.17,15.01,117,74
/home/richard/project/SAT_benchmark/SATLIB/CBS_k3_n100_m449_b30/CBS_k3_n100_m449_b30_792.cnf,SAT,33066.78,33053.50,13.28,304,253
/home/richard/project/SAT_benchmark/SATLIB/CBS_k3_n100_m449_b30/CBS_k3_n100_m449_b30_237.cnf,SAT,27607.50,27591.71,15.79,255,156
/home/richard/project/SAT_benchmark/SATLIB/CBS_k3_n100_m449_b30/CBS_k3_n100_m449_b30_638.cnf,SAT,29901.08,29888.47,12.62,278,221
/home/richard/project/SAT_benchmark/SATLIB/CBS_k3_n100_m449_b30/CBS_k3_n100_m449_b30_581.cnf,SAT,37694.45,37683.17,11.28,344,270
/home/richard/project/SAT_benchmark/SATLIB/CBS_k3_n100_m449_b30/CBS_k3_n100_m449_b30_708.cnf,SAT,63872.13,63855.77,16.36,581,429
/home/richard/project/SAT_benchmark/SATLIB/CBS_k3_n100_m449_b30/CBS_k3_n100_m449_b30_179.cnf,SAT,8951.08,8940.51,10.58,83,54
/home/richard/project/SAT_benchmark/SATLIB/CBS_k3_n100_m449_b30/CBS_k3_n100_m449_b30_575.cnf,SAT,67193.89,67178.11,15.78,611,515
/home/richard/project/SAT_benchmark/SATLIB/CBS_k3_n100_m449_b30/CBS_k3_n100_m449_b30_906.cnf,SAT,28842.80,28827.96,14.84,263,215
/home/richard/project/SAT_benchmark/SATLIB/CBS_k3_n100_m449_b30/CBS_k3_n100_m449_b30_280.cnf,SAT,8990.73,8978.92,11.81,86,51
/home/richard/project/SAT_benchmark/SATLIB/CBS_k3_n100_m449_b30/CBS_k3_n100_m449_b30_814.cnf,SAT,23586.85,23571.30,15.55,213,168
/home/richard/project/SAT_benchmark/SATLIB/CBS_k3_n100_m449_b30/CBS_k3_n100_m449_b30_605.cnf,SAT,0.08,0.00,0.08,0,0
/home/richard/project/SAT_benchmark/SATLIB/CBS_k3_n100_m449_b30/CBS_k3_n100_m449_b30_716.cnf,SAT,0.08,0.00,0.08,0,0
/home/richard/project/SAT_benchmark/SATLIB/CBS_k3_n100_m449_b30/CBS_k3_n100_m449_b30_967.cnf,SAT,29890.08,29878.86,11.22,275,202
/home/richard/project/SAT_benchmark/SATLIB/CBS_k3_n100_m449_b30/CBS_k3_n100_m449_b30_962.cnf,SAT,51523.64,51510.45,13.19,475,371
/home/richard/project/SAT_benchmark/SATLIB/CBS_k3_n100_m449_b30/CBS_k3_n100_m449_b30_132.cnf,SAT,5715.58,5703.04,12.54,55,38
/home/richard/project/SAT_benchmark/SATLIB/CBS_k3_n100_m449_b30/CBS_k3_n100_m449_b30_304.cnf,SAT,10416.13,10406.39,9.74,91,63
/home/richard/project/SAT_benchmark/SATLIB/CBS_k3_n100_m449_b30/CBS_k3_n100_m449_b30_285.cnf,SAT,59482.28,59468.99,13.30,540,487
/home/richard/project/SAT_benchmark/SATLIB/CBS_k3_n100_m449_b30/CBS_k3_n100_m449_b30_789.cnf,SAT,25537.38,25525.19,12.19,235,203
/home/richard/project/SAT_benchmark/SATLIB/CBS_k3_n100_m449_b30/CBS_k3_n100_m449_b30_652.cnf,SAT,7944.74,7933.42,11.32,79,44
/home/richard/project/SAT_benchmark/SATLIB/CBS_k3_n100_m449_b30/CBS_k3_n100_m449_b30_734.cnf,SAT,27028.15,27017.10,11.04,245,198
/home/richard/project/SAT_benchmark/SATLIB/CBS_k3_n100_m449_b30/CBS_k3_n100_m449_b30_142.cnf,SAT,92240.78,92226.35,14.43,841,643
/home/richard/project/SAT_benchmark/SATLIB/CBS_k3_n100_m449_b30/CBS_k3_n100_m449_b30_491.cnf,SAT,46256.00,46241.54,14.45,426,371
/home/richard/project/SAT_benchmark/SATLIB/CBS_k3_n100_m449_b30/CBS_k3_n100_m449_b30_196.cnf,SAT,44105.54,44091.31,14.24,408,315
/home/richard/project/SAT_benchmark/SATLIB/CBS_k3_n100_m449_b30/CBS_k3_n100_m449_b30_763.cnf,SAT,4599.23,4588.68,10.55,41,17
/home/richard/project/SAT_benchmark/SATLIB/CBS_k3_n100_m449_b30/CBS_k3_n100_m449_b30_316.cnf,SAT,17853.88,17838.25,15.63,167,136
/home/richard/project/SAT_benchmark/SATLIB/CBS_k3_n100_m449_b30/CBS_k3_n100_m449_b30_366.cnf,SAT,36594.23,36583.25,10.97,334,239
/home/richard/project/SAT_benchmark/SATLIB/CBS_k3_n100_m449_b30/CBS_k3_n100_m449_b30_838.cnf,SAT,0.07,0.00,0.07,0,0
/home/richard/project/SAT_benchmark/SATLIB/CBS_k3_n100_m449_b30/CBS_k3_n100_m449_b30_441.cnf,SAT,4600.29,4585.29,15.00,44,30
/home/richard/project/SAT_benchmark/SATLIB/CBS_k3_n100_m449_b30/CBS_k3_n100_m449_b30_597.cnf,SAT,14513.50,14502.15,11.35,133,90
/home/richard/project/SAT_benchmark/SATLIB/CBS_k3_n100_m449_b30/CBS_k3_n100_m449_b30_536.cnf,SAT,21082.86,21070.37,12.49,191,158
/home/richard/project/SAT_benchmark/SATLIB/CBS_k3_n100_m449_b30/CBS_k3_n100_m449_b30_385.cnf,SAT,12311.62,12301.03,10.59,113,71
/home/richard/project/SAT_benchmark/SATLIB/CBS_k3_n100_m449_b30/CBS_k3_n100_m449_b30_200.cnf,SAT,5712.75,5697.69,15.05,53,34
/home/richard/project/SAT_benchmark/SATLIB/CBS_k3_n100_m449_b30/CBS_k3_n100_m449_b30_158.cnf,SAT,43461.54,43449.38,12.16,398,311
/home/richard/project/SAT_benchmark/SATLIB/CBS_k3_n100_m449_b30/CBS_k3_n100_m449_b30_993.cnf,SAT,77202.58,77189.00,13.58,705,580
/home/richard/project/SAT_benchmark/SATLIB/CBS_k3_n100_m449_b30/CBS_k3_n100_m449_b30_804.cnf,SAT,8979.86,8967.01,12.86,89,72
/home/richard/project/SAT_benchmark/SATLIB/CBS_k3_n100_m449_b30/CBS_k3_n100_m449_b30_357.cnf,SAT,34397.94,34382.37,15.57,311,262
/home/richard/project/SAT_benchmark/SATLIB/CBS_k3_n100_m449_b30/CBS_k3_n100_m449_b30_836.cnf,SAT,88021.03,88007.55,13.48,809,551
/home/richard/project/SAT_benchmark/SATLIB/CBS_k3_n100_m449_b30/CBS_k3_n100_m449_b30_282.cnf,SAT,97770.55,97756.17,14.38,897,712
/home/richard/project/SAT_benchmark/SATLIB/CBS_k3_n100_m449_b30/CBS_k3_n100_m449_b30_741.cnf,SAT,14537.27,14524.99,12.28,133,108
/home/richard/project/SAT_benchmark/SATLIB/CBS_k3_n100_m449_b30/CBS_k3_n100_m449_b30_109.cnf,SAT,63511.90,63498.20,13.69,578,469
/home/richard/project/SAT_benchmark/SATLIB/CBS_k3_n100_m449_b30/CBS_k3_n100_m449_b30_258.cnf,SAT,5725.53,5714.18,11.35,54,34
/home/richard/project/SAT_benchmark/SATLIB/CBS_k3_n100_m449_b30/CBS_k3_n100_m449_b30_361.cnf,SAT,14814.71,14802.15,12.56,132,105
/home/richard/project/SAT_benchmark/SATLIB/CBS_k3_n100_m449_b30/CBS_k3_n100_m449_b30_131.cnf,SAT,24392.00,24381.67,10.33,224,171
/home/richard/project/SAT_benchmark/SATLIB/CBS_k3_n100_m449_b30/CBS_k3_n100_m449_b30_679.cnf,SAT,8975.48,8962.66,12.82,88,60
/home/richard/project/SAT_benchmark/SATLIB/CBS_k3_n100_m449_b30/CBS_k3_n100_m449_b30_375.cnf,SAT,73017.70,73004.82,12.88,666,591
/home/richard/project/SAT_benchmark/SATLIB/CBS_k3_n100_m449_b30/CBS_k3_n100_m449_b30_356.cnf,SAT,56146.28,56132.20,14.08,510,436
/home/richard/project/SAT_benchmark/SATLIB/CBS_k3_n100_m449_b30/CBS_k3_n100_m449_b30_209.cnf,SAT,61696.53,61678.56,17.97,566,450
/home/richard/project/SAT_benchmark/SATLIB/CBS_k3_n100_m449_b30/CBS_k3_n100_m449_b30_487.cnf,SAT,43141.40,43129.14,12.26,395,287
/home/richard/project/SAT_benchmark/SATLIB/CBS_k3_n100_m449_b30/CBS_k3_n100_m449_b30_565.cnf,SAT,19952.41,19939.31,13.09,184,143
/home/richard/project/SAT_benchmark/SATLIB/CBS_k3_n100_m449_b30/CBS_k3_n100_m449_b30_773.cnf,SAT,27775.70,27763.39,12.31,250,158
/home/richard/project/SAT_benchmark/SATLIB/CBS_k3_n100_m449_b30/CBS_k3_n100_m449_b30_8.cnf,SAT,11236.80,11224.22,12.58,108,83
/home/richard/project/SAT_benchmark/SATLIB/CBS_k3_n100_m449_b30/CBS_k3_n100_m449_b30_512.cnf,SAT,32111.97,32097.78,14.18,299,195
/home/richard/project/SAT_benchmark/SATLIB/CBS_k3_n100_m449_b30/CBS_k3_n100_m449_b30_458.cnf,SAT,6811.90,6797.00,14.89,63,29
/home/richard/project/SAT_benchmark/SATLIB/CBS_k3_n100_m449_b30/CBS_k3_n100_m449_b30_959.cnf,SAT,63114.27,63100.26,14.01,578,509
/home/richard/project/SAT_benchmark/SATLIB/CBS_k3_n100_m449_b30/CBS_k3_n100_m449_b30_203.cnf,SAT,17804.97,17792.69,12.28,165,115
/home/richard/project/SAT_benchmark/SATLIB/CBS_k3_n100_m449_b30/CBS_k3_n100_m449_b30_630.cnf,SAT,104056.44,104041.24,15.20,953,590
/home/richard/project/SAT_benchmark/SATLIB/CBS_k3_n100_m449_b30/CBS_k3_n100_m449_b30_742.cnf,SAT,39694.62,39677.84,16.78,366,335
/home/richard/project/SAT_benchmark/SATLIB/CBS_k3_n100_m449_b30/CBS_k3_n100_m449_b30_663.cnf,SAT,5699.06,5684.23,14.83,56,31
/home/richard/project/SAT_benchmark/SATLIB/CBS_k3_n100_m449_b30/CBS_k3_n100_m449_b30_856.cnf,SAT,21126.05,21113.98,12.07,190,141
/home/richard/project/SAT_benchmark/SATLIB/CBS_k3_n100_m449_b30/CBS_k3_n100_m449_b30_383.cnf,SAT,13388.93,13377.75,11.18,122,90
/home/richard/project/SAT_benchmark/SATLIB/CBS_k3_n100_m449_b30/CBS_k3_n100_m449_b30_137.cnf,SAT,50701.89,50688.90,12.98,468,349
/home/richard/project/SAT_benchmark/SATLIB/CBS_k3_n100_m449_b30/CBS_k3_n100_m449_b30_534.cnf,SAT,16686.10,16673.75,12.35,158,112
/home/richard/project/SAT_benchmark/SATLIB/CBS_k3_n100_m449_b30/CBS_k3_n100_m449_b30_473.cnf,SAT,58328.63,58311.18,17.45,533,415
/home/richard/project/SAT_benchmark/SATLIB/CBS_k3_n100_m449_b30/CBS_k3_n100_m449_b30_148.cnf,SAT,13405.10,13393.09,12.01,120,87
/home/richard/project/SAT_benchmark/SATLIB/CBS_k3_n100_m449_b30/CBS_k3_n100_m449_b30_409.cnf,SAT,10147.08,10131.96,15.12,92,67
/home/richard/project/SAT_benchmark/SATLIB/CBS_k3_n100_m449_b30/CBS_k3_n100_m449_b30_783.cnf,SAT,37099.83,37085.13,14.70,339,272
/home/richard/project/SAT_benchmark/SATLIB/CBS_k3_n100_m449_b30/CBS_k3_n100_m449_b30_127.cnf,SAT,6828.95,6817.89,11.06,64,40
/home/richard/project/SAT_benchmark/SATLIB/CBS_k3_n100_m449_b30/CBS_k3_n100_m449_b30_917.cnf,SAT,32100.63,32088.30,12.33,299,242
/home/richard/project/SAT_benchmark/SATLIB/CBS_k3_n100_m449_b30/CBS_k3_n100_m449_b30_81.cnf,SAT,57326.86,57312.30,14.56,525,349
/home/richard/project/SAT_benchmark/SATLIB/CBS_k3_n100_m449_b30/CBS_k3_n100_m449_b30_68.cnf,SAT,10101.54,10085.41,16.13,93,61
/home/richard/project/SAT_benchmark/SATLIB/CBS_k3_n100_m449_b30/CBS_k3_n100_m449_b30_230.cnf,SAT,17809.68,17796.70,12.99,167,136
/home/richard/project/SAT_benchmark/SATLIB/CBS_k3_n100_m449_b30/CBS_k3_n100_m449_b30_535.cnf,SAT,19961.37,19948.81,12.55,186,149
/home/richard/project/SAT_benchmark/SATLIB/CBS_k3_n100_m449_b30/CBS_k3_n100_m449_b30_677.cnf,SAT,26570.43,26554.00,16.42,241,203
/home/richard/project/SAT_benchmark/SATLIB/CBS_k3_n100_m449_b30/CBS_k3_n100_m449_b30_99.cnf,SAT,17837.15,17822.65,14.50,162,128
/home/richard/project/SAT_benchmark/SATLIB/CBS_k3_n100_m449_b30/CBS_k3_n100_m449_b30_12.cnf,SAT,11200.88,11189.21,11.67,101,67
/home/richard/project/SAT_benchmark/SATLIB/CBS_k3_n100_m449_b30/CBS_k3_n100_m449_b30_422.cnf,SAT,6786.84,6775.78,11.06,65,43
/home/richard/project/SAT_benchmark/SATLIB/CBS_k3_n100_m449_b30/CBS_k3_n100_m449_b30_868.cnf,SAT,67448.36,67435.10,13.25,614,496
/home/richard/project/SAT_benchmark/SATLIB/CBS_k3_n100_m449_b30/CBS_k3_n100_m449_b30_46.cnf,SAT,25576.07,25560.86,15.20,238,196
/home/richard/project/SAT_benchmark/SATLIB/CBS_k3_n100_m449_b30/CBS_k3_n100_m449_b30_40.cnf,SAT,24367.60,24352.44,15.17,220,160
/home/richard/project/SAT_benchmark/SATLIB/CBS_k3_n100_m449_b30/CBS_k3_n100_m449_b30_629.cnf,SAT,8944.03,8932.90,11.13,84,55
/home/richard/project/SAT_benchmark/SATLIB/CBS_k3_n100_m449_b30/CBS_k3_n100_m449_b30_613.cnf,SAT,10087.54,10075.91,11.63,91,56
/home/richard/project/SAT_benchmark/SATLIB/CBS_k3_n100_m449_b30/CBS_k3_n100_m449_b30_562.cnf,SAT,17789.54,17777.39,12.16,166,125
/home/richard/project/SAT_benchmark/SATLIB/CBS_k3_n100_m449_b30/CBS_k3_n100_m449_b30_108.cnf,SAT,11227.14,11215.14,12.00,101,69
/home/richard/project/SAT_benchmark/SATLIB/CBS_k3_n100_m449_b30/CBS_k3_n100_m449_b30_956.cnf,SAT,42853.00,42841.03,11.97,391,326
/home/richard/project/SAT_benchmark/SATLIB/CBS_k3_n100_m449_b30/CBS_k3_n100_m449_b30_779.cnf,SAT,5688.34,5676.04,12.29,58,34
/home/richard/project/SAT_benchmark/SATLIB/CBS_k3_n100_m449_b30/CBS_k3_n100_m449_b30_681.cnf,SAT,36334.19,36322.08,12.12,335,278
/home/richard/project/SAT_benchmark/SATLIB/CBS_k3_n100_m449_b30/CBS_k3_n100_m449_b30_827.cnf,SAT,41835.56,41819.29,16.27,383,334
/home/richard/project/SAT_benchmark/SATLIB/CBS_k3_n100_m449_b30/CBS_k3_n100_m449_b30_433.cnf,SAT,19872.73,19857.15,15.58,180,134
/home/richard/project/SAT_benchmark/SATLIB/CBS_k3_n100_m449_b30/CBS_k3_n100_m449_b30_74.cnf,SAT,32108.38,32092.59,15.79,295,232
/home/richard/project/SAT_benchmark/SATLIB/CBS_k3_n100_m449_b30/CBS_k3_n100_m449_b30_892.cnf,SAT,20001.02,19988.51,12.51,186,148
/home/richard/project/SAT_benchmark/SATLIB/CBS_k3_n100_m449_b30/CBS_k3_n100_m449_b30_968.cnf,SAT,4618.74,4605.37,13.37,49,16
/home/richard/project/SAT_benchmark/SATLIB/CBS_k3_n100_m449_b30/CBS_k3_n100_m449_b30_153.cnf,SAT,9011.47,8998.50,12.97,85,51
/home/richard/project/SAT_benchmark/SATLIB/CBS_k3_n100_m449_b30/CBS_k3_n100_m449_b30_548.cnf,SAT,2726.28,2713.51,12.76,26,11
/home/richard/project/SAT_benchmark/SATLIB/CBS_k3_n100_m449_b30/CBS_k3_n100_m449_b30_592.cnf,SAT,18879.96,18868.39,11.57,175,105
/home/richard/project/SAT_benchmark/SATLIB/CBS_k3_n100_m449_b30/CBS_k3_n100_m449_b30_129.cnf,SAT,28829.55,28813.68,15.87,268,219
/home/richard/project/SAT_benchmark/SATLIB/CBS_k3_n100_m449_b30/CBS_k3_n100_m449_b30_273.cnf,SAT,5700.08,5687.24,12.84,59,33
/home/richard/project/SAT_benchmark/SATLIB/CBS_k3_n100_m449_b30/CBS_k3_n100_m449_b30_730.cnf,SAT,8972.20,8958.52,13.68,85,52
/home/richard/project/SAT_benchmark/SATLIB/CBS_k3_n100_m449_b30/CBS_k3_n100_m449_b30_992.cnf,SAT,27675.90,27663.09,12.81,250,199
/home/richard/project/SAT_benchmark/SATLIB/CBS_k3_n100_m449_b30/CBS_k3_n100_m449_b30_440.cnf,SAT,26615.26,26602.93,12.33,246,202
/home/richard/project/SAT_benchmark/SATLIB/CBS_k3_n100_m449_b30/CBS_k3_n100_m449_b30_585.cnf,SAT,12313.25,12302.46,10.78,112,84
/home/richard/project/SAT_benchmark/SATLIB/CBS_k3_n100_m449_b30/CBS_k3_n100_m449_b30_825.cnf,SAT,19962.07,19950.18,11.89,182,127
/home/richard/project/SAT_benchmark/SATLIB/CBS_k3_n100_m449_b30/CBS_k3_n100_m449_b30_608.cnf,SAT,6791.13,6778.11,13.02,68,38
/home/richard/project/SAT_benchmark/SATLIB/CBS_k3_n100_m449_b30/CBS_k3_n100_m449_b30_28.cnf,SAT,5763.26,5751.83,11.43,59,28
/home/richard/project/SAT_benchmark/SATLIB/CBS_k3_n100_m449_b30/CBS_k3_n100_m449_b30_687.cnf,SAT,49409.53,49392.63,16.90,450,364
/home/richard/project/SAT_benchmark/SATLIB/CBS_k3_n100_m449_b30/CBS_k3_n100_m449_b30_44.cnf,SAT,21152.74,21137.09,15.65,197,166
/home/richard/project/SAT_benchmark/SATLIB/CBS_k3_n100_m449_b30/CBS_k3_n100_m449_b30_255.cnf,SAT,16651.89,16640.19,11.70,153,109
/home/richard/project/SAT_benchmark/SATLIB/CBS_k3_n100_m449_b30/CBS_k3_n100_m449_b30_743.cnf,SAT,8407.05,8393.54,13.51,70,47
/home/richard/project/SAT_benchmark/SATLIB/CBS_k3_n100_m449_b30/CBS_k3_n100_m449_b30_864.cnf,SAT,14571.80,14556.14,15.66,136,103
/home/richard/project/SAT_benchmark/SATLIB/CBS_k3_n100_m449_b30/CBS_k3_n100_m449_b30_232.cnf,SAT,33128.39,33112.22,16.18,300,233
/home/richard/project/SAT_benchmark/SATLIB/CBS_k3_n100_m449_b30/CBS_k3_n100_m449_b30_987.cnf,SAT,20040.46,20024.73,15.73,183,132
/home/richard/project/SAT_benchmark/SATLIB/CBS_k3_n100_m449_b30/CBS_k3_n100_m449_b30_14.cnf,SAT,0.08,0.00,0.08,0,0
/home/richard/project/SAT_benchmark/SATLIB/CBS_k3_n100_m449_b30/CBS_k3_n100_m449_b30_245.cnf,SAT,10083.40,10072.16,11.24,97,63
/home/richard/project/SAT_benchmark/SATLIB/CBS_k3_n100_m449_b30/CBS_k3_n100_m449_b30_738.cnf,SAT,46249.82,46236.34,13.47,423,347
/home/richard/project/SAT_benchmark/SATLIB/CBS_k3_n100_m449_b30/CBS_k3_n100_m449_b30_242.cnf,SAT,20125.22,20113.83,11.39,185,149
/home/richard/project/SAT_benchmark/SATLIB/CBS_k3_n100_m449_b30/CBS_k3_n100_m449_b30_926.cnf,SAT,12262.15,12250.23,11.92,111,73
/home/richard/project/SAT_benchmark/SATLIB/CBS_k3_n100_m449_b30/CBS_k3_n100_m449_b30_852.cnf,SAT,42904.83,42891.28,13.54,394,322
/home/richard/project/SAT_benchmark/SATLIB/CBS_k3_n100_m449_b30/CBS_k3_n100_m449_b30_948.cnf,SAT,38660.02,38648.61,11.41,351,284
/home/richard/project/SAT_benchmark/SATLIB/CBS_k3_n100_m449_b30/CBS_k3_n100_m449_b30_47.cnf,SAT,49598.08,49584.61,13.48,451,368
/home/richard/project/SAT_benchmark/SATLIB/CBS_k3_n100_m449_b30/CBS_k3_n100_m449_b30_834.cnf,SAT,17783.76,17773.07,10.70,163,144
/home/richard/project/SAT_benchmark/SATLIB/CBS_k3_n100_m449_b30/CBS_k3_n100_m449_b30_651.cnf,SAT,59492.55,59479.77,12.78,540,425
/home/richard/project/SAT_benchmark/SATLIB/CBS_k3_n100_m449_b30/CBS_k3_n100_m449_b30_936.cnf,SAT,15558.74,15543.48,15.26,141,107
/home/richard/project/SAT_benchmark/SATLIB/CBS_k3_n100_m449_b30/CBS_k3_n100_m449_b30_96.cnf,SAT,9016.41,9006.16,10.26,87,64
/home/richard/project/SAT_benchmark/SATLIB/CBS_k3_n100_m449_b30/CBS_k3_n100_m449_b30_527.cnf,SAT,44060.39,44047.89,12.50,403,342
/home/richard/project/SAT_benchmark/SATLIB/CBS_k3_n100_m449_b30/CBS_k3_n100_m449_b30_631.cnf,SAT,14498.12,14487.56,10.57,135,104
/home/richard/project/SAT_benchmark/SATLIB/CBS_k3_n100_m449_b30/CBS_k3_n100_m449_b30_193.cnf,SAT,26629.01,26613.18,15.82,245,209
/home/richard/project/SAT_benchmark/SATLIB/CBS_k3_n100_m449_b30/CBS_k3_n100_m449_b30_474.cnf,SAT,58464.64,58452.47,12.17,534,388
/home/richard/project/SAT_benchmark/SATLIB/CBS_k3_n100_m449_b30/CBS_k3_n100_m449_b30_333.cnf,SAT,52653.36,52641.19,12.17,487,410
/home/richard/project/SAT_benchmark/SATLIB/CBS_k3_n100_m449_b30/CBS_k3_n100_m449_b30_924.cnf,SAT,23237.29,23225.74,11.55,216,178
/home/richard/project/SAT_benchmark/SATLIB/CBS_k3_n100_m449_b30/CBS_k3_n100_m449_b30_532.cnf,SAT,11190.28,11179.51,10.78,106,66
/home/richard/project/SAT_benchmark/SATLIB/CBS_k3_n100_m449_b30/CBS_k3_n100_m449_b30_655.cnf,SAT,96456.42,96437.45,18.98,882,764
/home/richard/project/SAT_benchmark/SATLIB/CBS_k3_n100_m449_b30/CBS_k3_n100_m449_b30_381.cnf,SAT,47331.79,47318.75,13.04,439,328
/home/richard/project/SAT_benchmark/SATLIB/CBS_k3_n100_m449_b30/CBS_k3_n100_m449_b30_164.cnf,SAT,8979.66,8966.69,12.97,89,68
/home/richard/project/SAT_benchmark/SATLIB/CBS_k3_n100_m449_b30/CBS_k3_n100_m449_b30_640.cnf,SAT,4578.08,4566.03,12.06,48,27
/home/richard/project/SAT_benchmark/SATLIB/CBS_k3_n100_m449_b30/CBS_k3_n100_m449_b30_840.cnf,SAT,17762.00,17750.51,11.49,168,130
/home/richard/project/SAT_benchmark/SATLIB/CBS_k3_n100_m449_b30/CBS_k3_n100_m449_b30_739.cnf,SAT,8942.82,8927.79,15.03,85,53
/home/richard/project/SAT_benchmark/SATLIB/CBS_k3_n100_m449_b30/CBS_k3_n100_m449_b30_569.cnf,SAT,15094.15,15082.96,11.19,133,93
/home/richard/project/SAT_benchmark/SATLIB/CBS_k3_n100_m449_b30/CBS_k3_n100_m449_b30_667.cnf,SAT,40777.76,40764.18,13.58,379,323
/home/richard/project/SAT_benchmark/SATLIB/CBS_k3_n100_m449_b30/CBS_k3_n100_m449_b30_211.cnf,SAT,20002.92,19988.78,14.15,182,145
/home/richard/project/SAT_benchmark/SATLIB/CBS_k3_n100_m449_b30/CBS_k3_n100_m449_b30_198.cnf,SAT,11281.91,11270.65,11.26,108,83
/home/richard/project/SAT_benchmark/SATLIB/CBS_k3_n100_m449_b30/CBS_k3_n100_m449_b30_848.cnf,SAT,24365.70,24352.73,12.97,220,172
/home/richard/project/SAT_benchmark/SATLIB/CBS_k3_n100_m449_b30/CBS_k3_n100_m449_b30_510.cnf,SAT,8990.66,8976.61,14.05,89,57
/home/richard/project/SAT_benchmark/SATLIB/CBS_k3_n100_m449_b30/CBS_k3_n100_m449_b30_969.cnf,SAT,30882.83,30870.49,12.34,280,234
/home/richard/project/SAT_benchmark/SATLIB/CBS_k3_n100_m449_b30/CBS_k3_n100_m449_b30_439.cnf,SAT,58292.02,58278.81,13.21,537,464
/home/richard/project/SAT_benchmark/SATLIB/CBS_k3_n100_m449_b30/CBS_k3_n100_m449_b30_653.cnf,SAT,5694.67,5684.39,10.28,50,33
/home/richard/project/SAT_benchmark/SATLIB/CBS_k3_n100_m449_b30/CBS_k3_n100_m449_b30_594.cnf,SAT,56592.94,56580.58,12.36,511,411
/home/richard/project/SAT_benchmark/SATLIB/CBS_k3_n100_m449_b30/CBS_k3_n100_m449_b30_467.cnf,SAT,50672.79,50660.61,12.18,469,375
/home/richard/project/SAT_benchmark/SATLIB/CBS_k3_n100_m449_b30/CBS_k3_n100_m449_b30_657.cnf,SAT,31978.67,31967.80,10.87,296,241
/home/richard/project/SAT_benchmark/SATLIB/CBS_k3_n100_m449_b30/CBS_k3_n100_m449_b30_678.cnf,SAT,20989.35,20973.70,15.66,199,160
/home/richard/project/SAT_benchmark/SATLIB/CBS_k3_n100_m449_b30/CBS_k3_n100_m449_b30_341.cnf,SAT,8949.53,8939.27,10.26,82,48
/home/richard/project/SAT_benchmark/SATLIB/CBS_k3_n100_m449_b30/CBS_k3_n100_m449_b30_286.cnf,SAT,18876.08,18864.06,12.02,171,67
/home/richard/project/SAT_benchmark/SATLIB/CBS_k3_n100_m449_b30/CBS_k3_n100_m449_b30_303.cnf,SAT,82428.30,82413.34,14.96,752,436
/home/richard/project/SAT_benchmark/SATLIB/CBS_k3_n100_m449_b30/CBS_k3_n100_m449_b30_830.cnf,SAT,50692.52,50677.08,15.44,468,402
/home/richard/project/SAT_benchmark/SATLIB/CBS_k3_n100_m449_b30/CBS_k3_n100_m449_b30_195.cnf,SAT,60680.00,60662.17,17.83,551,445
/home/richard/project/SAT_benchmark/SATLIB/CBS_k3_n100_m449_b30/CBS_k3_n100_m449_b30_945.cnf,SAT,42970.37,42957.80,12.57,399,237
/home/richard/project/SAT_benchmark/SATLIB/CBS_k3_n100_m449_b30/CBS_k3_n100_m449_b30_912.cnf,SAT,17904.17,17892.21,11.96,164,138
/home/richard/project/SAT_benchmark/SATLIB/CBS_k3_n100_m449_b30/CBS_k3_n100_m449_b30_52.cnf,SAT,168846.38,168829.19,17.20,1547,956
/home/richard/project/SAT_benchmark/SATLIB/CBS_k3_n100_m449_b30/CBS_k3_n100_m449_b30_919.cnf,SAT,51874.46,51861.79,12.68,472,378
/home/richard/project/SAT_benchmark/SATLIB/CBS_k3_n100_m449_b30/CBS_k3_n100_m449_b30_882.cnf,SAT,36488.23,36475.60,12.63,333,259
/home/richard/project/SAT_benchmark/SATLIB/CBS_k3_n100_m449_b30/CBS_k3_n100_m449_b30_916.cnf,SAT,13431.13,13419.21,11.92,123,82
/home/richard/project/SAT_benchmark/SATLIB/CBS_k3_n100_m449_b30/CBS_k3_n100_m449_b30_56.cnf,SAT,35330.72,35313.98,16.74,324,269
/home/richard/project/SAT_benchmark/SATLIB/CBS_k3_n100_m449_b30/CBS_k3_n100_m449_b30_413.cnf,SAT,36449.97,36433.90,16.07,333,276
/home/richard/project/SAT_benchmark/SATLIB/CBS_k3_n100_m449_b30/CBS_k3_n100_m449_b30_673.cnf,SAT,65779.62,65765.23,14.39,605,533
/home/richard/project/SAT_benchmark/SATLIB/CBS_k3_n100_m449_b30/CBS_k3_n100_m449_b30_689.cnf,SAT,12267.12,12252.60,14.52,115,85
/home/richard/project/SAT_benchmark/SATLIB/CBS_k3_n100_m449_b30/CBS_k3_n100_m449_b30_503.cnf,SAT,109833.72,109816.14,17.58,1001,815
/home/richard/project/SAT_benchmark/SATLIB/CBS_k3_n100_m449_b30/CBS_k3_n100_m449_b30_114.cnf,SAT,10071.77,10056.17,15.60,94,67
/home/richard/project/SAT_benchmark/SATLIB/CBS_k3_n100_m449_b30/CBS_k3_n100_m449_b30_2.cnf,SAT,84607.32,84593.74,13.59,770,631
/home/richard/project/SAT_benchmark/SATLIB/CBS_k3_n100_m449_b30/CBS_k3_n100_m449_b30_299.cnf,SAT,26627.32,26612.65,14.67,248,197
/home/richard/project/SAT_benchmark/SATLIB/CBS_k3_n100_m449_b30/CBS_k3_n100_m449_b30_363.cnf,SAT,8766.73,8751.84,14.88,71,44
/home/richard/project/SAT_benchmark/SATLIB/CBS_k3_n100_m449_b30/CBS_k3_n100_m449_b30_329.cnf,SAT,17825.25,17812.27,12.98,169,135
/home/richard/project/SAT_benchmark/SATLIB/CBS_k3_n100_m449_b30/CBS_k3_n100_m449_b30_349.cnf,SAT,12298.70,12283.46,15.24,117,95
/home/richard/project/SAT_benchmark/SATLIB/CBS_k3_n100_m449_b30/CBS_k3_n100_m449_b30_160.cnf,SAT,45075.22,45060.31,14.92,413,338
/home/richard/project/SAT_benchmark/SATLIB/CBS_k3_n100_m449_b30/CBS_k3_n100_m449_b30_939.cnf,SAT,18337.63,18322.89,14.74,163,120
/home/richard/project/SAT_benchmark/SATLIB/CBS_k3_n100_m449_b30/CBS_k3_n100_m449_b30_241.cnf,SAT,24276.44,24260.68,15.76,225,205
/home/richard/project/SAT_benchmark/SATLIB/CBS_k3_n100_m449_b30/CBS_k3_n100_m449_b30_390.cnf,SAT,25457.63,25445.75,11.88,232,176
/home/richard/project/SAT_benchmark/SATLIB/CBS_k3_n100_m449_b30/CBS_k3_n100_m449_b30_702.cnf,SAT,40893.71,40879.61,14.10,379,313
/home/richard/project/SAT_benchmark/SATLIB/CBS_k3_n100_m449_b30/CBS_k3_n100_m449_b30_885.cnf,SAT,29853.05,29841.31,11.75,271,224
/home/richard/project/SAT_benchmark/SATLIB/CBS_k3_n100_m449_b30/CBS_k3_n100_m449_b30_169.cnf,SAT,62589.55,62576.02,13.54,570,479
/home/richard/project/SAT_benchmark/SATLIB/CBS_k3_n100_m449_b30/CBS_k3_n100_m449_b30_722.cnf,SAT,40823.31,40811.26,12.06,372,299
/home/richard/project/SAT_benchmark/SATLIB/CBS_k3_n100_m449_b30/CBS_k3_n100_m449_b30_435.cnf,SAT,12254.79,12244.40,10.39,112,76
/home/richard/project/SAT_benchmark/SATLIB/CBS_k3_n100_m449_b30/CBS_k3_n100_m449_b30_563.cnf,SAT,30961.55,30950.86,10.69,284,224
/home/richard/project/SAT_benchmark/SATLIB/CBS_k3_n100_m449_b30/CBS_k3_n100_m449_b30_418.cnf,SAT,43001.84,42989.03,12.80,392,358
/home/richard/project/SAT_benchmark/SATLIB/CBS_k3_n100_m449_b30/CBS_k3_n100_m449_b30_42.cnf,SAT,64903.47,64888.76,14.71,594,343
/home/richard/project/SAT_benchmark/SATLIB/CBS_k3_n100_m449_b30/CBS_k3_n100_m449_b30_410.cnf,SAT,46248.96,46233.93,15.03,422,355
/home/richard/project/SAT_benchmark/SATLIB/CBS_k3_n100_m449_b30/CBS_k3_n100_m449_b30_218.cnf,SAT,11.58,0.00,11.58,0,0
/home/richard/project/SAT_benchmark/SATLIB/CBS_k3_n100_m449_b30/CBS_k3_n100_m449_b30_54.cnf,SAT,9038.59,9028.36,10.23,85,52
/home/richard/project/SAT_benchmark/SATLIB/CBS_k3_n100_m449_b30/CBS_k3_n100_m449_b30_643.cnf,SAT,6770.62,6755.66,14.95,66,38
/home/richard/project/SAT_benchmark/SATLIB/CBS_k3_n100_m449_b30/CBS_k3_n100_m449_b30_973.cnf,SAT,21447.20,21432.22,14.97,194,144
/home/richard/project/SAT_benchmark/SATLIB/CBS_k3_n100_m449_b30/CBS_k3_n100_m449_b30_51.cnf,SAT,31994.15,31983.16,11.00,295,206
/home/richard/project/SAT_benchmark/SATLIB/CBS_k3_n100_m449_b30/CBS_k3_n100_m449_b30_152.cnf,SAT,100773.50,100753.97,19.52,925,713
/home/richard/project/SAT_benchmark/SATLIB/CBS_k3_n100_m449_b30/CBS_k3_n100_m449_b30_646.cnf,SAT,27699.31,27687.68,11.63,259,209
/home/richard/project/SAT_benchmark/SATLIB/CBS_k3_n100_m449_b30/CBS_k3_n100_m449_b30_999.cnf,SAT,19950.74,19936.16,14.58,188,149
/home/richard/project/SAT_benchmark/SATLIB/CBS_k3_n100_m449_b30/CBS_k3_n100_m449_b30_728.cnf,SAT,21084.51,21073.97,10.55,195,154
/home/richard/project/SAT_benchmark/SATLIB/CBS_k3_n100_m449_b30/CBS_k3_n100_m449_b30_300.cnf,SAT,62685.57,62671.72,13.85,570,482
/home/richard/project/SAT_benchmark/SATLIB/CBS_k3_n100_m449_b30/CBS_k3_n100_m449_b30_369.cnf,SAT,16791.26,16775.64,15.62,151,114
/home/richard/project/SAT_benchmark/SATLIB/CBS_k3_n100_m449_b30/CBS_k3_n100_m449_b30_940.cnf,SAT,8970.61,8958.07,12.54,84,60
/home/richard/project/SAT_benchmark/SATLIB/CBS_k3_n100_m449_b30/CBS_k3_n100_m449_b30_147.cnf,SAT,17095.52,17081.87,13.65,152,119
/home/richard/project/SAT_benchmark/SATLIB/CBS_k3_n100_m449_b30/CBS_k3_n100_m449_b30_591.cnf,SAT,6786.68,6774.70,11.98,68,43
/home/richard/project/SAT_benchmark/SATLIB/CBS_k3_n100_m449_b30/CBS_k3_n100_m449_b30_504.cnf,SAT,29864.40,29848.47,15.93,274,236
/home/richard/project/SAT_benchmark/SATLIB/CBS_k3_n100_m449_b30/CBS_k3_n100_m449_b30_910.cnf,SAT,30913.34,30897.26,16.09,287,221
/home/richard/project/SAT_benchmark/SATLIB/CBS_k3_n100_m449_b30/CBS_k3_n100_m449_b30_964.cnf,SAT,38563.19,38550.71,12.48,352,279
/home/richard/project/SAT_benchmark/SATLIB/CBS_k3_n100_m449_b30/CBS_k3_n100_m449_b30_197.cnf,SAT,7923.53,7908.36,15.17,75,50
/home/richard/project/SAT_benchmark/SATLIB/CBS_k3_n100_m449_b30/CBS_k3_n100_m449_b30_94.cnf,SAT,23265.40,23250.79,14.61,218,187
/home/richard/project/SAT_benchmark/SATLIB/CBS_k3_n100_m449_b30/CBS_k3_n100_m449_b30_618.cnf,SAT,73551.11,73537.20,13.91,672,540
/home/richard/project/SAT_benchmark/SATLIB/CBS_k3_n100_m449_b30/CBS_k3_n100_m449_b30_224.cnf,SAT,28790.36,28776.61,13.75,260,222
/home/richard/project/SAT_benchmark/SATLIB/CBS_k3_n100_m449_b30/CBS_k3_n100_m449_b30_555.cnf,SAT,101226.08,101212.54,13.54,928,474
/home/richard/project/SAT_benchmark/SATLIB/CBS_k3_n100_m449_b30/CBS_k3_n100_m449_b30_180.cnf,SAT,3495.40,3481.32,14.08,38,14
/home/richard/project/SAT_benchmark/SATLIB/CBS_k3_n100_m449_b30/CBS_k3_n100_m449_b30_538.cnf,SAT,27681.15,27668.55,12.61,256,212
/home/richard/project/SAT_benchmark/SATLIB/CBS_k3_n100_m449_b30/CBS_k3_n100_m449_b30_745.cnf,SAT,10073.03,10061.25,11.78,94,60
/home/richard/project/SAT_benchmark/SATLIB/CBS_k3_n100_m449_b30/CBS_k3_n100_m449_b30_91.cnf,SAT,11.25,0.00,11.25,0,0
/home/richard/project/SAT_benchmark/SATLIB/CBS_k3_n100_m449_b30/CBS_k3_n100_m449_b30_227.cnf,SAT,13406.72,13395.34,11.38,128,97
/home/richard/project/SAT_benchmark/SATLIB/CBS_k3_n100_m449_b30/CBS_k3_n100_m449_b30_488.cnf,SAT,5680.66,5669.51,11.15,58,26
/home/richard/project/SAT_benchmark/SATLIB/CBS_k3_n100_m449_b30/CBS_k3_n100_m449_b30_755.cnf,SAT,27046.33,27030.98,15.34,242,204
/home/richard/project/SAT_benchmark/SATLIB/CBS_k3_n100_m449_b30/CBS_k3_n100_m449_b30_600.cnf,SAT,31004.54,30991.69,12.85,281,234
/home/richard/project/SAT_benchmark/SATLIB/CBS_k3_n100_m449_b30/CBS_k3_n100_m449_b30_767.cnf,SAT,46283.19,46270.37,12.82,427,350
/home/richard/project/SAT_benchmark/SATLIB/CBS_k3_n100_m449_b30/CBS_k3_n100_m449_b30_355.cnf,SAT,9005.24,8994.19,11.05,87,57
/home/richard/project/SAT_benchmark/SATLIB/CBS_k3_n100_m449_b30/CBS_k3_n100_m449_b30_620.cnf,SAT,25415.38,25402.97,12.41,238,190
/home/richard/project/SAT_benchmark/SATLIB/CBS_k3_n100_m449_b30/CBS_k3_n100_m449_b30_292.cnf,SAT,63761.59,63747.88,13.72,589,488
/home/richard/project/SAT_benchmark/SATLIB/CBS_k3_n100_m449_b30/CBS_k3_n100_m449_b30_290.cnf,SAT,37584.86,37571.98,12.88,347,263
/home/richard/project/SAT_benchmark/SATLIB/CBS_k3_n100_m449_b30/CBS_k3_n100_m449_b30_135.cnf,SAT,61371.62,61358.18,13.44,569,473
/home/richard/project/SAT_benchmark/SATLIB/CBS_k3_n100_m449_b30/CBS_k3_n100_m449_b30_875.cnf,SAT,25490.54,25479.22,11.32,231,168
/home/richard/project/SAT_benchmark/SATLIB/CBS_k3_n100_m449_b30/CBS_k3_n100_m449_b30_406.cnf,SAT,51643.76,51631.88,11.87,470,219
/home/richard/project/SAT_benchmark/SATLIB/CBS_k3_n100_m449_b30/CBS_k3_n100_m449_b30_983.cnf,SAT,36557.45,36545.17,12.28,335,260
/home/richard/project/SAT_benchmark/SATLIB/CBS_k3_n100_m449_b30/CBS_k3_n100_m449_b30_140.cnf,SAT,6844.20,6829.47,14.73,68,41
/home/richard/project/SAT_benchmark/SATLIB/CBS_k3_n100_m449_b30/CBS_k3_n100_m449_b30_156.cnf,SAT,69455.25,69439.88,15.36,637,548
/home/richard/project/SAT_benchmark/SATLIB/CBS_k3_n100_m449_b30/CBS_k3_n100_m449_b30_353.cnf,SAT,52758.25,52745.80,12.45,486,376
/home/richard/project/SAT_benchmark/SATLIB/CBS_k3_n100_m449_b30/CBS_k3_n100_m449_b30_656.cnf,SAT,22200.94,22188.23,12.71,204,148
/home/richard/project/SAT_benchmark/SATLIB/CBS_k3_n100_m449_b30/CBS_k3_n100_m449_b30_428.cnf,SAT,20029.05,20013.44,15.61,183,151
/home/richard/project/SAT_benchmark/SATLIB/CBS_k3_n100_m449_b30/CBS_k3_n100_m449_b30_711.cnf,SAT,6772.14,6762.17,9.96,67,50
/home/richard/project/SAT_benchmark/SATLIB/CBS_k3_n100_m449_b30/CBS_k3_n100_m449_b30_16.cnf,SAT,17710.53,17698.91,11.61,163,139
/home/richard/project/SAT_benchmark/SATLIB/CBS_k3_n100_m449_b30/CBS_k3_n100_m449_b30_401.cnf,SAT,57277.99,57260.87,17.11,521,437
/home/richard/project/SAT_benchmark/SATLIB/CBS_k3_n100_m449_b30/CBS_k3_n100_m449_b30_832.cnf,SAT,49627.89,49614.89,13.00,456,411
/home/richard/project/SAT_benchmark/SATLIB/CBS_k3_n100_m449_b30/CBS_k3_n100_m449_b30_500.cnf,SAT,29865.90,29853.65,12.26,272,225
/home/richard/project/SAT_benchmark/SATLIB/CBS_k3_n100_m449_b30/CBS_k3_n100_m449_b30_911.cnf,SAT,28823.27,28812.41,10.86,268,171
/home/richard/project/SAT_benchmark/SATLIB/CBS_k3_n100_m449_b30/CBS_k3_n100_m449_b30_901.cnf,SAT,40816.03,40799.60,16.43,372,331
/home/richard/project/SAT_benchmark/SATLIB/CBS_k3_n100_m449_b30/CBS_k3_n100_m449_b30_791.cnf,SAT,1296.62,1284.53,12.09,17,3
/home/richard/project/SAT_benchmark/SATLIB/CBS_k3_n100_m449_b30/CBS_k3_n100_m449_b30_394.cnf,SAT,21736.63,21724.27,12.36,194,158
/home/richard/project/SAT_benchmark/SATLIB/CBS_k3_n100_m449_b30/CBS_k3_n100_m449_b30_154.cnf,SAT,34193.36,34180.74,12.61,311,260
/home/richard/project/SAT_benchmark/SATLIB/CBS_k3_n100_m449_b30/CBS_k3_n100_m449_b30_674.cnf,SAT,23258.75,23243.01,15.74,219,181
/home/richard/project/SAT_benchmark/SATLIB/CBS_k3_n100_m449_b30/CBS_k3_n100_m449_b30_691.cnf,SAT,52820.60,52803.88,16.72,485,384
/home/richard/project/SAT_benchmark/SATLIB/CBS_k3_n100_m449_b30/CBS_k3_n100_m449_b30_978.cnf,SAT,23186.06,23174.62,11.45,214,158
/home/richard/project/SAT_benchmark/SATLIB/CBS_k3_n100_m449_b30/CBS_k3_n100_m449_b30_590.cnf,SAT,22177.50,22164.31,13.19,201,171
/home/richard/project/SAT_benchmark/SATLIB/CBS_k3_n100_m449_b30/CBS_k3_n100_m449_b30_463.cnf,SAT,10086.37,10074.02,12.36,91,62
/home/richard/project/SAT_benchmark/SATLIB/CBS_k3_n100_m449_b30/CBS_k3_n100_m449_b30_778.cnf,SAT,26498.42,26482.67,15.75,243,192
/home/richard/project/SAT_benchmark/SATLIB/CBS_k3_n100_m449_b30/CBS_k3_n100_m449_b30_244.cnf,SAT,25349.85,25334.64,15.21,230,188
/home/richard/project/SAT_benchmark/SATLIB/CBS_k3_n100_m449_b30/CBS_k3_n100_m449_b30_798.cnf,SAT,46196.91,46179.96,16.95,428,364
/home/richard/project/SAT_benchmark/SATLIB/CBS_k3_n100_m449_b30/CBS_k3_n100_m449_b30_34.cnf,SAT,5667.20,5656.40,10.80,58,37
/home/richard/project/SAT_benchmark/SATLIB/CBS_k3_n100_m449_b30/CBS_k3_n100_m449_b30_593.cnf,SAT,16113.05,16099.28,13.77,146,96
/home/richard/project/SAT_benchmark/SATLIB/CBS_k3_n100_m449_b30/CBS_k3_n100_m449_b30_343.cnf,SAT,19998.49,19982.91,15.58,184,143
/home/richard/project/SAT_benchmark/SATLIB/CBS_k3_n100_m449_b30/CBS_k3_n100_m449_b30_997.cnf,SAT,11150.41,11137.63,12.78,103,68
/home/richard/project/SAT_benchmark/SATLIB/CBS_k3_n100_m449_b30/CBS_k3_n100_m449_b30_795.cnf,SAT,9011.33,8996.27,15.06,84,53
/home/richard/project/SAT_benchmark/SATLIB/CBS_k3_n100_m449_b30/CBS_k3_n100_m449_b30_7.cnf,SAT,100969.39,100953.22,16.17,929,696
/home/richard/project/SAT_benchmark/SATLIB/CBS_k3_n100_m449_b30/CBS_k3_n100_m449_b30_134.cnf,SAT,96692.00,96676.17,15.83,884,592
/home/richard/project/SAT_benchmark/SATLIB/CBS_k3_n100_m449_b30/CBS_k3_n100_m449_b30_719.cnf,SAT,25449.09,25433.36,15.72,236,181
/home/richard/project/SAT_benchmark/SATLIB/CBS_k3_n100_m449_b30/CBS_k3_n100_m449_b30_364.cnf,SAT,11239.16,11226.86,12.30,103,75
/home/richard/project/SAT_benchmark/SATLIB/CBS_k3_n100_m449_b30/CBS_k3_n100_m449_b30_684.cnf,SAT,41808.17,41795.99,12.18,383,313
/home/richard/project/SAT_benchmark/SATLIB/CBS_k3_n100_m449_b30/CBS_k3_n100_m449_b30_92.cnf,SAT,25436.20,25423.89,12.31,237,199
/home/richard/project/SAT_benchmark/SATLIB/CBS_k3_n100_m449_b30/CBS_k3_n100_m449_b30_6.cnf,SAT,54979.39,54967.02,12.37,504,410
/home/richard/project/SAT_benchmark/SATLIB/CBS_k3_n100_m449_b30/CBS_k3_n100_m449_b30_478.cnf,SAT,88191.95,88176.44,15.51,800,654
/home/richard/project/SAT_benchmark/SATLIB/CBS_k3_n100_m449_b30/CBS_k3_n100_m449_b30_520.cnf,SAT,78227.63,78214.74,12.89,712,542
/home/richard/project/SAT_benchmark/SATLIB/CBS_k3_n100_m449_b30/CBS_k3_n100_m449_b30_721.cnf,SAT,35973.11,35961.12,11.99,324,270
/home/richard/project/SAT_benchmark/SATLIB/CBS_k3_n100_m449_b30/CBS_k3_n100_m449_b30_189.cnf,SAT,5718.25,5706.39,11.86,59,35
/home/richard/project/SAT_benchmark/SATLIB/CBS_k3_n100_m449_b30/CBS_k3_n100_m449_b30_747.cnf,SAT,12288.22,12273.00,15.22,118,86
/home/richard/project/SAT_benchmark/SATLIB/CBS_k3_n100_m449_b30/CBS_k3_n100_m449_b30_123.cnf,SAT,31103.96,31092.56,11.40,289,245
/home/richard/project/SAT_benchmark/SATLIB/CBS_k3_n100_m449_b30/CBS_k3_n100_m449_b30_192.cnf,SAT,11206.76,11192.68,14.09,105,76
/home/richard/project/SAT_benchmark/SATLIB/CBS_k3_n100_m449_b30/CBS_k3_n100_m449_b30_465.cnf,SAT,84635.19,84622.24,12.95,773,463
/home/richard/project/SAT_benchmark/SATLIB/CBS_k3_n100_m449_b30/CBS_k3_n100_m449_b30_693.cnf,SAT,23166.62,23151.46,15.16,219,174
/home/richard/project/SAT_benchmark/SATLIB/CBS_k3_n100_m449_b30/CBS_k3_n100_m449_b30_904.cnf,SAT,34229.29,34218.35,10.94,319,227
/home/richard/project/SAT_benchmark/SATLIB/CBS_k3_n100_m449_b30/CBS_k3_n100_m449_b30_57.cnf,SAT,67308.10,67294.68,13.43,617,524
/home/richard/project/SAT_benchmark/SATLIB/CBS_k3_n100_m449_b30/CBS_k3_n100_m449_b30_857.cnf,SAT,65964.48,65950.62,13.86,608,422
/home/richard/project/SAT_benchmark/SATLIB/CBS_k3_n100_m449_b30/CBS_k3_n100_m449_b30_392.cnf,SAT,24671.60,24659.72,11.89,223,173
/home/richard/project/SAT_benchmark/SATLIB/CBS_k3_n100_m449_b30/CBS_k3_n100_m449_b30_5.cnf,SAT,15533.20,15518.01,15.19,144,109
/home/richard/project/SAT_benchmark/SATLIB/CBS_k3_n100_m449_b30/CBS_k3_n100_m449_b30_405.cnf,SAT,53842.64,53829.81,12.82,493,237
/home/richard/project/SAT_benchmark/SATLIB/CBS_k3_n100_m449_b30/CBS_k3_n100_m449_b30_774.cnf,SAT,133913.51,133897.64,15.88,1227,647
/home/richard/project/SAT_benchmark/SATLIB/CBS_k3_n100_m449_b30/CBS_k3_n100_m449_b30_298.cnf,SAT,14509.59,14497.78,11.81,138,113
/home/richard/project/SAT_benchmark/SATLIB/CBS_k3_n100_m449_b30/CBS_k3_n100_m449_b30_574.cnf,SAT,41734.53,41722.23,12.30,382,308
/home/richard/project/SAT_benchmark/SATLIB/CBS_k3_n100_m449_b30/CBS_k3_n100_m449_b30_551.cnf,SAT,7865.97,7850.98,14.99,74,51
/home/richard/project/SAT_benchmark/SATLIB/CBS_k3_n100_m449_b30/CBS_k3_n100_m449_b30_580.cnf,SAT,28729.93,28713.86,16.07,262,201
/home/richard/project/SAT_benchmark/SATLIB/CBS_k3_n100_m449_b30/CBS_k3_n100_m449_b30_886.cnf,SAT,17824.75,17811.52,13.22,162,120
/home/richard/project/SAT_benchmark/SATLIB/CBS_k3_n100_m449_b30/CBS_k3_n100_m449_b30_444.cnf,SAT,32089.44,32073.66,15.78,299,246
/home/richard/project/SAT_benchmark/SATLIB/CBS_k3_n100_m435_b70/CBS_k3_n100_m435_b70_319.cnf,SAT,107557.16,107539.12,18.04,984,880
/home/richard/project/SAT_benchmark/SATLIB/CBS_k3_n100_m435_b70/CBS_k3_n100_m435_b70_961.cnf,SAT,30923.93,30913.78,10.15,284,236
/home/richard/project/SAT_benchmark/SATLIB/CBS_k3_n100_m435_b70/CBS_k3_n100_m435_b70_395.cnf,SAT,118317.27,118301.13,16.14,1083,657
/home/richard/project/SAT_benchmark/SATLIB/CBS_k3_n100_m435_b70/CBS_k3_n100_m435_b70_12.cnf,SAT,7878.21,7862.87,15.34,72,39
/home/richard/project/SAT_benchmark/SATLIB/CBS_k3_n100_m435_b70/CBS_k3_n100_m435_b70_716.cnf,SAT,20021.65,20010.87,10.78,185,137
/home/richard/project/SAT_benchmark/SATLIB/CBS_k3_n100_m435_b70/CBS_k3_n100_m435_b70_958.cnf,SAT,76992.84,76977.16,15.68,705,596
/home/richard/project/SAT_benchmark/SATLIB/CBS_k3_n100_m435_b70/CBS_k3_n100_m435_b70_841.cnf,SAT,56241.72,56223.95,17.76,511,412
/home/richard/project/SAT_benchmark/SATLIB/CBS_k3_n100_m435_b70/CBS_k3_n100_m435_b70_175.cnf,SAT,102109.00,102093.69,15.30,934,733
/home/richard/project/SAT_benchmark/SATLIB/CBS_k3_n100_m435_b70/CBS_k3_n100_m435_b70_888.cnf,SAT,48501.08,48487.04,14.04,444,360
/home/richard/project/SAT_benchmark/SATLIB/CBS_k3_n100_m435_b70/CBS_k3_n100_m435_b70_469.cnf,SAT,11157.83,11144.13,13.70,108,85
/home/richard/project/SAT_benchmark/SATLIB/CBS_k3_n100_m435_b70/CBS_k3_n100_m435_b70_877.cnf,SAT,47268.00,47256.21,11.79,431,312
/home/richard/project/SAT_benchmark/SATLIB/CBS_k3_n100_m435_b70/CBS_k3_n100_m435_b70_348.cnf,SAT,135040.78,135023.49,17.28,1239,889
/home/richard/project/SAT_benchmark/SATLIB/CBS_k3_n100_m435_b70/CBS_k3_n100_m435_b70_705.cnf,SAT,60491.89,60474.43,17.45,553,485
/home/richard/project/SAT_benchmark/SATLIB/CBS_k3_n100_m435_b70/CBS_k3_n100_m435_b70_314.cnf,SAT,41879.64,41866.01,13.63,387,310
/home/richard/project/SAT_benchmark/SATLIB/CBS_k3_n100_m435_b70/CBS_k3_n100_m435_b70_918.cnf,SAT,21100.84,21088.76,12.08,190,117
/home/richard/project/SAT_benchmark/SATLIB/CBS_k3_n100_m435_b70/CBS_k3_n100_m435_b70_434.cnf,SAT,74792.81,74778.10,14.71,681,529
/home/richard/project/SAT_benchmark/SATLIB/CBS_k3_n100_m435_b70/CBS_k3_n100_m435_b70_844.cnf,SAT,118057.54,118042.81,14.73,1080,757
/home/richard/project/SAT_benchmark/SATLIB/CBS_k3_n100_m435_b70/CBS_k3_n100_m435_b70_490.cnf,SAT,25434.83,25423.80,11.03,232,131
/home/richard/project/SAT_benchmark/SATLIB/CBS_k3_n100_m435_b70/CBS_k3_n100_m435_b70_33.cnf,SAT,86634.36,86621.55,12.80,795,621
/home/richard/project/SAT_benchmark/SATLIB/CBS_k3_n100_m435_b70/CBS_k3_n100_m435_b70_804.cnf,SAT,103032.79,103017.85,14.94,944,806
/home/richard/project/SAT_benchmark/SATLIB/CBS_k3_n100_m435_b70/CBS_k3_n100_m435_b70_892.cnf,SAT,66081.94,66069.54,12.40,602,498
/home/richard/project/SAT_benchmark/SATLIB/CBS_k3_n100_m435_b70/CBS_k3_n100_m435_b70_620.cnf,SAT,81749.44,81736.87,12.58,740,613
/home/richard/project/SAT_benchmark/SATLIB/CBS_k3_n100_m435_b70/CBS_k3_n100_m435_b70_739.cnf,SAT,62630.99,62618.62,12.37,578,271
/home/richard/project/SAT_benchmark/SATLIB/CBS_k3_n100_m435_b70/CBS_k3_n100_m435_b70_71.cnf,SAT,103342.99,103327.41,15.58,944,818
/home/richard/project/SAT_benchmark/SATLIB/CBS_k3_n100_m435_b70/CBS_k3_n100_m435_b70_311.cnf,SAT,127137.98,127122.49,15.49,1166,989
/home/richard/project/SAT_benchmark/SATLIB/CBS_k3_n100_m435_b70/CBS_k3_n100_m435_b70_494.cnf,SAT,10069.82,10058.29,11.53,91,62
/home/richard/project/SAT_benchmark/SATLIB/CBS_k3_n100_m435_b70/CBS_k3_n100_m435_b70_414.cnf,SAT,73729.40,73711.48,17.92,679,582
/home/richard/project/SAT_benchmark/SATLIB/CBS_k3_n100_m435_b70/CBS_k3_n100_m435_b70_73.cnf,SAT,27653.26,27641.23,12.03,254,204
/home/richard/project/SAT_benchmark/SATLIB/CBS_k3_n100_m435_b70/CBS_k3_n100_m435_b70_226.cnf,SAT,37441.12,37426.72,14.40,348,287
/home/richard/project/SAT_benchmark/SATLIB/CBS_k3_n100_m435_b70/CBS_k3_n100_m435_b70_879.cnf,SAT,116430.68,116415.78,14.89,1061,751
/home/richard/project/SAT_benchmark/SATLIB/CBS_k3_n100_m435_b70/CBS_k3_n100_m435_b70_505.cnf,SAT,23323.88,23313.80,10.08,216,166
/home/richard/project/SAT_benchmark/SATLIB/CBS_k3_n100_m435_b70/CBS_k3_n100_m435_b70_854.cnf,SAT,18903.20,18887.65,15.55,174,138
/home/richard/project/SAT_benchmark/SATLIB/CBS_k3_n100_m435_b70/CBS_k3_n100_m435_b70_94.cnf,SAT,46261.17,46247.86,13.31,429,373
/home/richard/project/SAT_benchmark/SATLIB/CBS_k3_n100_m435_b70/CBS_k3_n100_m435_b70_718.cnf,SAT,23329.97,23319.10,10.86,211,175
/home/richard/project/SAT_benchmark/SATLIB/CBS_k3_n100_m435_b70/CBS_k3_n100_m435_b70_991.cnf,SAT,172554.17,172535.05,19.12,1579,1332
/home/richard/project/SAT_benchmark/SATLIB/CBS_k3_n100_m435_b70/CBS_k3_n100_m435_b70_204.cnf,SAT,10117.53,10107.81,9.73,94,62
/home/richard/project/SAT_benchmark/SATLIB/CBS_k3_n100_m435_b70/CBS_k3_n100_m435_b70_755.cnf,SAT,12050.03,12039.82,10.21,106,72
/home/richard/project/SAT_benchmark/SATLIB/CBS_k3_n100_m435_b70/CBS_k3_n100_m435_b70_416.cnf,SAT,56239.98,56225.59,14.39,517,418
/home/richard/project/SAT_benchmark/SATLIB/CBS_k3_n100_m435_b70/CBS_k3_n100_m435_b70_989.cnf,SAT,18951.47,18938.86,12.61,172,136
/home/richard/project/SAT_benchmark/SATLIB/CBS_k3_n100_m435_b70/CBS_k3_n100_m435_b70_555.cnf,SAT,62750.49,62739.25,11.24,576,367
/home/richard/project/SAT_benchmark/SATLIB/CBS_k3_n100_m435_b70/CBS_k3_n100_m435_b70_298.cnf,SAT,7913.15,7902.22,10.93,78,48
/home/richard/project/SAT_benchmark/SATLIB/CBS_k3_n100_m435_b70/CBS_k3_n100_m435_b70_38.cnf,SAT,67082.09,67068.16,13.93,612,542
/home/richard/project/SAT_benchmark/SATLIB/CBS_k3_n100_m435_b70/CBS_k3_n100_m435_b70_82.cnf,SAT,37519.38,37508.34,11.04,347,290
/home/richard/project/SAT_benchmark/SATLIB/CBS_k3_n100_m435_b70/CBS_k3_n100_m435_b70_845.cnf,SAT,17766.69,17755.88,10.81,160,120
/home/richard/project/SAT_benchmark/SATLIB/CBS_k3_n100_m435_b70/CBS_k3_n100_m435_b70_576.cnf,SAT,88905.36,88891.13,14.23,816,664
/home/richard/project/SAT_benchmark/SATLIB/CBS_k3_n100_m435_b70/CBS_k3_n100_m435_b70_467.cnf,SAT,40788.15,40775.02,13.13,374,318
/home/richard/project/SAT_benchmark/SATLIB/CBS_k3_n100_m435_b70/CBS_k3_n100_m435_b70_263.cnf,SAT,18924.64,18912.18,12.46,173,140
/home/richard/project/SAT_benchmark/SATLIB/CBS_k3_n100_m435_b70/CBS_k3_n100_m435_b70_622.cnf,SAT,70460.92,70448.43,12.48,640,542
/home/richard/project/SAT_benchmark/SATLIB/CBS_k3_n100_m435_b70/CBS_k3_n100_m435_b70_694.cnf,SAT,28746.58,28734.88,11.70,261,217
/home/richard/project/SAT_benchmark/SATLIB/CBS_k3_n100_m435_b70/CBS_k3_n100_m435_b70_125.cnf,SAT,33118.86,33102.93,15.94,300,224
/home/richard/project/SAT_benchmark/SATLIB/CBS_k3_n100_m435_b70/CBS_k3_n100_m435_b70_372.cnf,SAT,66320.55,66308.27,12.27,607,482
/home/richard/project/SAT_benchmark/SATLIB/CBS_k3_n100_m435_b70/CBS_k3_n100_m435_b70_10.cnf,SAT,63756.62,63739.10,17.52,581,505
/home/richard/project/SAT_benchmark/SATLIB/CBS_k3_n100_m435_b70/CBS_k3_n100_m435_b70_670.cnf,SAT,66087.35,66071.78,15.57,603,517
/home/richard/project/SAT_benchmark/SATLIB/CBS_k3_n100_m435_b70/CBS_k3_n100_m435_b70_436.cnf,SAT,19006.95,18998.00,8.95,177,139
/home/richard/project/SAT_benchmark/SATLIB/CBS_k3_n100_m435_b70/CBS_k3_n100_m435_b70_811.cnf,SAT,29754.92,29744.39,10.52,271,220
/home/richard/project/SAT_benchmark/SATLIB/CBS_k3_n100_m435_b70/CBS_k3_n100_m435_b70_945.cnf,SAT,69457.33,69443.17,14.16,632,564
/home/richard/project/SAT_benchmark/SATLIB/CBS_k3_n100_m435_b70/CBS_k3_n100_m435_b70_451.cnf,SAT,133990.00,133969.39,20.62,1221,872
/home/richard/project/SAT_benchmark/SATLIB/CBS_k3_n100_m435_b70/CBS_k3_n100_m435_b70_235.cnf,SAT,77999.47,77981.78,17.69,716,484
/home/richard/project/SAT_benchmark/SATLIB/CBS_k3_n100_m435_b70/CBS_k3_n100_m435_b70_288.cnf,SAT,17842.38,17828.24,14.14,167,126
/home/richard/project/SAT_benchmark/SATLIB/CBS_k3_n100_m435_b70/CBS_k3_n100_m435_b70_706.cnf,SAT,33229.31,33219.26,10.05,307,266
/home/richard/project/SAT_benchmark/SATLIB/CBS_k3_n100_m435_b70/CBS_k3_n100_m435_b70_144.cnf,SAT,10129.52,10116.37,13.16,91,69
/home/richard/project/SAT_benchmark/SATLIB/CBS_k3_n100_m435_b70/CBS_k3_n100_m435_b70_76.cnf,SAT,43951.28,43937.90,13.38,408,344
/home/richard/project/SAT_benchmark/SATLIB/CBS_k3_n100_m435_b70/CBS_k3_n100_m435_b70_905.cnf,SAT,41897.27,41885.08,12.19,381,307
/home/richard/project/SAT_benchmark/SATLIB/CBS_k3_n100_m435_b70/CBS_k3_n100_m435_b70_756.cnf,SAT,126999.48,126984.95,14.53,1162,726
/home/richard/project/SAT_benchmark/SATLIB/CBS_k3_n100_m435_b70/CBS_k3_n100_m435_b70_935.cnf,SAT,61694.79,61680.54,14.25,560,480
/home/richard/project/SAT_benchmark/SATLIB/CBS_k3_n100_m435_b70/CBS_k3_n100_m435_b70_641.cnf,SAT,14516.48,14506.16,10.32,131,112
/home/richard/project/SAT_benchmark/SATLIB/CBS_k3_n100_m435_b70/CBS_k3_n100_m435_b70_980.cnf,SAT,31252.82,31241.60,11.22,284,234
/home/richard/project/SAT_benchmark/SATLIB/CBS_k3_n100_m435_b70/CBS_k3_n100_m435_b70_818.cnf,SAT,85586.07,85573.22,12.85,783,648
/home/richard/project/SAT_benchmark/SATLIB/CBS_k3_n100_m435_b70/CBS_k3_n100_m435_b70_551.cnf,SAT,48501.82,48488.71,13.11,440,377
/home/richard/project/SAT_benchmark/SATLIB/CBS_k3_n100_m435_b70/CBS_k3_n100_m435_b70_516.cnf,SAT,4588.40,4572.92,15.47,44,19
/home/richard/project/SAT_benchmark/SATLIB/CBS_k3_n100_m435_b70/CBS_k3_n100_m435_b70_53.cnf,SAT,46162.01,46150.84,11.17,429,323
/home/richard/project/SAT_benchmark/SATLIB/CBS_k3_n100_m435_b70/CBS_k3_n100_m435_b70_294.cnf,SAT,8944.06,8932.51,11.55,80,53
/home/richard/project/SAT_benchmark/SATLIB/CBS_k3_n100_m435_b70/CBS_k3_n100_m435_b70_687.cnf,SAT,37580.74,37569.53,11.21,342,300
/home/richard/project/SAT_benchmark/SATLIB/CBS_k3_n100_m435_b70/CBS_k3_n100_m435_b70_697.cnf,SAT,48568.37,48556.01,12.36,444,381
/home/richard/project/SAT_benchmark/SATLIB/CBS_k3_n100_m435_b70/CBS_k3_n100_m435_b70_366.cnf,SAT,40738.63,40727.39,11.24,371,303
/home/richard/project/SAT_benchmark/SATLIB/CBS_k3_n100_m435_b70/CBS_k3_n100_m435_b70_931.cnf,SAT,37534.63,37521.86,12.77,341,249
/home/richard/project/SAT_benchmark/SATLIB/CBS_k3_n100_m435_b70/CBS_k3_n100_m435_b70_876.cnf,SAT,50558.36,50547.43,10.93,468,377
/home/richard/project/SAT_benchmark/SATLIB/CBS_k3_n100_m435_b70/CBS_k3_n100_m435_b70_60.cnf,SAT,149608.76,149592.69,16.07,1366,980
/home/richard/project/SAT_benchmark/SATLIB/CBS_k3_n100_m435_b70/CBS_k3_n100_m435_b70_920.cnf,SAT,40804.66,40791.72,12.94,372,319
/home/richard/project/SAT_benchmark/SATLIB/CBS_k3_n100_m435_b70/CBS_k3_n100_m435_b70_413.cnf,SAT,39590.05,39578.21,11.85,367,285
/home/richard/project/SAT_benchmark/SATLIB/CBS_k3_n100_m435_b70/CBS_k3_n100_m435_b70_550.cnf,SAT,35483.17,35471.25,11.92,322,248
/home/richard/project/SAT_benchmark/SATLIB/CBS_k3_n100_m435_b70/CBS_k3_n100_m435_b70_168.cnf,SAT,23210.63,23198.85,11.78,218,187
/home/richard/project/SAT_benchmark/SATLIB/CBS_k3_n100_m435_b70/CBS_k3_n100_m435_b70_754.cnf,SAT,47393.33,47376.73,16.60,434,282
/home/richard/project/SAT_benchmark/SATLIB/CBS_k3_n100_m435_b70/CBS_k3_n100_m435_b70_835.cnf,SAT,28782.97,28770.62,12.35,264,181
/home/richard/project/SAT_benchmark/SATLIB/CBS_k3_n100_m435_b70/CBS_k3_n100_m435_b70_35.cnf,SAT,87824.24,87805.13,19.11,804,673
/home/richard/project/SAT_benchmark/SATLIB/CBS_k3_n100_m435_b70/CBS_k3_n100_m435_b70_277.cnf,SAT,62145.34,62132.63,12.71,560,428
/home/richard/project/SAT_benchmark/SATLIB/CBS_k3_n100_m435_b70/CBS_k3_n100_m435_b70_870.cnf,SAT,38620.42,38607.35,13.08,352,282
/home/richard/project/SAT_benchmark/SATLIB/CBS_k3_n100_m435_b70/CBS_k3_n100_m435_b70_951.cnf,SAT,23217.43,23202.21,15.21,213,173
/home/richard/project/SAT_benchmark/SATLIB/CBS_k3_n100_m435_b70/CBS_k3_n100_m435_b70_405.cnf,SAT,39620.98,39604.06,16.93,360,306
/home/richard/project/SAT_benchmark/SATLIB/CBS_k3_n100_m435_b70/CBS_k3_n100_m435_b70_240.cnf,SAT,76826.74,76813.25,13.49,705,591
/home/richard/project/SAT_benchmark/SATLIB/CBS_k3_n100_m435_b70/CBS_k3_n100_m435_b70_604.cnf,SAT,51723.43,51709.63,13.80,471,339
/home/richard/project/SAT_benchmark/SATLIB/CBS_k3_n100_m435_b70/CBS_k3_n100_m435_b70_459.cnf,SAT,41869.44,41857.62,11.82,388,296
/home/richard/project/SAT_benchmark/SATLIB/CBS_k3_n100_m435_b70/CBS_k3_n100_m435_b70_78.cnf,SAT,61677.92,61660.40,17.52,568,478
/home/richard/project/SAT_benchmark/SATLIB/CBS_k3_n100_m435_b70/CBS_k3_n100_m435_b70_724.cnf,SAT,33202.71,33190.58,12.13,300,239
/home/richard/project/SAT_benchmark/SATLIB/CBS_k3_n100_m435_b70/CBS_k3_n100_m435_b70_936.cnf,SAT,33091.88,33080.07,11.81,304,261
/home/richard/project/SAT_benchmark/SATLIB/CBS_k3_n100_m435_b70/CBS_k3_n100_m435_b70_278.cnf,SAT,65930.46,65916.30,14.16,600,507
/home/richard/project/SAT_benchmark/SATLIB/CBS_k3_n100_m435_b70/CBS_k3_n100_m435_b70_59.cnf,SAT,63762.89,63750.67,12.22,585,481
/home/richard/project/SAT_benchmark/SATLIB/CBS_k3_n100_m435_b70/CBS_k3_n100_m435_b70_116.cnf,SAT,34195.73,34182.44,13.30,318,274
/home/richard/project/SAT_benchmark/SATLIB/CBS_k3_n100_m435_b70/CBS_k3_n100_m435_b70_361.cnf,SAT,5673.38,5658.44,14.94,51,30
/home/richard/project/SAT_benchmark/SATLIB/CBS_k3_n100_m435_b70/CBS_k3_n100_m435_b70_852.cnf,SAT,108593.13,108578.31,14.83,994,832
/home/richard/project/SAT_benchmark/SATLIB/CBS_k3_n100_m435_b70/CBS_k3_n100_m435_b70_418.cnf,SAT,81426.96,81413.15,13.80,749,579
/home/richard/project/SAT_benchmark/SATLIB/CBS_k3_n100_m435_b70/CBS_k3_n100_m435_b70_120.cnf,SAT,12.01,0.00,12.01,0,0
/home/richard/project/SAT_benchmark/SATLIB/CBS_k3_n100_m435_b70/CBS_k3_n100_m435_b70_638.cnf,SAT,106825.76,106811.71,14.05,978,477
/home/richard/project/SAT_benchmark/SATLIB/CBS_k3_n100_m435_b70/CBS_k3_n100_m435_b70_766.cnf,SAT,98765.17,98751.99,13.18,906,607
/home/richard/project/SAT_benchmark/SATLIB/CBS_k3_n100_m435_b70/CBS_k3_n100_m435_b70_299.cnf,SAT,41819.54,41803.33,16.21,381,314
/home/richard/project/SAT_benchmark/SATLIB/CBS_k3_n100_m435_b70/CBS_k3_n100_m435_b70_339.cnf,SAT,5731.15,5716.14,15.00,50,32
/home/richard/project/SAT_benchmark/SATLIB/CBS_k3_n100_m435_b70/CBS_k3_n100_m435_b70_787.cnf,SAT,5679.66,5666.65,13.01,55,31
/home/richard/project/SAT_benchmark/SATLIB/CBS_k3_n100_m435_b70/CBS_k3_n100_m435_b70_65.cnf,SAT,11710.86,11701.46,9.40,104,78
/home/richard/project/SAT_benchmark/SATLIB/CBS_k3_n100_m435_b70/CBS_k3_n100_m435_b70_341.cnf,SAT,70505.38,70491.37,14.01,648,539
/home/richard/project/SAT_benchmark/SATLIB/CBS_k3_n100_m435_b70/CBS_k3_n100_m435_b70_734.cnf,SAT,24383.41,24373.76,9.65,226,174
/home/richard/project/SAT_benchmark/SATLIB/CBS_k3_n100_m435_b70/CBS_k3_n100_m435_b70_572.cnf,SAT,9041.44,9026.62,14.82,84,57
/home/richard/project/SAT_benchmark/SATLIB/CBS_k3_n100_m435_b70/CBS_k3_n100_m435_b70_644.cnf,SAT,2393.20,2381.19,12.01,21,2
/home/richard/project/SAT_benchmark/SATLIB/CBS_k3_n100_m435_b70/CBS_k3_n100_m435_b70_538.cnf,SAT,77492.93,77479.41,13.52,707,597
/home/richard/project/SAT_benchmark/SATLIB/CBS_k3_n100_m435_b70/CBS_k3_n100_m435_b70_728.cnf,SAT,63886.67,63874.67,12.00,585,504
/home/richard/project/SAT_benchmark/SATLIB/CBS_k3_n100_m435_b70/CBS_k3_n100_m435_b70_122.cnf,SAT,15661.46,15650.28,11.18,149,124
/home/richard/project/SAT_benchmark/SATLIB/CBS_k3_n100_m435_b70/CBS_k3_n100_m435_b70_512.cnf,SAT,18967.98,18957.83,10.15,175,141
/home/richard/project/SAT_benchmark/SATLIB/CBS_k3_n100_m435_b70/CBS_k3_n100_m435_b70_883.cnf,SAT,126279.31,126263.48,15.83,1159,919
/home/richard/project/SAT_benchmark/SATLIB/CBS_k3_n100_m435_b70/CBS_k3_n100_m435_b70_401.cnf,SAT,69312.55,69297.44,15.12,634,539
/home/richard/project/SAT_benchmark/SATLIB/CBS_k3_n100_m435_b70/CBS_k3_n100_m435_b70_69.cnf,SAT,39587.74,39575.09,12.64,367,302
/home/richard/project/SAT_benchmark/SATLIB/CBS_k3_n100_m435_b70/CBS_k3_n100_m435_b70_379.cnf,SAT,63760.44,63747.02,13.42,582,472
/home/richard/project/SAT_benchmark/SATLIB/CBS_k3_n100_m435_b70/CBS_k3_n100_m435_b70_695.cnf,SAT,38535.21,38521.82,13.40,358,300
/home/richard/project/SAT_benchmark/SATLIB/CBS_k3_n100_m435_b70/CBS_k3_n100_m435_b70_464.cnf,SAT,26486.57,26470.78,15.79,245,208
/home/richard/project/SAT_benchmark/SATLIB/CBS_k3_n100_m435_b70/CBS_k3_n100_m435_b70_618.cnf,SAT,62659.72,62646.24,13.48,576,488
/home/richard/project/SAT_benchmark/SATLIB/CBS_k3_n100_m435_b70/CBS_k3_n100_m435_b70_943.cnf,SAT,27716.64,27700.80,15.84,251,196
/home/richard/project/SAT_benchmark/SATLIB/CBS_k3_n100_m435_b70/CBS_k3_n100_m435_b70_544.cnf,SAT,24363.53,24353.17,10.36,220,179
/home/richard/project/SAT_benchmark/SATLIB/CBS_k3_n100_m435_b70/CBS_k3_n100_m435_b70_960.cnf,SAT,94300.06,94284.59,15.47,869,745
/home/richard/project/SAT_benchmark/SATLIB/CBS_k3_n100_m435_b70/CBS_k3_n100_m435_b70_546.cnf,SAT,5676.61,5663.27,13.34,59,37
/home/richard/project/SAT_benchmark/SATLIB/CBS_k3_n100_m435_b70/CBS_k3_n100_m435_b70_676.cnf,SAT,77255.28,77242.45,12.82,709,485
/home/richard/project/SAT_benchmark/SATLIB/CBS_k3_n100_m435_b70/CBS_k3_n100_m435_b70_354.cnf,SAT,25515.06,25500.56,14.50,230,197
/home/richard/project/SAT_benchmark/SATLIB/CBS_k3_n100_m435_b70/CBS_k3_n100_m435_b70_476.cnf,SAT,70380.87,70364.36,16.51,640,556
/home/richard/project/SAT_benchmark/SATLIB/CBS_k3_n100_m435_b70/CBS_k3_n100_m435_b70_819.cnf,SAT,167330.98,167314.99,15.98,1535,897
/home/richard/project/SAT_benchmark/SATLIB/CBS_k3_n100_m435_b70/CBS_k3_n100_m435_b70_614.cnf,SAT,14543.92,14534.08,9.84,137,112
/home/richard/project/SAT_benchmark/SATLIB/CBS_k3_n100_m435_b70/CBS_k3_n100_m435_b70_236.cnf,SAT,19987.02,19976.60,10.42,180,136
/home/richard/project/SAT_benchmark/SATLIB/CBS_k3_n100_m435_b70/CBS_k3_n100_m435_b70_182.cnf,SAT,36483.37,36471.57,11.80,333,274
/home/richard/project/SAT_benchmark/SATLIB/CBS_k3_n100_m435_b70/CBS_k3_n100_m435_b70_628.cnf,SAT,54986.77,54975.83,10.94,500,408
/home/richard/project/SAT_benchmark/SATLIB/CBS_k3_n100_m435_b70/CBS_k3_n100_m435_b70_42.cnf,SAT,64806.09,64790.97,15.11,597,502
/home/richard/project/SAT_benchmark/SATLIB/CBS_k3_n100_m435_b70/CBS_k3_n100_m435_b70_360.cnf,SAT,26445.64,26435.08,10.56,248,204
/home/richard/project/SAT_benchmark/SATLIB/CBS_k3_n100_m435_b70/CBS_k3_n100_m435_b70_625.cnf,SAT,73767.58,73753.10,14.47,675,541
/home/richard/project/SAT_benchmark/SATLIB/CBS_k3_n100_m435_b70/CBS_k3_n100_m435_b70_619.cnf,SAT,27588.85,27575.54,13.31,256,211
/home/richard/project/SAT_benchmark/SATLIB/CBS_k3_n100_m435_b70/CBS_k3_n100_m435_b70_914.cnf,SAT,20007.45,19992.77,14.68,188,154
/home/richard/project/SAT_benchmark/SATLIB/CBS_k3_n100_m435_b70/CBS_k3_n100_m435_b70_252.cnf,SAT,77914.31,77900.53,13.78,714,544
/home/richard/project/SAT_benchmark/SATLIB/CBS_k3_n100_m435_b70/CBS_k3_n100_m435_b70_803.cnf,SAT,95734.35,95718.07,16.28,879,759
/home/richard/project/SAT_benchmark/SATLIB/CBS_k3_n100_m435_b70/CBS_k3_n100_m435_b70_313.cnf,SAT,51690.22,51673.00,17.23,471,398
/home/richard/project/SAT_benchmark/SATLIB/CBS_k3_n100_m435_b70/CBS_k3_n100_m435_b70_342.cnf,SAT,101938.58,101921.76,16.82,933,802
/home/richard/project/SAT_benchmark/SATLIB/CBS_k3_n100_m435_b70/CBS_k3_n100_m435_b70_338.cnf,SAT,72883.58,72865.32,18.26,668,536
/home/richard/project/SAT_benchmark/SATLIB/CBS_k3_n100_m435_b70/CBS_k3_n100_m435_b70_523.cnf,SAT,68155.15,68141.29,13.86,629,534
/home/richard/project/SAT_benchmark/SATLIB/CBS_k3_n100_m435_b70/CBS_k3_n100_m435_b70_627.cnf,SAT,49708.62,49697.64,10.98,456,292
/home/richard/project/SAT_benchmark/SATLIB/CBS_k3_n100_m435_b70/CBS_k3_n100_m435_b70_497.cnf,SAT,165540.50,165524.50,16.00,1518,1138
/home/richard/project/SAT_benchmark/SATLIB/CBS_k3_n100_m435_b70/CBS_k3_n100_m435_b70_408.cnf,SAT,70262.25,70247.75,14.50,641,478
/home/richard/project/SAT_benchmark/SATLIB/CBS_k3_n100_m435_b70/CBS_k3_n100_m435_b70_461.cnf,SAT,36440.60,36429.49,11.11,331,267
/home/richard/project/SAT_benchmark/SATLIB/CBS_k3_n100_m435_b70/CBS_k3_n100_m435_b70_916.cnf,SAT,36493.41,36477.02,16.39,333,274
/home/richard/project/SAT_benchmark/SATLIB/CBS_k3_n100_m435_b70/CBS_k3_n100_m435_b70_713.cnf,SAT,19999.81,19988.23,11.59,183,159
/home/richard/project/SAT_benchmark/SATLIB/CBS_k3_n100_m435_b70/CBS_k3_n100_m435_b70_508.cnf,SAT,27669.71,27653.11,16.60,254,187
/home/richard/project/SAT_benchmark/SATLIB/CBS_k3_n100_m435_b70/CBS_k3_n100_m435_b70_570.cnf,SAT,84587.20,84572.44,14.75,771,647
/home/richard/project/SAT_benchmark/SATLIB/CBS_k3_n100_m435_b70/CBS_k3_n100_m435_b70_794.cnf,SAT,15608.31,15598.12,10.19,144,122
/home/richard/project/SAT_benchmark/SATLIB/CBS_k3_n100_m435_b70/CBS_k3_n100_m435_b70_449.cnf,SAT,69309.61,69294.65,14.95,636,514
/home/richard/project/SAT_benchmark/SATLIB/CBS_k3_n100_m435_b70/CBS_k3_n100_m435_b70_481.cnf,SAT,61722.34,61708.46,13.88,568,478
/home/richard/project/SAT_benchmark/SATLIB/CBS_k3_n100_m435_b70/CBS_k3_n100_m435_b70_352.cnf,SAT,7880.82,7865.62,15.20,71,50
/home/richard/project/SAT_benchmark/SATLIB/CBS_k3_n100_m435_b70/CBS_k3_n100_m435_b70_882.cnf,SAT,11629.18,11619.31,9.87,106,75
/home/richard/project/SAT_benchmark/SATLIB/CBS_k3_n100_m435_b70/CBS_k3_n100_m435_b70_964.cnf,SAT,49719.87,49708.05,11.82,454,373
/home/richard/project/SAT_benchmark/SATLIB/CBS_k3_n100_m435_b70/CBS_k3_n100_m435_b70_999.cnf,SAT,107012.35,106997.51,14.84,979,846
/home/richard/project/SAT_benchmark/SATLIB/CBS_k3_n100_m435_b70/CBS_k3_n100_m435_b70_411.cnf,SAT,33305.60,33289.40,16.20,301,242
/home/richard/project/SAT_benchmark/SATLIB/CBS_k3_n100_m435_b70/CBS_k3_n100_m435_b70_970.cnf,SAT,25542.52,25532.26,10.26,232,199
/home/richard/project/SAT_benchmark/SATLIB/CBS_k3_n100_m435_b70/CBS_k3_n100_m435_b70_678.cnf,SAT,76016.37,76002.00,14.38,696,559
/home/richard/project/SAT_benchmark/SATLIB/CBS_k3_n100_m435_b70/CBS_k3_n100_m435_b70_932.cnf,SAT,24296.58,24280.63,15.95,223,181
/home/richard/project/SAT_benchmark/SATLIB/CBS_k3_n100_m435_b70/CBS_k3_n100_m435_b70_268.cnf,SAT,50575.13,50561.70,13.43,462,400
/home/richard/project/SAT_benchmark/SATLIB/CBS_k3_n100_m435_b70/CBS_k3_n100_m435_b70_587.cnf,SAT,10123.06,10113.45,9.61,95,68
/home/richard/project/SAT_benchmark/SATLIB/CBS_k3_n100_m435_b70/CBS_k3_n100_m435_b70_760.cnf,SAT,14490.78,14476.11,14.67,137,106
/home/richard/project/SAT_benchmark/SATLIB/CBS_k3_n100_m435_b70/CBS_k3_n100_m435_b70_253.cnf,SAT,41947.80,41933.08,14.73,384,308
/home/richard/project/SAT_benchmark/SATLIB/CBS_k3_n100_m435_b70/CBS_k3_n100_m435_b70_131.cnf,SAT,60478.52,60467.00,11.52,551,415
/home/richard/project/SAT_benchmark/SATLIB/CBS_k3_n100_m435_b70/CBS_k3_n100_m435_b70_345.cnf,SAT,7899.14,7889.97,9.17,70,40
/home/richard/project/SAT_benchmark/SATLIB/CBS_k3_n100_m435_b70/CBS_k3_n100_m435_b70_256.cnf,SAT,109744.72,109729.16,15.56,1006,734
/home/richard/project/SAT_benchmark/SATLIB/CBS_k3_n100_m435_b70/CBS_k3_n100_m435_b70_321.cnf,SAT,4583.47,4572.42,11.06,44,15
/home/richard/project/SAT_benchmark/SATLIB/CBS_k3_n100_m435_b70/CBS_k3_n100_m435_b70_529.cnf,SAT,36928.48,36915.74,12.74,337,268
/home/richard/project/SAT_benchmark/SATLIB/CBS_k3_n100_m435_b70/CBS_k3_n100_m435_b70_897.cnf,SAT,30978.53,30965.75,12.78,288,249
/home/richard/project/SAT_benchmark/SATLIB/CBS_k3_n100_m435_b70/CBS_k3_n100_m435_b70_251.cnf,SAT,50648.63,50637.12,11.52,465,388
/home/richard/project/SAT_benchmark/SATLIB/CBS_k3_n100_m435_b70/CBS_k3_n100_m435_b70_855.cnf,SAT,80051.42,80038.30,13.12,738,629
/home/richard/project/SAT_benchmark/SATLIB/CBS_k3_n100_m435_b70/CBS_k3_n100_m435_b70_915.cnf,SAT,48422.14,48407.95,14.19,440,343
/home/richard/project/SAT_benchmark/SATLIB/CBS_k3_n100_m435_b70/CBS_k3_n100_m435_b70_429.cnf,SAT,112419.98,112402.76,17.22,1023,860
/home/richard/project/SAT_benchmark/SATLIB/CBS_k3_n100_m435_b70/CBS_k3_n100_m435_b70_786.cnf,SAT,40779.26,40765.16,14.09,376,313
/home/richard/project/SAT_benchmark/SATLIB/CBS_k3_n100_m435_b70/CBS_k3_n100_m435_b70_103.cnf,SAT,19974.38,19958.81,15.57,189,141
/home/richard/project/SAT_benchmark/SATLIB/CBS_k3_n100_m435_b70/CBS_k3_n100_m435_b70_49.cnf,SAT,21019.40,21006.83,12.57,190,154
/home/richard/project/SAT_benchmark/SATLIB/CBS_k3_n100_m435_b70/CBS_k3_n100_m435_b70_540.cnf,SAT,52784.20,52771.29,12.91,482,398
/home/richard/project/SAT_benchmark/SATLIB/CBS_k3_n100_m435_b70/CBS_k3_n100_m435_b70_248.cnf,SAT,70421.80,70409.00,12.80,644,464
/home/richard/project/SAT_benchmark/SATLIB/CBS_k3_n100_m435_b70/CBS_k3_n100_m435_b70_677.cnf,SAT,64833.00,64820.48,12.51,595,521
/home/richard/project/SAT_benchmark/SATLIB/CBS_k3_n100_m435_b70/CBS_k3_n100_m435_b70_382.cnf,SAT,58356.35,58340.33,16.03,531,446
/home/richard/project/SAT_benchmark/SATLIB/CBS_k3_n100_m435_b70/CBS_k3_n100_m435_b70_939.cnf,SAT,86797.16,86782.31,14.85,793,683
/home/richard/project/SAT_benchmark/SATLIB/CBS_k3_n100_m435_b70/CBS_k3_n100_m435_b70_646.cnf,SAT,35313.59,35299.19,14.41,328,280
/home/richard/project/SAT_benchmark/SATLIB/CBS_k3_n100_m435_b70/CBS_k3_n100_m435_b70_390.cnf,SAT,65742.00,65724.43,17.58,603,515
/home/richard/project/SAT_benchmark/SATLIB/CBS_k3_n100_m435_b70/CBS_k3_n100_m435_b70_465.cnf,SAT,11223.75,11208.75,15.00,104,78
/home/richard/project/SAT_benchmark/SATLIB/CBS_k3_n100_m435_b70/CBS_k3_n100_m435_b70_823.cnf,SAT,70201.81,70187.59,14.22,645,463
/home/richard/project/SAT_benchmark/SATLIB/CBS_k3_n100_m435_b70/CBS_k3_n100_m435_b70_51.cnf,SAT,7929.90,7920.11,9.79,73,43
/home/richard/project/SAT_benchmark/SATLIB/CBS_k3_n100_m435_b70/CBS_k3_n100_m435_b70_624.cnf,SAT,25468.84,25452.73,16.10,232,187
/home/richard/project/SAT_benchmark/SATLIB/CBS_k3_n100_m435_b70/CBS_k3_n100_m435_b70_34.cnf,SAT,3511.52,3501.85,9.67,32,20
/home/richard/project/SAT_benchmark/SATLIB/CBS_k3_n100_m435_b70/CBS_k3_n100_m435_b70_639.cnf,SAT,28234.15,28221.00,13.16,257,203
/home/richard/project/SAT_benchmark/SATLIB/CBS_k3_n100_m435_b70/CBS_k3_n100_m435_b70_229.cnf,SAT,31068.97,31053.10,15.87,286,246
/home/richard/project/SAT_benchmark/SATLIB/CBS_k3_n100_m435_b70/CBS_k3_n100_m435_b70_403.cnf,SAT,6791.34,6778.47,12.87,68,33
/home/richard/project/SAT_benchmark/SATLIB/CBS_k3_n100_m435_b70/CBS_k3_n100_m435_b70_973.cnf,SAT,72502.79,72488.94,13.85,668,465
/home/richard/project/SAT_benchmark/SATLIB/CBS_k3_n100_m435_b70/CBS_k3_n100_m435_b70_153.cnf,SAT,42780.34,42763.89,16.45,391,334
/home/richard/project/SAT_benchmark/SATLIB/CBS_k3_n100_m435_b70/CBS_k3_n100_m435_b70_717.cnf,SAT,63682.82,63670.74,12.08,580,455
/home/richard/project/SAT_benchmark/SATLIB/CBS_k3_n100_m435_b70/CBS_k3_n100_m435_b70_856.cnf,SAT,80421.16,80403.52,17.64,738,575
/home/richard/project/SAT_benchmark/SATLIB/CBS_k3_n100_m435_b70/CBS_k3_n100_m435_b70_282.cnf,SAT,8996.77,8984.15,12.62,88,57
/home/richard/project/SAT_benchmark/SATLIB/CBS_k3_n100_m435_b70/CBS_k3_n100_m435_b70_592.cnf,SAT,22247.05,22237.26,9.80,208,167
/home/richard/project/SAT_benchmark/SATLIB/CBS_k3_n100_m435_b70/CBS_k3_n100_m435_b70_611.cnf,SAT,25489.91,25478.35,11.56,234,197
/home/richard/project/SAT_benchmark/SATLIB/CBS_k3_n100_m435_b70/CBS_k3_n100_m435_b70_679.cnf,SAT,105676.11,105661.04,15.07,965,736
/home/richard/project/SAT_benchmark/SATLIB/CBS_k3_n100_m435_b70/CBS_k3_n100_m435_b70_351.cnf,SAT,67091.43,67073.75,17.68,616,515
/home/richard/project/SAT_benchmark/SATLIB/CBS_k3_n100_m435_b70/CBS_k3_n100_m435_b70_909.cnf,SAT,11889.45,11876.53,12.91,100,79
/home/richard/project/SAT_benchmark/SATLIB/CBS_k3_n100_m435_b70/CBS_k3_n100_m435_b70_746.cnf,SAT,32020.04,32006.71,13.33,298,240
/home/richard/project/SAT_benchmark/SATLIB/CBS_k3_n100_m435_b70/CBS_k3_n100_m435_b70_596.cnf,SAT,72755.27,72743.62,11.66,668,440
/home/richard/project/SAT_benchmark/SATLIB/CBS_k3_n100_m435_b70/CBS_k3_n100_m435_b70_133.cnf,SAT,88993.96,88980.77,13.19,813,687
/home/richard/project/SAT_benchmark/SATLIB/CBS_k3_n100_m435_b70/CBS_k3_n100_m435_b70_732.cnf,SAT,78010.90,77998.55,12.36,717,454
/home/richard/project/SAT_benchmark/SATLIB/CBS_k3_n100_m435_b70/CBS_k3_n100_m435_b70_421.cnf,SAT,49660.35,49647.20,13.15,454,381
/home/richard/project/SAT_benchmark/SATLIB/CBS_k3_n100_m435_b70/CBS_k3_n100_m435_b70_136.cnf,SAT,36415.92,36405.22,10.70,334,279
/home/richard/project/SAT_benchmark/SATLIB/CBS_k3_n100_m435_b70/CBS_k3_n100_m435_b70_702.cnf,SAT,28761.27,28750.24,11.03,260,219
/home/richard/project/SAT_benchmark/SATLIB/CBS_k3_n100_m435_b70/CBS_k3_n100_m435_b70_821.cnf,SAT,14552.34,14538.23,14.11,139,100
/home/richard/project/SAT_benchmark/SATLIB/CBS_k3_n100_m435_b70/CBS_k3_n100_m435_b70_336.cnf,SAT,27583.17,27572.42,10.75,258,207
/home/richard/project/SAT_benchmark/SATLIB/CBS_k3_n100_m435_b70/CBS_k3_n100_m435_b70_250.cnf,SAT,16667.56,16651.94,15.63,151,128
/home/richard/project/SAT_benchmark/SATLIB/CBS_k3_n100_m435_b70/CBS_k3_n100_m435_b70_791.cnf,SAT,6816.61,6805.61,10.99,69,37
/home/richard/project/SAT_benchmark/SATLIB/CBS_k3_n100_m435_b70/CBS_k3_n100_m435_b70_126.cnf,SAT,47256.34,47245.32,11.02,438,374
/home/richard/project/SAT_benchmark/SATLIB/CBS_k3_n100_m435_b70/CBS_k3_n100_m435_b70_827.cnf,SAT,47405.71,47391.05,14.66,437,374
/home/richard/project/SAT_benchmark/SATLIB/CBS_k3_n100_m435_b70/CBS_k3_n100_m435_b70_906.cnf,SAT,63765.13,63752.83,12.31,582,410
/home/richard/project/SAT_benchmark/SATLIB/CBS_k3_n100_m435_b70/CBS_k3_n100_m435_b70_957.cnf,SAT,12338.31,12328.32,9.98,111,77
/home/richard/project/SAT_benchmark/SATLIB/CBS_k3_n100_m435_b70/CBS_k3_n100_m435_b70_986.cnf,SAT,25498.53,25487.85,10.68,238,196
/home/richard/project/SAT_benchmark/SATLIB/CBS_k3_n100_m435_b70/CBS_k3_n100_m435_b70_725.cnf,SAT,44098.32,44081.72,16.60,405,334
/home/richard/project/SAT_benchmark/SATLIB/CBS_k3_n100_m435_b70/CBS_k3_n100_m435_b70_137.cnf,SAT,11198.82,11188.28,10.53,105,57
/home/richard/project/SAT_benchmark/SATLIB/CBS_k3_n100_m435_b70/CBS_k3_n100_m435_b70_287.cnf,SAT,41806.99,41796.35,10.63,385,323
/home/richard/project/SAT_benchmark/SATLIB/CBS_k3_n100_m435_b70/CBS_k3_n100_m435_b70_866.cnf,SAT,42091.01,42079.63,11.39,381,253
/home/richard/project/SAT_benchmark/SATLIB/CBS_k3_n100_m435_b70/CBS_k3_n100_m435_b70_109.cnf,SAT,23293.97,23283.58,10.40,214,170
/home/richard/project/SAT_benchmark/SATLIB/CBS_k3_n100_m435_b70/CBS_k3_n100_m435_b70_994.cnf,SAT,45139.35,45126.19,13.16,419,356
/home/richard/project/SAT_benchmark/SATLIB/CBS_k3_n100_m435_b70/CBS_k3_n100_m435_b70_224.cnf,SAT,38447.78,38435.15,12.63,358,311
/home/richard/project/SAT_benchmark/SATLIB/CBS_k3_n100_m435_b70/CBS_k3_n100_m435_b70_205.cnf,SAT,19976.82,19964.44,12.38,180,134
/home/richard/project/SAT_benchmark/SATLIB/CBS_k3_n100_m435_b70/CBS_k3_n100_m435_b70_912.cnf,SAT,61731.33,61717.19,14.14,568,496
/home/richard/project/SAT_benchmark/SATLIB/CBS_k3_n100_m435_b70/CBS_k3_n100_m435_b70_889.cnf,SAT,25514.88,25500.47,14.41,238,195
/home/richard/project/SAT_benchmark/SATLIB/CBS_k3_n100_m435_b70/CBS_k3_n100_m435_b70_737.cnf,SAT,85219.61,85205.32,14.28,772,642
/home/richard/project/SAT_benchmark/SATLIB/CBS_k3_n100_m435_b70/CBS_k3_n100_m435_b70_810.cnf,SAT,94309.45,94293.28,16.17,864,722
/home/richard/project/SAT_benchmark/SATLIB/CBS_k3_n100_m435_b70/CBS_k3_n100_m435_b70_775.cnf,SAT,47350.53,47337.74,12.79,430,347
/home/richard/project/SAT_benchmark/SATLIB/CBS_k3_n100_m435_b70/CBS_k3_n100_m435_b70_610.cnf,SAT,24395.42,24384.28,11.14,220,156
/home/richard/project/SAT_benchmark/SATLIB/CBS_k3_n100_m435_b70/CBS_k3_n100_m435_b70_496.cnf,SAT,20038.44,20028.69,9.75,183,150
/home/richard/project/SAT_benchmark/SATLIB/CBS_k3_n100_m435_b70/CBS_k3_n100_m435_b70_445.cnf,SAT,3491.31,3482.20,9.11,39,18
/home/richard/project/SAT_benchmark/SATLIB/CBS_k3_n100_m435_b70/CBS_k3_n100_m435_b70_255.cnf,SAT,31015.26,31004.85,10.41,287,238
/home/richard/project/SAT_benchmark/SATLIB/CBS_k3_n100_m435_b70/CBS_k3_n100_m435_b70_81.cnf,SAT,112858.24,112841.82,16.42,1034,897
/home/richard/project/SAT_benchmark/SATLIB/CBS_k3_n100_m435_b70/CBS_k3_n100_m435_b70_534.cnf,SAT,44073.63,44059.46,14.17,405,327
/home/richard/project/SAT_benchmark/SATLIB/CBS_k3_n100_m435_b70/CBS_k3_n100_m435_b70_176.cnf,SAT,112157.69,112137.73,19.96,1020,891
/home/richard/project/SAT_benchmark/SATLIB/CBS_k3_n100_m435_b70/CBS_k3_n100_m435_b70_185.cnf,SAT,16731.59,16718.21,13.37,153,124
/home/richard/project/SAT_benchmark/SATLIB/CBS_k3_n100_m435_b70/CBS_k3_n100_m435_b70_333.cnf,SAT,29865.39,29855.43,9.96,272,233
/home/richard/project/SAT_benchmark/SATLIB/CBS_k3_n100_m435_b70/CBS_k3_n100_m435_b70_531.cnf,SAT,95816.12,95799.99,16.13,876,759
/home/richard/project/SAT_benchmark/SATLIB/CBS_k3_n100_m435_b70/CBS_k3_n100_m435_b70_61.cnf,SAT,21024.86,21009.84,15.01,191,152
/home/richard/project/SAT_benchmark/SATLIB/CBS_k3_n100_m435_b70/CBS_k3_n100_m435_b70_337.cnf,SAT,68401.14,68387.11,14.03,629,528
/home/richard/project/SAT_benchmark/SATLIB/CBS_k3_n100_m435_b70/CBS_k3_n100_m435_b70_862.cnf,SAT,108709.60,108693.88,15.71,993,760
/home/richard/project/SAT_benchmark/SATLIB/CBS_k3_n100_m435_b70/CBS_k3_n100_m435_b70_335.cnf,SAT,74784.25,74770.84,13.41,683,560
/home/richard/project/SAT_benchmark/SATLIB/CBS_k3_n100_m435_b70/CBS_k3_n100_m435_b70_397.cnf,SAT,70397.52,70383.17,14.35,641,478
/home/richard/project/SAT_benchmark/SATLIB/CBS_k3_n100_m435_b70/CBS_k3_n100_m435_b70_370.cnf,SAT,77940.37,77926.02,14.35,718,577
/home/richard/project/SAT_benchmark/SATLIB/CBS_k3_n100_m435_b70/CBS_k3_n100_m435_b70_191.cnf,SAT,33081.04,33064.39,16.64,302,258
/home/richard/project/SAT_benchmark/SATLIB/CBS_k3_n100_m435_b70/CBS_k3_n100_m435_b70_412.cnf,SAT,15532.52,15521.51,11.01,142,88
/home/richard/project/SAT_benchmark/SATLIB/CBS_k3_n100_m435_b70/CBS_k3_n100_m435_b70_258.cnf,SAT,41930.08,41916.99,13.09,383,328
/home/richard/project/SAT_benchmark/SATLIB/CBS_k3_n100_m435_b70/CBS_k3_n100_m435_b70_743.cnf,SAT,11218.76,11209.94,8.82,106,78
/home/richard/project/SAT_benchmark/SATLIB/CBS_k3_n100_m435_b70/CBS_k3_n100_m435_b70_552.cnf,SAT,29829.73,29813.44,16.30,273,208
/home/richard/project/SAT_benchmark/SATLIB/CBS_k3_n100_m435_b70/CBS_k3_n100_m435_b70_45.cnf,SAT,44967.94,44956.45,11.48,415,348
/home/richard/project/SAT_benchmark/SATLIB/CBS_k3_n100_m435_b70/CBS_k3_n100_m435_b70_985.cnf,SAT,107635.43,107617.22,18.21,987,768
/home/richard/project/SAT_benchmark/SATLIB/CBS_k3_n100_m435_b70/CBS_k3_n100_m435_b70_188.cnf,SAT,68033.22,68016.82,16.40,620,528
/home/richard/project/SAT_benchmark/SATLIB/CBS_k3_n100_m435_b70/CBS_k3_n100_m435_b70_895.cnf,SAT,62682.50,62667.39,15.11,576,497
/home/richard/project/SAT_benchmark/SATLIB/CBS_k3_n100_m435_b70/CBS_k3_n100_m435_b70_976.cnf,SAT,51624.13,51609.71,14.42,474,378
/home/richard/project/SAT_benchmark/SATLIB/CBS_k3_n100_m435_b70/CBS_k3_n100_m435_b70_735.cnf,SAT,72529.57,72516.36,13.20,664,564
/home/richard/project/SAT_benchmark/SATLIB/CBS_k3_n100_m435_b70/CBS_k3_n100_m435_b70_453.cnf,SAT,83649.38,83634.09,15.29,768,642
/home/richard/project/SAT_benchmark/SATLIB/CBS_k3_n100_m435_b70/CBS_k3_n100_m435_b70_347.cnf,SAT,82152.81,82138.05,14.77,756,645
/home/richard/project/SAT_benchmark/SATLIB/CBS_k3_n100_m435_b70/CBS_k3_n100_m435_b70_242.cnf,SAT,38685.33,38671.02,14.32,352,308
/home/richard/project/SAT_benchmark/SATLIB/CBS_k3_n100_m435_b70/CBS_k3_n100_m435_b70_384.cnf,SAT,30934.34,30918.47,15.87,283,231
/home/richard/project/SAT_benchmark/SATLIB/CBS_k3_n100_m435_b70/CBS_k3_n100_m435_b70_409.cnf,SAT,35624.46,35609.19,15.27,322,254
/home/richard/project/SAT_benchmark/SATLIB/CBS_k3_n100_m435_b70/CBS_k3_n100_m435_b70_807.cnf,SAT,36584.73,36572.90,11.83,334,266
/home/richard/project/SAT_benchmark/SATLIB/CBS_k3_n100_m435_b70/CBS_k3_n100_m435_b70_833.cnf,SAT,56200.95,56186.47,14.47,516,436
/home/richard/project/SAT_benchmark/SATLIB/CBS_k3_n100_m435_b70/CBS_k3_n100_m435_b70_726.cnf,SAT,67152.55,67136.18,16.37,612,363
/home/richard/project/SAT_benchmark/SATLIB/CBS_k3_n100_m435_b70/CBS_k3_n100_m435_b70_194.cnf,SAT,90080.64,90065.98,14.66,829,704
/home/richard/project/SAT_benchmark/SATLIB/CBS_k3_n100_m435_b70/CBS_k3_n100_m435_b70_83.cnf,SAT,85977.46,85961.16,16.30,781,642
/home/richard/project/SAT_benchmark/SATLIB/CBS_k3_n100_m435_b70/CBS_k3_n100_m435_b70_85.cnf,SAT,59364.65,59349.90,14.76,545,452
/home/richard/project/SAT_benchmark/SATLIB/CBS_k3_n100_m435_b70/CBS_k3_n100_m435_b70_507.cnf,SAT,56085.79,56068.46,17.33,512,436
/home/richard/project/SAT_benchmark/SATLIB/CBS_k3_n100_m435_b70/CBS_k3_n100_m435_b70_921.cnf,SAT,115349.76,115333.00,16.76,1054,798
/home/richard/project/SAT_benchmark/SATLIB/CBS_k3_n100_m435_b70/CBS_k3_n100_m435_b70_922.cnf,SAT,15581.89,15568.94,12.94,147,122
/home/richard/project/SAT_benchmark/SATLIB/CBS_k3_n100_m435_b70/CBS_k3_n100_m435_b70_890.cnf,SAT,48377.61,48365.88,11.74,440,367
/home/richard/project/SAT_benchmark/SATLIB/CBS_k3_n100_m435_b70/CBS_k3_n100_m435_b70_640.cnf,SAT,32071.36,32059.55,11.81,299,236
/home/richard/project/SAT_benchmark/SATLIB/CBS_k3_n100_m435_b70/CBS_k3_n100_m435_b70_560.cnf,SAT,28759.17,28744.35,14.81,261,214
/home/richard/project/SAT_benchmark/SATLIB/CBS_k3_n100_m435_b70/CBS_k3_n100_m435_b70_334.cnf,SAT,22209.85,22196.91,12.95,207,148
/home/richard/project/SAT_benchmark/SATLIB/CBS_k3_n100_m435_b70/CBS_k3_n100_m435_b70_166.cnf,SAT,106547.09,106532.12,14.97,972,613
/home/richard/project/SAT_benchmark/SATLIB/CBS_k3_n100_m435_b70/CBS_k3_n100_m435_b70_300.cnf,SAT,24403.81,24392.99,10.82,223,181
/home/richard/project/SAT_benchmark/SATLIB/CBS_k3_n100_m435_b70/CBS_k3_n100_m435_b70_731.cnf,SAT,40683.80,40671.19,12.61,374,305
/home/richard/project/SAT_benchmark/SATLIB/CBS_k3_n100_m435_b70/CBS_k3_n100_m435_b70_386.cnf,SAT,34224.21,34212.85,11.36,318,266
/home/richard/project/SAT_benchmark/SATLIB/CBS_k3_n100_m435_b70/CBS_k3_n100_m435_b70_901.cnf,SAT,58137.19,58122.86,14.34,535,465
/home/richard/project/SAT_benchmark/SATLIB/CBS_k3_n100_m435_b70/CBS_k3_n100_m435_b70_90.cnf,SAT,79094.29,79076.13,18.16,727,613
/home/richard/project/SAT_benchmark/SATLIB/CBS_k3_n100_m435_b70/CBS_k3_n100_m435_b70_249.cnf,SAT,82352.68,82338.59,14.09,759,644
/home/richard/project/SAT_benchmark/SATLIB/CBS_k3_n100_m435_b70/CBS_k3_n100_m435_b70_265.cnf,SAT,4576.70,4565.33,11.38,49,14
/home/richard/project/SAT_benchmark/SATLIB/CBS_k3_n100_m435_b70/CBS_k3_n100_m435_b70_484.cnf,SAT,40215.05,40198.48,16.58,362,280
/home/richard/project/SAT_benchmark/SATLIB/CBS_k3_n100_m435_b70/CBS_k3_n100_m435_b70_432.cnf,SAT,12277.00,12264.88,12.12,115,79
/home/richard/project/SAT_benchmark/SATLIB/CBS_k3_n100_m435_b70/CBS_k3_n100_m435_b70_824.cnf,SAT,52883.43,52869.31,14.12,488,377
/home/richard/project/SAT_benchmark/SATLIB/CBS_k3_n100_m435_b70/CBS_k3_n100_m435_b70_54.cnf,SAT,19938.87,19928.52,10.35,185,141
/home/richard/project/SAT_benchmark/SATLIB/CBS_k3_n100_m435_b70/CBS_k3_n100_m435_b70_426.cnf,SAT,43087.28,43075.82,11.47,393,329
/home/richard/project/SAT_benchmark/SATLIB/CBS_k3_n100_m435_b70/CBS_k3_n100_m435_b70_996.cnf,SAT,36429.06,36412.47,16.59,334,288
/home/richard/project/SAT_benchmark/SATLIB/CBS_k3_n100_m435_b70/CBS_k3_n100_m435_b70_130.cnf,SAT,38641.47,38629.16,12.30,353,280
/home/richard/project/SAT_benchmark/SATLIB/CBS_k3_n100_m435_b70/CBS_k3_n100_m435_b70_378.cnf,SAT,18914.37,18904.17,10.20,177,136
/home/richard/project/SAT_benchmark/SATLIB/CBS_k3_n100_m435_b70/CBS_k3_n100_m435_b70_777.cnf,SAT,61502.36,61486.17,16.19,563,428
/home/richard/project/SAT_benchmark/SATLIB/CBS_k3_n100_m435_b70/CBS_k3_n100_m435_b70_623.cnf,SAT,95401.22,95387.79,13.42,875,731
/home/richard/project/SAT_benchmark/SATLIB/CBS_k3_n100_m435_b70/CBS_k3_n100_m435_b70_808.cnf,SAT,58399.90,58386.63,13.27,539,464
/home/richard/project/SAT_benchmark/SATLIB/CBS_k3_n100_m435_b70/CBS_k3_n100_m435_b70_324.cnf,SAT,43995.56,43983.22,12.34,409,349
/home/richard/project/SAT_benchmark/SATLIB/CBS_k3_n100_m435_b70/CBS_k3_n100_m435_b70_241.cnf,SAT,13409.39,13399.00,10.40,126,94
/home/richard/project/SAT_benchmark/SATLIB/CBS_k3_n100_m435_b70/CBS_k3_n100_m435_b70_343.cnf,SAT,120530.64,120514.16,16.48,1109,982
/home/richard/project/SAT_benchmark/SATLIB/CBS_k3_n100_m435_b70/CBS_k3_n100_m435_b70_690.cnf,SAT,55177.18,55160.93,16.25,501,421
/home/richard/project/SAT_benchmark/SATLIB/CBS_k3_n100_m435_b70/CBS_k3_n100_m435_b70_503.cnf,SAT,21148.80,21135.45,13.35,196,160
/home/richard/project/SAT_benchmark/SATLIB/CBS_k3_n100_m435_b70/CBS_k3_n100_m435_b70_147.cnf,SAT,44090.37,44075.69,14.68,409,333
/home/richard/project/SAT_benchmark/SATLIB/CBS_k3_n100_m435_b70/CBS_k3_n100_m435_b70_778.cnf,SAT,21140.33,21128.35,11.99,191,161
/home/richard/project/SAT_benchmark/SATLIB/CBS_k3_n100_m435_b70/CBS_k3_n100_m435_b70_289.cnf,SAT,85832.72,85818.91,13.82,783,618
/home/richard/project/SAT_benchmark/SATLIB/CBS_k3_n100_m435_b70/CBS_k3_n100_m435_b70_138.cnf,SAT,12251.05,12240.18,10.88,116,87
/home/richard/project/SAT_benchmark/SATLIB/CBS_k3_n100_m435_b70/CBS_k3_n100_m435_b70_377.cnf,SAT,97572.21,97557.54,14.66,892,700
/home/richard/project/SAT_benchmark/SATLIB/CBS_k3_n100_m435_b70/CBS_k3_n100_m435_b70_904.cnf,SAT,63631.86,63619.50,12.36,585,463
/home/richard/project/SAT_benchmark/SATLIB/CBS_k3_n100_m435_b70/CBS_k3_n100_m435_b70_302.cnf,SAT,54042.64,54027.41,15.23,493,430
/home/richard/project/SAT_benchmark/SATLIB/CBS_k3_n100_m435_b70/CBS_k3_n100_m435_b70_11.cnf,SAT,132891.84,132874.12,17.71,1215,991
/home/richard/project/SAT_benchmark/SATLIB/CBS_k3_n100_m435_b70/CBS_k3_n100_m435_b70_460.cnf,SAT,63711.53,63698.79,12.74,584,476
/home/richard/project/SAT_benchmark/SATLIB/CBS_k3_n100_m435_b70/CBS_k3_n100_m435_b70_488.cnf,SAT,28812.44,28800.94,11.50,262,212
/home/richard/project/SAT_benchmark/SATLIB/CBS_k3_n100_m435_b70/CBS_k3_n100_m435_b70_664.cnf,SAT,65955.63,65942.50,13.13,604,532
/home/richard/project/SAT_benchmark/SATLIB/CBS_k3_n100_m435_b70/CBS_k3_n100_m435_b70_489.cnf,SAT,61576.23,61561.50,14.73,567,484
/home/richard/project/SAT_benchmark/SATLIB/CBS_k3_n100_m435_b70/CBS_k3_n100_m435_b70_589.cnf,SAT,102623.67,102608.17,15.50,937,617
/home/richard/project/SAT_benchmark/SATLIB/CBS_k3_n100_m435_b70/CBS_k3_n100_m435_b70_992.cnf,SAT,59457.50,59444.70,12.81,545,470
/home/richard/project/SAT_benchmark/SATLIB/CBS_k3_n100_m435_b70/CBS_k3_n100_m435_b70_290.cnf,SAT,84671.87,84659.21,12.66,771,637
/home/richard/project/SAT_benchmark/SATLIB/CBS_k3_n100_m435_b70/CBS_k3_n100_m435_b70_419.cnf,SAT,88048.15,88034.96,13.19,807,676
/home/richard/project/SAT_benchmark/SATLIB/CBS_k3_n100_m435_b70/CBS_k3_n100_m435_b70_554.cnf,SAT,11235.26,11220.74,14.53,102,76
/home/richard/project/SAT_benchmark/SATLIB/CBS_k3_n100_m435_b70/CBS_k3_n100_m435_b70_850.cnf,SAT,18857.94,18847.83,10.11,172,145
/home/richard/project/SAT_benchmark/SATLIB/CBS_k3_n100_m435_b70/CBS_k3_n100_m435_b70_118.cnf,SAT,17861.11,17847.56,13.55,162,130
/home/richard/project/SAT_benchmark/SATLIB/CBS_k3_n100_m435_b70/CBS_k3_n100_m435_b70_296.cnf,SAT,81335.45,81320.63,14.82,740,642
/home/richard/project/SAT_benchmark/SATLIB/CBS_k3_n100_m435_b70/CBS_k3_n100_m435_b70_568.cnf,SAT,3493.40,3481.71,11.68,37,16
/home/richard/project/SAT_benchmark/SATLIB/CBS_k3_n100_m435_b70/CBS_k3_n100_m435_b70_545.cnf,SAT,29103.82,29087.82,16.00,265,214
/home/richard/project/SAT_benchmark/SATLIB/CBS_k3_n100_m435_b70/CBS_k3_n100_m435_b70_208.cnf,SAT,82204.06,82189.61,14.45,759,632
/home/richard/project/SAT_benchmark/SATLIB/CBS_k3_n100_m435_b70/CBS_k3_n100_m435_b70_143.cnf,SAT,65952.09,65938.39,13.70,605,516
/home/richard/project/SAT_benchmark/SATLIB/CBS_k3_n100_m435_b70/CBS_k3_n100_m435_b70_87.cnf,SAT,42989.10,42974.85,14.26,396,353
/home/richard/project/SAT_benchmark/SATLIB/CBS_k3_n100_m435_b70/CBS_k3_n100_m435_b70_925.cnf,SAT,106191.38,106172.36,19.02,974,805
/home/richard/project/SAT_benchmark/SATLIB/CBS_k3_n100_m435_b70/CBS_k3_n100_m435_b70_715.cnf,SAT,156557.86,156540.15,17.71,1432,906
/home/richard/project/SAT_benchmark/SATLIB/CBS_k3_n100_m435_b70/CBS_k3_n100_m435_b70_565.cnf,SAT,17796.10,17785.30,10.79,165,121
/home/richard/project/SAT_benchmark/SATLIB/CBS_k3_n100_m435_b70/CBS_k3_n100_m435_b70_567.cnf,SAT,55177.58,55160.44,17.13,502,423
/home/richard/project/SAT_benchmark/SATLIB/CBS_k3_n100_m435_b70/CBS_k3_n100_m435_b70_189.cnf,SAT,65894.85,65881.99,12.86,606,498
/home/richard/project/SAT_benchmark/SATLIB/CBS_k3_n100_m435_b70/CBS_k3_n100_m435_b70_442.cnf,SAT,173221.74,173204.97,16.78,1586,1075
/home/richard/project/SAT_benchmark/SATLIB/CBS_k3_n100_m435_b70/CBS_k3_n100_m435_b70_983.cnf,SAT,14489.19,14475.76,13.44,130,96
/home/richard/project/SAT_benchmark/SATLIB/CBS_k3_n100_m435_b70/CBS_k3_n100_m435_b70_514.cnf,SAT,15573.62,15563.97,9.65,142,95
/home/richard/project/SAT_benchmark/SATLIB/CBS_k3_n100_m435_b70/CBS_k3_n100_m435_b70_681.cnf,SAT,47367.40,47355.06,12.34,431,372
/home/richard/project/SAT_benchmark/SATLIB/CBS_k3_n100_m435_b70/CBS_k3_n100_m435_b70_741.cnf,SAT,28707.03,28697.21,9.82,261,223
/home/richard/project/SAT_benchmark/SATLIB/CBS_k3_n100_m435_b70/CBS_k3_n100_m435_b70_595.cnf,SAT,32012.14,32001.97,10.17,291,177
/home/richard/project/SAT_benchmark/SATLIB/CBS_k3_n100_m435_b70/CBS_k3_n100_m435_b70_669.cnf,SAT,86795.57,86780.04,15.52,794,654
/home/richard/project/SAT_benchmark/SATLIB/CBS_k3_n100_m435_b70/CBS_k3_n100_m435_b70_969.cnf,SAT,18836.67,18822.99,13.68,175,135
/home/richard/project/SAT_benchmark/SATLIB/CBS_k3_n100_m435_b70/CBS_k3_n100_m435_b70_391.cnf,SAT,19986.37,19972.92,13.45,183,137
/home/richard/project/SAT_benchmark/SATLIB/CBS_k3_n100_m435_b70/CBS_k3_n100_m435_b70_500.cnf,SAT,67034.83,67020.64,14.19,612,513
/home/richard/project/SAT_benchmark/SATLIB/CBS_k3_n100_m435_b70/CBS_k3_n100_m435_b70_900.cnf,SAT,4573.59,4564.29,9.30,43,15
/home/richard/project/SAT_benchmark/SATLIB/CBS_k3_n100_m435_b70/CBS_k3_n100_m435_b70_908.cnf,SAT,54111.41,54098.08,13.33,499,405
/home/richard/project/SAT_benchmark/SATLIB/CBS_k3_n100_m435_b70/CBS_k3_n100_m435_b70_201.cnf,SAT,68061.12,68046.53,14.59,620,535
/home/richard/project/SAT_benchmark/SATLIB/CBS_k3_n100_m435_b70/CBS_k3_n100_m435_b70_123.cnf,SAT,10074.90,10062.92,11.98,91,66
/home/richard/project/SAT_benchmark/SATLIB/CBS_k3_n100_m435_b70/CBS_k3_n100_m435_b70_632.cnf,SAT,118618.35,118603.69,14.66,1085,782
/home/richard/project/SAT_benchmark/SATLIB/CBS_k3_n100_m435_b70/CBS_k3_n100_m435_b70_700.cnf,SAT,46333.21,46320.58,12.63,421,348
/home/richard/project/SAT_benchmark/SATLIB/CBS_k3_n100_m435_b70/CBS_k3_n100_m435_b70_801.cnf,SAT,18843.48,18827.93,15.55,172,136
/home/richard/project/SAT_benchmark/SATLIB/CBS_k3_n100_m435_b70/CBS_k3_n100_m435_b70_869.cnf,SAT,86589.81,86570.98,18.84,796,670
/home/richard/project/SAT_benchmark/SATLIB/CBS_k3_n100_m435_b70/CBS_k3_n100_m435_b70_863.cnf,SAT,20048.36,20036.94,11.42,182,133
/home/richard/project/SAT_benchmark/SATLIB/CBS_k3_n100_m435_b70/CBS_k3_n100_m435_b70_814.cnf,SAT,29322.25,29311.21,11.04,264,216
/home/richard/project/SAT_benchmark/SATLIB/CBS_k3_n100_m435_b70/CBS_k3_n100_m435_b70_535.cnf,SAT,82400.64,82385.04,15.60,752,512
/home/richard/project/SAT_benchmark/SATLIB/CBS_k3_n100_m435_b70/CBS_k3_n100_m435_b70_630.cnf,SAT,57293.87,57279.02,14.86,523,445
/home/richard/project/SAT_benchmark/SATLIB/CBS_k3_n100_m435_b70/CBS_k3_n100_m435_b70_785.cnf,SAT,44151.70,44140.45,11.25,402,342
/home/richard/project/SAT_benchmark/SATLIB/CBS_k3_n100_m435_b70/CBS_k3_n100_m435_b70_399.cnf,SAT,37509.48,37495.50,13.98,341,290
/home/richard/project/SAT_benchmark/SATLIB/CBS_k3_n100_m435_b70/CBS_k3_n100_m435_b70_398.cnf,SAT,60468.16,60453.97,14.19,553,482
/home/richard/project/SAT_benchmark/SATLIB/CBS_k3_n100_m435_b70/CBS_k3_n100_m435_b70_602.cnf,SAT,156521.37,156504.12,17.24,1430,906
/home/richard/project/SAT_benchmark/SATLIB/CBS_k3_n100_m435_b70/CBS_k3_n100_m435_b70_493.cnf,SAT,42955.53,42942.26,13.26,399,352
/home/richard/project/SAT_benchmark/SATLIB/CBS_k3_n100_m435_b70/CBS_k3_n100_m435_b70_145.cnf,SAT,93767.62,93749.49,18.12,854,744
/home/richard/project/SAT_benchmark/SATLIB/CBS_k3_n100_m435_b70/CBS_k3_n100_m435_b70_5.cnf,SAT,88905.04,88888.72,16.32,817,638
/home/richard/project/SAT_benchmark/SATLIB/CBS_k3_n100_m435_b70/CBS_k3_n100_m435_b70_899.cnf,SAT,36442.45,36431.75,10.71,333,225
/home/richard/project/SAT_benchmark/SATLIB/CBS_k3_n100_m435_b70/CBS_k3_n100_m435_b70_246.cnf,SAT,54128.00,54115.35,12.65,492,418
/home/richard/project/SAT_benchmark/SATLIB/CBS_k3_n100_m435_b70/CBS_k3_n100_m435_b70_307.cnf,SAT,17749.43,17737.38,12.04,163,135
/home/richard/project/SAT_benchmark/SATLIB/CBS_k3_n100_m435_b70/CBS_k3_n100_m435_b70_563.cnf,SAT,49559.06,49545.35,13.72,453,371
/home/richard/project/SAT_benchmark/SATLIB/CBS_k3_n100_m435_b70/CBS_k3_n100_m435_b70_25.cnf,SAT,26702.40,26691.48,10.91,242,132
/home/richard/project/SAT_benchmark/SATLIB/CBS_k3_n100_m435_b70/CBS_k3_n100_m435_b70_29.cnf,SAT,46489.93,46473.11,16.82,423,352
/home/richard/project/SAT_benchmark/SATLIB/CBS_k3_n100_m435_b70/CBS_k3_n100_m435_b70_163.cnf,SAT,47288.59,47277.03,11.56,437,363
/home/richard/project/SAT_benchmark/SATLIB/CBS_k3_n100_m435_b70/CBS_k3_n100_m435_b70_633.cnf,SAT,123823.10,123806.15,16.96,1135,916
/home/richard/project/SAT_benchmark/SATLIB/CBS_k3_n100_m435_b70/CBS_k3_n100_m435_b70_774.cnf,SAT,18913.25,18902.97,10.28,177,147
/home/richard/project/SAT_benchmark/SATLIB/CBS_k3_n100_m435_b70/CBS_k3_n100_m435_b70_417.cnf,SAT,13371.31,13358.79,12.51,121,83
/home/richard/project/SAT_benchmark/SATLIB/CBS_k3_n100_m435_b70/CBS_k3_n100_m435_b70_485.cnf,SAT,16702.97,16689.26,13.72,157,119
/home/richard/project/SAT_benchmark/SATLIB/CBS_k3_n100_m435_b70/CBS_k3_n100_m435_b70_573.cnf,SAT,0.07,0.00,0.07,0,0
/home/richard/project/SAT_benchmark/SATLIB/CBS_k3_n100_m435_b70/CBS_k3_n100_m435_b70_968.cnf,SAT,40969.18,40958.67,10.51,375,287
/home/richard/project/SAT_benchmark/SATLIB/CBS_k3_n100_m435_b70/CBS_k3_n100_m435_b70_950.cnf,SAT,54039.91,54028.27,11.64,497,414
/home/richard/project/SAT_benchmark/SATLIB/CBS_k3_n100_m435_b70/CBS_k3_n100_m435_b70_452.cnf,SAT,28744.84,28729.75,15.09,266,233
/home/richard/project/SAT_benchmark/SATLIB/CBS_k3_n100_m435_b70/CBS_k3_n100_m435_b70_569.cnf,SAT,25464.16,25453.19,10.97,238,186
/home/richard/project/SAT_benchmark/SATLIB/CBS_k3_n100_m435_b70/CBS_k3_n100_m435_b70_270.cnf,SAT,6786.03,6775.26,10.77,67,44
/home/richard/project/SAT_benchmark/SATLIB/CBS_k3_n100_m435_b70/CBS_k3_n100_m435_b70_306.cnf,SAT,91176.41,91162.31,14.11,830,494
/home/richard/project/SAT_benchmark/SATLIB/CBS_k3_n100_m435_b70/CBS_k3_n100_m435_b70_780.cnf,SAT,5249.22,5239.36,9.86,46,22
/home/richard/project/SAT_benchmark/SATLIB/CBS_k3_n100_m435_b70/CBS_k3_n100_m435_b70_286.cnf,SAT,85640.23,85625.19,15.04,787,671
/home/richard/project/SAT_benchmark/SATLIB/CBS_k3_n100_m435_b70/CBS_k3_n100_m435_b70_425.cnf,SAT,45180.62,45167.20,13.42,414,334
/home/richard/project/SAT_benchmark/SATLIB/CBS_k3_n100_m435_b70/CBS_k3_n100_m435_b70_67.cnf,SAT,134581.12,134565.62,15.50,1237,749
/home/richard/project/SAT_benchmark/SATLIB/CBS_k3_n100_m435_b70/CBS_k3_n100_m435_b70_626.cnf,SAT,14488.50,14474.35,14.15,137,97
/home/richard/project/SAT_benchmark/SATLIB/CBS_k3_n100_m435_b70/CBS_k3_n100_m435_b70_56.cnf,SAT,3504.87,3489.88,14.98,30,14
/home/richard/project/SAT_benchmark/SATLIB/CBS_k3_n100_m435_b70/CBS_k3_n100_m435_b70_562.cnf,SAT,40046.41,40035.37,11.04,362,320
/home/richard/project/SAT_benchmark/SATLIB/CBS_k3_n100_m435_b70/CBS_k3_n100_m435_b70_420.cnf,SAT,23248.77,23237.86,10.91,217,173
/home/richard/project/SAT_benchmark/SATLIB/CBS_k3_n100_m435_b70/CBS_k3_n100_m435_b70_26.cnf,SAT,13382.88,13372.00,10.88,128,87
/home/richard/project/SAT_benchmark/SATLIB/CBS_k3_n100_m435_b70/CBS_k3_n100_m435_b70_645.cnf,SAT,46193.10,46182.15,10.95,424,351
/home/richard/project/SAT_benchmark/SATLIB/CBS_k3_n100_m435_b70/CBS_k3_n100_m435_b70_549.cnf,SAT,52747.82,52730.77,17.05,482,404
/home/richard/project/SAT_benchmark/SATLIB/CBS_k3_n100_m435_b70/CBS_k3_n100_m435_b70_793.cnf,SAT,89023.46,89007.89,15.58,819,708
/home/richard/project/SAT_benchmark/SATLIB/CBS_k3_n100_m435_b70/CBS_k3_n100_m435_b70_593.cnf,SAT,22181.78,22170.38,11.40,207,162
/home/richard/project/SAT_benchmark/SATLIB/CBS_k3_n100_m435_b70/CBS_k3_n100_m435_b70_693.cnf,SAT,47395.24,47384.95,10.30,432,290
/home/richard/project/SAT_benchmark/SATLIB/CBS_k3_n100_m435_b70/CBS_k3_n100_m435_b70_537.cnf,SAT,124303.33,124287.96,15.37,1132,941
/home/richard/project/SAT_benchmark/SATLIB/CBS_k3_n100_m435_b70/CBS_k3_n100_m435_b70_933.cnf,SAT,8973.28,8958.24,15.04,82,55
/home/richard/project/SAT_benchmark/SATLIB/CBS_k3_n100_m435_b70/CBS_k3_n100_m435_b70_501.cnf,SAT,90146.35,90133.46,12.89,827,584
/home/richard/project/SAT_benchmark/SATLIB/CBS_k3_n100_m435_b70/CBS_k3_n100_m435_b70_181.cnf,SAT,5708.61,5697.86,10.75,58,35
/home/richard/project/SAT_benchmark/SATLIB/CBS_k3_n100_m435_b70/CBS_k3_n100_m435_b70_21.cnf,SAT,22665.00,22654.90,10.11,201,160
/home/richard/project/SAT_benchmark/SATLIB/CBS_k3_n100_m435_b70/CBS_k3_n100_m435_b70_871.cnf,SAT,136232.16,136215.81,16.35,1240,873
/home/richard/project/SAT_benchmark/SATLIB/CBS_k3_n100_m435_b70/CBS_k3_n100_m435_b70_479.cnf,SAT,21171.11,21160.40,10.71,193,155
/home/richard/project/SAT_benchmark/SATLIB/CBS_k3_n100_m435_b70/CBS_k3_n100_m435_b70_141.cnf,SAT,46518.93,46504.24,14.68,427,377
/home/richard/project/SAT_benchmark/SATLIB/CBS_k3_n100_m435_b70/CBS_k3_n100_m435_b70_990.cnf,SAT,21185.74,21175.47,10.27,199,170
/home/richard/project/SAT_benchmark/SATLIB/CBS_k3_n100_m435_b70/CBS_k3_n100_m435_b70_928.cnf,SAT,9018.87,9007.70,11.17,89,71
/home/richard/project/SAT_benchmark/SATLIB/CBS_k3_n100_m435_b70/CBS_k3_n100_m435_b70_977.cnf,SAT,113233.02,113218.29,14.73,1031,752
/home/richard/project/SAT_benchmark/SATLIB/CBS_k3_n100_m435_b70/CBS_k3_n100_m435_b70_6.cnf,SAT,4615.61,4600.31,15.30,46,23
/home/richard/project/SAT_benchmark/SATLIB/CBS_k3_n100_m435_b70/CBS_k3_n100_m435_b70_84.cnf,SAT,42366.06,42353.49,12.57,384,308
/home/richard/project/SAT_benchmark/SATLIB/CBS_k3_n100_m435_b70/CBS_k3_n100_m435_b70_917.cnf,SAT,16779.47,16764.09,15.38,158,128
/home/richard/project/SAT_benchmark/SATLIB/CBS_k3_n100_m435_b70/CBS_k3_n100_m435_b70_878.cnf,SAT,49576.69,49565.20,11.49,459,375
/home/richard/project/SAT_benchmark/SATLIB/CBS_k3_n100_m435_b70/CBS_k3_n100_m435_b70_887.cnf,SAT,45298.31,45286.75,11.56,412,361
/home/richard/project/SAT_benchmark/SATLIB/CBS_k3_n100_m435_b70/CBS_k3_n100_m435_b70_919.cnf,SAT,82546.80,82532.38,14.41,759,634
/home/richard/project/SAT_benchmark/SATLIB/CBS_k3_n100_m435_b70/CBS_k3_n100_m435_b70_720.cnf,SAT,35092.36,35078.36,14.00,314,251
/home/richard/project/SAT_benchmark/SATLIB/CBS_k3_n100_m435_b70/CBS_k3_n100_m435_b70_415.cnf,SAT,82644.80,82631.02,13.78,751,624
/home/richard/project/SAT_benchmark/SATLIB/CBS_k3_n100_m435_b70/CBS_k3_n100_m435_b70_773.cnf,SAT,106061.94,106046.67,15.27,962,816
/home/richard/project/SAT_benchmark/SATLIB/CBS_k3_n100_m435_b70/CBS_k3_n100_m435_b70_448.cnf,SAT,75138.24,75123.98,14.26,686,552
/home/richard/project/SAT_benchmark/SATLIB/CBS_k3_n100_m435_b70/CBS_k3_n100_m435_b70_216.cnf,SAT,20129.56,20115.78,13.78,189,139
/home/richard/project/SAT_benchmark/SATLIB/CBS_k3_n100_m435_b70/CBS_k3_n100_m435_b70_438.cnf,SAT,89225.54,89210.55,14.99,812,683
/home/richard/project/SAT_benchmark/SATLIB/CBS_k3_n100_m435_b70/CBS_k3_n100_m435_b70_782.cnf,SAT,97135.60,97120.70,14.90,884,777
/home/richard/project/SAT_benchmark/SATLIB/CBS_k3_n100_m435_b70/CBS_k3_n100_m435_b70_28.cnf,SAT,17897.51,17885.91,11.60,166,138
/home/richard/project/SAT_benchmark/SATLIB/CBS_k3_n100_m435_b70/CBS_k3_n100_m435_b70_254.cnf,SAT,81485.80,81467.70,18.10,746,627
/home/richard/project/SAT_benchmark/SATLIB/CBS_k3_n100_m435_b70/CBS_k3_n100_m435_b70_468.cnf,SAT,15645.33,15635.22,10.11,141,109
/home/richard/project/SAT_benchmark/SATLIB/CBS_k3_n100_m435_b70/CBS_k3_n100_m435_b70_184.cnf,SAT,23356.13,23342.13,14.00,213,139
/home/richard/project/SAT_benchmark/SATLIB/CBS_k3_n100_m435_b70/CBS_k3_n100_m435_b70_262.cnf,SAT,88148.09,88132.24,15.85,800,602
/home/richard/project/SAT_benchmark/SATLIB/CBS_k3_n100_m435_b70/CBS_k3_n100_m435_b70_874.cnf,SAT,84808.40,84794.71,13.69,777,675
/home/richard/project/SAT_benchmark/SATLIB/CBS_k3_n100_m435_b70/CBS_k3_n100_m435_b70_506.cnf,SAT,116476.85,116458.71,18.14,1055,902
/home/richard/project/SAT_benchmark/SATLIB/CBS_k3_n100_m435_b70/CBS_k3_n100_m435_b70_665.cnf,SAT,100334.30,100321.02,13.28,917,698
/home/richard/project/SAT_benchmark/SATLIB/CBS_k3_n100_m435_b70/CBS_k3_n100_m435_b70_108.cnf,SAT,22288.23,22277.74,10.48,208,180
/home/richard/project/SAT_benchmark/SATLIB/CBS_k3_n100_m435_b70/CBS_k3_n100_m435_b70_837.cnf,SAT,7907.57,7895.93,11.65,74,51
/home/richard/project/SAT_benchmark/SATLIB/CBS_k3_n100_m435_b70/CBS_k3_n100_m435_b70_662.cnf,SAT,69546.52,69533.32,13.20,635,475
/home/richard/project/SAT_benchmark/SATLIB/CBS_k3_n100_m435_b70/CBS_k3_n100_m435_b70_326.cnf,SAT,90389.61,90372.16,17.45,828,703
/home/richard/project/SAT_benchmark/SATLIB/CBS_k3_n100_m435_b70/CBS_k3_n100_m435_b70_853.cnf,SAT,38141.38,38130.41,10.97,347,307
/home/richard/project/SAT_benchmark/SATLIB/CBS_k3_n100_m435_b70/CBS_k3_n100_m435_b70_444.cnf,SAT,64900.11,64888.33,11.78,597,491
/home/richard/project/SAT_benchmark/SATLIB/CBS_k3_n100_m435_b70/CBS_k3_n100_m435_b70_215.cnf,SAT,6827.48,6817.20,10.28,61,36
/home/richard/project/SAT_benchmark/SATLIB/CBS_k3_n100_m435_b70/CBS_k3_n100_m435_b70_17.cnf,SAT,35340.34,35326.94,13.40,323,270
/home/richard/project/SAT_benchmark/SATLIB/CBS_k3_n100_m435_b70/CBS_k3_n100_m435_b70_58.cnf,SAT,23108.31,23095.58,12.72,210,162
/home/richard/project/SAT_benchmark/SATLIB/CBS_k3_n100_m435_b70/CBS_k3_n100_m435_b70_40.cnf,SAT,24697.77,24686.52,11.25,226,171
/home/richard/project/SAT_benchmark/SATLIB/CBS_k3_n100_m435_b70/CBS_k3_n100_m435_b70_927.cnf,SAT,11225.84,11216.66,9.18,109,84
/home/richard/project/SAT_benchmark/SATLIB/CBS_k3_n100_m435_b70/CBS_k3_n100_m435_b70_387.cnf,SAT,45124.58,45110.24,14.34,416,339
/home/richard/project/SAT_benchmark/SATLIB/CBS_k3_n100_m435_b70/CBS_k3_n100_m435_b70_502.cnf,SAT,108346.99,108331.63,15.35,994,694
/home/richard/project/SAT_benchmark/SATLIB/CBS_k3_n100_m435_b70/CBS_k3_n100_m435_b70_86.cnf,SAT,10065.04,10055.37,9.67,92,65
/home/richard/project/SAT_benchmark/SATLIB/CBS_k3_n100_m435_b70/CBS_k3_n100_m435_b70_104.cnf,SAT,64812.76,64800.69,12.07,591,492
/home/richard/project/SAT_benchmark/SATLIB/CBS_k3_n100_m435_b70/CBS_k3_n100_m435_b70_320.cnf,SAT,69291.08,69278.49,12.58,631,549
/home/richard/project/SAT_benchmark/SATLIB/CBS_k3_n100_m435_b70/CBS_k3_n100_m435_b70_744.cnf,SAT,12305.52,12294.71,10.81,117,88
/home/richard/project/SAT_benchmark/SATLIB/CBS_k3_n100_m435_b70/CBS_k3_n100_m435_b70_317.cnf,SAT,117674.49,117660.13,14.37,1079,885
/home/richard/project/SAT_benchmark/SATLIB/CBS_k3_n100_m435_b70/CBS_k3_n100_m435_b70_528.cnf,SAT,16658.85,16647.27,11.58,157,99
/home/richard/project/SAT_benchmark/SATLIB/CBS_k3_n100_m435_b70/CBS_k3_n100_m435_b70_667.cnf,SAT,45265.60,45253.90,11.70,417,322
/home/richard/project/SAT_benchmark/SATLIB/CBS_k3_n100_m435_b70/CBS_k3_n100_m435_b70_165.cnf,SAT,87712.32,87698.77,13.55,809,649
/home/richard/project/SAT_benchmark/SATLIB/CBS_k3_n100_m435_b70/CBS_k3_n100_m435_b70_729.cnf,SAT,5741.99,5729.14,12.84,51,31
/home/richard/project/SAT_benchmark/SATLIB/CBS_k3_n100_m435_b70/CBS_k3_n100_m435_b70_894.cnf,SAT,60375.96,60360.69,15.27,554,454
/home/richard/project/SAT_benchmark/SATLIB/CBS_k3_n100_m435_b70/CBS_k3_n100_m435_b70_843.cnf,SAT,101978.28,101959.81,18.47,933,785
/home/richard/project/SAT_benchmark/SATLIB/CBS_k3_n100_m435_b70/CBS_k3_n100_m435_b70_896.cnf,SAT,25353.36,25340.95,12.41,238,176
/home/richard/project/SAT_benchmark/SATLIB/CBS_k3_n100_m435_b70/CBS_k3_n100_m435_b70_575.cnf,SAT,44961.04,44947.08,13.97,417,346
/home/richard/project/SAT_benchmark/SATLIB/CBS_k3_n100_m435_b70/CBS_k3_n100_m435_b70_884.cnf,SAT,16159.86,16149.85,10.02,149,111
/home/richard/project/SAT_benchmark/SATLIB/CBS_k3_n100_m435_b70/CBS_k3_n100_m435_b70_9.cnf,SAT,43085.75,43074.53,11.22,396,322
/home/richard/project/SAT_benchmark/SATLIB/CBS_k3_n100_m435_b70/CBS_k3_n100_m435_b70_559.cnf,SAT,57231.39,57217.20,14.19,524,408
/home/richard/project/SAT_benchmark/SATLIB/CBS_k3_n100_m435_b70/CBS_k3_n100_m435_b70_605.cnf,SAT,40749.69,40738.15,11.54,378,308
/home/richard/project/SAT_benchmark/SATLIB/CBS_k3_n100_m435_b70/CBS_k3_n100_m435_b70_816.cnf,SAT,45333.71,45320.57,13.14,411,339
/home/richard/project/SAT_benchmark/SATLIB/CBS_k3_n100_m435_b70/CBS_k3_n100_m435_b70_266.cnf,SAT,25644.45,25628.71,15.74,237,197
/home/richard/project/SAT_benchmark/SATLIB/CBS_k3_n100_m435_b70/CBS_k3_n100_m435_b70_219.cnf,SAT,83439.33,83421.28,18.05,766,450
/home/richard/project/SAT_benchmark/SATLIB/CBS_k3_n100_m435_b70/CBS_k3_n100_m435_b70_750.cnf,SAT,4998.31,4986.57,11.74,46,21
/home/richard/project/SAT_benchmark/SATLIB/CBS_k3_n100_m435_b70/CBS_k3_n100_m435_b70_857.cnf,SAT,26597.92,26587.95,9.98,246,199
/home/richard/project/SAT_benchmark/SATLIB/CBS_k3_n100_m435_b70/CBS_k3_n100_m435_b70_688.cnf,SAT,31977.82,31967.27,10.55,295,234
/home/richard/project/SAT_benchmark/SATLIB/CBS_k3_n100_m435_b70/CBS_k3_n100_m435_b70_478.cnf,SAT,116434.81,116416.72,18.09,1061,813
/home/richard/project/SAT_benchmark/SATLIB/CBS_k3_n100_m435_b70/CBS_k3_n100_m435_b70_312.cnf,SAT,57363.97,57349.80,14.18,522,435
/home/richard/project/SAT_benchmark/SATLIB/CBS_k3_n100_m435_b70/CBS_k3_n100_m435_b70_781.cnf,SAT,12247.33,12236.11,11.22,112,73
/home/richard/project/SAT_benchmark/SATLIB/CBS_k3_n100_m435_b70/CBS_k3_n100_m435_b70_30.cnf,SAT,31175.26,31161.48,13.77,285,231
/home/richard/project/SAT_benchmark/SATLIB/CBS_k3_n100_m435_b70/CBS_k3_n100_m435_b70_437.cnf,SAT,37491.62,37481.73,9.89,344,286
/home/richard/project/SAT_benchmark/SATLIB/CBS_k3_n100_m435_b70/CBS_k3_n100_m435_b70_358.cnf,SAT,4571.57,4561.69,9.88,48,24
/home/richard/project/SAT_benchmark/SATLIB/CBS_k3_n100_m435_b70/CBS_k3_n100_m435_b70_477.cnf,SAT,12457.79,12446.37,11.41,114,81
/home/richard/project/SAT_benchmark/SATLIB/CBS_k3_n100_m435_b70/CBS_k3_n100_m435_b70_474.cnf,SAT,48564.91,48552.92,11.99,449,381
/home/richard/project/SAT_benchmark/SATLIB/CBS_k3_n100_m435_b70/CBS_k3_n100_m435_b70_952.cnf,SAT,119713.45,119694.88,18.58,1099,890
/home/richard/project/SAT_benchmark/SATLIB/CBS_k3_n100_m435_b70/CBS_k3_n100_m435_b70_260.cnf,SAT,61424.02,61410.04,13.97,564,472
/home/richard/project/SAT_benchmark/SATLIB/CBS_k3_n100_m435_b70/CBS_k3_n100_m435_b70_210.cnf,SAT,55691.81,55678.39,13.43,508,444
/home/richard/project/SAT_benchmark/SATLIB/CBS_k3_n100_m435_b70/CBS_k3_n100_m435_b70_234.cnf,SAT,35366.17,35350.16,16.02,329,267
/home/richard/project/SAT_benchmark/SATLIB/CBS_k3_n100_m435_b70/CBS_k3_n100_m435_b70_709.cnf,SAT,18910.33,18899.65,10.67,170,137
/home/richard/project/SAT_benchmark/SATLIB/CBS_k3_n100_m435_b70/CBS_k3_n100_m435_b70_422.cnf,SAT,74569.13,74552.05,17.07,689,478
/home/richard/project/SAT_benchmark/SATLIB/CBS_k3_n100_m435_b70/CBS_k3_n100_m435_b70_297.cnf,SAT,7896.95,7884.90,12.06,78,60
/home/richard/project/SAT_benchmark/SATLIB/CBS_k3_n100_m435_b70/CBS_k3_n100_m435_b70_285.cnf,SAT,41760.13,41747.14,12.99,386,317
/home/richard/project/SAT_benchmark/SATLIB/CBS_k3_n100_m435_b70/CBS_k3_n100_m435_b70_310.cnf,SAT,11199.63,11186.10,13.53,107,66
/home/richard/project/SAT_benchmark/SATLIB/CBS_k3_n100_m435_b70/CBS_k3_n100_m435_b70_942.cnf,SAT,29842.10,29832.07,10.03,275,223
/home/richard/project/SAT_benchmark/SATLIB/CBS_k3_n100_m435_b70/CBS_k3_n100_m435_b70_772.cnf,SAT,73537.83,73524.24,13.59,679,577
/home/richard/project/SAT_benchmark/SATLIB/CBS_k3_n100_m435_b70/CBS_k3_n100_m435_b70_707.cnf,SAT,41336.96,41322.61,14.35,378,331
/home/richard/project/SAT_benchmark/SATLIB/CBS_k3_n100_m435_b70/CBS_k3_n100_m435_b70_77.cnf,SAT,46233.80,46216.95,16.86,422,350
/home/richard/project/SAT_benchmark/SATLIB/CBS_k3_n100_m435_b70/CBS_k3_n100_m435_b70_692.cnf,SAT,3482.38,3467.42,14.96,38,15
/home/richard/project/SAT_benchmark/SATLIB/CBS_k3_n100_m435_b70/CBS_k3_n100_m435_b70_800.cnf,SAT,23495.25,23484.90,10.35,213,170
/home/richard/project/SAT_benchmark/SATLIB/CBS_k3_n100_m435_b70/CBS_k3_n100_m435_b70_470.cnf,SAT,5648.41,5636.55,11.86,58,40
/home/richard/project/SAT_benchmark/SATLIB/CBS_k3_n100_m435_b70/CBS_k3_n100_m435_b70_200.cnf,SAT,98704.61,98689.44,15.17,900,637
/home/richard/project/SAT_benchmark/SATLIB/CBS_k3_n100_m435_b70/CBS_k3_n100_m435_b70_431.cnf,SAT,42941.59,42929.47,12.13,392,328
/home/richard/project/SAT_benchmark/SATLIB/CBS_k3_n100_m435_b70/CBS_k3_n100_m435_b70_865.cnf,SAT,97469.62,97455.33,14.30,899,695
/home/richard/project/SAT_benchmark/SATLIB/CBS_k3_n100_m435_b70/CBS_k3_n100_m435_b70_972.cnf,SAT,49532.23,49519.30,12.93,453,395
/home/richard/project/SAT_benchmark/SATLIB/CBS_k3_n100_m435_b70/CBS_k3_n100_m435_b70_965.cnf,SAT,61344.36,61330.40,13.96,565,478
/home/richard/project/SAT_benchmark/SATLIB/CBS_k3_n100_m435_b70/CBS_k3_n100_m435_b70_913.cnf,SAT,36449.38,36437.89,11.48,330,275
/home/richard/project/SAT_benchmark/SATLIB/CBS_k3_n100_m435_b70/CBS_k3_n100_m435_b70_392.cnf,SAT,19894.50,19879.15,15.35,181,150
/home/richard/project/SAT_benchmark/SATLIB/CBS_k3_n100_m435_b70/CBS_k3_n100_m435_b70_699.cnf,SAT,59381.64,59365.91,15.74,549,470
/home/richard/project/SAT_benchmark/SATLIB/CBS_k3_n100_m435_b70/CBS_k3_n100_m435_b70_318.cnf,SAT,98028.74,98010.71,18.02,897,720
/home/richard/project/SAT_benchmark/SATLIB/CBS_k3_n100_m435_b70/CBS_k3_n100_m435_b70_672.cnf,SAT,98801.21,98786.43,14.78,901,777
/home/richard/project/SAT_benchmark/SATLIB/CBS_k3_n100_m435_b70/CBS_k3_n100_m435_b70_178.cnf,SAT,17835.95,17823.72,12.24,162,131
/home/richard/project/SAT_benchmark/SATLIB/CBS_k3_n100_m435_b70/CBS_k3_n100_m435_b70_66.cnf,SAT,25521.62,25510.80,10.82,238,196
/home/richard/project/SAT_benchmark/SATLIB/CBS_k3_n100_m449_b90/CBS_k3_n100_m449_b90_212.cnf,SAT,114055.52,114035.42,20.11,1044,819
/home/richard/project/SAT_benchmark/SATLIB/CBS_k3_n100_m449_b90/CBS_k3_n100_m449_b90_222.cnf,SAT,10010.50,9995.68,14.82,90,59
/home/richard/project/SAT_benchmark/SATLIB/CBS_k3_n100_m449_b90/CBS_k3_n100_m449_b90_816.cnf,SAT,48173.93,48160.31,13.62,448,386
/home/richard/project/SAT_benchmark/SATLIB/CBS_k3_n100_m449_b90/CBS_k3_n100_m449_b90_844.cnf,SAT,11195.43,11180.09,15.34,108,82
/home/richard/project/SAT_benchmark/SATLIB/CBS_k3_n100_m449_b90/CBS_k3_n100_m449_b90_89.cnf,SAT,133864.41,133844.39,20.01,1221,983
/home/richard/project/SAT_benchmark/SATLIB/CBS_k3_n100_m449_b90/CBS_k3_n100_m449_b90_890.cnf,SAT,10068.03,10052.90,15.13,96,68
/home/richard/project/SAT_benchmark/SATLIB/CBS_k3_n100_m449_b90/CBS_k3_n100_m449_b90_502.cnf,SAT,3497.16,3482.48,14.67,39,12
/home/richard/project/SAT_benchmark/SATLIB/CBS_k3_n100_m449_b90/CBS_k3_n100_m449_b90_253.cnf,SAT,31162.64,31149.05,13.59,285,241
/home/richard/project/SAT_benchmark/SATLIB/CBS_k3_n100_m449_b90/CBS_k3_n100_m449_b90_216.cnf,SAT,50398.51,50384.43,14.08,461,405
/home/richard/project/SAT_benchmark/SATLIB/CBS_k3_n100_m449_b90/CBS_k3_n100_m449_b90_739.cnf,SAT,80993.63,80975.60,18.03,740,618
/home/richard/project/SAT_benchmark/SATLIB/CBS_k3_n100_m449_b90/CBS_k3_n100_m449_b90_349.cnf,SAT,53112.89,53097.18,15.71,486,401
/home/richard/project/SAT_benchmark/SATLIB/CBS_k3_n100_m449_b90/CBS_k3_n100_m449_b90_84.cnf,SAT,106525.71,106509.48,16.23,973,830
/home/richard/project/SAT_benchmark/SATLIB/CBS_k3_n100_m449_b90/CBS_k3_n100_m449_b90_32.cnf,SAT,73466.70,73448.79,17.92,675,594
/home/richard/project/SAT_benchmark/SATLIB/CBS_k3_n100_m449_b90/CBS_k3_n100_m449_b90_752.cnf,SAT,14454.41,14441.20,13.22,131,104
/home/richard/project/SAT_benchmark/SATLIB/CBS_k3_n100_m449_b90/CBS_k3_n100_m449_b90_15.cnf,SAT,141943.80,141921.81,21.99,1290,1064
/home/richard/project/SAT_benchmark/SATLIB/CBS_k3_n100_m449_b90/CBS_k3_n100_m449_b90_157.cnf,SAT,93000.30,92985.16,15.13,801,648
/home/richard/project/SAT_benchmark/SATLIB/CBS_k3_n100_m449_b90/CBS_k3_n100_m449_b90_465.cnf,SAT,43299.39,43284.71,14.68,385,324
/home/richard/project/SAT_benchmark/SATLIB/CBS_k3_n100_m449_b90/CBS_k3_n100_m449_b90_424.cnf,SAT,77358.79,77342.66,16.14,700,604
/home/richard/project/SAT_benchmark/SATLIB/CBS_k3_n100_m449_b90/CBS_k3_n100_m449_b90_675.cnf,SAT,75614.97,75599.21,15.76,676,589
/home/richard/project/SAT_benchmark/SATLIB/CBS_k3_n100_m449_b90/CBS_k3_n100_m449_b90_260.cnf,SAT,53284.08,53269.46,14.61,458,391
/home/richard/project/SAT_benchmark/SATLIB/CBS_k3_n100_m449_b90/CBS_k3_n100_m449_b90_339.cnf,SAT,50532.02,50518.77,13.25,434,322
/home/richard/project/SAT_benchmark/SATLIB/CBS_k3_n100_m449_b90/CBS_k3_n100_m449_b90_18.cnf,SAT,27060.37,27045.37,15.00,235,196
/home/richard/project/SAT_benchmark/SATLIB/CBS_k3_n100_m449_b90/CBS_k3_n100_m449_b90_802.cnf,SAT,101616.00,101600.10,15.90,873,666
/home/richard/project/SAT_benchmark/SATLIB/CBS_k3_n100_m449_b90/CBS_k3_n100_m449_b90_255.cnf,SAT,39598.95,39586.58,12.36,349,303
/home/richard/project/SAT_benchmark/SATLIB/CBS_k3_n100_m449_b90/CBS_k3_n100_m449_b90_239.cnf,SAT,33297.62,33281.47,16.16,300,269
/home/richard/project/SAT_benchmark/SATLIB/CBS_k3_n100_m449_b90/CBS_k3_n100_m449_b90_958.cnf,SAT,11519.77,11504.03,15.74,105,76
/home/richard/project/SAT_benchmark/SATLIB/CBS_k3_n100_m449_b90/CBS_k3_n100_m449_b90_226.cnf,SAT,51051.16,51036.58,14.57,464,391
/home/richard/project/SAT_benchmark/SATLIB/CBS_k3_n100_m449_b90/CBS_k3_n100_m449_b90_235.cnf,SAT,62319.92,62302.30,17.62,569,485
/home/richard/project/SAT_benchmark/SATLIB/CBS_k3_n100_m449_b90/CBS_k3_n100_m449_b90_104.cnf,SAT,53303.72,53288.33,15.39,484,418
/home/richard/project/SAT_benchmark/SATLIB/CBS_k3_n100_m449_b90/CBS_k3_n100_m449_b90_960.cnf,SAT,52735.58,52718.57,17.01,473,391
/home/richard/project/SAT_benchmark/SATLIB/CBS_k3_n100_m449_b90/CBS_k3_n100_m449_b90_236.cnf,SAT,31372.24,31357.93,14.31,273,223
/home/richard/project/SAT_benchmark/SATLIB/CBS_k3_n100_m449_b90/CBS_k3_n100_m449_b90_981.cnf,SAT,108987.94,108972.95,14.99,961,685
/home/richard/project/SAT_benchmark/SATLIB/CBS_k3_n100_m449_b90/CBS_k3_n100_m449_b90_430.cnf,SAT,32278.58,32262.14,16.44,296,244
/home/richard/project/SAT_benchmark/SATLIB/CBS_k3_n100_m449_b90/CBS_k3_n100_m449_b90_35.cnf,SAT,130136.23,130115.75,20.48,1152,997
/home/richard/project/SAT_benchmark/SATLIB/CBS_k3_n100_m449_b90/CBS_k3_n100_m449_b90_110.cnf,SAT,64556.62,64539.09,17.54,555,464
/home/richard/project/SAT_benchmark/SATLIB/CBS_k3_n100_m449_b90/CBS_k3_n100_m449_b90_793.cnf,SAT,93325.47,93307.79,17.68,809,685
/home/richard/project/SAT_benchmark/SATLIB/CBS_k3_n100_m449_b90/CBS_k3_n100_m449_b90_666.cnf,SAT,100797.70,100782.21,15.49,861,736
/home/richard/project/SAT_benchmark/SATLIB/CBS_k3_n100_m449_b90/CBS_k3_n100_m449_b90_710.cnf,SAT,85851.94,85836.86,15.08,730,631
/home/richard/project/SAT_benchmark/SATLIB/CBS_k3_n100_m449_b90/CBS_k3_n100_m449_b90_124.cnf,SAT,37787.99,37771.01,16.98,321,264
/home/richard/project/SAT_benchmark/SATLIB/CBS_k3_n100_m449_b90/CBS_k3_n100_m449_b90_321.cnf,SAT,75201.69,75183.50,18.19,640,547
/home/richard/project/SAT_benchmark/SATLIB/CBS_k3_n100_m449_b90/CBS_k3_n100_m449_b90_619.cnf,SAT,74304.39,74286.13,18.26,647,536
/home/richard/project/SAT_benchmark/SATLIB/CBS_k3_n100_m449_b90/CBS_k3_n100_m449_b90_643.cnf,SAT,95033.67,95014.41,19.26,813,699
/home/richard/project/SAT_benchmark/SATLIB/CBS_k3_n100_m449_b90/CBS_k3_n100_m449_b90_268.cnf,SAT,27375.36,27362.06,13.30,231,200
/home/richard/project/SAT_benchmark/SATLIB/CBS_k3_n100_m449_b90/CBS_k3_n100_m449_b90_293.cnf,SAT,62784.66,62766.97,17.68,549,477
/home/richard/project/SAT_benchmark/SATLIB/CBS_k3_n100_m449_b90/CBS_k3_n100_m449_b90_298.cnf,SAT,23637.72,23621.97,15.74,209,160
/home/richard/project/SAT_benchmark/SATLIB/CBS_k3_n100_m449_b90/CBS_k3_n100_m449_b90_688.cnf,SAT,81946.37,81929.29,17.07,711,556
/home/richard/project/SAT_benchmark/SATLIB/CBS_k3_n100_m449_b90/CBS_k3_n100_m449_b90_93.cnf,SAT,38368.23,38352.15,16.08,333,178
/home/richard/project/SAT_benchmark/SATLIB/CBS_k3_n100_m449_b90/CBS_k3_n100_m449_b90_365.cnf,SAT,23819.79,23803.67,16.12,211,165
/home/richard/project/SAT_benchmark/SATLIB/CBS_k3_n100_m449_b90/CBS_k3_n100_m449_b90_407.cnf,SAT,79104.54,79088.63,15.91,704,534
/home/richard/project/SAT_benchmark/SATLIB/CBS_k3_n100_m449_b90/CBS_k3_n100_m449_b90_516.cnf,SAT,32791.36,32774.93,16.43,299,257
/home/richard/project/SAT_benchmark/SATLIB/CBS_k3_n100_m449_b90/CBS_k3_n100_m449_b90_826.cnf,SAT,35294.15,35283.06,11.10,318,248
/home/richard/project/SAT_benchmark/SATLIB/CBS_k3_n100_m449_b90/CBS_k3_n100_m449_b90_917.cnf,SAT,109238.80,109222.29,16.52,971,853
/home/richard/project/SAT_benchmark/SATLIB/CBS_k3_n100_m449_b90/CBS_k3_n100_m449_b90_659.cnf,SAT,45518.51,45501.52,16.99,406,330
/home/richard/project/SAT_benchmark/SATLIB/CBS_k3_n100_m449_b90/CBS_k3_n100_m449_b90_259.cnf,SAT,46742.77,46726.13,16.64,409,353
/home/richard/project/SAT_benchmark/SATLIB/CBS_k3_n100_m449_b90/CBS_k3_n100_m449_b90_52.cnf,SAT,44764.47,44749.45,15.01,399,337
/home/richard/project/SAT_benchmark/SATLIB/CBS_k3_n100_m449_b90/CBS_k3_n100_m449_b90_979.cnf,SAT,61372.60,61360.29,12.30,533,437
/home/richard/project/SAT_benchmark/SATLIB/CBS_k3_n100_m449_b90/CBS_k3_n100_m449_b90_966.cnf,SAT,92660.43,92644.34,16.09,811,676
/home/richard/project/SAT_benchmark/SATLIB/CBS_k3_n100_m449_b90/CBS_k3_n100_m449_b90_820.cnf,SAT,29750.30,29735.95,14.35,266,228
/home/richard/project/SAT_benchmark/SATLIB/CBS_k3_n100_m449_b90/CBS_k3_n100_m449_b90_511.cnf,SAT,67239.52,67221.67,17.85,597,498
/home/richard/project/SAT_benchmark/SATLIB/CBS_k3_n100_m449_b90/CBS_k3_n100_m449_b90_671.cnf,SAT,222722.10,222700.00,22.10,1957,1516
/home/richard/project/SAT_benchmark/SATLIB/CBS_k3_n100_m449_b90/CBS_k3_n100_m449_b90_420.cnf,SAT,41034.14,41017.68,16.46,368,299
/home/richard/project/SAT_benchmark/SATLIB/CBS_k3_n100_m449_b90/CBS_k3_n100_m449_b90_382.cnf,SAT,81575.86,81557.44,18.43,722,624
/home/richard/project/SAT_benchmark/SATLIB/CBS_k3_n100_m449_b90/CBS_k3_n100_m449_b90_121.cnf,SAT,42430.17,42416.51,13.65,376,314
/home/richard/project/SAT_benchmark/SATLIB/CBS_k3_n100_m449_b90/CBS_k3_n100_m449_b90_600.cnf,SAT,70603.96,70587.95,16.02,627,529
/home/richard/project/SAT_benchmark/SATLIB/CBS_k3_n100_m449_b90/CBS_k3_n100_m449_b90_24.cnf,SAT,40123.37,40106.75,16.62,350,297
/home/richard/project/SAT_benchmark/SATLIB/CBS_k3_n100_m449_b90/CBS_k3_n100_m449_b90_712.cnf,SAT,17375.45,17359.44,16.00,151,133
/home/richard/project/SAT_benchmark/SATLIB/CBS_k3_n100_m449_b90/CBS_k3_n100_m449_b90_214.cnf,SAT,59009.77,58992.54,17.23,511,394
/home/richard/project/SAT_benchmark/SATLIB/CBS_k3_n100_m449_b90/CBS_k3_n100_m449_b90_693.cnf,SAT,26487.97,26472.18,15.79,237,190
/home/richard/project/SAT_benchmark/SATLIB/CBS_k3_n100_m449_b90/CBS_k3_n100_m449_b90_921.cnf,SAT,126170.48,126153.97,16.51,1111,815
/home/richard/project/SAT_benchmark/SATLIB/CBS_k3_n100_m449_b90/CBS_k3_n100_m449_b90_553.cnf,SAT,66274.28,66256.76,17.52,582,496
/home/richard/project/SAT_benchmark/SATLIB/CBS_k3_n100_m449_b90/CBS_k3_n100_m449_b90_136.cnf,SAT,26346.49,26330.66,15.83,231,191
/home/richard/project/SAT_benchmark/SATLIB/CBS_k3_n100_m449_b90/CBS_k3_n100_m449_b90_828.cnf,SAT,32046.77,32034.74,12.03,287,252
/home/richard/project/SAT_benchmark/SATLIB/CBS_k3_n100_m449_b90/CBS_k3_n100_m449_b90_412.cnf,SAT,55602.42,55586.83,15.59,484,416
/home/richard/project/SAT_benchmark/SATLIB/CBS_k3_n100_m449_b90/CBS_k3_n100_m449_b90_515.cnf,SAT,26630.81,26616.37,14.44,232,184
/home/richard/project/SAT_benchmark/SATLIB/CBS_k3_n100_m449_b90/CBS_k3_n100_m449_b90_948.cnf,SAT,8099.76,8087.47,12.28,76,55
/home/richard/project/SAT_benchmark/SATLIB/CBS_k3_n100_m449_b90/CBS_k3_n100_m449_b90_611.cnf,SAT,17043.27,17028.46,14.81,146,126
/home/richard/project/SAT_benchmark/SATLIB/CBS_k3_n100_m449_b90/CBS_k3_n100_m449_b90_734.cnf,SAT,8067.47,8052.84,14.63,70,40
/home/richard/project/SAT_benchmark/SATLIB/CBS_k3_n100_m449_b90/CBS_k3_n100_m449_b90_54.cnf,SAT,30074.04,30058.06,15.98,260,205
/home/richard/project/SAT_benchmark/SATLIB/CBS_k3_n100_m449_b90/CBS_k3_n100_m449_b90_243.cnf,SAT,17069.21,17053.70,15.51,159,136
/home/richard/project/SAT_benchmark/SATLIB/CBS_k3_n100_m449_b90/CBS_k3_n100_m449_b90_223.cnf,SAT,23803.48,23791.80,11.68,215,184
/home/richard/project/SAT_benchmark/SATLIB/CBS_k3_n100_m449_b90/CBS_k3_n100_m449_b90_701.cnf,SAT,77449.95,77431.88,18.07,685,527
/home/richard/project/SAT_benchmark/SATLIB/CBS_k3_n100_m449_b90/CBS_k3_n100_m449_b90_909.cnf,SAT,116585.10,116564.15,20.94,1011,900
/home/richard/project/SAT_benchmark/SATLIB/CBS_k3_n100_m449_b90/CBS_k3_n100_m449_b90_325.cnf,SAT,2677.19,2663.78,13.40,27,5
/home/richard/project/SAT_benchmark/SATLIB/CBS_k3_n100_m449_b90/CBS_k3_n100_m449_b90_26.cnf,SAT,90902.82,90883.98,18.85,829,708
/home/richard/project/SAT_benchmark/SATLIB/CBS_k3_n100_m449_b90/CBS_k3_n100_m449_b90_762.cnf,SAT,41274.65,41258.15,16.51,375,327
/home/richard/project/SAT_benchmark/SATLIB/CBS_k3_n100_m449_b90/CBS_k3_n100_m449_b90_926.cnf,SAT,95924.75,95906.32,18.43,875,744
/home/richard/project/SAT_benchmark/SATLIB/CBS_k3_n100_m449_b90/CBS_k3_n100_m449_b90_65.cnf,SAT,57972.84,57957.47,15.37,529,463
/home/richard/project/SAT_benchmark/SATLIB/CBS_k3_n100_m449_b90/CBS_k3_n100_m449_b90_633.cnf,SAT,43476.95,43460.08,16.87,394,349
/home/richard/project/SAT_benchmark/SATLIB/CBS_k3_n100_m449_b90/CBS_k3_n100_m449_b90_798.cnf,SAT,50671.77,50654.43,17.34,455,390
/home/richard/project/SAT_benchmark/SATLIB/CBS_k3_n100_m449_b90/CBS_k3_n100_m449_b90_686.cnf,SAT,4749.08,4733.43,15.65,48,26
/home/richard/project/SAT_benchmark/SATLIB/CBS_k3_n100_m449_b90/CBS_k3_n100_m449_b90_224.cnf,SAT,49962.02,49945.27,16.76,451,376
/home/richard/project/SAT_benchmark/SATLIB/CBS_k3_n100_m449_b90/CBS_k3_n100_m449_b90_337.cnf,SAT,16878.73,16862.86,15.87,157,122
/home/richard/project/SAT_benchmark/SATLIB/CBS_k3_n100_m449_b90/CBS_k3_n100_m449_b90_421.cnf,SAT,32640.21,32624.20,16.02,291,227
/home/richard/project/SAT_benchmark/SATLIB/CBS_k3_n100_m449_b90/CBS_k3_n100_m449_b90_937.cnf,SAT,36521.10,36504.74,16.36,331,293
/home/richard/project/SAT_benchmark/SATLIB/CBS_k3_n100_m449_b90/CBS_k3_n100_m449_b90_870.cnf,SAT,36742.54,36726.16,16.37,331,276
/home/richard/project/SAT_benchmark/SATLIB/CBS_k3_n100_m449_b90/CBS_k3_n100_m449_b90_142.cnf,SAT,24569.85,24555.40,14.44,224,167
/home/richard/project/SAT_benchmark/SATLIB/CBS_k3_n100_m449_b90/CBS_k3_n100_m449_b90_217.cnf,SAT,6920.14,6907.16,12.98,66,53
/home/richard/project/SAT_benchmark/SATLIB/CBS_k3_n100_m449_b90/CBS_k3_n100_m449_b90_825.cnf,SAT,36943.60,36927.08,16.52,331,303
/home/richard/project/SAT_benchmark/SATLIB/CBS_k3_n100_m449_b90/CBS_k3_n100_m449_b90_244.cnf,SAT,13506.21,13494.81,11.40,123,91
/home/richard/project/SAT_benchmark/SATLIB/CBS_k3_n100_m449_b90/CBS_k3_n100_m449_b90_477.cnf,SAT,45470.63,45456.02,14.61,418,339
/home/richard/project/SAT_benchmark/SATLIB/CBS_k3_n100_m449_b90/CBS_k3_n100_m449_b90_803.cnf,SAT,128162.68,128142.19,20.50,1161,974
/home/richard/project/SAT_benchmark/SATLIB/CBS_k3_n100_m449_b90/CBS_k3_n100_m449_b90_140.cnf,SAT,86116.52,86101.55,14.97,786,675
/home/richard/project/SAT_benchmark/SATLIB/CBS_k3_n100_m449_b90/CBS_k3_n100_m449_b90_440.cnf,SAT,36695.60,36679.79,15.81,330,286
/home/richard/project/SAT_benchmark/SATLIB/CBS_k3_n100_m449_b90/CBS_k3_n100_m449_b90_998.cnf,SAT,54300.95,54287.86,13.09,493,417
/home/richard/project/SAT_benchmark/SATLIB/CBS_k3_n100_m449_b90/CBS_k3_n100_m449_b90_266.cnf,SAT,37953.67,37937.24,16.43,344,281
/home/richard/project/SAT_benchmark/SATLIB/CBS_k3_n100_m449_b90/CBS_k3_n100_m449_b90_849.cnf,SAT,36706.20,36689.91,16.28,336,251
/home/richard/project/SAT_benchmark/SATLIB/CBS_k3_n100_m449_b90/CBS_k3_n100_m449_b90_148.cnf,SAT,78960.07,78942.36,17.71,714,595
/home/richard/project/SAT_benchmark/SATLIB/CBS_k3_n100_m449_b90/CBS_k3_n100_m449_b90_781.cnf,SAT,36759.86,36743.60,16.26,330,279
/home/richard/project/SAT_benchmark/SATLIB/CBS_k3_n100_m449_b90/CBS_k3_n100_m449_b90_188.cnf,SAT,37763.09,37749.37,13.72,342,278
/home/richard/project/SAT_benchmark/SATLIB/CBS_k3_n100_m449_b90/CBS_k3_n100_m449_b90_51.cnf,SAT,64526.50,64508.81,17.69,584,501
/home/richard/project/SAT_benchmark/SATLIB/CBS_k3_n100_m449_b90/CBS_k3_n100_m449_b90_590.cnf,SAT,41111.78,41096.79,14.99,379,273
/home/richard/project/SAT_benchmark/SATLIB/CBS_k3_n100_m449_b90/CBS_k3_n100_m449_b90_482.cnf,SAT,106077.92,106057.79,20.13,964,815
/home/richard/project/SAT_benchmark/SATLIB/CBS_k3_n100_m449_b90/CBS_k3_n100_m449_b90_47.cnf,SAT,101787.95,101768.64,19.31,927,811
/home/richard/project/SAT_benchmark/SATLIB/CBS_k3_n100_m449_b90/CBS_k3_n100_m449_b90_651.cnf,SAT,20074.89,20058.93,15.96,181,137
/home/richard/project/SAT_benchmark/SATLIB/CBS_k3_n100_m449_b90/CBS_k3_n100_m449_b90_146.cnf,SAT,32210.65,32198.32,12.34,290,238
/home/richard/project/SAT_benchmark/SATLIB/CBS_k3_n100_m449_b90/CBS_k3_n100_m449_b90_341.cnf,SAT,30170.33,30154.92,15.42,275,236
/home/richard/project/SAT_benchmark/SATLIB/CBS_k3_n100_m449_b90/CBS_k3_n100_m449_b90_215.cnf,SAT,71900.47,71886.84,13.63,658,562
/home/richard/project/SAT_benchmark/SATLIB/CBS_k3_n100_m449_b90/CBS_k3_n100_m449_b90_961.cnf,SAT,106452.88,106435.46,17.41,968,742
/home/richard/project/SAT_benchmark/SATLIB/CBS_k3_n100_m449_b90/CBS_k3_n100_m449_b90_930.cnf,SAT,26793.48,26777.54,15.94,248,188
/home/richard/project/SAT_benchmark/SATLIB/CBS_k3_n100_m449_b90/CBS_k3_n100_m449_b90_193.cnf,SAT,46699.03,46681.85,17.18,425,365
/home/richard/project/SAT_benchmark/SATLIB/CBS_k3_n100_m449_b90/CBS_k3_n100_m449_b90_559.cnf,SAT,87882.82,87864.09,18.73,796,613
/home/richard/project/SAT_benchmark/SATLIB/CBS_k3_n100_m449_b90/CBS_k3_n100_m449_b90_606.cnf,SAT,65490.72,65473.52,17.20,598,385
/home/richard/project/SAT_benchmark/SATLIB/CBS_k3_n100_m449_b90/CBS_k3_n100_m449_b90_603.cnf,SAT,78942.29,78925.94,16.35,713,553
/home/richard/project/SAT_benchmark/SATLIB/CBS_k3_n100_m449_b90/CBS_k3_n100_m449_b90_976.cnf,SAT,34435.49,34422.67,12.82,318,286
/home/richard/project/SAT_benchmark/SATLIB/CBS_k3_n100_m449_b90/CBS_k3_n100_m449_b90_438.cnf,SAT,19180.27,19164.61,15.66,177,149
/home/richard/project/SAT_benchmark/SATLIB/CBS_k3_n100_m449_b90/CBS_k3_n100_m449_b90_118.cnf,SAT,63547.84,63530.05,17.79,579,479
/home/richard/project/SAT_benchmark/SATLIB/CBS_k3_n100_m449_b90/CBS_k3_n100_m449_b90_773.cnf,SAT,57618.77,57604.04,14.72,527,437
/home/richard/project/SAT_benchmark/SATLIB/CBS_k3_n100_m449_b90/CBS_k3_n100_m449_b90_284.cnf,SAT,50885.63,50869.70,15.93,465,375
/home/richard/project/SAT_benchmark/SATLIB/CBS_k3_n100_m449_b90/CBS_k3_n100_m449_b90_919.cnf,SAT,55664.41,55647.51,16.90,509,365
/home/richard/project/SAT_benchmark/SATLIB/CBS_k3_n100_m449_b90/CBS_k3_n100_m449_b90_218.cnf,SAT,34253.62,34237.27,16.35,310,264
/home/richard/project/SAT_benchmark/SATLIB/CBS_k3_n100_m449_b90/CBS_k3_n100_m449_b90_786.cnf,SAT,55376.46,55359.24,17.22,507,449
/home/richard/project/SAT_benchmark/SATLIB/CBS_k3_n100_m449_b90/CBS_k3_n100_m449_b90_203.cnf,SAT,50876.77,50862.91,13.85,467,398
/home/richard/project/SAT_benchmark/SATLIB/CBS_k3_n100_m449_b90/CBS_k3_n100_m449_b90_267.cnf,SAT,22315.94,22302.98,12.96,207,171
/home/richard/project/SAT_benchmark/SATLIB/CBS_k3_n100_m449_b90/CBS_k3_n100_m449_b90_851.cnf,SAT,73846.38,73830.12,16.25,671,577
/home/richard/project/SAT_benchmark/SATLIB/CBS_k3_n100_m449_b90/CBS_k3_n100_m449_b90_967.cnf,SAT,52068.36,52051.55,16.81,473,330
/home/richard/project/SAT_benchmark/SATLIB/CBS_k3_n100_m449_b90/CBS_k3_n100_m449_b90_664.cnf,SAT,79276.91,79258.15,18.76,724,640
/home/richard/project/SAT_benchmark/SATLIB/CBS_k3_n100_m449_b90/CBS_k3_n100_m449_b90_112.cnf,SAT,59780.15,59763.09,17.07,546,452
/home/richard/project/SAT_benchmark/SATLIB/CBS_k3_n100_m449_b90/CBS_k3_n100_m449_b90_737.cnf,SAT,31068.45,31052.25,16.20,288,244
/home/richard/project/SAT_benchmark/SATLIB/CBS_k3_n100_m449_b90/CBS_k3_n100_m449_b90_10.cnf,SAT,45189.93,45175.05,14.88,414,366
/home/richard/project/SAT_benchmark/SATLIB/CBS_k3_n100_m449_b90/CBS_k3_n100_m449_b90_233.cnf,SAT,107085.22,107067.96,17.26,970,799
/home/richard/project/SAT_benchmark/SATLIB/CBS_k3_n100_m449_b90/CBS_k3_n100_m449_b90_815.cnf,SAT,78264.77,78247.07,17.70,718,571
/home/richard/project/SAT_benchmark/SATLIB/CBS_k3_n100_m449_b90/CBS_k3_n100_m449_b90_749.cnf,SAT,13568.64,13553.71,14.93,126,97
/home/richard/project/SAT_benchmark/SATLIB/CBS_k3_n100_m449_b90/CBS_k3_n100_m449_b90_682.cnf,SAT,35626.39,35612.88,13.50,323,277
/home/richard/project/SAT_benchmark/SATLIB/CBS_k3_n100_m449_b90/CBS_k3_n100_m449_b90_459.cnf,SAT,42030.43,42014.55,15.88,385,326
/home/richard/project/SAT_benchmark/SATLIB/CBS_k3_n100_m449_b90/CBS_k3_n100_m449_b90_632.cnf,SAT,87031.76,87012.56,19.20,790,662
/home/richard/project/SAT_benchmark/SATLIB/CBS_k3_n100_m449_b90/CBS_k3_n100_m449_b90_92.cnf,SAT,35834.62,35822.03,12.59,327,274
/home/richard/project/SAT_benchmark/SATLIB/CBS_k3_n100_m449_b90/CBS_k3_n100_m449_b90_905.cnf,SAT,89117.55,89099.41,18.13,817,667
/home/richard/project/SAT_benchmark/SATLIB/CBS_k3_n100_m449_b90/CBS_k3_n100_m449_b90_665.cnf,SAT,30877.25,30862.88,14.38,282,225
/home/richard/project/SAT_benchmark/SATLIB/CBS_k3_n100_m449_b90/CBS_k3_n100_m449_b90_276.cnf,SAT,45219.45,45202.64,16.81,416,341
/home/richard/project/SAT_benchmark/SATLIB/CBS_k3_n100_m449_b90/CBS_k3_n100_m449_b90_896.cnf,SAT,65415.09,65398.83,16.26,596,499
/home/richard/project/SAT_benchmark/SATLIB/CBS_k3_n100_m449_b90/CBS_k3_n100_m449_b90_357.cnf,SAT,32119.26,32102.76,16.49,298,257
/home/richard/project/SAT_benchmark/SATLIB/CBS_k3_n100_m449_b90/CBS_k3_n100_m449_b90_592.cnf,SAT,48437.55,48420.73,16.83,448,359
/home/richard/project/SAT_benchmark/SATLIB/CBS_k3_n100_m449_b90/CBS_k3_n100_m449_b90_543.cnf,SAT,115440.62,115420.25,20.37,1058,799
/home/richard/project/SAT_benchmark/SATLIB/CBS_k3_n100_m449_b90/CBS_k3_n100_m449_b90_612.cnf,SAT,73651.67,73636.76,14.90,677,580
/home/richard/project/SAT_benchmark/SATLIB/CBS_k3_n100_m449_b90/CBS_k3_n100_m449_b90_670.cnf,SAT,75109.88,75091.99,17.89,683,470
/home/richard/project/SAT_benchmark/SATLIB/CBS_k3_n100_m449_b90/CBS_k3_n100_m449_b90_562.cnf,SAT,14754.70,14740.77,13.93,139,109
/home/richard/project/SAT_benchmark/SATLIB/CBS_k3_n100_m449_b90/CBS_k3_n100_m449_b90_576.cnf,SAT,53075.19,53061.99,13.20,483,405
/home/richard/project/SAT_benchmark/SATLIB/CBS_k3_n100_m449_b90/CBS_k3_n100_m449_b90_159.cnf,SAT,62760.47,62745.66,14.81,573,507
/home/richard/project/SAT_benchmark/SATLIB/CBS_k3_n100_m449_b90/CBS_k3_n100_m449_b90_23.cnf,SAT,98299.20,98285.22,13.98,894,631
/home/richard/project/SAT_benchmark/SATLIB/CBS_k3_n100_m449_b90/CBS_k3_n100_m449_b90_567.cnf,SAT,15832.97,15821.71,11.26,146,100
/home/richard/project/SAT_benchmark/SATLIB/CBS_k3_n100_m449_b90/CBS_k3_n100_m449_b90_130.cnf,SAT,55408.06,55394.54,13.51,502,419
/home/richard/project/SAT_benchmark/SATLIB/CBS_k3_n100_m449_b90/CBS_k3_n100_m449_b90_872.cnf,SAT,44470.12,44456.25,13.87,407,323
/home/richard/project/SAT_benchmark/SATLIB/CBS_k3_n100_m449_b90/CBS_k3_n100_m449_b90_149.cnf,SAT,102516.40,102497.47,18.93,874,771
/home/richard/project/SAT_benchmark/SATLIB/CBS_k3_n100_m449_b90/CBS_k3_n100_m449_b90_887.cnf,SAT,205133.98,205111.92,22.06,1790,1286
/home/richard/project/SAT_benchmark/SATLIB/CBS_k3_n100_m449_b90/CBS_k3_n100_m449_b90_513.cnf,SAT,30177.15,30163.56,13.59,268,235
/home/richard/project/SAT_benchmark/SATLIB/CBS_k3_n100_m449_b90/CBS_k3_n100_m449_b90_257.cnf,SAT,73191.10,73173.62,17.48,621,538
/home/richard/project/SAT_benchmark/SATLIB/CBS_k3_n100_m449_b90/CBS_k3_n100_m449_b90_748.cnf,SAT,82092.23,82075.81,16.43,702,618
/home/richard/project/SAT_benchmark/SATLIB/CBS_k3_n100_m449_b90/CBS_k3_n100_m449_b90_732.cnf,SAT,8517.83,8502.69,15.14,76,53
/home/richard/project/SAT_benchmark/SATLIB/CBS_k3_n100_m449_b90/CBS_k3_n100_m449_b90_587.cnf,SAT,60554.55,60537.52,17.03,518,420
/home/richard/project/SAT_benchmark/SATLIB/CBS_k3_n100_m449_b90/CBS_k3_n100_m449_b90_805.cnf,SAT,88808.74,88789.87,18.88,754,656
/home/richard/project/SAT_benchmark/SATLIB/CBS_k3_n100_m449_b90/CBS_k3_n100_m449_b90_763.cnf,SAT,54688.52,54671.39,17.12,469,378
/home/richard/project/SAT_benchmark/SATLIB/CBS_k3_n100_m449_b90/CBS_k3_n100_m449_b90_621.cnf,SAT,35631.35,35616.20,15.15,306,249
/home/richard/project/SAT_benchmark/SATLIB/CBS_k3_n100_m449_b90/CBS_k3_n100_m449_b90_366.cnf,SAT,107239.31,107219.29,20.02,919,815
/home/richard/project/SAT_benchmark/SATLIB/CBS_k3_n100_m449_b90/CBS_k3_n100_m449_b90_383.cnf,SAT,33126.00,33114.10,11.90,288,232
/home/richard/project/SAT_benchmark/SATLIB/CBS_k3_n100_m449_b90/CBS_k3_n100_m449_b90_280.cnf,SAT,33250.77,33234.72,16.05,284,237
/home/richard/project/SAT_benchmark/SATLIB/CBS_k3_n100_m449_b90/CBS_k3_n100_m449_b90_301.cnf,SAT,36528.97,36515.28,13.69,314,229
/home/richard/project/SAT_benchmark/SATLIB/CBS_k3_n100_m449_b90/CBS_k3_n100_m449_b90_982.cnf,SAT,140404.86,140383.74,21.13,1203,983
/home/richard/project/SAT_benchmark/SATLIB/CBS_k3_n100_m449_b90/CBS_k3_n100_m449_b90_39.cnf,SAT,26095.29,26079.06,16.23,226,195
/home/richard/project/SAT_benchmark/SATLIB/CBS_k3_n100_m449_b90/CBS_k3_n100_m449_b90_683.cnf,SAT,45258.35,45241.68,16.67,397,349
/home/richard/project/SAT_benchmark/SATLIB/CBS_k3_n100_m449_b90/CBS_k3_n100_m449_b90_75.cnf,SAT,120986.58,120965.60,20.98,1058,862
/home/richard/project/SAT_benchmark/SATLIB/CBS_k3_n100_m449_b90/CBS_k3_n100_m449_b90_143.cnf,SAT,18294.73,18281.74,12.98,154,108
/home/richard/project/SAT_benchmark/SATLIB/CBS_k3_n100_m449_b90/CBS_k3_n100_m449_b90_713.cnf,SAT,23951.14,23935.82,15.32,200,169
/home/richard/project/SAT_benchmark/SATLIB/CBS_k3_n100_m449_b90/CBS_k3_n100_m449_b90_295.cnf,SAT,43160.88,43143.61,17.27,370,331
/home/richard/project/SAT_benchmark/SATLIB/CBS_k3_n100_m449_b90/CBS_k3_n100_m449_b90_806.cnf,SAT,21079.68,21063.40,16.27,185,151
/home/richard/project/SAT_benchmark/SATLIB/CBS_k3_n100_m449_b90/CBS_k3_n100_m449_b90_384.cnf,SAT,72088.61,72071.73,16.89,638,515
/home/richard/project/SAT_benchmark/SATLIB/CBS_k3_n100_m449_b90/CBS_k3_n100_m449_b90_935.cnf,SAT,28289.25,28273.61,15.64,244,149
/home/richard/project/SAT_benchmark/SATLIB/CBS_k3_n100_m449_b90/CBS_k3_n100_m449_b90_690.cnf,SAT,42389.07,42372.75,16.33,374,311
/home/richard/project/SAT_benchmark/SATLIB/CBS_k3_n100_m449_b90/CBS_k3_n100_m449_b90_654.cnf,SAT,60773.24,60756.06,17.18,529,438
/home/richard/project/SAT_benchmark/SATLIB/CBS_k3_n100_m449_b90/CBS_k3_n100_m449_b90_246.cnf,SAT,21473.66,21458.93,14.73,180,138
/home/richard/project/SAT_benchmark/SATLIB/CBS_k3_n100_m449_b90/CBS_k3_n100_m449_b90_322.cnf,SAT,72594.33,72575.26,19.07,623,510
/home/richard/project/SAT_benchmark/SATLIB/CBS_k3_n100_m449_b90/CBS_k3_n100_m449_b90_801.cnf,SAT,44973.95,44958.89,15.06,381,322
/home/richard/project/SAT_benchmark/SATLIB/CBS_k3_n100_m449_b90/CBS_k3_n100_m449_b90_103.cnf,SAT,61550.82,61533.35,17.47,538,466
/home/richard/project/SAT_benchmark/SATLIB/CBS_k3_n100_m449_b90/CBS_k3_n100_m449_b90_45.cnf,SAT,48166.80,48155.23,11.58,418,321
/home/richard/project/SAT_benchmark/SATLIB/CBS_k3_n100_m449_b90/CBS_k3_n100_m449_b90_997.cnf,SAT,9612.13,9598.36,13.77,89,63
/home/richard/project/SAT_benchmark/SATLIB/CBS_k3_n100_m449_b90/CBS_k3_n100_m449_b90_37.cnf,SAT,50342.45,50325.63,16.82,430,373
/home/richard/project/SAT_benchmark/SATLIB/CBS_k3_n100_m449_b90/CBS_k3_n100_m449_b90_242.cnf,SAT,69058.90,69040.99,17.92,604,493
/home/richard/project/SAT_benchmark/SATLIB/CBS_k3_n100_m449_b90/CBS_k3_n100_m449_b90_756.cnf,SAT,45775.29,45758.61,16.68,394,343
/home/richard/project/SAT_benchmark/SATLIB/CBS_k3_n100_m449_b90/CBS_k3_n100_m449_b90_461.cnf,SAT,70015.29,70000.63,14.66,592,499
/home/richard/project/SAT_benchmark/SATLIB/CBS_k3_n100_m449_b90/CBS_k3_n100_m449_b90_358.cnf,SAT,41154.00,41137.12,16.89,361,319
/home/richard/project/SAT_benchmark/SATLIB/CBS_k3_n100_m449_b90/CBS_k3_n100_m449_b90_141.cnf,SAT,45754.91,45738.21,16.70,393,341
/home/richard/project/SAT_benchmark/SATLIB/CBS_k3_n100_m449_b90/CBS_k3_n100_m449_b90_152.cnf,SAT,113510.94,113490.49,20.45,988,835
/home/richard/project/SAT_benchmark/SATLIB/CBS_k3_n100_m449_b90/CBS_k3_n100_m449_b90_644.cnf,SAT,136601.32,136580.32,20.99,1248,880
/home/richard/project/SAT_benchmark/SATLIB/CBS_k3_n100_m449_b90/CBS_k3_n100_m449_b90_409.cnf,SAT,61756.07,61737.79,18.28,567,484
/home/richard/project/SAT_benchmark/SATLIB/CBS_k3_n100_m449_b90/CBS_k3_n100_m449_b90_70.cnf,SAT,136662.96,136646.73,16.23,1240,883
/home/richard/project/SAT_benchmark/SATLIB/CBS_k3_n100_m449_b90/CBS_k3_n100_m449_b90_347.cnf,SAT,32077.38,32061.36,16.02,294,238
/home/richard/project/SAT_benchmark/SATLIB/CBS_k3_n100_m449_b90/CBS_k3_n100_m449_b90_108.cnf,SAT,113874.53,113854.56,19.96,1042,817
/home/richard/project/SAT_benchmark/SATLIB/CBS_k3_n100_m449_b90/CBS_k3_n100_m449_b90_495.cnf,SAT,13392.62,13377.34,15.28,124,100
/home/richard/project/SAT_benchmark/SATLIB/CBS_k3_n100_m449_b90/CBS_k3_n100_m449_b90_42.cnf,SAT,46317.59,46304.84,12.75,428,341
/home/richard/project/SAT_benchmark/SATLIB/CBS_k3_n100_m449_b90/CBS_k3_n100_m449_b90_857.cnf,SAT,48482.99,48470.63,12.36,449,405
/home/richard/project/SAT_benchmark/SATLIB/CBS_k3_n100_m449_b90/CBS_k3_n100_m449_b90_333.cnf,SAT,115197.38,115181.14,16.24,1057,898
/home/richard/project/SAT_benchmark/SATLIB/CBS_k3_n100_m449_b90/CBS_k3_n100_m449_b90_73.cnf,SAT,40836.62,40825.17,11.45,379,287
/home/richard/project/SAT_benchmark/SATLIB/CBS_k3_n100_m449_b90/CBS_k3_n100_m449_b90_368.cnf,SAT,38631.06,38614.51,16.55,359,299
/home/richard/project/SAT_benchmark/SATLIB/CBS_k3_n100_m449_b90/CBS_k3_n100_m449_b90_729.cnf,SAT,134958.16,134937.47,20.70,1232,1009
/home/richard/project/SAT_benchmark/SATLIB/CBS_k3_n100_m449_b90/CBS_k3_n100_m449_b90_264.cnf,SAT,19378.12,19363.69,14.43,175,134
/home/richard/project/SAT_benchmark/SATLIB/CBS_k3_n100_m449_b90/CBS_k3_n100_m449_b90_614.cnf,SAT,43095.14,43078.27,16.87,393,338
/home/richard/project/SAT_benchmark/SATLIB/CBS_k3_n100_m449_b90/CBS_k3_n100_m449_b90_399.cnf,SAT,134124.22,134102.21,22.01,1229,1065
/home/richard/project/SAT_benchmark/SATLIB/CBS_k3_n100_m449_b90/CBS_k3_n100_m449_b90_185.cnf,SAT,68527.71,68509.68,18.03,623,538
/home/richard/project/SAT_benchmark/SATLIB/CBS_k3_n100_m449_b90/CBS_k3_n100_m449_b90_487.cnf,SAT,51923.02,51906.08,16.94,473,402
/home/richard/project/SAT_benchmark/SATLIB/CBS_k3_n100_m449_b90/CBS_k3_n100_m449_b90_352.cnf,SAT,70528.62,70508.07,20.55,642,547
/home/richard/project/SAT_benchmark/SATLIB/CBS_k3_n100_m449_b90/CBS_k3_n100_m449_b90_910.cnf,SAT,70720.14,70706.25,13.89,643,533
/home/richard/project/SAT_benchmark/SATLIB/CBS_k3_n100_m449_b90/CBS_k3_n100_m449_b90_466.cnf,SAT,57334.27,57316.79,17.48,522,458
/home/richard/project/SAT_benchmark/SATLIB/CBS_k3_n100_m449_b90/CBS_k3_n100_m449_b90_578.cnf,SAT,102403.63,102383.89,19.74,936,817
/home/richard/project/SAT_benchmark/SATLIB/CBS_k3_n100_m449_b90/CBS_k3_n100_m449_b90_381.cnf,SAT,9396.97,9382.34,14.63,87,55
/home/richard/project/SAT_benchmark/SATLIB/CBS_k3_n100_m449_b90/CBS_k3_n100_m449_b90_457.cnf,SAT,6876.81,6866.22,10.59,69,45
/home/richard/project/SAT_benchmark/SATLIB/CBS_k3_n100_m449_b90/CBS_k3_n100_m449_b90_221.cnf,SAT,74094.62,74078.83,15.79,679,605
/home/richard/project/SAT_benchmark/SATLIB/CBS_k3_n100_m449_b90/CBS_k3_n100_m449_b90_889.cnf,SAT,68228.61,68210.01,18.60,622,534
/home/richard/project/SAT_benchmark/SATLIB/CBS_k3_n100_m449_b90/CBS_k3_n100_m449_b90_180.cnf,SAT,74384.46,74367.79,16.67,678,588
/home/richard/project/SAT_benchmark/SATLIB/CBS_k3_n100_m449_b90/CBS_k3_n100_m449_b90_704.cnf,SAT,48603.96,48587.18,16.78,449,366
/home/richard/project/SAT_benchmark/SATLIB/CBS_k3_n100_m449_b90/CBS_k3_n100_m449_b90_91.cnf,SAT,71633.45,71615.46,17.99,658,468
/home/richard/project/SAT_benchmark/SATLIB/CBS_k3_n100_m449_b90/CBS_k3_n100_m449_b90_912.cnf,SAT,68955.30,68937.14,18.15,623,529
/home/richard/project/SAT_benchmark/SATLIB/CBS_k3_n100_m449_b90/CBS_k3_n100_m449_b90_846.cnf,SAT,26571.03,26558.57,12.46,244,212
/home/richard/project/SAT_benchmark/SATLIB/CBS_k3_n100_m449_b90/CBS_k3_n100_m449_b90_62.cnf,SAT,31119.30,31103.28,16.02,287,243
/home/richard/project/SAT_benchmark/SATLIB/CBS_k3_n100_m449_b90/CBS_k3_n100_m449_b90_864.cnf,SAT,44182.14,44163.34,18.80,406,347
/home/richard/project/SAT_benchmark/SATLIB/CBS_k3_n100_m449_b90/CBS_k3_n100_m449_b90_702.cnf,SAT,63913.52,63898.76,14.76,587,498
/home/richard/project/SAT_benchmark/SATLIB/CBS_k3_n100_m449_b90/CBS_k3_n100_m449_b90_556.cnf,SAT,88803.86,88787.36,16.50,804,483
/home/richard/project/SAT_benchmark/SATLIB/CBS_k3_n100_m449_b90/CBS_k3_n100_m449_b90_443.cnf,SAT,84933.75,84916.87,16.88,776,426
/home/richard/project/SAT_benchmark/SATLIB/CBS_k3_n100_m449_b90/CBS_k3_n100_m449_b90_405.cnf,SAT,72749.96,72732.94,17.02,667,574
/home/richard/project/SAT_benchmark/SATLIB/CBS_k3_n100_m449_b90/CBS_k3_n100_m449_b90_390.cnf,SAT,49090.35,49073.86,16.49,441,367
/home/richard/project/SAT_benchmark/SATLIB/CBS_k3_n100_m449_b90/CBS_k3_n100_m449_b90_995.cnf,SAT,60664.43,60646.94,17.49,553,472
/home/richard/project/SAT_benchmark/SATLIB/CBS_k3_n100_m449_b90/CBS_k3_n100_m449_b90_832.cnf,SAT,201181.47,201157.10,24.37,1830,1235
/home/richard/project/SAT_benchmark/SATLIB/CBS_k3_n100_m449_b90/CBS_k3_n100_m449_b90_87.cnf,SAT,52453.44,52441.33,12.12,456,382
/home/richard/project/SAT_benchmark/SATLIB/CBS_k3_n100_m449_b90/CBS_k3_n100_m449_b90_50.cnf,SAT,87123.54,87106.07,17.47,781,617
/home/richard/project/SAT_benchmark/SATLIB/CBS_k3_n100_m449_b90/CBS_k3_n100_m449_b90_447.cnf,SAT,0.07,0.00,0.07,0,0
/home/richard/project/SAT_benchmark/SATLIB/CBS_k3_n100_m449_b90/CBS_k3_n100_m449_b90_681.cnf,SAT,33822.05,33805.89,16.16,305,248
/home/richard/project/SAT_benchmark/SATLIB/CBS_k3_n100_m449_b90/CBS_k3_n100_m449_b90_523.cnf,SAT,24946.40,24931.52,14.88,221,179
/home/richard/project/SAT_benchmark/SATLIB/CBS_k3_n100_m449_b90/CBS_k3_n100_m449_b90_968.cnf,SAT,68370.49,68352.06,18.43,629,561
/home/richard/project/SAT_benchmark/SATLIB/CBS_k3_n100_m449_b90/CBS_k3_n100_m449_b90_175.cnf,SAT,41157.50,41142.12,15.38,371,324
/home/richard/project/SAT_benchmark/SATLIB/CBS_k3_n100_m449_b90/CBS_k3_n100_m449_b90_873.cnf,SAT,44081.57,44064.82,16.75,409,347
/home/richard/project/SAT_benchmark/SATLIB/CBS_k3_n100_m449_b90/CBS_k3_n100_m449_b90_991.cnf,SAT,14.98,0.00,14.98,0,0
/home/richard/project/SAT_benchmark/SATLIB/CBS_k3_n100_m449_b90/CBS_k3_n100_m449_b90_669.cnf,SAT,80640.71,80623.97,16.74,734,597
/home/richard/project/SAT_benchmark/SATLIB/CBS_k3_n100_m449_b90/CBS_k3_n100_m449_b90_835.cnf,SAT,76981.78,76963.61,18.17,705,517
/home/richard/project/SAT_benchmark/SATLIB/CBS_k3_n100_m449_b90/CBS_k3_n100_m449_b90_503.cnf,SAT,51020.23,51007.89,12.33,464,355
/home/richard/project/SAT_benchmark/SATLIB/CBS_k3_n100_m449_b90/CBS_k3_n100_m449_b90_129.cnf,SAT,55287.50,55270.37,17.13,503,437
/home/richard/project/SAT_benchmark/SATLIB/CBS_k3_n100_m449_b90/CBS_k3_n100_m449_b90_700.cnf,SAT,143178.49,143157.05,21.45,1306,806
/home/richard/project/SAT_benchmark/SATLIB/CBS_k3_n100_m449_b90/CBS_k3_n100_m449_b90_14.cnf,SAT,27821.89,27808.01,13.88,259,218
/home/richard/project/SAT_benchmark/SATLIB/CBS_k3_n100_m449_b90/CBS_k3_n100_m449_b90_771.cnf,SAT,21192.75,21179.15,13.60,195,175
/home/richard/project/SAT_benchmark/SATLIB/CBS_k3_n100_m449_b90/CBS_k3_n100_m449_b90_431.cnf,SAT,11371.03,11357.12,13.91,105,81
/home/richard/project/SAT_benchmark/SATLIB/CBS_k3_n100_m449_b90/CBS_k3_n100_m449_b90_641.cnf,SAT,41224.95,41208.17,16.77,375,318
/home/richard/project/SAT_benchmark/SATLIB/CBS_k3_n100_m449_b90/CBS_k3_n100_m449_b90_673.cnf,SAT,115242.06,115221.83,20.23,1057,862
/home/richard/project/SAT_benchmark/SATLIB/CBS_k3_n100_m449_b90/CBS_k3_n100_m449_b90_928.cnf,SAT,33278.16,33262.69,15.47,301,250
/home/richard/project/SAT_benchmark/SATLIB/CBS_k3_n100_m449_b90/CBS_k3_n100_m449_b90_924.cnf,SAT,47389.75,47376.77,12.97,431,377
/home/richard/project/SAT_benchmark/SATLIB/CBS_k3_n100_m449_b90/CBS_k3_n100_m449_b90_777.cnf,SAT,54094.52,54079.15,15.37,491,432
/home/richard/project/SAT_benchmark/SATLIB/CBS_k3_n100_m449_b90/CBS_k3_n100_m449_b90_787.cnf,SAT,46370.38,46354.34,16.03,425,363
/home/richard/project/SAT_benchmark/SATLIB/CBS_k3_n100_m449_b90/CBS_k3_n100_m449_b90_128.cnf,SAT,21293.28,21277.76,15.51,192,155
/home/richard/project/SAT_benchmark/SATLIB/CBS_k3_n100_m449_b90/CBS_k3_n100_m449_b90_911.cnf,SAT,16919.45,16907.85,11.60,153,124
/home/richard/project/SAT_benchmark/SATLIB/CBS_k3_n100_m449_b90/CBS_k3_n100_m449_b90_528.cnf,SAT,38368.33,38351.96,16.37,342,271
/home/richard/project/SAT_benchmark/SATLIB/CBS_k3_n100_m449_b90/CBS_k3_n100_m449_b90_279.cnf,SAT,79292.70,79274.21,18.49,725,642
/home/richard/project/SAT_benchmark/SATLIB/CBS_k3_n100_m449_b90/CBS_k3_n100_m449_b90_315.cnf,SAT,97938.28,97921.31,16.97,894,761
/home/richard/project/SAT_benchmark/SATLIB/CBS_k3_n100_m449_b90/CBS_k3_n100_m449_b90_137.cnf,SAT,120668.14,120650.96,17.18,1092,694
/home/richard/project/SAT_benchmark/SATLIB/CBS_k3_n100_m449_b90/CBS_k3_n100_m449_b90_784.cnf,SAT,26728.14,26713.09,15.05,248,209
/home/richard/project/SAT_benchmark/SATLIB/CBS_k3_n100_m449_b90/CBS_k3_n100_m449_b90_66.cnf,SAT,37448.44,37430.71,17.73,331,270
/home/richard/project/SAT_benchmark/SATLIB/CBS_k3_n100_m449_b90/CBS_k3_n100_m449_b90_334.cnf,SAT,29614.54,29597.73,16.81,252,197
/home/richard/project/SAT_benchmark/SATLIB/CBS_k3_n100_m449_b90/CBS_k3_n100_m449_b90_78.cnf,SAT,28565.41,28551.46,13.95,241,198
/home/richard/project/SAT_benchmark/SATLIB/CBS_k3_n100_m449_b90/CBS_k3_n100_m449_b90_957.cnf,SAT,68263.62,68248.58,15.04,580,492
/home/richard/project/SAT_benchmark/SATLIB/CBS_k3_n100_m449_b90/CBS_k3_n100_m449_b90_201.cnf,SAT,26057.15,26040.87,16.27,224,188
/home/richard/project/SAT_benchmark/SATLIB/CBS_k3_n100_m449_b90/CBS_k3_n100_m449_b90_442.cnf,SAT,6161.73,6150.47,11.26,50,30
/home/richard/project/SAT_benchmark/SATLIB/CBS_k3_n100_m449_b90/CBS_k3_n100_m449_b90_88.cnf,SAT,49481.25,49464.73,16.52,424,347
/home/richard/project/SAT_benchmark/SATLIB/CBS_k3_n100_m449_b90/CBS_k3_n100_m449_b90_510.cnf,SAT,28704.46,28688.36,16.10,246,194
/home/richard/project/SAT_benchmark/SATLIB/CBS_k3_n100_m449_b90/CBS_k3_n100_m449_b90_68.cnf,SAT,80001.89,79983.87,18.02,680,479
/home/richard/project/SAT_benchmark/SATLIB/CBS_k3_n100_m449_b90/CBS_k3_n100_m449_b90_158.cnf,SAT,34380.90,34367.11,13.79,297,161
/home/richard/project/SAT_benchmark/SATLIB/CBS_k3_n100_m449_b90/CBS_k3_n100_m449_b90_371.cnf,SAT,2576.45,2562.22,14.23,20,4
/home/richard/project/SAT_benchmark/SATLIB/CBS_k3_n100_m449_b90/CBS_k3_n100_m449_b90_286.cnf,SAT,50568.95,50554.83,14.12,430,356
/home/richard/project/SAT_benchmark/SATLIB/CBS_k3_n100_m449_b90/CBS_k3_n100_m449_b90_468.cnf,SAT,86276.06,86261.32,14.74,737,466
/home/richard/project/SAT_benchmark/SATLIB/CBS_k3_n100_m449_b90/CBS_k3_n100_m449_b90_209.cnf,SAT,41277.31,41260.82,16.49,350,287
/home/richard/project/SAT_benchmark/SATLIB/CBS_k3_n100_m449_b90/CBS_k3_n100_m449_b90_829.cnf,SAT,13588.85,13574.43,14.42,115,91
/home/richard/project/SAT_benchmark/SATLIB/CBS_k3_n100_m449_b90/CBS_k3_n100_m449_b90_126.cnf,SAT,47189.20,47173.10,16.10,401,332
/home/richard/project/SAT_benchmark/SATLIB/CBS_k3_n100_m449_b90/CBS_k3_n100_m449_b90_776.cnf,SAT,42561.61,42545.10,16.51,367,304
/home/richard/project/SAT_benchmark/SATLIB/CBS_k3_n100_m449_b90/CBS_k3_n100_m449_b90_584.cnf,SAT,40360.02,40343.80,16.21,344,266
/home/richard/project/SAT_benchmark/SATLIB/CBS_k3_n100_m449_b90/CBS_k3_n100_m449_b90_572.cnf,SAT,74999.80,74981.60,18.20,646,569
/home/richard/project/SAT_benchmark/SATLIB/CBS_k3_n100_m449_b90/CBS_k3_n100_m449_b90_302.cnf,SAT,41257.70,41243.39,14.31,357,301
/home/richard/project/SAT_benchmark/SATLIB/CBS_k3_n100_m449_b90/CBS_k3_n100_m449_b90_282.cnf,SAT,77818.46,77801.08,17.37,665,485
/home/richard/project/SAT_benchmark/SATLIB/CBS_k3_n100_m449_b90/CBS_k3_n100_m449_b90_191.cnf,SAT,115136.09,115118.39,17.70,982,847
/home/richard/project/SAT_benchmark/SATLIB/CBS_k3_n100_m449_b90/CBS_k3_n100_m449_b90_929.cnf,SAT,91501.50,91482.70,18.80,785,678
/home/richard/project/SAT_benchmark/SATLIB/CBS_k3_n100_m449_b90/CBS_k3_n100_m449_b90_519.cnf,SAT,150669.71,150650.85,18.85,1288,1102
/home/richard/project/SAT_benchmark/SATLIB/CBS_k3_n100_m449_b90/CBS_k3_n100_m449_b90_127.cnf,SAT,2568.72,2556.36,12.36,24,6
/home/richard/project/SAT_benchmark/SATLIB/CBS_k3_n100_m449_b90/CBS_k3_n100_m449_b90_417.cnf,SAT,62205.25,62191.55,13.70,538,409
/home/richard/project/SAT_benchmark/SATLIB/CBS_k3_n100_m449_b90/CBS_k3_n100_m449_b90_369.cnf,SAT,55306.23,55291.59,14.64,475,397
/home/richard/project/SAT_benchmark/SATLIB/CBS_k3_n100_m449_b90/CBS_k3_n100_m449_b90_116.cnf,SAT,33200.53,33182.71,17.82,287,248
/home/richard/project/SAT_benchmark/SATLIB/CBS_k3_n100_m449_b90/CBS_k3_n100_m449_b90_309.cnf,SAT,69588.05,69574.51,13.54,625,516
/home/richard/project/SAT_benchmark/SATLIB/CBS_k3_n100_m449_b90/CBS_k3_n100_m449_b90_11.cnf,SAT,30387.03,30370.86,16.17,271,229
/home/richard/project/SAT_benchmark/SATLIB/CBS_k3_n100_m449_b90/CBS_k3_n100_m449_b90_521.cnf,SAT,3966.27,3953.08,13.18,33,14
/home/richard/project/SAT_benchmark/SATLIB/CBS_k3_n100_m449_b90/CBS_k3_n100_m449_b90_229.cnf,SAT,154051.83,154034.34,17.48,1373,953
/home/richard/project/SAT_benchmark/SATLIB/CBS_k3_n100_m449_b90/CBS_k3_n100_m449_b90_374.cnf,SAT,63773.28,63761.34,11.94,560,445
/home/richard/project/SAT_benchmark/SATLIB/CBS_k3_n100_m449_b90/CBS_k3_n100_m449_b90_819.cnf,SAT,40877.29,40864.20,13.09,361,321
/home/richard/project/SAT_benchmark/SATLIB/CBS_k3_n100_m449_b90/CBS_k3_n100_m449_b90_783.cnf,SAT,59418.20,59402.67,15.53,523,425
/home/richard/project/SAT_benchmark/SATLIB/CBS_k3_n100_m449_b90/CBS_k3_n100_m449_b90_869.cnf,SAT,56897.54,56881.92,15.62,501,404
/home/richard/project/SAT_benchmark/SATLIB/CBS_k3_n100_m449_b90/CBS_k3_n100_m449_b90_554.cnf,SAT,38611.96,38596.24,15.73,346,296
/home/richard/project/SAT_benchmark/SATLIB/CBS_k3_n100_m449_b90/CBS_k3_n100_m449_b90_546.cnf,SAT,62611.83,62593.56,18.28,558,500
/home/richard/project/SAT_benchmark/SATLIB/CBS_k3_n100_m449_b90/CBS_k3_n100_m449_b90_439.cnf,SAT,62005.71,61991.03,14.68,547,467
/home/richard/project/SAT_benchmark/SATLIB/CBS_k3_n100_m449_b90/CBS_k3_n100_m449_b90_123.cnf,SAT,122655.63,122634.38,21.25,1068,919
/home/richard/project/SAT_benchmark/SATLIB/CBS_k3_n100_m449_b90/CBS_k3_n100_m449_b90_464.cnf,SAT,98649.47,98635.24,14.24,820,645
/home/richard/project/SAT_benchmark/SATLIB/CBS_k3_n100_m449_b90/CBS_k3_n100_m449_b90_294.cnf,SAT,104270.23,104251.10,19.13,879,664
/home/richard/project/SAT_benchmark/SATLIB/CBS_k3_n100_m449_b90/CBS_k3_n100_m449_b90_107.cnf,SAT,59672.90,59658.02,14.88,504,384
/home/richard/project/SAT_benchmark/SATLIB/CBS_k3_n100_m449_b90/CBS_k3_n100_m449_b90_411.cnf,SAT,56039.82,56022.07,17.75,492,431
/home/richard/project/SAT_benchmark/SATLIB/CBS_k3_n100_m449_b90/CBS_k3_n100_m449_b90_604.cnf,SAT,83305.42,83286.62,18.80,738,587
/home/richard/project/SAT_benchmark/SATLIB/CBS_k3_n100_m449_b90/CBS_k3_n100_m449_b90_484.cnf,SAT,64971.64,64954.04,17.60,573,478
/home/richard/project/SAT_benchmark/SATLIB/CBS_k3_n100_m449_b90/CBS_k3_n100_m449_b90_326.cnf,SAT,116737.99,116722.19,15.80,1033,798
/home/richard/project/SAT_benchmark/SATLIB/CBS_k3_n100_m449_b90/CBS_k3_n100_m449_b90_488.cnf,SAT,43638.41,43621.66,16.75,383,326
/home/richard/project/SAT_benchmark/SATLIB/CBS_k3_n100_m449_b90/CBS_k3_n100_m449_b90_942.cnf,SAT,106456.14,106436.62,19.52,944,715
/home/richard/project/SAT_benchmark/SATLIB/CBS_k3_n100_m449_b90/CBS_k3_n100_m449_b90_933.cnf,SAT,71552.09,71535.85,16.24,633,535
/home/richard/project/SAT_benchmark/SATLIB/CBS_k3_n100_m449_b90/CBS_k3_n100_m449_b90_285.cnf,SAT,109855.53,109837.43,18.10,977,832
/home/richard/project/SAT_benchmark/SATLIB/CBS_k3_n100_m449_b90/CBS_k3_n100_m449_b90_265.cnf,SAT,23250.71,23237.95,12.76,208,166
/home/richard/project/SAT_benchmark/SATLIB/CBS_k3_n100_m449_b90/CBS_k3_n100_m449_b90_772.cnf,SAT,56463.87,56446.19,17.68,507,437
/home/richard/project/SAT_benchmark/SATLIB/CBS_k3_n100_m449_b90/CBS_k3_n100_m449_b90_377.cnf,SAT,45698.27,45684.09,14.18,403,360
/home/richard/project/SAT_benchmark/SATLIB/CBS_k3_n100_m449_b90/CBS_k3_n100_m449_b90_17.cnf,SAT,100795.49,100780.68,14.81,896,685
/home/richard/project/SAT_benchmark/SATLIB/CBS_k3_n100_m449_b90/CBS_k3_n100_m449_b90_501.cnf,SAT,130860.94,130845.28,15.66,1169,741
/home/richard/project/SAT_benchmark/SATLIB/CBS_k3_n100_m449_b90/CBS_k3_n100_m449_b90_155.cnf,SAT,119504.99,119486.70,18.29,1066,927
/home/richard/project/SAT_benchmark/SATLIB/CBS_k3_n100_m449_b90/CBS_k3_n100_m449_b90_936.cnf,SAT,34106.11,34092.76,13.35,309,241
/home/richard/project/SAT_benchmark/SATLIB/CBS_k3_n100_m449_b90/CBS_k3_n100_m449_b90_746.cnf,SAT,44237.17,44223.99,13.19,397,326
/home/richard/project/SAT_benchmark/SATLIB/CBS_k3_n100_m449_b90/CBS_k3_n100_m449_b90_833.cnf,SAT,24153.96,24137.96,16.00,211,182
/home/richard/project/SAT_benchmark/SATLIB/CBS_k3_n100_m449_b90/CBS_k3_n100_m449_b90_100.cnf,SAT,32010.38,31994.29,16.09,287,249
/home/richard/project/SAT_benchmark/SATLIB/CBS_k3_n100_m449_b90/CBS_k3_n100_m449_b90_974.cnf,SAT,28589.49,28575.98,13.51,256,215
/home/richard/project/SAT_benchmark/SATLIB/CBS_k3_n100_m449_b90/CBS_k3_n100_m449_b90_299.cnf,SAT,28544.52,28528.41,16.11,254,210
/home/richard/project/SAT_benchmark/SATLIB/CBS_k3_n100_m449_b90/CBS_k3_n100_m449_b90_605.cnf,SAT,70147.65,70129.99,17.66,624,489
/home/richard/project/SAT_benchmark/SATLIB/CBS_k3_n100_m449_b90/CBS_k3_n100_m449_b90_169.cnf,SAT,41168.72,41152.96,15.77,365,299
/home/richard/project/SAT_benchmark/SATLIB/CBS_k3_n100_m449_b90/CBS_k3_n100_m449_b90_132.cnf,SAT,127068.67,127051.54,17.13,1129,732
/home/richard/project/SAT_benchmark/SATLIB/CBS_k3_n100_m449_b90/CBS_k3_n100_m449_b90_311.cnf,SAT,50136.24,50123.38,12.86,444,383
/home/richard/project/SAT_benchmark/SATLIB/CBS_k3_n100_m449_b90/CBS_k3_n100_m449_b90_680.cnf,SAT,92812.65,92797.87,14.77,827,721
/home/richard/project/SAT_benchmark/SATLIB/CBS_k3_n100_m449_b90/CBS_k3_n100_m449_b90_818.cnf,SAT,70448.01,70429.85,18.16,626,531
/home/richard/project/SAT_benchmark/SATLIB/CBS_k3_n100_m449_b90/CBS_k3_n100_m449_b90_538.cnf,SAT,33028.09,33011.92,16.17,294,213
/home/richard/project/SAT_benchmark/SATLIB/CBS_k3_n100_m449_b90/CBS_k3_n100_m449_b90_627.cnf,SAT,61556.35,61540.46,15.89,545,463
/home/richard/project/SAT_benchmark/SATLIB/CBS_k3_n100_m449_b90/CBS_k3_n100_m449_b90_13.cnf,SAT,42310.50,42295.33,15.17,377,304
/home/richard/project/SAT_benchmark/SATLIB/CBS_k3_n100_m449_b90/CBS_k3_n100_m449_b90_378.cnf,SAT,13905.09,13893.84,11.25,128,96
/home/richard/project/SAT_benchmark/SATLIB/CBS_k3_n100_m449_b90/CBS_k3_n100_m449_b90_573.cnf,SAT,16070.93,16058.34,12.59,148,105
/home/richard/project/SAT_benchmark/SATLIB/CBS_k3_n100_m449_b90/CBS_k3_n100_m449_b90_790.cnf,SAT,110056.59,110039.00,17.60,970,669
/home/richard/project/SAT_benchmark/SATLIB/CBS_k3_n100_m449_b90/CBS_k3_n100_m449_b90_21.cnf,SAT,29773.91,29760.17,13.74,268,222
/home/richard/project/SAT_benchmark/SATLIB/CBS_k3_n100_m449_b90/CBS_k3_n100_m449_b90_507.cnf,SAT,8087.81,8072.86,14.95,73,48
/home/richard/project/SAT_benchmark/SATLIB/CBS_k3_n100_m449_b90/CBS_k3_n100_m449_b90_884.cnf,SAT,67097.82,67080.47,17.35,594,516
/home/richard/project/SAT_benchmark/SATLIB/CBS_k3_n100_m449_b90/CBS_k3_n100_m449_b90_836.cnf,SAT,52291.56,52274.47,17.08,468,384
/home/richard/project/SAT_benchmark/SATLIB/CBS_k3_n100_m449_b90/CBS_k3_n100_m449_b90_593.cnf,SAT,29791.60,29777.58,14.02,264,229
/home/richard/project/SAT_benchmark/SATLIB/CBS_k3_n100_m449_b90/CBS_k3_n100_m449_b90_94.cnf,SAT,92070.22,92050.55,19.67,810,662
/home/richard/project/SAT_benchmark/SATLIB/CBS_k3_n100_m449_b90/CBS_k3_n100_m449_b90_425.cnf,SAT,14023.52,14008.33,15.19,124,95
/home/richard/project/SAT_benchmark/SATLIB/CBS_k3_n100_m449_b90/CBS_k3_n100_m449_b90_178.cnf,SAT,94510.81,94493.45,17.36,830,670
/home/richard/project/SAT_benchmark/SATLIB/CBS_k3_n100_m449_b90/CBS_k3_n100_m449_b90_467.cnf,SAT,19859.46,19844.00,15.46,177,150
/home/richard/project/SAT_benchmark/SATLIB/CBS_k3_n100_m449_b90/CBS_k3_n100_m449_b90_598.cnf,SAT,79306.15,79287.11,19.05,700,618
/home/richard/project/SAT_benchmark/SATLIB/CBS_k3_n100_m449_b90/CBS_k3_n100_m449_b90_730.cnf,SAT,85246.31,85227.60,18.71,753,654
/home/richard/project/SAT_benchmark/SATLIB/CBS_k3_n100_m449_b90/CBS_k3_n100_m449_b90_102.cnf,SAT,63596.18,63579.39,16.79,565,484
/home/richard/project/SAT_benchmark/SATLIB/CBS_k3_n100_m449_b90/CBS_k3_n100_m449_b90_987.cnf,SAT,14071.74,14058.38,13.36,127,100
/home/richard/project/SAT_benchmark/SATLIB/CBS_k3_n100_m449_b90/CBS_k3_n100_m449_b90_291.cnf,SAT,77117.08,77099.63,17.46,681,568
/home/richard/project/SAT_benchmark/SATLIB/CBS_k3_n100_m449_b90/CBS_k3_n100_m449_b90_470.cnf,SAT,113292.83,113276.97,15.86,1006,583
/home/richard/project/SAT_benchmark/SATLIB/CBS_k3_n100_m449_b90/CBS_k3_n100_m449_b90_622.cnf,SAT,104345.71,104326.38,19.33,927,789
/home/richard/project/SAT_benchmark/SATLIB/CBS_k3_n100_m449_b90/CBS_k3_n100_m449_b90_843.cnf,SAT,52300.29,52283.10,17.18,462,392
/home/richard/project/SAT_benchmark/SATLIB/CBS_k3_n100_m449_b90/CBS_k3_n100_m449_b90_419.cnf,SAT,63738.98,63721.48,17.49,563,472
/home/richard/project/SAT_benchmark/SATLIB/CBS_k3_n100_m449_b90/CBS_k3_n100_m449_b90_372.cnf,SAT,56882.00,56865.09,16.91,508,425
/home/richard/project/SAT_benchmark/SATLIB/CBS_k3_n100_m449_b90/CBS_k3_n100_m449_b90_760.cnf,SAT,41076.74,41062.12,14.62,363,306
/home/richard/project/SAT_benchmark/SATLIB/CBS_k3_n100_m449_b90/CBS_k3_n100_m449_b90_645.cnf,SAT,41208.32,41191.62,16.70,368,313
/home/richard/project/SAT_benchmark/SATLIB/CBS_k3_n100_m449_b90/CBS_k3_n100_m449_b90_624.cnf,SAT,58837.08,58820.62,16.46,524,444
/home/richard/project/SAT_benchmark/SATLIB/CBS_k3_n100_m449_b90/CBS_k3_n100_m449_b90_435.cnf,SAT,78186.91,78168.49,18.43,690,608
/home/richard/project/SAT_benchmark/SATLIB/CBS_k3_n100_m449_b90/CBS_k3_n100_m449_b90_485.cnf,SAT,56967.95,56950.27,17.67,500,436
/home/richard/project/SAT_benchmark/SATLIB/CBS_k3_n100_m449_b90/CBS_k3_n100_m449_b90_272.cnf,SAT,50147.92,50134.42,13.51,448,351
/home/richard/project/SAT_benchmark/SATLIB/CBS_k3_n100_m449_b90/CBS_k3_n100_m449_b90_916.cnf,SAT,44233.31,44216.88,16.44,393,317
/home/richard/project/SAT_benchmark/SATLIB/CBS_k3_n100_m449_b90/CBS_k3_n100_m449_b90_601.cnf,SAT,33159.55,33142.90,16.64,297,219
/home/richard/project/SAT_benchmark/SATLIB/CBS_k3_n100_m449_b90/CBS_k3_n100_m449_b90_275.cnf,SAT,13931.13,13915.48,15.64,128,104
/home/richard/project/SAT_benchmark/SATLIB/CBS_k3_n100_m449_b90/CBS_k3_n100_m449_b90_363.cnf,SAT,1326.46,1311.25,15.20,18,2
/home/richard/project/SAT_benchmark/SATLIB/CBS_k3_n100_m449_b90/CBS_k3_n100_m449_b90_705.cnf,SAT,103615.91,103596.25,19.65,923,748
/home/richard/project/SAT_benchmark/SATLIB/CBS_k3_n100_m449_b90/CBS_k3_n100_m449_b90_225.cnf,SAT,49758.42,49741.20,17.22,447,380
/home/richard/project/SAT_benchmark/SATLIB/CBS_k3_n100_m449_b90/CBS_k3_n100_m449_b90_151.cnf,SAT,113807.57,113789.35,18.22,1012,813
/home/richard/project/SAT_benchmark/SATLIB/CBS_k3_n100_m449_b90/CBS_k3_n100_m449_b90_855.cnf,SAT,22803.37,22787.53,15.84,201,168
/home/richard/project/SAT_benchmark/SATLIB/CBS_k3_n100_m449_b90/CBS_k3_n100_m449_b90_625.cnf,SAT,83733.08,83718.01,15.07,740,526
/home/richard/project/SAT_benchmark/SATLIB/CBS_k3_n100_m449_b90/CBS_k3_n100_m449_b90_579.cnf,SAT,3542.25,3528.60,13.65,37,13
/home/richard/project/SAT_benchmark/SATLIB/CBS_k3_n100_m449_b90/CBS_k3_n100_m449_b90_695.cnf,SAT,52032.47,52017.75,14.72,466,408
/home/richard/project/SAT_benchmark/SATLIB/CBS_k3_n100_m449_b90/CBS_k3_n100_m449_b90_48.cnf,SAT,59678.04,59660.53,17.51,541,435
/home/richard/project/SAT_benchmark/SATLIB/CBS_k3_n100_m449_b90/CBS_k3_n100_m449_b90_531.cnf,SAT,9046.22,9034.65,11.58,81,54
/home/richard/project/SAT_benchmark/SATLIB/CBS_k3_n100_m449_b90/CBS_k3_n100_m449_b90_577.cnf,SAT,45499.45,45486.46,12.99,414,338
/home/richard/project/SAT_benchmark/SATLIB/CBS_k3_n100_m449_b90/CBS_k3_n100_m449_b90_350.cnf,SAT,53116.58,53103.07,13.51,485,418
/home/richard/project/SAT_benchmark/SATLIB/CBS_k3_n100_m449_b90/CBS_k3_n100_m449_b90_533.cnf,SAT,100632.99,100613.32,19.66,910,783
/home/richard/project/SAT_benchmark/SATLIB/CBS_k3_n100_m449_b90/CBS_k3_n100_m449_b90_914.cnf,SAT,68716.58,68701.50,15.08,627,538
/home/richard/project/SAT_benchmark/SATLIB/CBS_k3_n100_m449_b90/CBS_k3_n100_m449_b90_436.cnf,SAT,12433.56,12418.50,15.06,114,82
/home/richard/project/SAT_benchmark/SATLIB/CBS_k3_n100_m449_b90/CBS_k3_n100_m449_b90_744.cnf,SAT,32319.79,32304.33,15.46,297,245
/home/richard/project/SAT_benchmark/SATLIB/CBS_k3_n100_m449_b90/CBS_k3_n100_m449_b90_263.cnf,SAT,96212.58,96196.27,16.31,878,708
/home/richard/project/SAT_benchmark/SATLIB/CBS_k3_n100_m449_b90/CBS_k3_n100_m449_b90_655.cnf,SAT,43120.32,43104.25,16.07,392,315
/home/richard/project/SAT_benchmark/SATLIB/CBS_k3_n100_m449_b90/CBS_k3_n100_m449_b90_109.cnf,SAT,25625.74,25610.98,14.76,235,189
/home/richard/project/SAT_benchmark/SATLIB/CBS_k3_n100_m449_b90/CBS_k3_n100_m449_b90_953.cnf,SAT,10126.03,10113.48,12.54,96,65
/home/richard/project/SAT_benchmark/SATLIB/CBS_k3_n100_m449_b90/CBS_k3_n100_m449_b90_904.cnf,SAT,61959.96,61942.52,17.44,563,471
/home/richard/project/SAT_benchmark/SATLIB/CBS_k3_n100_m449_b90/CBS_k3_n100_m449_b90_154.cnf,SAT,4606.67,4591.83,14.84,41,22
/home/richard/project/SAT_benchmark/SATLIB/CBS_k3_n100_m449_b90/CBS_k3_n100_m449_b90_261.cnf,SAT,11610.35,11595.12,15.23,103,72
/home/richard/project/SAT_benchmark/SATLIB/CBS_k3_n100_m449_b90/CBS_k3_n100_m449_b90_56.cnf,SAT,7970.23,7955.24,14.99,77,51
/home/richard/project/SAT_benchmark/SATLIB/CBS_k3_n100_m449_b90/CBS_k3_n100_m449_b90_703.cnf,SAT,42296.77,42280.20,16.58,381,319
/home/richard/project/SAT_benchmark/SATLIB/CBS_k3_n100_m449_b90/CBS_k3_n100_m449_b90_542.cnf,SAT,21223.98,21208.48,15.50,191,155
/home/richard/project/SAT_benchmark/SATLIB/CBS_k3_n100_m449_b90/CBS_k3_n100_m449_b90_759.cnf,SAT,51834.14,51816.87,17.27,472,406
/home/richard/project/SAT_benchmark/SATLIB/CBS_k3_n100_m449_b90/CBS_k3_n100_m449_b90_685.cnf,SAT,53098.31,53084.23,14.08,481,405
/home/richard/project/SAT_benchmark/SATLIB/CBS_k3_n100_m449_b90/CBS_k3_n100_m449_b90_596.cnf,SAT,82837.02,82819.16,17.86,751,632
/home/richard/project/SAT_benchmark/SATLIB/CBS_k3_n100_m449_b90/CBS_k3_n100_m449_b90_891.cnf,SAT,39916.29,39900.29,16.00,362,279
/home/richard/project/SAT_benchmark/SATLIB/CBS_k3_n100_m449_b90/CBS_k3_n100_m449_b90_761.cnf,SAT,86110.59,86091.98,18.61,784,642
/home/richard/project/SAT_benchmark/SATLIB/CBS_k3_n100_m449_b90/CBS_k3_n100_m449_b90_450.cnf,SAT,38846.62,38830.25,16.37,357,293
/home/richard/project/SAT_benchmark/SATLIB/CBS_k3_n100_m449_b90/CBS_k3_n100_m449_b90_281.cnf,SAT,76790.30,76774.61,15.69,698,550
/home/richard/project/SAT_benchmark/SATLIB/CBS_k3_n100_m449_b90/CBS_k3_n100_m449_b90_907.cnf,SAT,32162.74,32151.12,11.62,294,229
/home/richard/project/SAT_benchmark/SATLIB/CBS_k3_n100_m449_b90/CBS_k3_n100_m449_b90_808.cnf,SAT,37696.15,37681.97,14.18,348,277
/home/richard/project/SAT_benchmark/SATLIB/CBS_k3_n100_m449_b90/CBS_k3_n100_m449_b90_993.cnf,SAT,38765.20,38748.74,16.46,355,303
/home/richard/project/SAT_benchmark/SATLIB/CBS_k3_n100_m449_b90/CBS_k3_n100_m449_b90_859.cnf,SAT,14522.72,14507.38,15.33,135,99
/home/richard/project/SAT_benchmark/SATLIB/CBS_k3_n100_m449_b90/CBS_k3_n100_m449_b90_609.cnf,SAT,15674.65,15659.00,15.64,148,121
/home/richard/project/SAT_benchmark/SATLIB/CBS_k3_n100_m449_b90/CBS_k3_n100_m449_b90_328.cnf,SAT,155601.96,155583.05,18.91,1412,845
/home/richard/project/SAT_benchmark/SATLIB/CBS_k3_n100_m449_b90/CBS_k3_n100_m449_b90_250.cnf,SAT,51952.47,51935.41,17.06,476,411
/home/richard/project/SAT_benchmark/SATLIB/CBS_k3_n100_m449_b90/CBS_k3_n100_m449_b90_475.cnf,SAT,46484.22,46467.37,16.85,423,378
/home/richard/project/SAT_benchmark/SATLIB/CBS_k3_n100_m449_b90/CBS_k3_n100_m449_b90_228.cnf,SAT,92684.84,92665.79,19.04,842,725
/home/richard/project/SAT_benchmark/SATLIB/CBS_k3_n100_m449_b90/CBS_k3_n100_m449_b90_77.cnf,SAT,140773.45,140751.52,21.93,1288,1081
/home/richard/project/SAT_benchmark/SATLIB/CBS_k3_n100_m449_b90/CBS_k3_n100_m449_b90_679.cnf,SAT,138891.14,138870.64,20.50,1265,966
/home/richard/project/SAT_benchmark/SATLIB/CBS_k3_n100_m449_b90/CBS_k3_n100_m449_b90_885.cnf,SAT,27111.83,27096.99,14.83,245,204
/home/richard/project/SAT_benchmark/SATLIB/CBS_k3_n100_m449_b90/CBS_k3_n100_m449_b90_387.cnf,SAT,62003.18,61985.54,17.64,568,498
/home/richard/project/SAT_benchmark/SATLIB/CBS_k3_n100_m449_b90/CBS_k3_n100_m449_b90_800.cnf,SAT,65165.95,65147.88,18.06,595,514
/home/richard/project/SAT_benchmark/SATLIB/CBS_k3_n100_m449_b90/CBS_k3_n100_m449_b90_105.cnf,SAT,52078.35,52061.38,16.98,475,380
/home/richard/project/SAT_benchmark/SATLIB/CBS_k3_n100_m449_b90/CBS_k3_n100_m449_b90_952.cnf,SAT,89213.59,89199.84,13.75,816,517
/home/richard/project/SAT_benchmark/SATLIB/CBS_k3_n100_m449_b90/CBS_k3_n100_m449_b90_882.cnf,SAT,63034.09,63016.30,17.78,571,461
/home/richard/project/SAT_benchmark/SATLIB/CBS_k3_n100_m449_b90/CBS_k3_n100_m449_b90_969.cnf,SAT,91684.33,91665.27,19.06,836,729
/home/richard/project/SAT_benchmark/SATLIB/CBS_k3_n100_m449_b90/CBS_k3_n100_m449_b90_400.cnf,SAT,90770.69,90753.48,17.20,826,592
/home/richard/project/SAT_benchmark/SATLIB/CBS_k3_n100_m449_b90/CBS_k3_n100_m449_b90_551.cnf,SAT,43291.97,43275.57,16.40,393,320
/home/richard/project/SAT_benchmark/SATLIB/CBS_k3_n100_m449_b90/CBS_k3_n100_m449_b90_251.cnf,SAT,103764.67,103745.69,18.98,947,798
/home/richard/project/SAT_benchmark/SATLIB/CBS_k3_n100_m449_b90/CBS_k3_n100_m449_b90_845.cnf,SAT,55791.28,55775.14,16.14,505,420
/home/richard/project/SAT_benchmark/SATLIB/CBS_k3_n100_m449_b90/CBS_k3_n100_m449_b90_861.cnf,SAT,80988.93,80970.61,18.32,705,600
/home/richard/project/SAT_benchmark/SATLIB/CBS_k3_n100_m449_b90/CBS_k3_n100_m449_b90_471.cnf,SAT,254789.43,254762.63,26.79,2215,1819
/home/richard/project/SAT_benchmark/SATLIB/CBS_k3_n100_m449_b90/CBS_k3_n100_m449_b90_866.cnf,SAT,84476.59,84457.72,18.87,767,674
/home/richard/project/SAT_benchmark/SATLIB/CBS_k3_n100_m449_b90/CBS_k3_n100_m449_b90_147.cnf,SAT,12805.57,12789.85,15.72,119,90
/home/richard/project/SAT_benchmark/SATLIB/CBS_k3_n100_m449_b90/CBS_k3_n100_m449_b90_30.cnf,SAT,35103.64,35086.70,16.93,314,264
/home/richard/project/SAT_benchmark/SATLIB/CBS_k3_n100_m449_b90/CBS_k3_n100_m449_b90_55.cnf,SAT,22718.88,22706.75,12.13,194,152
/home/richard/project/SAT_benchmark/SATLIB/CBS_k3_n100_m449_b90/CBS_k3_n100_m449_b90_232.cnf,SAT,93734.38,93716.25,18.13,800,638
/home/richard/project/SAT_benchmark/SATLIB/CBS_k3_n100_m449_b90/CBS_k3_n100_m449_b90_848.cnf,SAT,21470.75,21457.96,12.79,182,147
/home/richard/project/SAT_benchmark/SATLIB/CBS_k3_n100_m449_b90/CBS_k3_n100_m449_b90_184.cnf,SAT,84278.31,84259.31,19.00,722,623
/home/richard/project/SAT_benchmark/SATLIB/CBS_k3_n100_m449_b90/CBS_k3_n100_m449_b90_646.cnf,SAT,57497.40,57484.04,13.37,493,342
/home/richard/project/SAT_benchmark/SATLIB/CBS_k3_n100_m449_b90/CBS_k3_n100_m449_b90_711.cnf,SAT,48651.46,48634.90,16.56,414,283
/home/richard/project/SAT_benchmark/SATLIB/CBS_k3_n100_m449_b90/CBS_k3_n100_m449_b90_444.cnf,SAT,38296.80,38284.74,12.06,349,281
/home/richard/project/SAT_benchmark/SATLIB/CBS_k3_n100_m449_b90/CBS_k3_n100_m449_b90_213.cnf,SAT,13438.36,13423.25,15.11,127,96
/home/richard/project/SAT_benchmark/SATLIB/CBS_k3_n100_m449_b90/CBS_k3_n100_m449_b90_167.cnf,SAT,18582.11,18566.50,15.62,165,130
/home/richard/project/SAT_benchmark/SATLIB/CBS_k3_n100_m449_b90/CBS_k3_n100_m449_b90_415.cnf,SAT,25523.29,25507.46,15.83,230,185
/home/richard/project/SAT_benchmark/SATLIB/CBS_k3_n100_m449_b90/CBS_k3_n100_m449_b90_653.cnf,SAT,31962.08,31945.68,16.40,293,242
/home/richard/project/SAT_benchmark/SATLIB/CBS_k3_n100_m449_b90/CBS_k3_n100_m449_b90_150.cnf,SAT,65245.47,65227.57,17.91,592,469
/home/richard/project/SAT_benchmark/SATLIB/CBS_k3_n100_m449_b90/CBS_k3_n100_m449_b90_33.cnf,SAT,62949.87,62933.65,16.22,572,493
/home/richard/project/SAT_benchmark/SATLIB/CBS_k3_n100_m449_b90/CBS_k3_n100_m449_b90_437.cnf,SAT,20008.33,19995.91,12.42,181,142
/home/richard/project/SAT_benchmark/SATLIB/CBS_k3_n100_m449_b90/CBS_k3_n100_m449_b90_182.cnf,SAT,10079.30,10066.03,13.27,92,77
/home/richard/project/SAT_benchmark/SATLIB/CBS_k3_n100_m449_b90/CBS_k3_n100_m449_b90_983.cnf,SAT,28942.65,28926.25,16.39,260,209
/home/richard/project/SAT_benchmark/SATLIB/CBS_k3_n100_m449_b90/CBS_k3_n100_m449_b90_133.cnf,SAT,41041.52,41025.02,16.49,378,318
/home/richard/project/SAT_benchmark/SATLIB/CBS_k3_n100_m449_b90/CBS_k3_n100_m449_b90_883.cnf,SAT,72622.95,72607.63,15.32,668,582
/home/richard/project/SAT_benchmark/SATLIB/CBS_k3_n100_m449_b90/CBS_k3_n100_m449_b90_308.cnf,SAT,99398.53,99382.42,16.11,906,792
/home/richard/project/SAT_benchmark/SATLIB/CBS_k3_n100_m449_b90/CBS_k3_n100_m449_b90_332.cnf,SAT,22284.39,22271.45,12.94,209,172
/home/richard/project/SAT_benchmark/SATLIB/CBS_k3_n100_m449_b90/CBS_k3_n100_m449_b90_975.cnf,SAT,37688.45,37672.12,16.33,349,255
/home/richard/project/SAT_benchmark/SATLIB/CBS_k3_n100_m449_b90/CBS_k3_n100_m449_b90_115.cnf,SAT,56594.22,56580.65,13.58,519,428
/home/richard/project/SAT_benchmark/SATLIB/CBS_k3_n100_m449_b90/CBS_k3_n100_m449_b90_754.cnf,SAT,27757.21,27740.47,16.73,254,205
/home/richard/project/SAT_benchmark/SATLIB/CBS_k3_n100_m449_b90/CBS_k3_n100_m449_b90_278.cnf,SAT,119505.41,119491.10,14.31,1085,635
/home/richard/project/SAT_benchmark/SATLIB/CBS_k3_n100_m449_b90/CBS_k3_n100_m449_b90_125.cnf,SAT,29923.08,29909.75,13.33,278,212
/home/richard/project/SAT_benchmark/SATLIB/CBS_k3_n100_m449_b90/CBS_k3_n100_m449_b90_500.cnf,SAT,96072.53,96054.58,17.95,874,634
/home/richard/project/SAT_benchmark/SATLIB/CBS_k3_n100_m449_b90/CBS_k3_n100_m449_b90_386.cnf,SAT,67377.35,67362.66,14.69,615,529
/home/richard/project/SAT_benchmark/SATLIB/CBS_k3_n100_m449_b90/CBS_k3_n100_m449_b90_697.cnf,SAT,25541.15,25525.80,15.35,234,159
/home/richard/project/SAT_benchmark/SATLIB/CBS_k3_n100_m449_b90/CBS_k3_n100_m449_b90_198.cnf,SAT,43230.11,43217.25,12.86,394,321
/home/richard/project/SAT_benchmark/SATLIB/CBS_k3_n100_m449_b90/CBS_k3_n100_m449_b90_44.cnf,SAT,46383.18,46366.46,16.72,423,370
/home/richard/project/SAT_benchmark/SATLIB/CBS_k3_n100_m449_b90/CBS_k3_n100_m449_b90_96.cnf,SAT,106665.86,106649.26,16.60,976,765
/home/richard/project/SAT_benchmark/SATLIB/CBS_k3_n100_m449_b90/CBS_k3_n100_m449_b90_535.cnf,SAT,32076.70,32060.75,15.95,293,222
/home/richard/project/SAT_benchmark/SATLIB/CBS_k3_n100_m449_b90/CBS_k3_n100_m449_b90_585.cnf,SAT,66134.21,66116.45,17.75,605,546
/home/richard/project/SAT_benchmark/SATLIB/CBS_k3_n100_m449_b90/CBS_k3_n100_m449_b90_181.cnf,SAT,68530.54,68517.45,13.09,620,457
/home/richard/project/SAT_benchmark/SATLIB/CBS_k3_n100_m449_b90/CBS_k3_n100_m449_b90_453.cnf,SAT,104575.40,104559.53,15.87,954,779
/home/richard/project/SAT_benchmark/SATLIB/CBS_k3_n100_m449_b90/CBS_k3_n100_m449_b90_989.cnf,SAT,17827.61,17812.32,15.29,163,133
/home/richard/project/SAT_benchmark/SATLIB/CBS_k3_n100_m449_b90/CBS_k3_n100_m449_b90_893.cnf,SAT,55244.55,55227.34,17.20,502,418
/home/richard/project/SAT_benchmark/SATLIB/CBS_k3_n100_m449_b90/CBS_k3_n100_m449_b90_448.cnf,SAT,72721.16,72706.41,14.75,660,573
/home/richard/project/SAT_benchmark/SATLIB/CBS_k3_n100_m449_b90/CBS_k3_n100_m449_b90_28.cnf,SAT,34238.67,34224.50,14.17,314,264
/home/richard/project/SAT_benchmark/SATLIB/CBS_k3_n100_m449_b90/CBS_k3_n100_m449_b90_343.cnf,SAT,45380.80,45364.44,16.36,416,367
/home/richard/project/SAT_benchmark/SATLIB/CBS_k3_n100_m449_b90/CBS_k3_n100_m449_b90_269.cnf,SAT,79089.55,79072.44,17.11,723,607
/home/richard/project/SAT_benchmark/SATLIB/CBS_k3_n100_m449_b90/CBS_k3_n100_m449_b90_811.cnf,SAT,154828.29,154805.30,22.99,1415,1202
/home/richard/project/SAT_benchmark/SATLIB/CBS_k3_n100_m449_b90/CBS_k3_n100_m449_b90_875.cnf,SAT,64135.28,64116.87,18.42,586,500
/home/richard/project/SAT_benchmark/SATLIB/CBS_k3_n100_m449_b90/CBS_k3_n100_m449_b90_564.cnf,SAT,34334.38,34321.88,12.49,318,225
/home/richard/project/SAT_benchmark/SATLIB/CBS_k3_n100_m449_b90/CBS_k3_n100_m449_b90_973.cnf,SAT,137499.34,137479.99,19.36,1253,819
/home/richard/project/SAT_benchmark/SATLIB/CBS_k3_n100_m449_b90/CBS_k3_n100_m449_b90_249.cnf,SAT,37683.25,37667.66,15.59,346,291
/home/richard/project/SAT_benchmark/SATLIB/CBS_k3_n100_m449_b90/CBS_k3_n100_m449_b90_672.cnf,SAT,35262.42,35247.23,15.18,324,278
/home/richard/project/SAT_benchmark/SATLIB/CBS_k3_n100_m449_b90/CBS_k3_n100_m449_b90_629.cnf,SAT,103237.48,103217.54,19.94,949,837
/home/richard/project/SAT_benchmark/SATLIB/CBS_k3_n100_m449_b90/CBS_k3_n100_m449_b90_53.cnf,SAT,153133.00,153112.84,20.16,1396,1187
/home/richard/project/SAT_benchmark/SATLIB/CBS_k3_n100_m449_b90/CBS_k3_n100_m449_b90_34.cnf,SAT,25062.55,25045.73,16.82,227,178
/home/richard/project/SAT_benchmark/SATLIB/CBS_k3_n100_m449_b90/CBS_k3_n100_m449_b90_74.cnf,SAT,18965.50,18951.33,14.16,179,136
/home/richard/project/SAT_benchmark/SATLIB/CBS_k3_n100_m449_b90/CBS_k3_n100_m449_b90_767.cnf,SAT,32079.76,32066.57,13.19,295,238
/home/richard/project/SAT_benchmark/SATLIB/CBS_k3_n100_m449_b90/CBS_k3_n100_m449_b90_541.cnf,SAT,38827.74,38814.25,13.49,357,291
/home/richard/project/SAT_benchmark/SATLIB/CBS_k3_n100_m449_b90/CBS_k3_n100_m449_b90_262.cnf,SAT,42168.77,42154.73,14.04,384,333
/home/richard/project/SAT_benchmark/SATLIB/CBS_k3_n100_m449_b90/CBS_k3_n100_m449_b90_946.cnf,SAT,22283.86,22271.87,11.99,206,161
/home/richard/project/SAT_benchmark/SATLIB/CBS_k3_n100_m449_b90/CBS_k3_n100_m449_b90_706.cnf,SAT,11194.08,11178.67,15.41,104,77
/home/richard/project/SAT_benchmark/SATLIB/CBS_k3_n100_m449_b90/CBS_k3_n100_m449_b90_908.cnf,SAT,71554.54,71538.10,16.44,654,522
/home/richard/project/SAT_benchmark/SATLIB/CBS_k3_n100_m449_b90/CBS_k3_n100_m449_b90_591.cnf,SAT,43188.49,43171.90,16.58,395,338
/home/richard/project/SAT_benchmark/SATLIB/CBS_k3_n100_m449_b90/CBS_k3_n100_m449_b90_874.cnf,SAT,63950.59,63932.79,17.80,582,491
/home/richard/project/SAT_benchmark/SATLIB/CBS_k3_n100_m449_b90/CBS_k3_n100_m449_b90_8.cnf,SAT,131043.61,131026.07,17.54,1194,983
/home/richard/project/SAT_benchmark/SATLIB/CBS_k3_n100_m449_b90/CBS_k3_n100_m449_b90_677.cnf,SAT,36556.27,36540.04,16.23,337,275
/home/richard/project/SAT_benchmark/SATLIB/CBS_k3_n100_m449_b90/CBS_k3_n100_m449_b90_900.cnf,SAT,33276.39,33259.92,16.47,304,261
/home/richard/project/SAT_benchmark/SATLIB/CBS_k3_n100_m449_b90/CBS_k3_n100_m449_b90_423.cnf,SAT,14502.35,14488.68,13.67,133,115
/home/richard/project/SAT_benchmark/SATLIB/CBS_k3_n100_m449_b90/CBS_k3_n100_m449_b90_971.cnf,SAT,67227.73,67210.41,17.32,614,546
/home/richard/project/SAT_benchmark/SATLIB/CBS_k3_n100_m449_b90/CBS_k3_n100_m449_b90_69.cnf,SAT,57648.01,57631.86,16.15,527,444
/home/richard/project/SAT_benchmark/SATLIB/CBS_k3_n100_m449_b90/CBS_k3_n100_m449_b90_445.cnf,SAT,78186.73,78168.20,18.53,718,614
/home/richard/project/SAT_benchmark/SATLIB/CBS_k3_n100_m449_b90/CBS_k3_n100_m449_b90_951.cnf,SAT,65179.32,65161.87,17.44,598,504
/home/richard/project/SAT_benchmark/SATLIB/CBS_k3_n100_m435_b10/CBS_k3_n100_m435_b10_713.cnf,SAT,15634.34,15624.84,9.50,142,102
/home/richard/project/SAT_benchmark/SATLIB/CBS_k3_n100_m435_b10/CBS_k3_n100_m435_b10_752.cnf,SAT,5660.92,5652.15,8.77,51,16
/home/richard/project/SAT_benchmark/SATLIB/CBS_k3_n100_m435_b10/CBS_k3_n100_m435_b10_99.cnf,SAT,15645.94,15636.62,9.32,144,106
/home/richard/project/SAT_benchmark/SATLIB/CBS_k3_n100_m435_b10/CBS_k3_n100_m435_b10_568.cnf,SAT,6818.51,6809.44,9.07,60,38
/home/richard/project/SAT_benchmark/SATLIB/CBS_k3_n100_m435_b10/CBS_k3_n100_m435_b10_484.cnf,SAT,52433.48,52421.82,11.66,472,354
/home/richard/project/SAT_benchmark/SATLIB/CBS_k3_n100_m435_b10/CBS_k3_n100_m435_b10_880.cnf,SAT,14581.40,14567.14,14.26,135,103
/home/richard/project/SAT_benchmark/SATLIB/CBS_k3_n100_m435_b10/CBS_k3_n100_m435_b10_623.cnf,SAT,13474.35,13465.64,8.71,121,83
/home/richard/project/SAT_benchmark/SATLIB/CBS_k3_n100_m435_b10/CBS_k3_n100_m435_b10_769.cnf,SAT,15677.25,15667.20,10.05,140,117
/home/richard/project/SAT_benchmark/SATLIB/CBS_k3_n100_m435_b10/CBS_k3_n100_m435_b10_449.cnf,SAT,9045.22,9034.71,10.51,86,57
/home/richard/project/SAT_benchmark/SATLIB/CBS_k3_n100_m435_b10/CBS_k3_n100_m435_b10_644.cnf,SAT,35504.48,35494.77,9.71,325,267
/home/richard/project/SAT_benchmark/SATLIB/CBS_k3_n100_m435_b10/CBS_k3_n100_m435_b10_790.cnf,SAT,6839.54,6830.84,8.70,60,41
/home/richard/project/SAT_benchmark/SATLIB/CBS_k3_n100_m435_b10/CBS_k3_n100_m435_b10_825.cnf,SAT,95688.88,95675.67,13.21,873,632
/home/richard/project/SAT_benchmark/SATLIB/CBS_k3_n100_m435_b10/CBS_k3_n100_m435_b10_85.cnf,SAT,38872.94,38862.96,9.97,358,284
/home/richard/project/SAT_benchmark/SATLIB/CBS_k3_n100_m435_b10/CBS_k3_n100_m435_b10_147.cnf,SAT,4630.35,4618.65,11.70,49,20
/home/richard/project/SAT_benchmark/SATLIB/CBS_k3_n100_m435_b10/CBS_k3_n100_m435_b10_405.cnf,SAT,13450.05,13440.43,9.62,128,90
/home/richard/project/SAT_benchmark/SATLIB/CBS_k3_n100_m435_b10/CBS_k3_n100_m435_b10_748.cnf,SAT,55536.63,55524.50,12.13,501,439
/home/richard/project/SAT_benchmark/SATLIB/CBS_k3_n100_m435_b10/CBS_k3_n100_m435_b10_842.cnf,SAT,55170.10,55155.77,14.33,509,432
/home/richard/project/SAT_benchmark/SATLIB/CBS_k3_n100_m435_b10/CBS_k3_n100_m435_b10_473.cnf,SAT,18888.78,18879.56,9.22,170,138
/home/richard/project/SAT_benchmark/SATLIB/CBS_k3_n100_m435_b10/CBS_k3_n100_m435_b10_563.cnf,SAT,49706.32,49695.45,10.87,452,382
/home/richard/project/SAT_benchmark/SATLIB/CBS_k3_n100_m435_b10/CBS_k3_n100_m435_b10_616.cnf,SAT,4618.62,4607.21,11.41,42,8
/home/richard/project/SAT_benchmark/SATLIB/CBS_k3_n100_m435_b10/CBS_k3_n100_m435_b10_969.cnf,SAT,25487.63,25476.63,11.00,239,190
/home/richard/project/SAT_benchmark/SATLIB/CBS_k3_n100_m435_b10/CBS_k3_n100_m435_b10_275.cnf,SAT,40847.52,40837.44,10.08,376,307
/home/richard/project/SAT_benchmark/SATLIB/CBS_k3_n100_m435_b10/CBS_k3_n100_m435_b10_7.cnf,SAT,46401.48,46389.50,11.97,423,358
/home/richard/project/SAT_benchmark/SATLIB/CBS_k3_n100_m435_b10/CBS_k3_n100_m435_b10_420.cnf,SAT,71440.55,71428.69,11.86,652,530
/home/richard/project/SAT_benchmark/SATLIB/CBS_k3_n100_m435_b10/CBS_k3_n100_m435_b10_945.cnf,SAT,23349.05,23338.60,10.44,219,191
/home/richard/project/SAT_benchmark/SATLIB/CBS_k3_n100_m435_b10/CBS_k3_n100_m435_b10_600.cnf,SAT,34489.99,34479.54,10.45,317,247
/home/richard/project/SAT_benchmark/SATLIB/CBS_k3_n100_m435_b10/CBS_k3_n100_m435_b10_670.cnf,SAT,61994.17,61982.48,11.69,560,452
/home/richard/project/SAT_benchmark/SATLIB/CBS_k3_n100_m435_b10/CBS_k3_n100_m435_b10_495.cnf,SAT,18986.93,18975.11,11.82,175,147
/home/richard/project/SAT_benchmark/SATLIB/CBS_k3_n100_m435_b10/CBS_k3_n100_m435_b10_740.cnf,SAT,35500.41,35489.12,11.28,324,264
/home/richard/project/SAT_benchmark/SATLIB/CBS_k3_n100_m435_b10/CBS_k3_n100_m435_b10_12.cnf,SAT,25558.55,25548.87,9.68,232,130
/home/richard/project/SAT_benchmark/SATLIB/CBS_k3_n100_m435_b10/CBS_k3_n100_m435_b10_572.cnf,SAT,16783.93,16772.14,11.79,159,128
/home/richard/project/SAT_benchmark/SATLIB/CBS_k3_n100_m435_b10/CBS_k3_n100_m435_b10_295.cnf,SAT,38732.23,38721.87,10.37,354,321
/home/richard/project/SAT_benchmark/SATLIB/CBS_k3_n100_m435_b10/CBS_k3_n100_m435_b10_193.cnf,SAT,17843.51,17832.67,10.85,164,129
/home/richard/project/SAT_benchmark/SATLIB/CBS_k3_n100_m435_b10/CBS_k3_n100_m435_b10_559.cnf,SAT,56269.93,56258.64,11.29,510,403
/home/richard/project/SAT_benchmark/SATLIB/CBS_k3_n100_m435_b10/CBS_k3_n100_m435_b10_622.cnf,SAT,17843.29,17834.75,8.54,168,105
/home/richard/project/SAT_benchmark/SATLIB/CBS_k3_n100_m435_b10/CBS_k3_n100_m435_b10_392.cnf,SAT,14492.58,14484.03,8.55,130,99
/home/richard/project/SAT_benchmark/SATLIB/CBS_k3_n100_m435_b10/CBS_k3_n100_m435_b10_240.cnf,SAT,4598.01,4589.16,8.85,41,15
/home/richard/project/SAT_benchmark/SATLIB/CBS_k3_n100_m435_b10/CBS_k3_n100_m435_b10_986.cnf,SAT,66490.65,66479.02,11.63,605,499
/home/richard/project/SAT_benchmark/SATLIB/CBS_k3_n100_m435_b10/CBS_k3_n100_m435_b10_11.cnf,SAT,54090.70,54078.48,12.22,497,415
/home/richard/project/SAT_benchmark/SATLIB/CBS_k3_n100_m435_b10/CBS_k3_n100_m435_b10_723.cnf,SAT,16747.87,16738.88,9.00,150,108
/home/richard/project/SAT_benchmark/SATLIB/CBS_k3_n100_m435_b10/CBS_k3_n100_m435_b10_888.cnf,SAT,41850.76,41839.72,11.04,381,321
/home/richard/project/SAT_benchmark/SATLIB/CBS_k3_n100_m435_b10/CBS_k3_n100_m435_b10_500.cnf,SAT,11307.66,11298.60,9.06,102,70
/home/richard/project/SAT_benchmark/SATLIB/CBS_k3_n100_m435_b10/CBS_k3_n100_m435_b10_442.cnf,SAT,5647.88,5638.60,9.28,59,21
/home/richard/project/SAT_benchmark/SATLIB/CBS_k3_n100_m435_b10/CBS_k3_n100_m435_b10_802.cnf,SAT,15578.26,15568.88,9.37,143,120
/home/richard/project/SAT_benchmark/SATLIB/CBS_k3_n100_m435_b10/CBS_k3_n100_m435_b10_833.cnf,SAT,25543.79,25534.16,9.62,236,181
/home/richard/project/SAT_benchmark/SATLIB/CBS_k3_n100_m435_b10/CBS_k3_n100_m435_b10_578.cnf,SAT,82571.83,82558.02,13.81,753,578
/home/richard/project/SAT_benchmark/SATLIB/CBS_k3_n100_m435_b10/CBS_k3_n100_m435_b10_199.cnf,SAT,3514.31,3506.19,8.12,35,7
/home/richard/project/SAT_benchmark/SATLIB/CBS_k3_n100_m435_b10/CBS_k3_n100_m435_b10_65.cnf,SAT,20488.02,20477.62,10.40,180,137
/home/richard/project/SAT_benchmark/SATLIB/CBS_k3_n100_m435_b10/CBS_k3_n100_m435_b10_604.cnf,SAT,0.07,0.00,0.07,0,0
/home/richard/project/SAT_benchmark/SATLIB/CBS_k3_n100_m435_b10/CBS_k3_n100_m435_b10_989.cnf,SAT,32080.82,32069.10,11.72,292,251
/home/richard/project/SAT_benchmark/SATLIB/CBS_k3_n100_m435_b10/CBS_k3_n100_m435_b10_915.cnf,SAT,37660.23,37650.27,9.96,341,281
/home/richard/project/SAT_benchmark/SATLIB/CBS_k3_n100_m435_b10/CBS_k3_n100_m435_b10_671.cnf,SAT,0.09,0.00,0.09,0,0
/home/richard/project/SAT_benchmark/SATLIB/CBS_k3_n100_m435_b10/CBS_k3_n100_m435_b10_435.cnf,SAT,12339.24,12328.28,10.96,117,78
/home/richard/project/SAT_benchmark/SATLIB/CBS_k3_n100_m435_b10/CBS_k3_n100_m435_b10_511.cnf,SAT,24384.40,24373.60,10.80,225,171
/home/richard/project/SAT_benchmark/SATLIB/CBS_k3_n100_m435_b10/CBS_k3_n100_m435_b10_588.cnf,SAT,0.09,0.00,0.09,0,0
/home/richard/project/SAT_benchmark/SATLIB/CBS_k3_n100_m435_b10/CBS_k3_n100_m435_b10_701.cnf,SAT,15663.46,15654.46,9.00,147,120
/home/richard/project/SAT_benchmark/SATLIB/CBS_k3_n100_m435_b10/CBS_k3_n100_m435_b10_115.cnf,SAT,34317.90,34307.83,10.06,312,270
/home/richard/project/SAT_benchmark/SATLIB/CBS_k3_n100_m435_b10/CBS_k3_n100_m435_b10_98.cnf,SAT,20018.69,20006.59,12.10,186,130
/home/richard/project/SAT_benchmark/SATLIB/CBS_k3_n100_m435_b10/CBS_k3_n100_m435_b10_434.cnf,SAT,7940.06,7930.66,9.40,73,45
/home/richard/project/SAT_benchmark/SATLIB/CBS_k3_n100_m435_b10/CBS_k3_n100_m435_b10_430.cnf,SAT,11546.61,11538.09,8.51,107,77
/home/richard/project/SAT_benchmark/SATLIB/CBS_k3_n100_m435_b10/CBS_k3_n100_m435_b10_824.cnf,SAT,0.08,0.00,0.08,0,0
/home/richard/project/SAT_benchmark/SATLIB/CBS_k3_n100_m435_b10/CBS_k3_n100_m435_b10_653.cnf,SAT,33358.83,33348.30,10.53,306,237
/home/richard/project/SAT_benchmark/SATLIB/CBS_k3_n100_m435_b10/CBS_k3_n100_m435_b10_654.cnf,SAT,25422.64,25410.58,12.06,236,195
/home/richard/project/SAT_benchmark/SATLIB/CBS_k3_n100_m435_b10/CBS_k3_n100_m435_b10_527.cnf,SAT,5687.85,5679.25,8.60,58,25
/home/richard/project/SAT_benchmark/SATLIB/CBS_k3_n100_m435_b10/CBS_k3_n100_m435_b10_992.cnf,SAT,40950.01,40939.21,10.80,378,313
/home/richard/project/SAT_benchmark/SATLIB/CBS_k3_n100_m435_b10/CBS_k3_n100_m435_b10_501.cnf,SAT,46451.07,46439.72,11.35,427,366
/home/richard/project/SAT_benchmark/SATLIB/CBS_k3_n100_m435_b10/CBS_k3_n100_m435_b10_310.cnf,SAT,28826.83,28816.38,10.45,265,209
/home/richard/project/SAT_benchmark/SATLIB/CBS_k3_n100_m435_b10/CBS_k3_n100_m435_b10_510.cnf,SAT,3498.92,3490.07,8.84,39,14
/home/richard/project/SAT_benchmark/SATLIB/CBS_k3_n100_m435_b10/CBS_k3_n100_m435_b10_832.cnf,SAT,65010.05,64998.46,11.59,594,497
/home/richard/project/SAT_benchmark/SATLIB/CBS_k3_n100_m435_b10/CBS_k3_n100_m435_b10_84.cnf,SAT,16742.71,16732.95,9.76,151,121
/home/richard/project/SAT_benchmark/SATLIB/CBS_k3_n100_m435_b10/CBS_k3_n100_m435_b10_545.cnf,SAT,15609.83,15601.46,8.37,140,110
/home/richard/project/SAT_benchmark/SATLIB/CBS_k3_n100_m435_b10/CBS_k3_n100_m435_b10_353.cnf,SAT,3939.67,3930.41,9.26,32,13
/home/richard/project/SAT_benchmark/SATLIB/CBS_k3_n100_m435_b10/CBS_k3_n100_m435_b10_987.cnf,SAT,15640.44,15631.61,8.84,147,82
/home/richard/project/SAT_benchmark/SATLIB/CBS_k3_n100_m435_b10/CBS_k3_n100_m435_b10_766.cnf,SAT,48685.48,48672.21,13.26,445,380
/home/richard/project/SAT_benchmark/SATLIB/CBS_k3_n100_m435_b10/CBS_k3_n100_m435_b10_390.cnf,SAT,10130.48,10118.45,12.03,90,60
/home/richard/project/SAT_benchmark/SATLIB/CBS_k3_n100_m435_b10/CBS_k3_n100_m435_b10_276.cnf,SAT,7950.81,7941.04,9.78,79,47
/home/richard/project/SAT_benchmark/SATLIB/CBS_k3_n100_m435_b10/CBS_k3_n100_m435_b10_200.cnf,SAT,13831.19,13820.98,10.21,128,98
/home/richard/project/SAT_benchmark/SATLIB/CBS_k3_n100_m435_b10/CBS_k3_n100_m435_b10_812.cnf,SAT,3521.44,3511.35,10.10,37,18
/home/richard/project/SAT_benchmark/SATLIB/CBS_k3_n100_m435_b10/CBS_k3_n100_m435_b10_747.cnf,SAT,28801.42,28791.12,10.30,261,203
/home/richard/project/SAT_benchmark/SATLIB/CBS_k3_n100_m435_b10/CBS_k3_n100_m435_b10_881.cnf,SAT,31048.02,31034.84,13.18,283,238
/home/richard/project/SAT_benchmark/SATLIB/CBS_k3_n100_m435_b10/CBS_k3_n100_m435_b10_947.cnf,SAT,46365.92,46354.44,11.48,421,353
/home/richard/project/SAT_benchmark/SATLIB/CBS_k3_n100_m435_b10/CBS_k3_n100_m435_b10_900.cnf,SAT,13413.15,13403.73,9.42,126,109
/home/richard/project/SAT_benchmark/SATLIB/CBS_k3_n100_m435_b10/CBS_k3_n100_m435_b10_68.cnf,SAT,0.07,0.00,0.07,0,0
/home/richard/project/SAT_benchmark/SATLIB/CBS_k3_n100_m435_b10/CBS_k3_n100_m435_b10_6.cnf,SAT,7950.20,7940.91,9.29,74,50
/home/richard/project/SAT_benchmark/SATLIB/CBS_k3_n100_m435_b10/CBS_k3_n100_m435_b10_278.cnf,SAT,4594.79,4586.35,8.44,40,20
/home/richard/project/SAT_benchmark/SATLIB/CBS_k3_n100_m435_b10/CBS_k3_n100_m435_b10_213.cnf,SAT,6031.34,6021.41,9.93,59,40
/home/richard/project/SAT_benchmark/SATLIB/CBS_k3_n100_m435_b10/CBS_k3_n100_m435_b10_592.cnf,SAT,44245.91,44235.12,10.79,401,323
/home/richard/project/SAT_benchmark/SATLIB/CBS_k3_n100_m435_b10/CBS_k3_n100_m435_b10_216.cnf,SAT,6855.36,6845.03,10.34,69,42
/home/richard/project/SAT_benchmark/SATLIB/CBS_k3_n100_m435_b10/CBS_k3_n100_m435_b10_529.cnf,SAT,17814.21,17802.79,11.42,168,137
/home/richard/project/SAT_benchmark/SATLIB/CBS_k3_n100_m435_b10/CBS_k3_n100_m435_b10_756.cnf,SAT,18903.76,18893.80,9.96,177,145
/home/richard/project/SAT_benchmark/SATLIB/CBS_k3_n100_m435_b10/CBS_k3_n100_m435_b10_570.cnf,SAT,27770.12,27760.33,9.79,250,196
/home/richard/project/SAT_benchmark/SATLIB/CBS_k3_n100_m435_b10/CBS_k3_n100_m435_b10_912.cnf,SAT,35456.98,35446.09,10.88,320,264
/home/richard/project/SAT_benchmark/SATLIB/CBS_k3_n100_m435_b10/CBS_k3_n100_m435_b10_698.cnf,SAT,39809.40,39799.37,10.03,365,229
/home/richard/project/SAT_benchmark/SATLIB/CBS_k3_n100_m435_b10/CBS_k3_n100_m435_b10_804.cnf,SAT,28830.82,28819.68,11.14,264,190
/home/richard/project/SAT_benchmark/SATLIB/CBS_k3_n100_m435_b10/CBS_k3_n100_m435_b10_673.cnf,SAT,16723.77,16713.58,10.20,159,108
/home/richard/project/SAT_benchmark/SATLIB/CBS_k3_n100_m435_b10/CBS_k3_n100_m435_b10_745.cnf,SAT,16695.66,16686.80,8.86,157,132
/home/richard/project/SAT_benchmark/SATLIB/CBS_k3_n100_m435_b10/CBS_k3_n100_m435_b10_872.cnf,SAT,5695.59,5687.70,7.90,55,33
/home/richard/project/SAT_benchmark/SATLIB/CBS_k3_n100_m435_b10/CBS_k3_n100_m435_b10_792.cnf,SAT,22743.71,22732.46,11.25,206,148
/home/richard/project/SAT_benchmark/SATLIB/CBS_k3_n100_m435_b10/CBS_k3_n100_m435_b10_107.cnf,SAT,7927.70,7919.13,8.57,76,41
/home/richard/project/SAT_benchmark/SATLIB/CBS_k3_n100_m435_b10/CBS_k3_n100_m435_b10_399.cnf,SAT,60695.85,60684.57,11.28,552,397
/home/richard/project/SAT_benchmark/SATLIB/CBS_k3_n100_m435_b10/CBS_k3_n100_m435_b10_466.cnf,SAT,30901.01,30890.96,10.06,286,220
/home/richard/project/SAT_benchmark/SATLIB/CBS_k3_n100_m435_b10/CBS_k3_n100_m435_b10_479.cnf,SAT,24427.94,24418.18,9.75,221,178
/home/richard/project/SAT_benchmark/SATLIB/CBS_k3_n100_m435_b10/CBS_k3_n100_m435_b10_506.cnf,SAT,77139.93,77128.22,11.72,705,493
/home/richard/project/SAT_benchmark/SATLIB/CBS_k3_n100_m435_b10/CBS_k3_n100_m435_b10_477.cnf,SAT,6822.94,6812.59,10.35,60,38
/home/richard/project/SAT_benchmark/SATLIB/CBS_k3_n100_m435_b10/CBS_k3_n100_m435_b10_136.cnf,SAT,25997.30,25987.67,9.63,230,191
/home/richard/project/SAT_benchmark/SATLIB/CBS_k3_n100_m435_b10/CBS_k3_n100_m435_b10_758.cnf,SAT,44336.75,44326.40,10.34,405,337
/home/richard/project/SAT_benchmark/SATLIB/CBS_k3_n100_m435_b10/CBS_k3_n100_m435_b10_325.cnf,SAT,0.08,0.00,0.08,0,0
/home/richard/project/SAT_benchmark/SATLIB/CBS_k3_n100_m435_b10/CBS_k3_n100_m435_b10_678.cnf,SAT,21092.88,21084.39,8.49,195,129
/home/richard/project/SAT_benchmark/SATLIB/CBS_k3_n100_m435_b10/CBS_k3_n100_m435_b10_757.cnf,SAT,43121.89,43110.92,10.97,393,298
/home/richard/project/SAT_benchmark/SATLIB/CBS_k3_n100_m435_b10/CBS_k3_n100_m435_b10_847.cnf,SAT,6807.84,6799.39,8.45,60,28
/home/richard/project/SAT_benchmark/SATLIB/CBS_k3_n100_m435_b10/CBS_k3_n100_m435_b10_271.cnf,SAT,8365.88,8357.19,8.69,71,45
/home/richard/project/SAT_benchmark/SATLIB/CBS_k3_n100_m435_b10/CBS_k3_n100_m435_b10_913.cnf,SAT,40749.34,40738.54,10.79,370,291
/home/richard/project/SAT_benchmark/SATLIB/CBS_k3_n100_m435_b10/CBS_k3_n100_m435_b10_634.cnf,SAT,13381.56,13373.12,8.44,123,77
/home/richard/project/SAT_benchmark/SATLIB/CBS_k3_n100_m435_b10/CBS_k3_n100_m435_b10_978.cnf,SAT,0.08,0.00,0.08,0,0
/home/richard/project/SAT_benchmark/SATLIB/CBS_k3_n100_m435_b10/CBS_k3_n100_m435_b10_127.cnf,SAT,17851.33,17841.72,9.61,167,120
/home/richard/project/SAT_benchmark/SATLIB/CBS_k3_n100_m435_b10/CBS_k3_n100_m435_b10_914.cnf,SAT,13377.18,13368.37,8.81,121,94
/home/richard/project/SAT_benchmark/SATLIB/CBS_k3_n100_m435_b10/CBS_k3_n100_m435_b10_377.cnf,SAT,22210.98,22201.19,9.79,203,148
/home/richard/project/SAT_benchmark/SATLIB/CBS_k3_n100_m435_b10/CBS_k3_n100_m435_b10_305.cnf,SAT,24383.52,24373.77,9.75,226,188
/home/richard/project/SAT_benchmark/SATLIB/CBS_k3_n100_m435_b10/CBS_k3_n100_m435_b10_38.cnf,SAT,16720.63,16711.50,9.13,157,118
/home/richard/project/SAT_benchmark/SATLIB/CBS_k3_n100_m435_b10/CBS_k3_n100_m435_b10_609.cnf,SAT,11190.95,11179.10,11.85,107,67
/home/richard/project/SAT_benchmark/SATLIB/CBS_k3_n100_m435_b10/CBS_k3_n100_m435_b10_113.cnf,SAT,16755.96,16740.58,15.37,157,126
/home/richard/project/SAT_benchmark/SATLIB/CBS_k3_n100_m435_b10/CBS_k3_n100_m435_b10_695.cnf,SAT,44204.64,44193.66,10.98,403,317
/home/richard/project/SAT_benchmark/SATLIB/CBS_k3_n100_m435_b10/CBS_k3_n100_m435_b10_541.cnf,SAT,32156.53,32145.82,10.71,299,241
/home/richard/project/SAT_benchmark/SATLIB/CBS_k3_n100_m435_b10/CBS_k3_n100_m435_b10_694.cnf,SAT,2383.95,2374.66,9.29,25,10
/home/richard/project/SAT_benchmark/SATLIB/CBS_k3_n100_m435_b10/CBS_k3_n100_m435_b10_688.cnf,SAT,22232.09,22220.78,11.31,202,174
/home/richard/project/SAT_benchmark/SATLIB/CBS_k3_n100_m435_b10/CBS_k3_n100_m435_b10_304.cnf,SAT,3477.35,3465.04,12.32,35,18
/home/richard/project/SAT_benchmark/SATLIB/CBS_k3_n100_m435_b10/CBS_k3_n100_m435_b10_518.cnf,SAT,17233.78,17223.07,10.71,158,119
/home/richard/project/SAT_benchmark/SATLIB/CBS_k3_n100_m435_b10/CBS_k3_n100_m435_b10_319.cnf,SAT,14540.79,14529.93,10.86,134,104
/home/richard/project/SAT_benchmark/SATLIB/CBS_k3_n100_m435_b10/CBS_k3_n100_m435_b10_876.cnf,SAT,5709.95,5700.28,9.67,55,28
/home/richard/project/SAT_benchmark/SATLIB/CBS_k3_n100_m435_b10/CBS_k3_n100_m435_b10_257.cnf,SAT,25371.22,25360.98,10.24,232,180
/home/richard/project/SAT_benchmark/SATLIB/CBS_k3_n100_m435_b10/CBS_k3_n100_m435_b10_309.cnf,SAT,10087.56,10079.47,8.09,95,60
/home/richard/project/SAT_benchmark/SATLIB/CBS_k3_n100_m435_b10/CBS_k3_n100_m435_b10_363.cnf,SAT,4104.90,4096.79,8.11,39,12
/home/richard/project/SAT_benchmark/SATLIB/CBS_k3_n100_m435_b10/CBS_k3_n100_m435_b10_132.cnf,SAT,35489.78,35475.84,13.94,326,268
/home/richard/project/SAT_benchmark/SATLIB/CBS_k3_n100_m435_b10/CBS_k3_n100_m435_b10_593.cnf,SAT,5749.61,5737.37,12.24,50,32
/home/richard/project/SAT_benchmark/SATLIB/CBS_k3_n100_m435_b10/CBS_k3_n100_m435_b10_480.cnf,SAT,3517.61,3508.12,9.48,32,3
/home/richard/project/SAT_benchmark/SATLIB/CBS_k3_n100_m435_b10/CBS_k3_n100_m435_b10_692.cnf,SAT,27777.26,27766.82,10.44,259,214
/home/richard/project/SAT_benchmark/SATLIB/CBS_k3_n100_m435_b10/CBS_k3_n100_m435_b10_528.cnf,SAT,3490.73,3481.76,8.96,32,4
/home/richard/project/SAT_benchmark/SATLIB/CBS_k3_n100_m435_b10/CBS_k3_n100_m435_b10_808.cnf,SAT,45378.59,45367.93,10.65,419,303
/home/richard/project/SAT_benchmark/SATLIB/CBS_k3_n100_m435_b10/CBS_k3_n100_m435_b10_364.cnf,SAT,9066.74,9057.53,9.20,87,68
/home/richard/project/SAT_benchmark/SATLIB/CBS_k3_n100_m435_b10/CBS_k3_n100_m435_b10_327.cnf,SAT,34366.75,34356.08,10.67,318,243
/home/richard/project/SAT_benchmark/SATLIB/CBS_k3_n100_m435_b10/CBS_k3_n100_m435_b10_203.cnf,SAT,28765.52,28756.66,8.86,262,215
/home/richard/project/SAT_benchmark/SATLIB/CBS_k3_n100_m435_b10/CBS_k3_n100_m435_b10_817.cnf,SAT,4645.28,4635.35,9.93,48,19
/home/richard/project/SAT_benchmark/SATLIB/CBS_k3_n100_m435_b10/CBS_k3_n100_m435_b10_481.cnf,SAT,50884.63,50873.23,11.40,467,392
/home/richard/project/SAT_benchmark/SATLIB/CBS_k3_n100_m435_b10/CBS_k3_n100_m435_b10_641.cnf,SAT,6811.53,6802.44,9.09,64,38
/home/richard/project/SAT_benchmark/SATLIB/CBS_k3_n100_m435_b10/CBS_k3_n100_m435_b10_218.cnf,SAT,7933.94,7924.93,9.01,70,45
/home/richard/project/SAT_benchmark/SATLIB/CBS_k3_n100_m435_b10/CBS_k3_n100_m435_b10_608.cnf,SAT,18446.19,18435.81,10.39,161,131
/home/richard/project/SAT_benchmark/SATLIB/CBS_k3_n100_m435_b10/CBS_k3_n100_m435_b10_4.cnf,SAT,51990.17,51979.77,10.40,474,401
/home/richard/project/SAT_benchmark/SATLIB/CBS_k3_n100_m435_b10/CBS_k3_n100_m435_b10_404.cnf,SAT,7991.63,7982.85,8.78,74,46
/home/richard/project/SAT_benchmark/SATLIB/CBS_k3_n100_m435_b10/CBS_k3_n100_m435_b10_294.cnf,SAT,15568.88,15559.58,9.31,142,104
/home/richard/project/SAT_benchmark/SATLIB/CBS_k3_n100_m435_b10/CBS_k3_n100_m435_b10_782.cnf,SAT,58430.95,58419.65,11.30,535,410
/home/richard/project/SAT_benchmark/SATLIB/CBS_k3_n100_m435_b10/CBS_k3_n100_m435_b10_369.cnf,SAT,14622.65,14612.06,10.60,139,102
/home/richard/project/SAT_benchmark/SATLIB/CBS_k3_n100_m435_b10/CBS_k3_n100_m435_b10_895.cnf,SAT,7907.14,7897.87,9.27,71,40
/home/richard/project/SAT_benchmark/SATLIB/CBS_k3_n100_m435_b10/CBS_k3_n100_m435_b10_170.cnf,SAT,21182.31,21173.94,8.37,192,133
/home/richard/project/SAT_benchmark/SATLIB/CBS_k3_n100_m435_b10/CBS_k3_n100_m435_b10_907.cnf,SAT,48630.84,48620.63,10.21,447,360
/home/richard/project/SAT_benchmark/SATLIB/CBS_k3_n100_m435_b10/CBS_k3_n100_m435_b10_781.cnf,SAT,2395.60,2387.12,8.48,26,8
/home/richard/project/SAT_benchmark/SATLIB/CBS_k3_n100_m435_b10/CBS_k3_n100_m435_b10_237.cnf,SAT,39786.71,39776.51,10.20,365,290
/home/richard/project/SAT_benchmark/SATLIB/CBS_k3_n100_m435_b10/CBS_k3_n100_m435_b10_822.cnf,SAT,10117.51,10107.33,10.17,95,59
/home/richard/project/SAT_benchmark/SATLIB/CBS_k3_n100_m435_b10/CBS_k3_n100_m435_b10_96.cnf,SAT,7946.72,7938.23,8.49,75,47
/home/richard/project/SAT_benchmark/SATLIB/CBS_k3_n100_m435_b10/CBS_k3_n100_m435_b10_702.cnf,SAT,26701.81,26691.55,10.26,241,177
/home/richard/project/SAT_benchmark/SATLIB/CBS_k3_n100_m435_b10/CBS_k3_n100_m435_b10_182.cnf,SAT,17838.64,17827.98,10.66,168,139
/home/richard/project/SAT_benchmark/SATLIB/CBS_k3_n100_m435_b10/CBS_k3_n100_m435_b10_834.cnf,SAT,0.07,0.00,0.07,0,0
/home/richard/project/SAT_benchmark/SATLIB/CBS_k3_n100_m435_b10/CBS_k3_n100_m435_b10_459.cnf,SAT,44150.21,44137.82,12.39,406,340
/home/richard/project/SAT_benchmark/SATLIB/CBS_k3_n100_m435_b10/CBS_k3_n100_m435_b10_259.cnf,SAT,62828.26,62816.12,12.14,576,471
/home/richard/project/SAT_benchmark/SATLIB/CBS_k3_n100_m435_b10/CBS_k3_n100_m435_b10_241.cnf,SAT,47486.67,47476.45,10.22,433,354
/home/richard/project/SAT_benchmark/SATLIB/CBS_k3_n100_m435_b10/CBS_k3_n100_m435_b10_853.cnf,SAT,28898.27,28888.42,9.85,263,229
/home/richard/project/SAT_benchmark/SATLIB/CBS_k3_n100_m435_b10/CBS_k3_n100_m435_b10_36.cnf,SAT,10103.33,10092.12,11.21,96,66
/home/richard/project/SAT_benchmark/SATLIB/CBS_k3_n100_m435_b10/CBS_k3_n100_m435_b10_255.cnf,SAT,9006.68,8995.76,10.92,87,50
/home/richard/project/SAT_benchmark/SATLIB/CBS_k3_n100_m435_b10/CBS_k3_n100_m435_b10_57.cnf,SAT,14536.60,14527.07,9.53,132,89
/home/richard/project/SAT_benchmark/SATLIB/CBS_k3_n100_m435_b10/CBS_k3_n100_m435_b10_307.cnf,SAT,2384.34,2374.72,9.62,25,2
/home/richard/project/SAT_benchmark/SATLIB/CBS_k3_n100_m435_b10/CBS_k3_n100_m435_b10_287.cnf,SAT,3506.25,3496.40,9.85,33,8
/home/richard/project/SAT_benchmark/SATLIB/CBS_k3_n100_m435_b10/CBS_k3_n100_m435_b10_181.cnf,SAT,33811.76,33797.63,14.12,306,242
/home/richard/project/SAT_benchmark/SATLIB/CBS_k3_n100_m435_b10/CBS_k3_n100_m435_b10_166.cnf,SAT,4603.99,4595.14,8.85,40,16
/home/richard/project/SAT_benchmark/SATLIB/CBS_k3_n100_m435_b10/CBS_k3_n100_m435_b10_603.cnf,SAT,11204.29,11195.55,8.74,103,67
/home/richard/project/SAT_benchmark/SATLIB/CBS_k3_n100_m435_b10/CBS_k3_n100_m435_b10_273.cnf,SAT,12277.34,12268.82,8.52,114,76
/home/richard/project/SAT_benchmark/SATLIB/CBS_k3_n100_m435_b10/CBS_k3_n100_m435_b10_981.cnf,SAT,18992.66,18982.71,9.94,176,138
/home/richard/project/SAT_benchmark/SATLIB/CBS_k3_n100_m435_b10/CBS_k3_n100_m435_b10_323.cnf,SAT,46350.80,46340.21,10.59,420,326
/home/richard/project/SAT_benchmark/SATLIB/CBS_k3_n100_m435_b10/CBS_k3_n100_m435_b10_850.cnf,SAT,26684.19,26673.34,10.85,248,211
/home/richard/project/SAT_benchmark/SATLIB/CBS_k3_n100_m435_b10/CBS_k3_n100_m435_b10_632.cnf,SAT,74798.45,74785.57,12.88,688,533
/home/richard/project/SAT_benchmark/SATLIB/CBS_k3_n100_m435_b10/CBS_k3_n100_m435_b10_689.cnf,SAT,10111.64,10099.16,12.47,95,59
/home/richard/project/SAT_benchmark/SATLIB/CBS_k3_n100_m435_b10/CBS_k3_n100_m435_b10_292.cnf,SAT,3480.29,3471.97,8.32,33,13
/home/richard/project/SAT_benchmark/SATLIB/CBS_k3_n100_m435_b10/CBS_k3_n100_m435_b10_664.cnf,SAT,95182.88,95170.81,12.07,869,654
/home/richard/project/SAT_benchmark/SATLIB/CBS_k3_n100_m435_b10/CBS_k3_n100_m435_b10_229.cnf,SAT,74834.34,74822.09,12.24,683,515
/home/richard/project/SAT_benchmark/SATLIB/CBS_k3_n100_m435_b10/CBS_k3_n100_m435_b10_410.cnf,SAT,23275.49,23263.67,11.82,219,174
/home/richard/project/SAT_benchmark/SATLIB/CBS_k3_n100_m435_b10/CBS_k3_n100_m435_b10_565.cnf,SAT,5727.78,5719.46,8.32,58,29
/home/richard/project/SAT_benchmark/SATLIB/CBS_k3_n100_m435_b10/CBS_k3_n100_m435_b10_717.cnf,SAT,10119.81,10111.08,8.73,97,64
/home/richard/project/SAT_benchmark/SATLIB/CBS_k3_n100_m435_b10/CBS_k3_n100_m435_b10_712.cnf,SAT,31773.28,31763.13,10.15,285,217
/home/richard/project/SAT_benchmark/SATLIB/CBS_k3_n100_m435_b10/CBS_k3_n100_m435_b10_90.cnf,SAT,12344.87,12330.85,14.02,113,75
/home/richard/project/SAT_benchmark/SATLIB/CBS_k3_n100_m435_b10/CBS_k3_n100_m435_b10_279.cnf,SAT,3487.88,3478.22,9.66,38,22
/home/richard/project/SAT_benchmark/SATLIB/CBS_k3_n100_m435_b10/CBS_k3_n100_m435_b10_42.cnf,SAT,10172.27,10163.01,9.26,93,59
/home/richard/project/SAT_benchmark/SATLIB/CBS_k3_n100_m435_b10/CBS_k3_n100_m435_b10_507.cnf,SAT,2392.83,2384.67,8.17,27,5
/home/richard/project/SAT_benchmark/SATLIB/CBS_k3_n100_m435_b10/CBS_k3_n100_m435_b10_539.cnf,SAT,24750.74,24740.80,9.94,220,176
/home/richard/project/SAT_benchmark/SATLIB/CBS_k3_n100_m435_b10/CBS_k3_n100_m435_b10_428.cnf,SAT,30921.13,30911.70,9.43,285,248
/home/richard/project/SAT_benchmark/SATLIB/CBS_k3_n100_m435_b10/CBS_k3_n100_m435_b10_393.cnf,SAT,12319.45,12310.17,9.28,110,81
/home/richard/project/SAT_benchmark/SATLIB/CBS_k3_n100_m435_b10/CBS_k3_n100_m435_b10_333.cnf,SAT,91675.14,91662.78,12.37,836,569
/home/richard/project/SAT_benchmark/SATLIB/CBS_k3_n100_m435_b10/CBS_k3_n100_m435_b10_971.cnf,SAT,11212.90,11201.90,11.00,100,72
/home/richard/project/SAT_benchmark/SATLIB/CBS_k3_n100_m435_b10/CBS_k3_n100_m435_b10_335.cnf,SAT,24396.17,24387.05,9.13,223,190
/home/richard/project/SAT_benchmark/SATLIB/CBS_k3_n100_m435_b10/CBS_k3_n100_m435_b10_870.cnf,SAT,10115.56,10104.99,10.57,94,63
/home/richard/project/SAT_benchmark/SATLIB/CBS_k3_n100_m435_b10/CBS_k3_n100_m435_b10_773.cnf,SAT,16737.20,16726.66,10.54,153,117
/home/richard/project/SAT_benchmark/SATLIB/CBS_k3_n100_m435_b10/CBS_k3_n100_m435_b10_351.cnf,SAT,31013.92,31004.21,9.70,289,229
/home/richard/project/SAT_benchmark/SATLIB/CBS_k3_n100_m435_b10/CBS_k3_n100_m435_b10_647.cnf,SAT,3498.77,3488.92,9.85,33,8
/home/richard/project/SAT_benchmark/SATLIB/CBS_k3_n100_m435_b10/CBS_k3_n100_m435_b10_942.cnf,SAT,31095.82,31086.41,9.41,281,252
/home/richard/project/SAT_benchmark/SATLIB/CBS_k3_n100_m435_b10/CBS_k3_n100_m435_b10_725.cnf,SAT,20012.13,20002.52,9.60,184,140
/home/richard/project/SAT_benchmark/SATLIB/CBS_k3_n100_m435_b10/CBS_k3_n100_m435_b10_742.cnf,SAT,16758.32,16748.64,9.67,150,108
/home/richard/project/SAT_benchmark/SATLIB/CBS_k3_n100_m435_b10/CBS_k3_n100_m435_b10_60.cnf,SAT,2397.02,2387.94,9.07,28,3
/home/richard/project/SAT_benchmark/SATLIB/CBS_k3_n100_m435_b10/CBS_k3_n100_m435_b10_968.cnf,SAT,37612.03,37601.97,10.06,341,273
/home/richard/project/SAT_benchmark/SATLIB/CBS_k3_n100_m435_b10/CBS_k3_n100_m435_b10_413.cnf,SAT,4651.53,4642.57,8.96,40,8
/home/richard/project/SAT_benchmark/SATLIB/CBS_k3_n100_m435_b10/CBS_k3_n100_m435_b10_823.cnf,SAT,41917.75,41907.53,10.22,383,314
/home/richard/project/SAT_benchmark/SATLIB/CBS_k3_n100_m435_b10/CBS_k3_n100_m435_b10_582.cnf,SAT,21153.97,21143.67,10.30,194,147
/home/richard/project/SAT_benchmark/SATLIB/CBS_k3_n100_m435_b10/CBS_k3_n100_m435_b10_16.cnf,SAT,13435.81,13426.49,9.32,128,95
/home/richard/project/SAT_benchmark/SATLIB/CBS_k3_n100_m435_b10/CBS_k3_n100_m435_b10_425.cnf,SAT,47504.37,47492.83,11.54,437,327
/home/richard/project/SAT_benchmark/SATLIB/CBS_k3_n100_m435_b10/CBS_k3_n100_m435_b10_774.cnf,SAT,13384.81,13375.62,9.19,129,89
/home/richard/project/SAT_benchmark/SATLIB/CBS_k3_n100_m435_b10/CBS_k3_n100_m435_b10_521.cnf,SAT,42973.39,42962.78,10.61,397,297
/home/richard/project/SAT_benchmark/SATLIB/CBS_k3_n100_m435_b10/CBS_k3_n100_m435_b10_242.cnf,SAT,14562.25,14552.96,9.29,133,108
/home/richard/project/SAT_benchmark/SATLIB/CBS_k3_n100_m435_b10/CBS_k3_n100_m435_b10_729.cnf,SAT,18924.57,18913.92,10.65,176,124
/home/richard/project/SAT_benchmark/SATLIB/CBS_k3_n100_m435_b10/CBS_k3_n100_m435_b10_206.cnf,SAT,6806.04,6795.91,10.13,60,42
/home/richard/project/SAT_benchmark/SATLIB/CBS_k3_n100_m435_b10/CBS_k3_n100_m435_b10_556.cnf,SAT,9010.16,9001.66,8.50,89,58
/home/richard/project/SAT_benchmark/SATLIB/CBS_k3_n100_m435_b10/CBS_k3_n100_m435_b10_104.cnf,SAT,10387.41,10377.64,9.77,91,71
/home/richard/project/SAT_benchmark/SATLIB/CBS_k3_n100_m435_b10/CBS_k3_n100_m435_b10_217.cnf,SAT,9.23,0.00,9.23,0,0
/home/richard/project/SAT_benchmark/SATLIB/CBS_k3_n100_m435_b10/CBS_k3_n100_m435_b10_793.cnf,SAT,5715.10,5706.10,9.00,55,30
/home/richard/project/SAT_benchmark/SATLIB/CBS_k3_n100_m435_b10/CBS_k3_n100_m435_b10_89.cnf,SAT,2433.74,2420.14,13.60,25,7
/home/richard/project/SAT_benchmark/SATLIB/CBS_k3_n100_m435_b10/CBS_k3_n100_m435_b10_967.cnf,SAT,8961.24,8951.45,9.79,89,52
/home/richard/project/SAT_benchmark/SATLIB/CBS_k3_n100_m435_b10/CBS_k3_n100_m435_b10_952.cnf,SAT,25491.59,25482.13,9.46,238,189
/home/richard/project/SAT_benchmark/SATLIB/CBS_k3_n100_m435_b10/CBS_k3_n100_m435_b10_715.cnf,SAT,10086.14,10077.07,9.08,98,66
/home/richard/project/SAT_benchmark/SATLIB/CBS_k3_n100_m435_b10/CBS_k3_n100_m435_b10_722.cnf,SAT,6806.55,6796.36,10.19,67,38
/home/richard/project/SAT_benchmark/SATLIB/CBS_k3_n100_m435_b10/CBS_k3_n100_m435_b10_176.cnf,SAT,11814.15,11803.30,10.85,105,79
/home/richard/project/SAT_benchmark/SATLIB/CBS_k3_n100_m435_b10/CBS_k3_n100_m435_b10_549.cnf,SAT,24417.65,24405.51,12.14,225,170
/home/richard/project/SAT_benchmark/SATLIB/CBS_k3_n100_m435_b10/CBS_k3_n100_m435_b10_720.cnf,SAT,13375.46,13364.75,10.71,128,100
/home/richard/project/SAT_benchmark/SATLIB/CBS_k3_n100_m435_b10/CBS_k3_n100_m435_b10_0.cnf,SAT,71765.88,71753.72,12.16,658,458
/home/richard/project/SAT_benchmark/SATLIB/CBS_k3_n100_m435_b10/CBS_k3_n100_m435_b10_738.cnf,SAT,11219.13,11209.08,10.05,106,83
/home/richard/project/SAT_benchmark/SATLIB/CBS_k3_n100_m435_b10/CBS_k3_n100_m435_b10_586.cnf,SAT,10161.04,10150.54,10.51,93,55
/home/richard/project/SAT_benchmark/SATLIB/CBS_k3_n100_m435_b10/CBS_k3_n100_m435_b10_909.cnf,SAT,12304.96,12295.75,9.21,112,80
/home/richard/project/SAT_benchmark/SATLIB/CBS_k3_n100_m435_b10/CBS_k3_n100_m435_b10_614.cnf,SAT,10141.77,10133.12,8.66,90,61
/home/richard/project/SAT_benchmark/SATLIB/CBS_k3_n100_m435_b10/CBS_k3_n100_m435_b10_130.cnf,SAT,41363.26,41352.38,10.88,373,291
/home/richard/project/SAT_benchmark/SATLIB/CBS_k3_n100_m435_b10/CBS_k3_n100_m435_b10_759.cnf,SAT,33314.04,33304.23,9.81,308,254
/home/richard/project/SAT_benchmark/SATLIB/CBS_k3_n100_m435_b10/CBS_k3_n100_m435_b10_418.cnf,SAT,68558.07,68545.14,12.92,625,522
/home/richard/project/SAT_benchmark/SATLIB/CBS_k3_n100_m435_b10/CBS_k3_n100_m435_b10_996.cnf,SAT,25558.57,25548.18,10.39,236,203
/home/richard/project/SAT_benchmark/SATLIB/CBS_k3_n100_m435_b10/CBS_k3_n100_m435_b10_50.cnf,SAT,13474.46,13464.58,9.88,122,87
/home/richard/project/SAT_benchmark/SATLIB/CBS_k3_n100_m435_b10/CBS_k3_n100_m435_b10_517.cnf,SAT,12362.03,12352.84,9.18,111,93
/home/richard/project/SAT_benchmark/SATLIB/CBS_k3_n100_m435_b10/CBS_k3_n100_m435_b10_463.cnf,SAT,61779.56,61769.18,10.38,568,325
/home/richard/project/SAT_benchmark/SATLIB/CBS_k3_n100_m435_b10/CBS_k3_n100_m435_b10_291.cnf,SAT,9021.55,9012.18,9.37,88,48
/home/richard/project/SAT_benchmark/SATLIB/CBS_k3_n100_m435_b10/CBS_k3_n100_m435_b10_349.cnf,SAT,56461.96,56449.85,12.11,519,430
/home/richard/project/SAT_benchmark/SATLIB/CBS_k3_n100_m435_b10/CBS_k3_n100_m435_b10_134.cnf,SAT,15616.17,15606.63,9.54,145,119
/home/richard/project/SAT_benchmark/SATLIB/CBS_k3_n100_m435_b10/CBS_k3_n100_m435_b10_2.cnf,SAT,60748.81,60737.31,11.50,559,485
/home/richard/project/SAT_benchmark/SATLIB/CBS_k3_n100_m435_b10/CBS_k3_n100_m435_b10_938.cnf,SAT,3505.91,3496.19,9.72,36,10
/home/richard/project/SAT_benchmark/SATLIB/CBS_k3_n100_m435_b10/CBS_k3_n100_m435_b10_780.cnf,SAT,93928.05,93914.77,13.29,857,712
/home/richard/project/SAT_benchmark/SATLIB/CBS_k3_n100_m435_b10/CBS_k3_n100_m435_b10_13.cnf,SAT,35364.84,35353.47,11.37,323,277
/home/richard/project/SAT_benchmark/SATLIB/CBS_k3_n100_m435_b10/CBS_k3_n100_m435_b10_985.cnf,SAT,14626.63,14615.80,10.84,138,108
/home/richard/project/SAT_benchmark/SATLIB/CBS_k3_n100_m435_b10/CBS_k3_n100_m435_b10_52.cnf,SAT,31109.84,31096.89,12.95,283,231
/home/richard/project/SAT_benchmark/SATLIB/CBS_k3_n100_m435_b10/CBS_k3_n100_m435_b10_788.cnf,SAT,33261.36,33251.54,9.82,304,245
/home/richard/project/SAT_benchmark/SATLIB/CBS_k3_n100_m435_b10/CBS_k3_n100_m435_b10_196.cnf,SAT,36547.22,36535.03,12.19,336,278
/home/richard/project/SAT_benchmark/SATLIB/CBS_k3_n100_m435_b10/CBS_k3_n100_m435_b10_581.cnf,SAT,15632.95,15623.83,9.12,143,109
/home/richard/project/SAT_benchmark/SATLIB/CBS_k3_n100_m435_b10/CBS_k3_n100_m435_b10_731.cnf,SAT,22166.67,22155.81,10.86,204,155
/home/richard/project/SAT_benchmark/SATLIB/CBS_k3_n100_m435_b10/CBS_k3_n100_m435_b10_621.cnf,SAT,34411.01,34401.06,9.95,312,254
/home/richard/project/SAT_benchmark/SATLIB/CBS_k3_n100_m435_b10/CBS_k3_n100_m435_b10_933.cnf,SAT,7919.19,7908.47,10.72,79,46
/home/richard/project/SAT_benchmark/SATLIB/CBS_k3_n100_m435_b10/CBS_k3_n100_m435_b10_601.cnf,SAT,7897.30,7887.74,9.56,70,56
/home/richard/project/SAT_benchmark/SATLIB/CBS_k3_n100_m435_b10/CBS_k3_n100_m435_b10_502.cnf,SAT,15349.42,15340.70,8.72,139,114
/home/richard/project/SAT_benchmark/SATLIB/CBS_k3_n100_m435_b10/CBS_k3_n100_m435_b10_161.cnf,SAT,13452.00,13441.95,10.05,120,94
/home/richard/project/SAT_benchmark/SATLIB/CBS_k3_n100_m435_b10/CBS_k3_n100_m435_b10_175.cnf,SAT,42075.33,42064.39,10.94,388,337
/home/richard/project/SAT_benchmark/SATLIB/CBS_k3_n100_m435_b10/CBS_k3_n100_m435_b10_546.cnf,SAT,20053.14,20042.68,10.46,187,145
/home/richard/project/SAT_benchmark/SATLIB/CBS_k3_n100_m435_b10/CBS_k3_n100_m435_b10_105.cnf,SAT,32052.24,32041.82,10.42,293,242
/home/richard/project/SAT_benchmark/SATLIB/CBS_k3_n100_m435_b10/CBS_k3_n100_m435_b10_956.cnf,SAT,7886.48,7877.57,8.91,77,49
/home/richard/project/SAT_benchmark/SATLIB/CBS_k3_n100_m435_b10/CBS_k3_n100_m435_b10_284.cnf,SAT,2416.37,2407.06,9.31,23,7
/home/richard/project/SAT_benchmark/SATLIB/CBS_k3_n100_m435_b10/CBS_k3_n100_m435_b10_540.cnf,SAT,17281.77,17272.04,9.73,155,116
/home/richard/project/SAT_benchmark/SATLIB/CBS_k3_n100_m435_b10/CBS_k3_n100_m435_b10_300.cnf,SAT,0.09,0.00,0.09,0,0
/home/richard/project/SAT_benchmark/SATLIB/CBS_k3_n100_m435_b10/CBS_k3_n100_m435_b10_128.cnf,SAT,16860.39,16851.01,9.38,156,122
/home/richard/project/SAT_benchmark/SATLIB/CBS_k3_n100_m435_b10/CBS_k3_n100_m435_b10_14.cnf,SAT,6833.58,6824.15,9.43,64,32
/home/richard/project/SAT_benchmark/SATLIB/CBS_k3_n100_m435_b10/CBS_k3_n100_m435_b10_194.cnf,SAT,16807.23,16797.74,9.50,157,122
/home/richard/project/SAT_benchmark/SATLIB/CBS_k3_n100_m435_b10/CBS_k3_n100_m435_b10_384.cnf,SAT,32004.94,31994.08,10.86,298,240
/home/richard/project/SAT_benchmark/SATLIB/CBS_k3_n100_m435_b10/CBS_k3_n100_m435_b10_301.cnf,SAT,5718.73,5710.46,8.27,50,25
/home/richard/project/SAT_benchmark/SATLIB/CBS_k3_n100_m435_b10/CBS_k3_n100_m435_b10_897.cnf,SAT,17794.66,17785.60,9.06,166,115
/home/richard/project/SAT_benchmark/SATLIB/CBS_k3_n100_m435_b10/CBS_k3_n100_m435_b10_596.cnf,SAT,25654.32,25644.87,9.45,230,189
/home/richard/project/SAT_benchmark/SATLIB/CBS_k3_n100_m435_b10/CBS_k3_n100_m435_b10_605.cnf,SAT,4594.23,4585.20,9.03,49,20
/home/richard/project/SAT_benchmark/SATLIB/CBS_k3_n100_m435_b10/CBS_k3_n100_m435_b10_340.cnf,SAT,7940.95,7931.65,9.30,76,45
/home/richard/project/SAT_benchmark/SATLIB/CBS_k3_n100_m435_b10/CBS_k3_n100_m435_b10_432.cnf,SAT,7911.64,7902.02,9.62,79,52
/home/richard/project/SAT_benchmark/SATLIB/CBS_k3_n100_m435_b10/CBS_k3_n100_m435_b10_440.cnf,SAT,6773.73,6765.14,8.59,62,32
/home/richard/project/SAT_benchmark/SATLIB/CBS_k3_n100_m435_b10/CBS_k3_n100_m435_b10_809.cnf,SAT,50105.07,50094.45,10.62,459,381
/home/richard/project/SAT_benchmark/SATLIB/CBS_k3_n100_m435_b10/CBS_k3_n100_m435_b10_441.cnf,SAT,67190.27,67178.80,11.47,610,524
/home/richard/project/SAT_benchmark/SATLIB/CBS_k3_n100_m435_b10/CBS_k3_n100_m435_b10_27.cnf,SAT,20021.57,20012.72,8.85,184,137
/home/richard/project/SAT_benchmark/SATLIB/CBS_k3_n100_m435_b10/CBS_k3_n100_m435_b10_409.cnf,SAT,38639.43,38626.67,12.76,353,296
/home/richard/project/SAT_benchmark/SATLIB/CBS_k3_n100_m435_b10/CBS_k3_n100_m435_b10_63.cnf,SAT,0.07,0.00,0.07,0,0
/home/richard/project/SAT_benchmark/SATLIB/CBS_k3_n100_m435_b10/CBS_k3_n100_m435_b10_139.cnf,SAT,10117.25,10108.59,8.66,96,67
/home/richard/project/SAT_benchmark/SATLIB/CBS_k3_n100_m435_b10/CBS_k3_n100_m435_b10_256.cnf,SAT,6794.61,6784.64,9.97,62,26
/home/richard/project/SAT_benchmark/SATLIB/CBS_k3_n100_m435_b10/CBS_k3_n100_m435_b10_371.cnf,SAT,24857.20,24847.32,9.88,227,159
/home/richard/project/SAT_benchmark/SATLIB/CBS_k3_n100_m435_b10/CBS_k3_n100_m435_b10_950.cnf,SAT,27672.66,27663.68,8.98,254,202
/home/richard/project/SAT_benchmark/SATLIB/CBS_k3_n100_m435_b10/CBS_k3_n100_m435_b10_302.cnf,SAT,24415.89,24407.17,8.72,221,186
/home/richard/project/SAT_benchmark/SATLIB/CBS_k3_n100_m435_b10/CBS_k3_n100_m435_b10_20.cnf,SAT,48697.22,48686.31,10.91,444,301
/home/richard/project/SAT_benchmark/SATLIB/CBS_k3_n100_m435_b10/CBS_k3_n100_m435_b10_21.cnf,SAT,42083.96,42073.47,10.49,381,300
/home/richard/project/SAT_benchmark/SATLIB/CBS_k3_n100_m435_b10/CBS_k3_n100_m435_b10_82.cnf,SAT,7875.68,7867.20,8.47,73,48
/home/richard/project/SAT_benchmark/SATLIB/CBS_k3_n100_m435_b10/CBS_k3_n100_m435_b10_108.cnf,SAT,30458.91,30448.15,10.76,274,229
/home/richard/project/SAT_benchmark/SATLIB/CBS_k3_n100_m435_b10/CBS_k3_n100_m435_b10_785.cnf,SAT,18991.55,18982.44,9.11,178,122
/home/richard/project/SAT_benchmark/SATLIB/CBS_k3_n100_m435_b10/CBS_k3_n100_m435_b10_606.cnf,SAT,4575.18,4567.16,8.02,42,17
/home/richard/project/SAT_benchmark/SATLIB/CBS_k3_n100_m435_b10/CBS_k3_n100_m435_b10_538.cnf,SAT,16704.13,16692.52,11.62,153,112
/home/richard/project/SAT_benchmark/SATLIB/CBS_k3_n100_m435_b10/CBS_k3_n100_m435_b10_937.cnf,SAT,35521.01,35507.41,13.60,323,260
/home/richard/project/SAT_benchmark/SATLIB/CBS_k3_n100_m435_b10/CBS_k3_n100_m435_b10_397.cnf,SAT,4620.15,4610.93,9.22,45,18
/home/richard/project/SAT_benchmark/SATLIB/CBS_k3_n100_m435_b10/CBS_k3_n100_m435_b10_542.cnf,SAT,35957.13,35946.67,10.46,329,229
/home/richard/project/SAT_benchmark/SATLIB/CBS_k3_n100_m435_b10/CBS_k3_n100_m435_b10_486.cnf,SAT,29875.80,29865.45,10.35,278,228
/home/richard/project/SAT_benchmark/SATLIB/CBS_k3_n100_m435_b10/CBS_k3_n100_m435_b10_797.cnf,SAT,10105.64,10094.21,11.43,96,72
/home/richard/project/SAT_benchmark/SATLIB/CBS_k3_n100_m435_b10/CBS_k3_n100_m435_b10_24.cnf,SAT,8985.89,8974.45,11.44,82,58
/home/richard/project/SAT_benchmark/SATLIB/CBS_k3_n100_m435_b10/CBS_k3_n100_m435_b10_461.cnf,SAT,8981.01,8972.84,8.17,87,42
/home/richard/project/SAT_benchmark/SATLIB/CBS_k3_n100_m435_b10/CBS_k3_n100_m435_b10_373.cnf,SAT,7447.58,7438.22,9.35,62,38
/home/richard/project/SAT_benchmark/SATLIB/CBS_k3_n100_m435_b10/CBS_k3_n100_m435_b10_931.cnf,SAT,16675.27,16665.55,9.72,152,117
/home/richard/project/SAT_benchmark/SATLIB/CBS_k3_n100_m435_b10/CBS_k3_n100_m435_b10_478.cnf,SAT,20013.10,20003.61,9.49,183,138
/home/richard/project/SAT_benchmark/SATLIB/CBS_k3_n100_m435_b10/CBS_k3_n100_m435_b10_227.cnf,SAT,14486.33,14477.30,9.04,139,93
/home/richard/project/SAT_benchmark/SATLIB/CBS_k3_n100_m435_b10/CBS_k3_n100_m435_b10_525.cnf,SAT,27737.27,27726.93,10.34,256,209
/home/richard/project/SAT_benchmark/SATLIB/CBS_k3_n100_m435_b10/CBS_k3_n100_m435_b10_97.cnf,SAT,4607.47,4597.96,9.51,44,16
/home/richard/project/SAT_benchmark/SATLIB/CBS_k3_n100_m435_b10/CBS_k3_n100_m435_b10_714.cnf,SAT,2781.31,2772.37,8.94,26,6
/home/richard/project/SAT_benchmark/SATLIB/CBS_k3_n100_m435_b10/CBS_k3_n100_m435_b10_783.cnf,SAT,56242.01,56230.82,11.19,517,416
/home/richard/project/SAT_benchmark/SATLIB/CBS_k3_n100_m435_b10/CBS_k3_n100_m435_b10_34.cnf,SAT,46466.63,46456.95,9.68,424,307
/home/richard/project/SAT_benchmark/SATLIB/CBS_k3_n100_m435_b10/CBS_k3_n100_m435_b10_183.cnf,SAT,26613.97,26604.61,9.36,249,193
/home/richard/project/SAT_benchmark/SATLIB/CBS_k3_n100_m435_b10/CBS_k3_n100_m435_b10_238.cnf,SAT,3494.13,3485.10,9.03,38,8
/home/richard/project/SAT_benchmark/SATLIB/CBS_k3_n100_m435_b10/CBS_k3_n100_m435_b10_779.cnf,SAT,33226.79,33215.23,11.57,309,239
/home/richard/project/SAT_benchmark/SATLIB/CBS_k3_n100_m435_b10/CBS_k3_n100_m435_b10_281.cnf,SAT,20031.86,20022.34,9.52,180,145
/home/richard/project/SAT_benchmark/SATLIB/CBS_k3_n100_m435_b10/CBS_k3_n100_m435_b10_142.cnf,SAT,63901.48,63889.42,12.06,585,493
/home/richard/project/SAT_benchmark/SATLIB/CBS_k3_n100_m435_b10/CBS_k3_n100_m435_b10_401.cnf,SAT,4629.28,4619.02,10.25,45,17
/home/richard/project/SAT_benchmark/SATLIB/CBS_k3_n100_m435_b10/CBS_k3_n100_m435_b10_345.cnf,SAT,29919.57,29909.59,9.98,271,219
/home/richard/project/SAT_benchmark/SATLIB/CBS_k3_n100_m435_b10/CBS_k3_n100_m435_b10_272.cnf,SAT,11171.61,11161.34,10.26,103,62
/home/richard/project/SAT_benchmark/SATLIB/CBS_k3_n100_m435_b10/CBS_k3_n100_m435_b10_960.cnf,SAT,2400.87,2391.94,8.93,23,3
/home/richard/project/SAT_benchmark/SATLIB/CBS_k3_n100_m435_b10/CBS_k3_n100_m435_b10_338.cnf,SAT,16749.36,16740.42,8.93,153,112
/home/richard/project/SAT_benchmark/SATLIB/CBS_k3_n100_m435_b10/CBS_k3_n100_m435_b10_400.cnf,SAT,8.28,0.00,8.28,0,0
/home/richard/project/SAT_benchmark/SATLIB/CBS_k3_n100_m435_b10/CBS_k3_n100_m435_b10_612.cnf,SAT,15059.05,15050.08,8.97,136,99
/home/richard/project/SAT_benchmark/SATLIB/CBS_k3_n100_m435_b10/CBS_k3_n100_m435_b10_18.cnf,SAT,4815.82,4806.50,9.31,49,24
/home/richard/project/SAT_benchmark/SATLIB/CBS_k3_n100_m435_b10/CBS_k3_n100_m435_b10_101.cnf,SAT,71910.38,71898.97,11.40,652,536
/home/richard/project/SAT_benchmark/SATLIB/CBS_k3_n100_m435_b10/CBS_k3_n100_m435_b10_983.cnf,SAT,15658.39,15649.33,9.06,144,107
/home/richard/project/SAT_benchmark/SATLIB/CBS_k3_n100_m435_b10/CBS_k3_n100_m435_b10_492.cnf,SAT,6793.80,6784.00,9.80,64,33
/home/richard/project/SAT_benchmark/SATLIB/CBS_k3_n100_m435_b10/CBS_k3_n100_m435_b10_944.cnf,SAT,48720.41,48709.47,10.94,442,362
/home/richard/project/SAT_benchmark/SATLIB/CBS_k3_n100_m435_b10/CBS_k3_n100_m435_b10_86.cnf,SAT,41110.65,41101.16,9.49,376,220
/home/richard/project/SAT_benchmark/SATLIB/CBS_k3_n100_m435_b10/CBS_k3_n100_m435_b10_285.cnf,SAT,2411.07,2402.70,8.37,27,5
/home/richard/project/SAT_benchmark/SATLIB/CBS_k3_n100_m435_b10/CBS_k3_n100_m435_b10_56.cnf,SAT,37824.27,37812.47,11.80,341,277
/home/richard/project/SAT_benchmark/SATLIB/CBS_k3_n100_m435_b10/CBS_k3_n100_m435_b10_818.cnf,SAT,4611.29,4602.04,9.25,48,22
/home/richard/project/SAT_benchmark/SATLIB/CBS_k3_n100_m435_b10/CBS_k3_n100_m435_b10_1.cnf,SAT,13638.58,13624.85,13.72,125,113
/home/richard/project/SAT_benchmark/SATLIB/CBS_k3_n100_m435_b10/CBS_k3_n100_m435_b10_955.cnf,SAT,6865.13,6854.41,10.72,65,44
/home/richard/project/SAT_benchmark/SATLIB/CBS_k3_n100_m435_b10/CBS_k3_n100_m435_b10_469.cnf,SAT,49959.82,49947.93,11.89,451,383
/home/richard/project/SAT_benchmark/SATLIB/CBS_k3_n100_m435_b10/CBS_k3_n100_m435_b10_102.cnf,SAT,4611.32,4602.17,9.15,49,29
/home/richard/project/SAT_benchmark/SATLIB/CBS_k3_n100_m435_b10/CBS_k3_n100_m435_b10_684.cnf,SAT,15844.52,15833.40,11.12,146,107
/home/richard/project/SAT_benchmark/SATLIB/CBS_k3_n100_m435_b10/CBS_k3_n100_m435_b10_705.cnf,SAT,3523.43,3514.19,9.24,38,21
/home/richard/project/SAT_benchmark/SATLIB/CBS_k3_n100_m435_b10/CBS_k3_n100_m435_b10_406.cnf,SAT,15904.05,15894.58,9.47,147,114
/home/richard/project/SAT_benchmark/SATLIB/CBS_k3_n100_m435_b10/CBS_k3_n100_m435_b10_339.cnf,SAT,45435.60,45423.50,12.09,417,345
/home/richard/project/SAT_benchmark/SATLIB/CBS_k3_n100_m435_b10/CBS_k3_n100_m435_b10_32.cnf,SAT,19023.80,19014.52,9.29,175,141
/home/richard/project/SAT_benchmark/SATLIB/CBS_k3_n100_m435_b10/CBS_k3_n100_m435_b10_358.cnf,SAT,4614.13,4605.07,9.05,48,22
/home/richard/project/SAT_benchmark/SATLIB/CBS_k3_n100_m435_b10/CBS_k3_n100_m435_b10_887.cnf,SAT,4859.90,4850.64,9.27,45,28
/home/richard/project/SAT_benchmark/SATLIB/CBS_k3_n100_m435_b10/CBS_k3_n100_m435_b10_210.cnf,SAT,28899.26,28888.67,10.59,264,213
/home/richard/project/SAT_benchmark/SATLIB/CBS_k3_n100_m435_b10/CBS_k3_n100_m435_b10_995.cnf,SAT,26644.77,26632.54,12.23,246,209
/home/richard/project/SAT_benchmark/SATLIB/CBS_k3_n100_m435_b10/CBS_k3_n100_m435_b10_589.cnf,SAT,3484.79,3474.96,9.83,35,18
/home/richard/project/SAT_benchmark/SATLIB/CBS_k3_n100_m435_b10/CBS_k3_n100_m435_b10_662.cnf,SAT,14846.66,14837.92,8.74,137,101
/home/richard/project/SAT_benchmark/SATLIB/CBS_k3_n100_m435_b10/CBS_k3_n100_m435_b10_910.cnf,SAT,56421.45,56407.61,13.84,517,422
/home/richard/project/SAT_benchmark/SATLIB/CBS_k3_n100_m435_b10/CBS_k3_n100_m435_b10_633.cnf,SAT,4606.25,4597.41,8.84,44,20
/home/richard/project/SAT_benchmark/SATLIB/CBS_k3_n100_m435_b10/CBS_k3_n100_m435_b10_208.cnf,SAT,0.08,0.00,0.08,0,0
/home/richard/project/SAT_benchmark/SATLIB/CBS_k3_n100_m435_b10/CBS_k3_n100_m435_b10_385.cnf,SAT,13625.77,13616.48,9.29,128,82
/home/richard/project/SAT_benchmark/SATLIB/CBS_k3_n100_m435_b10/CBS_k3_n100_m435_b10_313.cnf,SAT,20061.81,20050.59,11.22,180,153
/home/richard/project/SAT_benchmark/SATLIB/CBS_k3_n100_m435_b10/CBS_k3_n100_m435_b10_475.cnf,SAT,0.08,0.00,0.08,0,0
/home/richard/project/SAT_benchmark/SATLIB/CBS_k3_n100_m435_b10/CBS_k3_n100_m435_b10_997.cnf,SAT,9017.09,9008.51,8.58,85,52
/home/richard/project/SAT_benchmark/SATLIB/CBS_k3_n100_m435_b10/CBS_k3_n100_m435_b10_28.cnf,SAT,3538.62,3529.07,9.54,39,13
/home/richard/project/SAT_benchmark/SATLIB/CBS_k3_n100_m435_b10/CBS_k3_n100_m435_b10_761.cnf,SAT,14574.45,14564.61,9.85,138,98
/home/richard/project/SAT_benchmark/SATLIB/CBS_k3_n100_m435_b10/CBS_k3_n100_m435_b10_121.cnf,SAT,7958.35,7947.90,10.45,70,43
/home/richard/project/SAT_benchmark/SATLIB/CBS_k3_n100_m435_b10/CBS_k3_n100_m435_b10_693.cnf,SAT,67519.79,67507.72,12.06,618,390
/home/richard/project/SAT_benchmark/SATLIB/CBS_k3_n100_m435_b10/CBS_k3_n100_m435_b10_753.cnf,SAT,5764.92,5755.41,9.50,55,34
/home/richard/project/SAT_benchmark/SATLIB/CBS_k3_n100_m435_b10/CBS_k3_n100_m435_b10_419.cnf,SAT,48646.11,48634.90,11.21,447,371
/home/richard/project/SAT_benchmark/SATLIB/CBS_k3_n100_m435_b10/CBS_k3_n100_m435_b10_975.cnf,SAT,22313.86,22303.09,10.78,203,152
/home/richard/project/SAT_benchmark/SATLIB/CBS_k3_n100_m435_b10/CBS_k3_n100_m435_b10_564.cnf,SAT,29942.38,29931.62,10.75,275,238
/home/richard/project/SAT_benchmark/SATLIB/CBS_k3_n100_m435_b10/CBS_k3_n100_m435_b10_67.cnf,SAT,6826.34,6816.18,10.16,66,26
/home/richard/project/SAT_benchmark/SATLIB/CBS_k3_n100_m435_b10/CBS_k3_n100_m435_b10_569.cnf,SAT,11426.48,11416.46,10.02,107,73
/home/richard/project/SAT_benchmark/SATLIB/CBS_k3_n100_m435_b10/CBS_k3_n100_m435_b10_471.cnf,SAT,18961.26,18952.06,9.21,172,114
/home/richard/project/SAT_benchmark/SATLIB/CBS_k3_n100_m435_b10/CBS_k3_n100_m435_b10_465.cnf,SAT,4597.13,4587.98,9.16,45,21
/home/richard/project/SAT_benchmark/SATLIB/CBS_k3_n100_m435_b10/CBS_k3_n100_m435_b10_283.cnf,SAT,7931.19,7921.65,9.54,71,45
/home/richard/project/SAT_benchmark/SATLIB/CBS_k3_n100_m435_b10/CBS_k3_n100_m435_b10_118.cnf,SAT,22560.20,22550.53,9.68,205,162
/home/richard/project/SAT_benchmark/SATLIB/CBS_k3_n100_m435_b10/CBS_k3_n100_m435_b10_454.cnf,SAT,22273.78,22263.31,10.47,206,170
/home/richard/project/SAT_benchmark/SATLIB/CBS_k3_n100_m435_b10/CBS_k3_n100_m435_b10_611.cnf,SAT,21175.41,21164.09,11.32,190,155
/home/richard/project/SAT_benchmark/SATLIB/CBS_k3_n100_m435_b10/CBS_k3_n100_m435_b10_92.cnf,SAT,9004.28,8995.36,8.92,83,48
/home/richard/project/SAT_benchmark/SATLIB/CBS_k3_n100_m435_b10/CBS_k3_n100_m435_b10_954.cnf,SAT,35424.45,35414.06,10.39,325,265
/home/richard/project/SAT_benchmark/SATLIB/CBS_k3_n100_m435_b10/CBS_k3_n100_m435_b10_957.cnf,SAT,12728.87,12719.20,9.67,112,89
/home/richard/project/SAT_benchmark/SATLIB/CBS_k3_n100_m435_b10/CBS_k3_n100_m435_b10_343.cnf,SAT,16747.24,16737.71,9.53,157,134
/home/richard/project/SAT_benchmark/SATLIB/CBS_k3_n100_m435_b10/CBS_k3_n100_m435_b10_318.cnf,SAT,42436.74,42426.59,10.16,389,254
/home/richard/project/SAT_benchmark/SATLIB/CBS_k3_n100_m435_b10/CBS_k3_n100_m435_b10_651.cnf,SAT,3519.06,3509.85,9.21,34,10
/home/richard/project/SAT_benchmark/SATLIB/CBS_k3_n100_m435_b10/CBS_k3_n100_m435_b10_69.cnf,SAT,9178.51,9167.82,10.69,86,65
/home/richard/project/SAT_benchmark/SATLIB/CBS_k3_n100_m435_b10/CBS_k3_n100_m435_b10_46.cnf,SAT,26715.83,26705.64,10.19,243,185
/home/richard/project/SAT_benchmark/SATLIB/CBS_k3_n100_m435_b10/CBS_k3_n100_m435_b10_973.cnf,SAT,58594.97,58583.45,11.52,532,333
/home/richard/project/SAT_benchmark/SATLIB/CBS_k3_n100_m435_b10/CBS_k3_n100_m435_b10_268.cnf,SAT,3541.75,3531.26,10.49,36,14
/home/richard/project/SAT_benchmark/SATLIB/CBS_k3_n100_m435_b10/CBS_k3_n100_m435_b10_553.cnf,SAT,11485.73,11474.16,11.57,103,70
/home/richard/project/SAT_benchmark/SATLIB/CBS_k3_n100_m435_b10/CBS_k3_n100_m435_b10_697.cnf,SAT,3521.33,3512.79,8.54,39,18
/home/richard/project/SAT_benchmark/SATLIB/CBS_k3_n100_m435_b10/CBS_k3_n100_m435_b10_889.cnf,SAT,19323.55,19313.96,9.59,176,133
/home/richard/project/SAT_benchmark/SATLIB/CBS_k3_n100_m435_b10/CBS_k3_n100_m435_b10_370.cnf,SAT,12560.26,12549.56,10.71,115,85
/home/richard/project/SAT_benchmark/SATLIB/CBS_k3_n100_m435_b10/CBS_k3_n100_m435_b10_577.cnf,SAT,31016.82,31005.74,11.07,286,225
/home/richard/project/SAT_benchmark/SATLIB/CBS_k3_n100_m435_b10/CBS_k3_n100_m435_b10_928.cnf,SAT,20073.97,20064.40,9.57,188,144
/home/richard/project/SAT_benchmark/SATLIB/CBS_k3_n100_m435_b10/CBS_k3_n100_m435_b10_190.cnf,SAT,11795.51,11785.77,9.74,107,81
/home/richard/project/SAT_benchmark/SATLIB/CBS_k3_n100_m435_b10/CBS_k3_n100_m435_b10_743.cnf,SAT,5737.93,5729.57,8.36,56,24
/home/richard/project/SAT_benchmark/SATLIB/CBS_k3_n100_m435_b10/CBS_k3_n100_m435_b10_146.cnf,SAT,23471.54,23462.20,9.34,217,170
/home/richard/project/SAT_benchmark/SATLIB/CBS_k3_n100_m435_b10/CBS_k3_n100_m435_b10_855.cnf,SAT,24440.74,24428.99,11.75,228,187
/home/richard/project/SAT_benchmark/SATLIB/CBS_k3_n100_m435_b10/CBS_k3_n100_m435_b10_905.cnf,SAT,48689.76,48679.33,10.43,444,374
/home/richard/project/SAT_benchmark/SATLIB/CBS_k3_n100_m435_b10/CBS_k3_n100_m435_b10_447.cnf,SAT,9038.70,9029.11,9.59,87,65
/home/richard/project/SAT_benchmark/SATLIB/CBS_k3_n100_m435_b10/CBS_k3_n100_m435_b10_159.cnf,SAT,0.07,0.00,0.07,0,0
/home/richard/project/SAT_benchmark/SATLIB/CBS_k3_n100_m435_b10/CBS_k3_n100_m435_b10_150.cnf,SAT,9043.43,9034.08,9.35,87,47
/home/richard/project/SAT_benchmark/SATLIB/CBS_k3_n100_m435_b10/CBS_k3_n100_m435_b10_308.cnf,SAT,53481.81,53470.71,11.10,480,406
/home/richard/project/SAT_benchmark/SATLIB/CBS_k3_n100_m435_b10/CBS_k3_n100_m435_b10_398.cnf,SAT,0.07,0.00,0.07,0,0
/home/richard/project/SAT_benchmark/SATLIB/CBS_k3_n100_m435_b10/CBS_k3_n100_m435_b10_845.cnf,SAT,36695.93,36681.51,14.43,330,276
/home/richard/project/SAT_benchmark/SATLIB/CBS_k3_n100_m435_b10/CBS_k3_n100_m435_b10_122.cnf,SAT,23339.42,23329.85,9.57,218,165
/home/richard/project/SAT_benchmark/SATLIB/CBS_k3_n100_m435_b10/CBS_k3_n100_m435_b10_768.cnf,SAT,29102.95,29093.56,9.39,269,204
/home/richard/project/SAT_benchmark/SATLIB/CBS_k3_n100_m435_b10/CBS_k3_n100_m435_b10_815.cnf,SAT,24450.84,24441.06,9.78,225,169
/home/richard/project/SAT_benchmark/SATLIB/CBS_k3_n100_m435_b10/CBS_k3_n100_m435_b10_468.cnf,SAT,43196.52,43186.58,9.94,395,313
/home/richard/project/SAT_benchmark/SATLIB/CBS_k3_n100_m435_b10/CBS_k3_n100_m435_b10_126.cnf,SAT,21589.78,21578.59,11.20,191,158
/home/richard/project/SAT_benchmark/SATLIB/CBS_k3_n100_m435_b10/CBS_k3_n100_m435_b10_177.cnf,SAT,21433.47,21424.02,9.45,191,149
/home/richard/project/SAT_benchmark/SATLIB/CBS_k3_n100_m435_b10/CBS_k3_n100_m435_b10_260.cnf,SAT,9749.52,9741.19,8.34,89,57
/home/richard/project/SAT_benchmark/SATLIB/CBS_k3_n100_m435_b10/CBS_k3_n100_m435_b10_672.cnf,SAT,16891.00,16881.26,9.74,151,113
/home/richard/project/SAT_benchmark/SATLIB/CBS_k3_n100_m435_b10/CBS_k3_n100_m435_b10_775.cnf,SAT,9099.55,9088.24,11.31,86,63
/home/richard/project/SAT_benchmark/SATLIB/CBS_k3_n100_m435_b10/CBS_k3_n100_m435_b10_806.cnf,SAT,55493.90,55482.52,11.39,504,436
/home/richard/project/SAT_benchmark/SATLIB/CBS_k3_n100_m435_b10/CBS_k3_n100_m435_b10_922.cnf,SAT,28040.13,28030.34,9.79,254,218
/home/richard/project/SAT_benchmark/SATLIB/CBS_k3_n100_m435_b10/CBS_k3_n100_m435_b10_407.cnf,SAT,23501.05,23491.05,10.00,212,164
/home/richard/project/SAT_benchmark/SATLIB/CBS_k3_n100_m435_b10/CBS_k3_n100_m435_b10_79.cnf,SAT,15910.71,15900.94,9.77,148,109
/home/richard/project/SAT_benchmark/SATLIB/CBS_k3_n100_m435_b10/CBS_k3_n100_m435_b10_648.cnf,SAT,7943.59,7933.07,10.51,77,65
/home/richard/project/SAT_benchmark/SATLIB/CBS_k3_n100_m435_b10/CBS_k3_n100_m435_b10_290.cnf,SAT,118446.37,118431.55,14.82,1071,800
/home/richard/project/SAT_benchmark/SATLIB/CBS_k3_n100_m435_b10/CBS_k3_n100_m435_b10_613.cnf,SAT,20113.23,20102.60,10.63,185,149
/home/richard/project/SAT_benchmark/SATLIB/CBS_k3_n100_m435_b10/CBS_k3_n100_m435_b10_352.cnf,SAT,30309.53,30298.31,11.21,270,223
/home/richard/project/SAT_benchmark/SATLIB/CBS_k3_n100_m435_b10/CBS_k3_n100_m435_b10_173.cnf,SAT,4685.62,4675.39,10.23,46,18
/home/richard/project/SAT_benchmark/SATLIB/CBS_k3_n100_m435_b10/CBS_k3_n100_m435_b10_103.cnf,SAT,53274.72,53263.90,10.82,481,393
/home/richard/project/SAT_benchmark/SATLIB/CBS_k3_n100_m435_b10/CBS_k3_n100_m435_b10_141.cnf,SAT,57605.56,57594.18,11.38,525,446
/home/richard/project/SAT_benchmark/SATLIB/CBS_k3_n100_m435_b10/CBS_k3_n100_m435_b10_372.cnf,SAT,9148.24,9138.58,9.66,83,50
/home/richard/project/SAT_benchmark/SATLIB/CBS_k3_n100_m435_b10/CBS_k3_n100_m435_b10_381.cnf,SAT,9189.09,9179.02,10.07,85,43
/home/richard/project/SAT_benchmark/SATLIB/CBS_k3_n100_m435_b10/CBS_k3_n100_m435_b10_462.cnf,SAT,4610.25,4601.45,8.80,45,12
/home/richard/project/SAT_benchmark/SATLIB/CBS_k3_n100_m435_b10/CBS_k3_n100_m435_b10_366.cnf,SAT,18039.43,18029.74,9.69,165,128
/home/richard/project/SAT_benchmark/SATLIB/CBS_k3_n100_m435_b10/CBS_k3_n100_m435_b10_857.cnf,SAT,57980.46,57969.19,11.28,525,396
/home/richard/project/SAT_benchmark/SATLIB/CBS_k3_n100_m435_b10/CBS_k3_n100_m435_b10_849.cnf,SAT,4793.67,4784.50,9.17,43,20
/home/richard/project/SAT_benchmark/SATLIB/CBS_k3_n100_m435_b10/CBS_k3_n100_m435_b10_619.cnf,SAT,5724.89,5715.34,9.55,57,36
/home/richard/project/SAT_benchmark/SATLIB/CBS_k3_n100_m435_b10/CBS_k3_n100_m435_b10_168.cnf,SAT,15844.87,15834.01,10.86,144,119
/home/richard/project/SAT_benchmark/SATLIB/CBS_k3_n100_m435_b10/CBS_k3_n100_m435_b10_691.cnf,SAT,44410.95,44399.09,11.85,405,309
/home/richard/project/SAT_benchmark/SATLIB/CBS_k3_n100_m435_b10/CBS_k3_n100_m435_b10_735.cnf,SAT,74376.90,74365.08,11.82,679,580
/home/richard/project/SAT_benchmark/SATLIB/CBS_k3_n100_m435_b10/CBS_k3_n100_m435_b10_828.cnf,SAT,10358.43,10349.09,9.34,99,75
/home/richard/project/SAT_benchmark/SATLIB/CBS_k3_n100_m435_b10/CBS_k3_n100_m435_b10_958.cnf,SAT,46477.66,46465.90,11.75,427,349
/home/richard/project/SAT_benchmark/SATLIB/CBS_k3_n100_m435_b10/CBS_k3_n100_m435_b10_625.cnf,SAT,20227.72,20218.22,9.50,184,138
/home/richard/project/SAT_benchmark/SATLIB/CBS_k3_n100_m435_b10/CBS_k3_n100_m435_b10_826.cnf,SAT,22443.16,22433.78,9.38,200,139
/home/richard/project/SAT_benchmark/SATLIB/CBS_k3_n100_m435_b10/CBS_k3_n100_m435_b10_903.cnf,SAT,44395.43,44384.69,10.74,403,316
/home/richard/project/SAT_benchmark/SATLIB/CBS_k3_n100_m435_b10/CBS_k3_n100_m435_b10_624.cnf,SAT,24646.94,24636.79,10.15,223,190
/home/richard/project/SAT_benchmark/SATLIB/CBS_k3_n100_m435_b10/CBS_k3_n100_m435_b10_133.cnf,SAT,16873.50,16863.19,10.31,156,124
/home/richard/project/SAT_benchmark/SATLIB/CBS_k3_n100_m435_b10/CBS_k3_n100_m435_b10_33.cnf,SAT,5722.65,5713.39,9.26,55,39
/home/richard/project/SAT_benchmark/SATLIB/CBS_k3_n100_m435_b10/CBS_k3_n100_m435_b10_924.cnf,SAT,23508.65,23499.35,9.30,219,171
/home/richard/project/SAT_benchmark/SATLIB/CBS_k3_n100_m435_b10/CBS_k3_n100_m435_b10_189.cnf,SAT,21476.76,21467.87,8.89,194,99
/home/richard/project/SAT_benchmark/SATLIB/CBS_k3_n100_m435_b10/CBS_k3_n100_m435_b10_125.cnf,SAT,13441.42,13432.12,9.30,121,83
/home/richard/project/SAT_benchmark/SATLIB/CBS_k3_n100_m435_b10/CBS_k3_n100_m435_b10_784.cnf,SAT,6867.67,6858.75,8.93,68,43
/home/richard/project/SAT_benchmark/SATLIB/CBS_k3_n100_m435_b10/CBS_k3_n100_m435_b10_787.cnf,SAT,5743.80,5733.89,9.91,50,22
/home/richard/project/SAT_benchmark/SATLIB/CBS_k3_n100_m435_b10/CBS_k3_n100_m435_b10_652.cnf,SAT,4665.06,4655.81,9.25,48,8
/home/richard/project/SAT_benchmark/SATLIB/CBS_k3_n100_m435_b10/CBS_k3_n100_m435_b10_191.cnf,SAT,41035.22,41025.56,9.66,376,307
/home/richard/project/SAT_benchmark/SATLIB/CBS_k3_n100_m435_b10/CBS_k3_n100_m435_b10_703.cnf,SAT,36639.81,36630.42,9.38,331,201
/home/richard/project/SAT_benchmark/SATLIB/CBS_k3_n100_m435_b10/CBS_k3_n100_m435_b10_734.cnf,SAT,7941.98,7934.07,7.91,74,41
/home/richard/project/SAT_benchmark/SATLIB/CBS_k3_n100_m435_b10/CBS_k3_n100_m435_b10_681.cnf,SAT,21420.54,21411.01,9.52,195,151
/home/richard/project/SAT_benchmark/SATLIB/CBS_k3_n100_m435_b10/CBS_k3_n100_m435_b10_261.cnf,SAT,25715.43,25703.65,11.78,234,201
/home/richard/project/SAT_benchmark/SATLIB/CBS_k3_n100_m435_b10/CBS_k3_n100_m435_b10_977.cnf,SAT,6835.75,6825.33,10.42,67,37
/home/richard/project/SAT_benchmark/SATLIB/CBS_k3_n100_m435_b10/CBS_k3_n100_m435_b10_250.cnf,SAT,25632.85,25622.15,10.70,235,183
/home/richard/project/SAT_benchmark/SATLIB/CBS_k3_n100_m435_b10/CBS_k3_n100_m435_b10_866.cnf,SAT,3491.25,3481.08,10.16,30,7
/home/richard/project/SAT_benchmark/SATLIB/CBS_k3_n100_m435_b10/CBS_k3_n100_m435_b10_375.cnf,SAT,41062.36,41052.33,10.03,370,292
/home/richard/project/SAT_benchmark/SATLIB/CBS_k3_n100_m435_b10/CBS_k3_n100_m435_b10_389.cnf,SAT,44386.63,44375.17,11.47,406,226
/home/richard/project/SAT_benchmark/SATLIB/CBS_k3_n100_m435_b10/CBS_k3_n100_m435_b10_925.cnf,SAT,31432.82,31421.88,10.95,285,238
/home/richard/project/SAT_benchmark/SATLIB/CBS_k3_n100_m435_b10/CBS_k3_n100_m435_b10_267.cnf,SAT,27700.80,27690.65,10.15,252,202
/home/richard/project/SAT_benchmark/SATLIB/CBS_k3_n100_m435_b10/CBS_k3_n100_m435_b10_862.cnf,SAT,28928.57,28917.27,11.30,262,205
/home/richard/project/SAT_benchmark/SATLIB/CBS_k3_n100_m435_b10/CBS_k3_n100_m435_b10_277.cnf,SAT,43292.85,43282.72,10.13,394,344
/home/richard/project/SAT_benchmark/SATLIB/CBS_k3_n100_m435_b10/CBS_k3_n100_m435_b10_860.cnf,SAT,3777.83,3767.14,10.69,39,19
/home/richard/project/SAT_benchmark/SATLIB/CBS_k3_n100_m435_b10/CBS_k3_n100_m435_b10_43.cnf,SAT,27903.13,27890.32,12.81,257,223
/home/richard/project/SAT_benchmark/SATLIB/CBS_k3_n100_m435_b10/CBS_k3_n100_m435_b10_645.cnf,SAT,12522.58,12512.24,10.35,113,91
/home/richard/project/SAT_benchmark/SATLIB/CBS_k3_n100_m435_b10/CBS_k3_n100_m435_b10_83.cnf,SAT,19013.92,19004.54,9.38,175,134
/home/richard/project/SAT_benchmark/SATLIB/CBS_k3_n100_m435_b10/CBS_k3_n100_m435_b10_878.cnf,SAT,3663.40,3652.82,10.59,35,12
/home/richard/project/SAT_benchmark/SATLIB/CBS_k3_n100_m435_b10/CBS_k3_n100_m435_b10_509.cnf,SAT,54293.45,54282.27,11.17,498,436
/home/richard/project/SAT_benchmark/SATLIB/CBS_k3_n100_m435_b10/CBS_k3_n100_m435_b10_932.cnf,SAT,14669.34,14660.64,8.70,138,103
/home/richard/project/SAT_benchmark/SATLIB/CBS_k3_n100_m435_b10/CBS_k3_n100_m435_b10_40.cnf,SAT,13801.08,13791.20,9.88,121,72
/home/richard/project/SAT_benchmark/SATLIB/CBS_k3_n100_m435_b10/CBS_k3_n100_m435_b10_984.cnf,SAT,31484.61,31474.11,10.51,283,220
/home/richard/project/SAT_benchmark/SATLIB/CBS_k3_n100_m435_b10/CBS_k3_n100_m435_b10_91.cnf,SAT,8105.81,8097.09,8.72,72,48
/home/richard/project/SAT_benchmark/SATLIB/CBS_k3_n100_m435_b10/CBS_k3_n100_m435_b10_445.cnf,SAT,24480.94,24471.90,9.04,220,168
/home/richard/project/SAT_benchmark/SATLIB/CBS_k3_n100_m435_b10/CBS_k3_n100_m435_b10_911.cnf,SAT,5731.18,5722.60,8.58,58,30
/home/richard/project/SAT_benchmark/SATLIB/CBS_k3_n100_m435_b10/CBS_k3_n100_m435_b10_296.cnf,SAT,19174.26,19164.32,9.93,170,139
/home/richard/project/SAT_benchmark/SATLIB/CBS_k3_n100_m435_b10/CBS_k3_n100_m435_b10_51.cnf,SAT,15758.76,15749.58,9.18,145,106
/home/richard/project/SAT_benchmark/SATLIB/CBS_k3_n100_m435_b10/CBS_k3_n100_m435_b10_334.cnf,SAT,3526.16,3516.72,9.44,37,11
/home/richard/project/SAT_benchmark/SATLIB/CBS_k3_n100_m435_b10/CBS_k3_n100_m435_b10_696.cnf,SAT,22496.84,22487.26,9.58,209,170
/home/richard/project/SAT_benchmark/SATLIB/CBS_k3_n100_m435_b10/CBS_k3_n100_m435_b10_961.cnf,SAT,0.08,0.00,0.08,0,0
/home/richard/project/SAT_benchmark/SATLIB/CBS_k3_n100_m435_b10/CBS_k3_n100_m435_b10_902.cnf,SAT,2435.15,2424.56,10.59,22,4
/home/richard/project/SAT_benchmark/SATLIB/CBS_k3_n100_m435_b10/CBS_k3_n100_m435_b10_140.cnf,SAT,37784.29,37769.72,14.56,346,299
/home/richard/project/SAT_benchmark/SATLIB/CBS_k3_n100_m435_b10/CBS_k3_n100_m435_b10_201.cnf,SAT,4607.34,4598.94,8.40,40,15
/home/richard/project/SAT_benchmark/SATLIB/CBS_k3_n100_m435_b10/CBS_k3_n100_m435_b10_917.cnf,SAT,24434.78,24421.89,12.89,228,176
/home/richard/project/SAT_benchmark/SATLIB/CBS_k3_n100_m435_b10/CBS_k3_n100_m435_b10_728.cnf,SAT,16015.39,16005.59,9.80,143,97
/home/richard/project/SAT_benchmark/SATLIB/CBS_k3_n100_m435_b10/CBS_k3_n100_m435_b10_457.cnf,SAT,20120.83,20111.55,9.28,185,142
/home/richard/project/SAT_benchmark/SATLIB/CBS_k3_n100_m435_b10/CBS_k3_n100_m435_b10_246.cnf,SAT,3499.89,3490.17,9.72,31,18
/home/richard/project/SAT_benchmark/SATLIB/CBS_k3_n100_m435_b10/CBS_k3_n100_m435_b10_799.cnf,SAT,26700.71,26690.59,10.13,243,206
/home/richard/project/SAT_benchmark/SATLIB/CBS_k3_n100_m435_b10/CBS_k3_n100_m435_b10_39.cnf,SAT,48994.18,48983.69,10.48,440,343
/home/richard/project/SAT_benchmark/SATLIB/CBS_k3_n100_m435_b10/CBS_k3_n100_m435_b10_800.cnf,SAT,10555.51,10545.36,10.15,95,66
/home/richard/project/SAT_benchmark/SATLIB/CBS_k3_n100_m435_b10/CBS_k3_n100_m435_b10_994.cnf,SAT,9042.53,9033.29,9.24,85,52
/home/richard/project/SAT_benchmark/SATLIB/CBS_k3_n100_m435_b10/CBS_k3_n100_m435_b10_207.cnf,SAT,23576.59,23565.88,10.71,210,166
/home/richard/project/SAT_benchmark/SATLIB/CBS_k3_n100_m435_b10/CBS_k3_n100_m435_b10_868.cnf,SAT,12619.52,12609.75,9.77,116,88
/home/richard/project/SAT_benchmark/SATLIB/CBS_k3_n100_m435_b10/CBS_k3_n100_m435_b10_403.cnf,SAT,16788.51,16776.57,11.93,152,117
/home/richard/project/SAT_benchmark/SATLIB/CBS_k3_n100_m435_b10/CBS_k3_n100_m435_b10_617.cnf,SAT,86544.75,86532.68,12.06,780,657
/home/richard/project/SAT_benchmark/SATLIB/CBS_k3_n100_m435_b10/CBS_k3_n100_m435_b10_422.cnf,SAT,6839.67,6830.48,9.19,61,42
/home/richard/project/SAT_benchmark/SATLIB/CBS_k3_n100_m435_b10/CBS_k3_n100_m435_b10_496.cnf,SAT,2409.40,2399.55,9.85,27,2
/home/richard/project/SAT_benchmark/SATLIB/CBS_k3_n100_m435_b10/CBS_k3_n100_m435_b10_998.cnf,SAT,10159.50,10150.20,9.30,90,52
/home/richard/project/SAT_benchmark/SATLIB/CBS_k3_n100_m435_b10/CBS_k3_n100_m435_b10_348.cnf,SAT,22433.63,22423.40,10.23,203,169
/home/richard/project/SAT_benchmark/SATLIB/CBS_k3_n100_m435_b10/CBS_k3_n100_m435_b10_215.cnf,SAT,0.07,0.00,0.07,0,0
/home/richard/project/SAT_benchmark/SATLIB/CBS_k3_n100_m435_b10/CBS_k3_n100_m435_b10_228.cnf,SAT,32335.59,32325.04,10.55,290,220
/home/richard/project/SAT_benchmark/SATLIB/CBS_k3_n100_m435_b10/CBS_k3_n100_m435_b10_456.cnf,SAT,40178.99,40169.32,9.66,367,299
/home/richard/project/SAT_benchmark/SATLIB/CBS_k3_n100_m435_b10/CBS_k3_n100_m435_b10_508.cnf,SAT,42167.92,42157.26,10.66,387,298
/home/richard/project/SAT_benchmark/SATLIB/CBS_k3_n100_m435_b10/CBS_k3_n100_m435_b10_344.cnf,SAT,31391.73,31379.04,12.69,285,231
/home/richard/project/SAT_benchmark/SATLIB/CBS_k3_n100_m435_b10/CBS_k3_n100_m435_b10_361.cnf,SAT,42469.07,42457.95,11.12,387,337
/home/richard/project/SAT_benchmark/SATLIB/CBS_k3_n100_m435_b10/CBS_k3_n100_m435_b10_205.cnf,SAT,22391.13,22381.20,9.93,202,173
/home/richard/project/SAT_benchmark/SATLIB/CBS_k3_n100_m435_b10/CBS_k3_n100_m435_b10_230.cnf,SAT,22347.48,22337.91,9.56,203,153
/home/richard/project/SAT_benchmark/SATLIB/CBS_k3_n100_m435_b10/CBS_k3_n100_m435_b10_47.cnf,SAT,11339.53,11330.99,8.53,100,59
/home/richard/project/SAT_benchmark/SATLIB/CBS_k3_n100_m435_b10/CBS_k3_n100_m435_b10_396.cnf,SAT,26635.23,26624.93,10.29,247,189
/home/richard/project/SAT_benchmark/SATLIB/CBS_k3_n100_m435_b10/CBS_k3_n100_m435_b10_640.cnf,SAT,7955.50,7946.72,8.78,78,44
/home/richard/project/SAT_benchmark/SATLIB/CBS_k3_n100_m435_b10/CBS_k3_n100_m435_b10_534.cnf,SAT,22467.31,22455.29,12.02,203,166
/home/richard/project/SAT_benchmark/SATLIB/CBS_k3_n100_m423_b30/CBS_k3_n100_m423_b30_651.cnf,SAT,22404.69,22395.96,8.73,205,170
/home/richard/project/SAT_benchmark/SATLIB/CBS_k3_n100_m423_b30/CBS_k3_n100_m423_b30_707.cnf,SAT,25672.99,25663.27,9.72,236,195
/home/richard/project/SAT_benchmark/SATLIB/CBS_k3_n100_m423_b30/CBS_k3_n100_m423_b30_341.cnf,SAT,9179.19,9169.66,9.53,84,63
/home/richard/project/SAT_benchmark/SATLIB/CBS_k3_n100_m423_b30/CBS_k3_n100_m423_b30_285.cnf,SAT,47404.44,47393.18,11.26,436,382
/home/richard/project/SAT_benchmark/SATLIB/CBS_k3_n100_m423_b30/CBS_k3_n100_m423_b30_164.cnf,SAT,46575.08,46563.50,11.57,426,344
/home/richard/project/SAT_benchmark/SATLIB/CBS_k3_n100_m423_b30/CBS_k3_n100_m423_b30_12.cnf,SAT,99337.18,99324.17,13.01,907,776
/home/richard/project/SAT_benchmark/SATLIB/CBS_k3_n100_m423_b30/CBS_k3_n100_m423_b30_222.cnf,SAT,34381.73,34372.44,9.29,312,260
/home/richard/project/SAT_benchmark/SATLIB/CBS_k3_n100_m423_b30/CBS_k3_n100_m423_b30_809.cnf,SAT,28950.26,28939.59,10.67,265,218
/home/richard/project/SAT_benchmark/SATLIB/CBS_k3_n100_m423_b30/CBS_k3_n100_m423_b30_219.cnf,SAT,35621.24,35611.12,10.12,326,262
/home/richard/project/SAT_benchmark/SATLIB/CBS_k3_n100_m423_b30/CBS_k3_n100_m423_b30_281.cnf,SAT,13591.74,13582.19,9.54,125,102
/home/richard/project/SAT_benchmark/SATLIB/CBS_k3_n100_m423_b30/CBS_k3_n100_m423_b30_989.cnf,SAT,59901.28,59888.99,12.29,549,472
/home/richard/project/SAT_benchmark/SATLIB/CBS_k3_n100_m423_b30/CBS_k3_n100_m423_b30_674.cnf,SAT,37742.31,37732.62,9.69,347,297
/home/richard/project/SAT_benchmark/SATLIB/CBS_k3_n100_m423_b30/CBS_k3_n100_m423_b30_852.cnf,SAT,30274.56,30264.81,9.75,272,233
/home/richard/project/SAT_benchmark/SATLIB/CBS_k3_n100_m423_b30/CBS_k3_n100_m423_b30_200.cnf,SAT,16865.57,16856.72,8.85,153,117
/home/richard/project/SAT_benchmark/SATLIB/CBS_k3_n100_m423_b30/CBS_k3_n100_m423_b30_345.cnf,SAT,32192.37,32181.65,10.72,294,241
/home/richard/project/SAT_benchmark/SATLIB/CBS_k3_n100_m423_b30/CBS_k3_n100_m423_b30_687.cnf,SAT,18092.33,18081.93,10.40,164,141
/home/richard/project/SAT_benchmark/SATLIB/CBS_k3_n100_m423_b30/CBS_k3_n100_m423_b30_926.cnf,SAT,31681.65,31671.26,10.39,280,227
/home/richard/project/SAT_benchmark/SATLIB/CBS_k3_n100_m423_b30/CBS_k3_n100_m423_b30_506.cnf,SAT,161015.58,161001.27,14.31,1467,827
/home/richard/project/SAT_benchmark/SATLIB/CBS_k3_n100_m423_b30/CBS_k3_n100_m423_b30_14.cnf,SAT,7992.96,7980.48,12.48,76,51
/home/richard/project/SAT_benchmark/SATLIB/CBS_k3_n100_m423_b30/CBS_k3_n100_m423_b30_417.cnf,SAT,50154.02,50143.95,10.07,450,361
/home/richard/project/SAT_benchmark/SATLIB/CBS_k3_n100_m423_b30/CBS_k3_n100_m423_b30_691.cnf,SAT,63292.76,63275.05,17.71,579,490
/home/richard/project/SAT_benchmark/SATLIB/CBS_k3_n100_m423_b30/CBS_k3_n100_m423_b30_702.cnf,SAT,95062.65,95050.15,12.49,865,692
/home/richard/project/SAT_benchmark/SATLIB/CBS_k3_n100_m423_b30/CBS_k3_n100_m423_b30_108.cnf,SAT,38883.03,38872.98,10.06,352,302
/home/richard/project/SAT_benchmark/SATLIB/CBS_k3_n100_m423_b30/CBS_k3_n100_m423_b30_882.cnf,SAT,78676.54,78664.19,12.34,710,590
/home/richard/project/SAT_benchmark/SATLIB/CBS_k3_n100_m423_b30/CBS_k3_n100_m423_b30_918.cnf,SAT,31170.29,31158.89,11.40,289,238
/home/richard/project/SAT_benchmark/SATLIB/CBS_k3_n100_m423_b30/CBS_k3_n100_m423_b30_339.cnf,SAT,8032.17,8021.46,10.72,71,45
/home/richard/project/SAT_benchmark/SATLIB/CBS_k3_n100_m423_b30/CBS_k3_n100_m423_b30_597.cnf,SAT,78653.01,78640.90,12.11,716,544
/home/richard/project/SAT_benchmark/SATLIB/CBS_k3_n100_m423_b30/CBS_k3_n100_m423_b30_546.cnf,SAT,62057.48,62045.22,12.26,568,478
/home/richard/project/SAT_benchmark/SATLIB/CBS_k3_n100_m423_b30/CBS_k3_n100_m423_b30_739.cnf,SAT,16849.19,16840.37,8.82,150,119
/home/richard/project/SAT_benchmark/SATLIB/CBS_k3_n100_m423_b30/CBS_k3_n100_m423_b30_501.cnf,SAT,35549.63,35539.90,9.73,325,241
/home/richard/project/SAT_benchmark/SATLIB/CBS_k3_n100_m423_b30/CBS_k3_n100_m423_b30_177.cnf,SAT,42311.46,42301.13,10.33,388,307
/home/richard/project/SAT_benchmark/SATLIB/CBS_k3_n100_m423_b30/CBS_k3_n100_m423_b30_262.cnf,SAT,97178.14,97166.53,11.60,880,556
/home/richard/project/SAT_benchmark/SATLIB/CBS_k3_n100_m423_b30/CBS_k3_n100_m423_b30_297.cnf,SAT,15785.61,15775.36,10.25,141,108
/home/richard/project/SAT_benchmark/SATLIB/CBS_k3_n100_m423_b30/CBS_k3_n100_m423_b30_766.cnf,SAT,51039.67,51029.63,10.04,465,373
/home/richard/project/SAT_benchmark/SATLIB/CBS_k3_n100_m423_b30/CBS_k3_n100_m423_b30_793.cnf,SAT,161010.15,160992.88,17.27,1461,1228
/home/richard/project/SAT_benchmark/SATLIB/CBS_k3_n100_m423_b30/CBS_k3_n100_m423_b30_206.cnf,SAT,31222.24,31211.92,10.32,288,253
/home/richard/project/SAT_benchmark/SATLIB/CBS_k3_n100_m423_b30/CBS_k3_n100_m423_b30_193.cnf,SAT,11213.49,11205.40,8.09,109,75
/home/richard/project/SAT_benchmark/SATLIB/CBS_k3_n100_m423_b30/CBS_k3_n100_m423_b30_121.cnf,SAT,92879.40,92866.37,13.03,849,581
/home/richard/project/SAT_benchmark/SATLIB/CBS_k3_n100_m423_b30/CBS_k3_n100_m423_b30_669.cnf,SAT,170851.63,170835.02,16.61,1550,1311
/home/richard/project/SAT_benchmark/SATLIB/CBS_k3_n100_m423_b30/CBS_k3_n100_m423_b30_858.cnf,SAT,106140.08,106126.86,13.23,968,803
/home/richard/project/SAT_benchmark/SATLIB/CBS_k3_n100_m423_b30/CBS_k3_n100_m423_b30_888.cnf,SAT,11261.29,11252.30,8.99,105,60
/home/richard/project/SAT_benchmark/SATLIB/CBS_k3_n100_m423_b30/CBS_k3_n100_m423_b30_379.cnf,SAT,25576.24,25567.59,8.65,235,178
/home/richard/project/SAT_benchmark/SATLIB/CBS_k3_n100_m423_b30/CBS_k3_n100_m423_b30_845.cnf,SAT,13425.87,13415.88,9.99,129,93
/home/richard/project/SAT_benchmark/SATLIB/CBS_k3_n100_m423_b30/CBS_k3_n100_m423_b30_580.cnf,SAT,45346.32,45336.06,10.26,415,330
/home/richard/project/SAT_benchmark/SATLIB/CBS_k3_n100_m423_b30/CBS_k3_n100_m423_b30_541.cnf,SAT,32389.51,32379.36,10.15,291,234
/home/richard/project/SAT_benchmark/SATLIB/CBS_k3_n100_m423_b30/CBS_k3_n100_m423_b30_619.cnf,SAT,30060.41,30050.15,10.25,270,216
/home/richard/project/SAT_benchmark/SATLIB/CBS_k3_n100_m423_b30/CBS_k3_n100_m423_b30_658.cnf,SAT,59853.55,59841.98,11.57,548,461
/home/richard/project/SAT_benchmark/SATLIB/CBS_k3_n100_m423_b30/CBS_k3_n100_m423_b30_376.cnf,SAT,95838.13,95825.08,13.05,867,727
/home/richard/project/SAT_benchmark/SATLIB/CBS_k3_n100_m423_b30/CBS_k3_n100_m423_b30_745.cnf,SAT,14609.46,14600.63,8.83,132,99
/home/richard/project/SAT_benchmark/SATLIB/CBS_k3_n100_m423_b30/CBS_k3_n100_m423_b30_431.cnf,SAT,20080.37,20069.71,10.66,186,156
/home/richard/project/SAT_benchmark/SATLIB/CBS_k3_n100_m423_b30/CBS_k3_n100_m423_b30_145.cnf,SAT,27034.93,27025.10,9.83,249,215
/home/richard/project/SAT_benchmark/SATLIB/CBS_k3_n100_m423_b30/CBS_k3_n100_m423_b30_485.cnf,SAT,62170.62,62159.13,11.49,563,333
/home/richard/project/SAT_benchmark/SATLIB/CBS_k3_n100_m423_b30/CBS_k3_n100_m423_b30_31.cnf,SAT,11263.72,11254.91,8.81,103,66
/home/richard/project/SAT_benchmark/SATLIB/CBS_k3_n100_m423_b30/CBS_k3_n100_m423_b30_550.cnf,SAT,27834.93,27824.81,10.12,252,201
/home/richard/project/SAT_benchmark/SATLIB/CBS_k3_n100_m423_b30/CBS_k3_n100_m423_b30_920.cnf,SAT,57924.51,57913.86,10.65,525,367
/home/richard/project/SAT_benchmark/SATLIB/CBS_k3_n100_m423_b30/CBS_k3_n100_m423_b30_33.cnf,SAT,10138.96,10130.58,8.38,92,64
/home/richard/project/SAT_benchmark/SATLIB/CBS_k3_n100_m423_b30/CBS_k3_n100_m423_b30_736.cnf,SAT,69771.89,69761.28,10.62,635,433
/home/richard/project/SAT_benchmark/SATLIB/CBS_k3_n100_m423_b30/CBS_k3_n100_m423_b30_749.cnf,SAT,66452.01,66440.75,11.26,602,393
/home/richard/project/SAT_benchmark/SATLIB/CBS_k3_n100_m423_b30/CBS_k3_n100_m423_b30_981.cnf,SAT,35603.01,35593.33,9.68,327,275
/home/richard/project/SAT_benchmark/SATLIB/CBS_k3_n100_m423_b30/CBS_k3_n100_m423_b30_838.cnf,SAT,70615.29,70603.21,12.08,641,512
/home/richard/project/SAT_benchmark/SATLIB/CBS_k3_n100_m423_b30/CBS_k3_n100_m423_b30_114.cnf,SAT,9117.60,9109.06,8.54,81,51
/home/richard/project/SAT_benchmark/SATLIB/CBS_k3_n100_m423_b30/CBS_k3_n100_m423_b30_985.cnf,SAT,79514.00,79500.95,13.06,720,509
/home/richard/project/SAT_benchmark/SATLIB/CBS_k3_n100_m423_b30/CBS_k3_n100_m423_b30_933.cnf,SAT,93865.09,93851.34,13.75,850,717
/home/richard/project/SAT_benchmark/SATLIB/CBS_k3_n100_m423_b30/CBS_k3_n100_m423_b30_952.cnf,SAT,27764.68,27754.82,9.87,255,215
/home/richard/project/SAT_benchmark/SATLIB/CBS_k3_n100_m423_b30/CBS_k3_n100_m423_b30_693.cnf,SAT,37844.99,37834.95,10.04,345,296
/home/richard/project/SAT_benchmark/SATLIB/CBS_k3_n100_m423_b30/CBS_k3_n100_m423_b30_362.cnf,SAT,78683.53,78672.13,11.40,713,565
/home/richard/project/SAT_benchmark/SATLIB/CBS_k3_n100_m423_b30/CBS_k3_n100_m423_b30_863.cnf,SAT,66463.76,66451.57,12.19,604,459
/home/richard/project/SAT_benchmark/SATLIB/CBS_k3_n100_m423_b30/CBS_k3_n100_m423_b30_355.cnf,SAT,26830.23,26820.16,10.06,246,206
/home/richard/project/SAT_benchmark/SATLIB/CBS_k3_n100_m423_b30/CBS_k3_n100_m423_b30_814.cnf,SAT,14767.86,14757.83,10.03,135,97
/home/richard/project/SAT_benchmark/SATLIB/CBS_k3_n100_m423_b30/CBS_k3_n100_m423_b30_146.cnf,SAT,10172.93,10163.97,8.95,90,65
/home/richard/project/SAT_benchmark/SATLIB/CBS_k3_n100_m423_b30/CBS_k3_n100_m423_b30_454.cnf,SAT,2413.51,2404.60,8.91,27,9
/home/richard/project/SAT_benchmark/SATLIB/CBS_k3_n100_m423_b30/CBS_k3_n100_m423_b30_891.cnf,SAT,22372.58,22363.11,9.48,203,87
/home/richard/project/SAT_benchmark/SATLIB/CBS_k3_n100_m423_b30/CBS_k3_n100_m423_b30_781.cnf,SAT,40127.15,40117.64,9.52,368,299
/home/richard/project/SAT_benchmark/SATLIB/CBS_k3_n100_m423_b30/CBS_k3_n100_m423_b30_26.cnf,SAT,74084.87,74073.36,11.51,678,555
/home/richard/project/SAT_benchmark/SATLIB/CBS_k3_n100_m423_b30/CBS_k3_n100_m423_b30_523.cnf,SAT,23469.55,23458.38,11.17,216,194
/home/richard/project/SAT_benchmark/SATLIB/CBS_k3_n100_m423_b30/CBS_k3_n100_m423_b30_377.cnf,SAT,30242.94,30233.57,9.38,276,231
/home/richard/project/SAT_benchmark/SATLIB/CBS_k3_n100_m423_b30/CBS_k3_n100_m423_b30_894.cnf,SAT,16035.87,16026.49,9.38,145,107
/home/richard/project/SAT_benchmark/SATLIB/CBS_k3_n100_m423_b30/CBS_k3_n100_m423_b30_618.cnf,SAT,11357.91,11347.76,10.15,100,75
/home/richard/project/SAT_benchmark/SATLIB/CBS_k3_n100_m423_b30/CBS_k3_n100_m423_b30_66.cnf,SAT,62306.77,62296.16,10.61,565,490
/home/richard/project/SAT_benchmark/SATLIB/CBS_k3_n100_m423_b30/CBS_k3_n100_m423_b30_249.cnf,SAT,54268.49,54257.27,11.22,495,433
/home/richard/project/SAT_benchmark/SATLIB/CBS_k3_n100_m423_b30/CBS_k3_n100_m423_b30_532.cnf,SAT,17950.87,17942.24,8.63,165,121
/home/richard/project/SAT_benchmark/SATLIB/CBS_k3_n100_m423_b30/CBS_k3_n100_m423_b30_92.cnf,SAT,15744.96,15736.21,8.75,149,109
/home/richard/project/SAT_benchmark/SATLIB/CBS_k3_n100_m423_b30/CBS_k3_n100_m423_b30_984.cnf,SAT,47627.44,47615.97,11.47,430,391
/home/richard/project/SAT_benchmark/SATLIB/CBS_k3_n100_m423_b30/CBS_k3_n100_m423_b30_301.cnf,SAT,50090.44,50078.49,11.95,453,368
/home/richard/project/SAT_benchmark/SATLIB/CBS_k3_n100_m423_b30/CBS_k3_n100_m423_b30_295.cnf,SAT,43472.45,43462.18,10.26,392,322
/home/richard/project/SAT_benchmark/SATLIB/CBS_k3_n100_m423_b30/CBS_k3_n100_m423_b30_488.cnf,SAT,19059.53,19050.39,9.14,175,133
/home/richard/project/SAT_benchmark/SATLIB/CBS_k3_n100_m423_b30/CBS_k3_n100_m423_b30_148.cnf,SAT,5100.76,5088.73,12.03,40,13
/home/richard/project/SAT_benchmark/SATLIB/CBS_k3_n100_m423_b30/CBS_k3_n100_m423_b30_480.cnf,SAT,11296.24,11287.79,8.45,101,68
/home/richard/project/SAT_benchmark/SATLIB/CBS_k3_n100_m423_b30/CBS_k3_n100_m423_b30_187.cnf,SAT,106770.39,106756.46,13.94,971,832
/home/richard/project/SAT_benchmark/SATLIB/CBS_k3_n100_m423_b30/CBS_k3_n100_m423_b30_711.cnf,SAT,25771.18,25761.38,9.80,238,209
/home/richard/project/SAT_benchmark/SATLIB/CBS_k3_n100_m423_b30/CBS_k3_n100_m423_b30_572.cnf,SAT,69664.12,69653.50,10.62,630,379
/home/richard/project/SAT_benchmark/SATLIB/CBS_k3_n100_m423_b30/CBS_k3_n100_m423_b30_953.cnf,SAT,43388.86,43375.43,13.43,390,302
/home/richard/project/SAT_benchmark/SATLIB/CBS_k3_n100_m423_b30/CBS_k3_n100_m423_b30_359.cnf,SAT,128206.00,128191.16,14.85,1169,949
/home/richard/project/SAT_benchmark/SATLIB/CBS_k3_n100_m423_b30/CBS_k3_n100_m423_b30_212.cnf,SAT,10205.00,10196.36,8.64,99,75
/home/richard/project/SAT_benchmark/SATLIB/CBS_k3_n100_m423_b30/CBS_k3_n100_m423_b30_320.cnf,SAT,44301.46,44290.93,10.52,406,353
/home/richard/project/SAT_benchmark/SATLIB/CBS_k3_n100_m423_b30/CBS_k3_n100_m423_b30_951.cnf,SAT,96283.28,96270.63,12.65,877,754
/home/richard/project/SAT_benchmark/SATLIB/CBS_k3_n100_m423_b30/CBS_k3_n100_m423_b30_978.cnf,SAT,47805.41,47795.72,9.69,433,364
/home/richard/project/SAT_benchmark/SATLIB/CBS_k3_n100_m423_b30/CBS_k3_n100_m423_b30_390.cnf,SAT,81734.80,81722.99,11.81,747,623
/home/richard/project/SAT_benchmark/SATLIB/CBS_k3_n100_m423_b30/CBS_k3_n100_m423_b30_112.cnf,SAT,22320.71,22310.83,9.88,201,153
/home/richard/project/SAT_benchmark/SATLIB/CBS_k3_n100_m423_b30/CBS_k3_n100_m423_b30_614.cnf,SAT,39967.86,39956.59,11.27,366,302
/home/richard/project/SAT_benchmark/SATLIB/CBS_k3_n100_m423_b30/CBS_k3_n100_m423_b30_369.cnf,SAT,11277.14,11267.61,9.52,108,72
/home/richard/project/SAT_benchmark/SATLIB/CBS_k3_n100_m423_b30/CBS_k3_n100_m423_b30_765.cnf,SAT,6874.28,6865.32,8.97,60,32
/home/richard/project/SAT_benchmark/SATLIB/CBS_k3_n100_m423_b30/CBS_k3_n100_m423_b30_494.cnf,SAT,53775.03,53763.21,11.82,487,385
/home/richard/project/SAT_benchmark/SATLIB/CBS_k3_n100_m423_b30/CBS_k3_n100_m423_b30_910.cnf,SAT,47564.88,47551.42,13.46,435,366
/home/richard/project/SAT_benchmark/SATLIB/CBS_k3_n100_m423_b30/CBS_k3_n100_m423_b30_477.cnf,SAT,69766.70,69755.77,10.93,631,534
/home/richard/project/SAT_benchmark/SATLIB/CBS_k3_n100_m423_b30/CBS_k3_n100_m423_b30_800.cnf,SAT,2619.89,2609.92,9.98,22,6
/home/richard/project/SAT_benchmark/SATLIB/CBS_k3_n100_m423_b30/CBS_k3_n100_m423_b30_525.cnf,SAT,64289.31,64278.26,11.05,584,435
/home/richard/project/SAT_benchmark/SATLIB/CBS_k3_n100_m423_b30/CBS_k3_n100_m423_b30_267.cnf,SAT,15946.41,15936.59,9.82,140,117
/home/richard/project/SAT_benchmark/SATLIB/CBS_k3_n100_m423_b30/CBS_k3_n100_m423_b30_759.cnf,SAT,59767.49,59754.74,12.76,545,458
/home/richard/project/SAT_benchmark/SATLIB/CBS_k3_n100_m423_b30/CBS_k3_n100_m423_b30_372.cnf,SAT,18442.28,18432.18,10.09,168,122
/home/richard/project/SAT_benchmark/SATLIB/CBS_k3_n100_m423_b30/CBS_k3_n100_m423_b30_71.cnf,SAT,56464.95,56452.90,12.05,511,426
/home/richard/project/SAT_benchmark/SATLIB/CBS_k3_n100_m423_b30/CBS_k3_n100_m423_b30_374.cnf,SAT,112662.70,112649.85,12.85,1022,756
/home/richard/project/SAT_benchmark/SATLIB/CBS_k3_n100_m423_b30/CBS_k3_n100_m423_b30_727.cnf,SAT,52048.09,52037.62,10.47,472,389
/home/richard/project/SAT_benchmark/SATLIB/CBS_k3_n100_m423_b30/CBS_k3_n100_m423_b30_591.cnf,SAT,188180.84,188163.06,17.77,1718,1321
/home/richard/project/SAT_benchmark/SATLIB/CBS_k3_n100_m423_b30/CBS_k3_n100_m423_b30_914.cnf,SAT,6887.12,6879.04,8.08,60,30
/home/richard/project/SAT_benchmark/SATLIB/CBS_k3_n100_m423_b30/CBS_k3_n100_m423_b30_683.cnf,SAT,131458.38,131442.53,15.85,1197,994
/home/richard/project/SAT_benchmark/SATLIB/CBS_k3_n100_m423_b30/CBS_k3_n100_m423_b30_192.cnf,SAT,19216.12,19206.48,9.64,176,129
/home/richard/project/SAT_benchmark/SATLIB/CBS_k3_n100_m423_b30/CBS_k3_n100_m423_b30_593.cnf,SAT,7104.33,7094.38,9.95,60,38
/home/richard/project/SAT_benchmark/SATLIB/CBS_k3_n100_m423_b30/CBS_k3_n100_m423_b30_468.cnf,SAT,15709.41,15699.56,9.85,149,102
/home/richard/project/SAT_benchmark/SATLIB/CBS_k3_n100_m423_b30/CBS_k3_n100_m423_b30_310.cnf,SAT,59447.34,59436.17,11.17,535,459
/home/richard/project/SAT_benchmark/SATLIB/CBS_k3_n100_m423_b30/CBS_k3_n100_m423_b30_123.cnf,SAT,17903.36,17894.48,8.88,169,135
/home/richard/project/SAT_benchmark/SATLIB/CBS_k3_n100_m423_b30/CBS_k3_n100_m423_b30_55.cnf,SAT,64580.81,64568.91,11.90,587,454
/home/richard/project/SAT_benchmark/SATLIB/CBS_k3_n100_m423_b30/CBS_k3_n100_m423_b30_752.cnf,SAT,43322.56,43311.96,10.60,392,317
/home/richard/project/SAT_benchmark/SATLIB/CBS_k3_n100_m423_b30/CBS_k3_n100_m423_b30_878.cnf,SAT,27912.27,27903.16,9.12,254,189
/home/richard/project/SAT_benchmark/SATLIB/CBS_k3_n100_m423_b30/CBS_k3_n100_m423_b30_465.cnf,SAT,8100.45,8090.15,10.30,79,51
/home/richard/project/SAT_benchmark/SATLIB/CBS_k3_n100_m423_b30/CBS_k3_n100_m423_b30_451.cnf,SAT,112642.97,112628.32,14.65,1023,888
/home/richard/project/SAT_benchmark/SATLIB/CBS_k3_n100_m423_b30/CBS_k3_n100_m423_b30_698.cnf,SAT,51428.95,51418.64,10.31,468,338
/home/richard/project/SAT_benchmark/SATLIB/CBS_k3_n100_m423_b30/CBS_k3_n100_m423_b30_552.cnf,SAT,79848.72,79836.30,12.42,725,583
/home/richard/project/SAT_benchmark/SATLIB/CBS_k3_n100_m423_b30/CBS_k3_n100_m423_b30_171.cnf,SAT,5816.80,5808.26,8.54,53,27
/home/richard/project/SAT_benchmark/SATLIB/CBS_k3_n100_m423_b30/CBS_k3_n100_m423_b30_240.cnf,SAT,25020.66,25010.73,9.93,224,194
/home/richard/project/SAT_benchmark/SATLIB/CBS_k3_n100_m423_b30/CBS_k3_n100_m423_b30_744.cnf,SAT,26653.17,26644.06,9.11,240,171
/home/richard/project/SAT_benchmark/SATLIB/CBS_k3_n100_m423_b30/CBS_k3_n100_m423_b30_516.cnf,SAT,76597.66,76585.47,12.19,690,590
/home/richard/project/SAT_benchmark/SATLIB/CBS_k3_n100_m423_b30/CBS_k3_n100_m423_b30_607.cnf,SAT,31078.53,31068.32,10.21,285,253
/home/richard/project/SAT_benchmark/SATLIB/CBS_k3_n100_m423_b30/CBS_k3_n100_m423_b30_330.cnf,SAT,40949.67,40939.86,9.81,374,304
/home/richard/project/SAT_benchmark/SATLIB/CBS_k3_n100_m423_b30/CBS_k3_n100_m423_b30_654.cnf,SAT,47912.35,47900.95,11.40,430,361
/home/richard/project/SAT_benchmark/SATLIB/CBS_k3_n100_m423_b30/CBS_k3_n100_m423_b30_406.cnf,SAT,9118.75,9110.32,8.43,86,56
/home/richard/project/SAT_benchmark/SATLIB/CBS_k3_n100_m423_b30/CBS_k3_n100_m423_b30_234.cnf,SAT,49134.18,49122.79,11.39,448,369
/home/richard/project/SAT_benchmark/SATLIB/CBS_k3_n100_m423_b30/CBS_k3_n100_m423_b30_78.cnf,SAT,23430.63,23421.47,9.16,217,171
/home/richard/project/SAT_benchmark/SATLIB/CBS_k3_n100_m423_b30/CBS_k3_n100_m423_b30_645.cnf,SAT,11360.37,11345.67,14.70,106,69
/home/richard/project/SAT_benchmark/SATLIB/CBS_k3_n100_m423_b30/CBS_k3_n100_m423_b30_657.cnf,SAT,5846.17,5835.60,10.58,56,24
/home/richard/project/SAT_benchmark/SATLIB/CBS_k3_n100_m423_b30/CBS_k3_n100_m423_b30_427.cnf,SAT,29015.89,29005.97,9.92,264,223
/home/richard/project/SAT_benchmark/SATLIB/CBS_k3_n100_m423_b30/CBS_k3_n100_m423_b30_725.cnf,SAT,92993.17,92980.33,12.84,840,706
/home/richard/project/SAT_benchmark/SATLIB/CBS_k3_n100_m423_b30/CBS_k3_n100_m423_b30_717.cnf,SAT,81606.98,81595.58,11.40,744,487
/home/richard/project/SAT_benchmark/SATLIB/CBS_k3_n100_m423_b30/CBS_k3_n100_m423_b30_511.cnf,SAT,54672.35,54661.78,10.57,491,359
/home/richard/project/SAT_benchmark/SATLIB/CBS_k3_n100_m423_b30/CBS_k3_n100_m423_b30_122.cnf,SAT,119164.42,119151.19,13.24,1081,876
/home/richard/project/SAT_benchmark/SATLIB/CBS_k3_n100_m423_b30/CBS_k3_n100_m423_b30_999.cnf,SAT,11448.95,11438.52,10.43,108,68
/home/richard/project/SAT_benchmark/SATLIB/CBS_k3_n100_m423_b30/CBS_k3_n100_m423_b30_358.cnf,SAT,40051.87,40041.30,10.57,366,314
/home/richard/project/SAT_benchmark/SATLIB/CBS_k3_n100_m423_b30/CBS_k3_n100_m423_b30_576.cnf,SAT,53874.24,53863.24,11.00,488,414
/home/richard/project/SAT_benchmark/SATLIB/CBS_k3_n100_m423_b30/CBS_k3_n100_m423_b30_915.cnf,SAT,114816.41,114802.37,14.04,1045,734
/home/richard/project/SAT_benchmark/SATLIB/CBS_k3_n100_m423_b30/CBS_k3_n100_m423_b30_348.cnf,SAT,5779.23,5767.10,12.13,58,27
/home/richard/project/SAT_benchmark/SATLIB/CBS_k3_n100_m423_b30/CBS_k3_n100_m423_b30_235.cnf,SAT,35559.42,35547.02,12.41,328,264
/home/richard/project/SAT_benchmark/SATLIB/CBS_k3_n100_m423_b30/CBS_k3_n100_m423_b30_59.cnf,SAT,72514.34,72502.98,11.36,652,558
/home/richard/project/SAT_benchmark/SATLIB/CBS_k3_n100_m423_b30/CBS_k3_n100_m423_b30_487.cnf,SAT,81718.86,81706.71,12.14,748,567
/home/richard/project/SAT_benchmark/SATLIB/CBS_k3_n100_m423_b30/CBS_k3_n100_m423_b30_584.cnf,SAT,10319.38,10307.63,11.75,99,73
/home/richard/project/SAT_benchmark/SATLIB/CBS_k3_n100_m423_b30/CBS_k3_n100_m423_b30_586.cnf,SAT,91270.98,91258.12,12.86,821,703
/home/richard/project/SAT_benchmark/SATLIB/CBS_k3_n100_m423_b30/CBS_k3_n100_m423_b30_695.cnf,SAT,16861.49,16851.99,9.51,152,116
/home/richard/project/SAT_benchmark/SATLIB/CBS_k3_n100_m423_b30/CBS_k3_n100_m423_b30_260.cnf,SAT,5895.26,5885.55,9.71,58,24
/home/richard/project/SAT_benchmark/SATLIB/CBS_k3_n100_m423_b30/CBS_k3_n100_m423_b30_307.cnf,SAT,39903.34,39892.23,11.11,361,282
/home/richard/project/SAT_benchmark/SATLIB/CBS_k3_n100_m423_b30/CBS_k3_n100_m423_b30_140.cnf,SAT,34076.99,34065.96,11.02,306,252
/home/richard/project/SAT_benchmark/SATLIB/CBS_k3_n100_m423_b30/CBS_k3_n100_m423_b30_606.cnf,SAT,31087.19,31077.45,9.74,285,251
/home/richard/project/SAT_benchmark/SATLIB/CBS_k3_n100_m423_b30/CBS_k3_n100_m423_b30_335.cnf,SAT,60048.92,60037.82,11.11,541,434
/home/richard/project/SAT_benchmark/SATLIB/CBS_k3_n100_m423_b30/CBS_k3_n100_m423_b30_124.cnf,SAT,33798.35,33788.12,10.22,309,227
/home/richard/project/SAT_benchmark/SATLIB/CBS_k3_n100_m423_b30/CBS_k3_n100_m423_b30_73.cnf,SAT,86117.50,86105.41,12.09,788,701
/home/richard/project/SAT_benchmark/SATLIB/CBS_k3_n100_m423_b30/CBS_k3_n100_m423_b30_476.cnf,SAT,47674.24,47663.47,10.77,437,359
/home/richard/project/SAT_benchmark/SATLIB/CBS_k3_n100_m423_b30/CBS_k3_n100_m423_b30_508.cnf,SAT,9180.37,9172.81,7.56,82,42
/home/richard/project/SAT_benchmark/SATLIB/CBS_k3_n100_m423_b30/CBS_k3_n100_m423_b30_435.cnf,SAT,38891.25,38881.39,9.86,356,291
/home/richard/project/SAT_benchmark/SATLIB/CBS_k3_n100_m423_b30/CBS_k3_n100_m423_b30_256.cnf,SAT,83561.67,83550.51,11.16,758,500
/home/richard/project/SAT_benchmark/SATLIB/CBS_k3_n100_m423_b30/CBS_k3_n100_m423_b30_418.cnf,SAT,2412.08,2396.80,15.28,27,12
/home/richard/project/SAT_benchmark/SATLIB/CBS_k3_n100_m423_b30/CBS_k3_n100_m423_b30_553.cnf,SAT,31349.23,31339.33,9.90,283,233
/home/richard/project/SAT_benchmark/SATLIB/CBS_k3_n100_m423_b30/CBS_k3_n100_m423_b30_254.cnf,SAT,44702.46,44691.53,10.93,408,345
/home/richard/project/SAT_benchmark/SATLIB/CBS_k3_n100_m423_b30/CBS_k3_n100_m423_b30_403.cnf,SAT,86275.44,86264.07,11.37,782,611
/home/richard/project/SAT_benchmark/SATLIB/CBS_k3_n100_m423_b30/CBS_k3_n100_m423_b30_943.cnf,SAT,11440.12,11429.79,10.33,104,66
/home/richard/project/SAT_benchmark/SATLIB/CBS_k3_n100_m423_b30/CBS_k3_n100_m423_b30_995.cnf,SAT,22698.84,22689.02,9.83,205,164
/home/richard/project/SAT_benchmark/SATLIB/CBS_k3_n100_m423_b30/CBS_k3_n100_m423_b30_354.cnf,SAT,106158.06,106145.09,12.97,968,813
/home/richard/project/SAT_benchmark/SATLIB/CBS_k3_n100_m423_b30/CBS_k3_n100_m423_b30_671.cnf,SAT,79500.80,79489.20,11.60,729,489
/home/richard/project/SAT_benchmark/SATLIB/CBS_k3_n100_m423_b30/CBS_k3_n100_m423_b30_436.cnf,SAT,2486.49,2476.40,10.10,21,1
/home/richard/project/SAT_benchmark/SATLIB/CBS_k3_n100_m423_b30/CBS_k3_n100_m423_b30_753.cnf,SAT,31248.40,31238.34,10.07,282,237
/home/richard/project/SAT_benchmark/SATLIB/CBS_k3_n100_m423_b30/CBS_k3_n100_m423_b30_411.cnf,SAT,62784.77,62773.35,11.41,565,477
/home/richard/project/SAT_benchmark/SATLIB/CBS_k3_n100_m423_b30/CBS_k3_n100_m423_b30_306.cnf,SAT,9076.30,9067.60,8.70,86,62
/home/richard/project/SAT_benchmark/SATLIB/CBS_k3_n100_m423_b30/CBS_k3_n100_m423_b30_156.cnf,SAT,9089.64,9077.30,12.34,88,63
/home/richard/project/SAT_benchmark/SATLIB/CBS_k3_n100_m423_b30/CBS_k3_n100_m423_b30_840.cnf,SAT,20252.03,20242.17,9.86,189,159
/home/richard/project/SAT_benchmark/SATLIB/CBS_k3_n100_m423_b30/CBS_k3_n100_m423_b30_764.cnf,SAT,5701.36,5692.98,8.38,52,22
/home/richard/project/SAT_benchmark/SATLIB/CBS_k3_n100_m423_b30/CBS_k3_n100_m423_b30_676.cnf,SAT,42342.31,42332.30,10.01,386,312
/home/richard/project/SAT_benchmark/SATLIB/CBS_k3_n100_m423_b30/CBS_k3_n100_m423_b30_970.cnf,SAT,71816.27,71804.92,11.35,657,556
/home/richard/project/SAT_benchmark/SATLIB/CBS_k3_n100_m423_b30/CBS_k3_n100_m423_b30_217.cnf,SAT,31320.21,31310.53,9.68,284,232
/home/richard/project/SAT_benchmark/SATLIB/CBS_k3_n100_m423_b30/CBS_k3_n100_m423_b30_448.cnf,SAT,136492.56,136476.22,16.34,1246,1007
/home/richard/project/SAT_benchmark/SATLIB/CBS_k3_n100_m423_b30/CBS_k3_n100_m423_b30_636.cnf,SAT,15776.18,15763.07,13.12,144,114
/home/richard/project/SAT_benchmark/SATLIB/CBS_k3_n100_m423_b30/CBS_k3_n100_m423_b30_475.cnf,SAT,33447.92,33437.84,10.08,306,246
/home/richard/project/SAT_benchmark/SATLIB/CBS_k3_n100_m423_b30/CBS_k3_n100_m423_b30_277.cnf,SAT,63136.83,63126.04,10.78,574,475
/home/richard/project/SAT_benchmark/SATLIB/CBS_k3_n100_m423_b30/CBS_k3_n100_m423_b30_449.cnf,SAT,17123.02,17114.18,8.84,155,132
/home/richard/project/SAT_benchmark/SATLIB/CBS_k3_n100_m423_b30/CBS_k3_n100_m423_b30_408.cnf,SAT,55213.62,55203.06,10.56,501,394
/home/richard/project/SAT_benchmark/SATLIB/CBS_k3_n100_m423_b30/CBS_k3_n100_m423_b30_47.cnf,SAT,22442.55,22432.52,10.03,205,172
/home/richard/project/SAT_benchmark/SATLIB/CBS_k3_n100_m423_b30/CBS_k3_n100_m423_b30_846.cnf,SAT,46639.58,46629.16,10.42,425,359
/home/richard/project/SAT_benchmark/SATLIB/CBS_k3_n100_m423_b30/CBS_k3_n100_m423_b30_991.cnf,SAT,12513.06,12503.81,9.25,114,82
/home/richard/project/SAT_benchmark/SATLIB/CBS_k3_n100_m423_b30/CBS_k3_n100_m423_b30_446.cnf,SAT,2489.46,2481.02,8.43,27,9
/home/richard/project/SAT_benchmark/SATLIB/CBS_k3_n100_m423_b30/CBS_k3_n100_m423_b30_612.cnf,SAT,20248.81,20239.01,9.80,187,144
/home/richard/project/SAT_benchmark/SATLIB/CBS_k3_n100_m423_b30/CBS_k3_n100_m423_b30_461.cnf,SAT,118731.81,118716.58,15.24,1077,882
/home/richard/project/SAT_benchmark/SATLIB/CBS_k3_n100_m423_b30/CBS_k3_n100_m423_b30_533.cnf,SAT,37681.80,37671.52,10.28,340,257
/home/richard/project/SAT_benchmark/SATLIB/CBS_k3_n100_m423_b30/CBS_k3_n100_m423_b30_595.cnf,SAT,55377.53,55366.90,10.63,509,419
/home/richard/project/SAT_benchmark/SATLIB/CBS_k3_n100_m423_b30/CBS_k3_n100_m423_b30_161.cnf,SAT,43643.59,43632.59,11.00,398,326
/home/richard/project/SAT_benchmark/SATLIB/CBS_k3_n100_m423_b30/CBS_k3_n100_m423_b30_690.cnf,SAT,4696.03,4688.55,7.48,47,17
/home/richard/project/SAT_benchmark/SATLIB/CBS_k3_n100_m423_b30/CBS_k3_n100_m423_b30_93.cnf,SAT,44509.96,44493.51,16.44,407,344
/home/richard/project/SAT_benchmark/SATLIB/CBS_k3_n100_m423_b30/CBS_k3_n100_m423_b30_944.cnf,SAT,46691.49,46680.04,11.45,425,366
/home/richard/project/SAT_benchmark/SATLIB/CBS_k3_n100_m423_b30/CBS_k3_n100_m423_b30_347.cnf,SAT,34530.57,34521.19,9.38,311,247
/home/richard/project/SAT_benchmark/SATLIB/CBS_k3_n100_m423_b30/CBS_k3_n100_m423_b30_450.cnf,SAT,38340.77,38330.86,9.91,349,270
/home/richard/project/SAT_benchmark/SATLIB/CBS_k3_n100_m423_b30/CBS_k3_n100_m423_b30_40.cnf,SAT,50216.14,50204.66,11.48,455,372
/home/richard/project/SAT_benchmark/SATLIB/CBS_k3_n100_m423_b30/CBS_k3_n100_m423_b30_868.cnf,SAT,84234.94,84222.61,12.33,765,456
/home/richard/project/SAT_benchmark/SATLIB/CBS_k3_n100_m423_b30/CBS_k3_n100_m423_b30_371.cnf,SAT,22231.09,22221.78,9.31,204,140
/home/richard/project/SAT_benchmark/SATLIB/CBS_k3_n100_m423_b30/CBS_k3_n100_m423_b30_91.cnf,SAT,7899.59,7890.92,8.67,74,45
/home/richard/project/SAT_benchmark/SATLIB/CBS_k3_n100_m423_b30/CBS_k3_n100_m423_b30_912.cnf,SAT,16946.77,16934.72,12.05,157,129
/home/richard/project/SAT_benchmark/SATLIB/CBS_k3_n100_m423_b30/CBS_k3_n100_m423_b30_720.cnf,SAT,33389.32,33377.76,11.56,302,272
/home/richard/project/SAT_benchmark/SATLIB/CBS_k3_n100_m423_b30/CBS_k3_n100_m423_b30_32.cnf,SAT,30503.54,30490.57,12.97,273,226
/home/richard/project/SAT_benchmark/SATLIB/CBS_k3_n100_m423_b30/CBS_k3_n100_m423_b30_768.cnf,SAT,66445.52,66433.05,12.47,602,498
/home/richard/project/SAT_benchmark/SATLIB/CBS_k3_n100_m423_b30/CBS_k3_n100_m423_b30_585.cnf,SAT,82307.95,82293.56,14.39,746,660
/home/richard/project/SAT_benchmark/SATLIB/CBS_k3_n100_m423_b30/CBS_k3_n100_m423_b30_961.cnf,SAT,5785.82,5777.68,8.13,52,24
/home/richard/project/SAT_benchmark/SATLIB/CBS_k3_n100_m423_b30/CBS_k3_n100_m423_b30_561.cnf,SAT,11242.72,11233.75,8.97,102,67
/home/richard/project/SAT_benchmark/SATLIB/CBS_k3_n100_m423_b30/CBS_k3_n100_m423_b30_386.cnf,SAT,42889.12,42878.06,11.06,383,291
/home/richard/project/SAT_benchmark/SATLIB/CBS_k3_n100_m423_b30/CBS_k3_n100_m423_b30_472.cnf,SAT,48802.80,48792.25,10.54,443,361
/home/richard/project/SAT_benchmark/SATLIB/CBS_k3_n100_m423_b30/CBS_k3_n100_m423_b30_263.cnf,SAT,29069.46,29059.87,9.59,268,189
/home/richard/project/SAT_benchmark/SATLIB/CBS_k3_n100_m423_b30/CBS_k3_n100_m423_b30_74.cnf,SAT,51079.24,51067.82,11.42,468,396
/home/richard/project/SAT_benchmark/SATLIB/CBS_k3_n100_m423_b30/CBS_k3_n100_m423_b30_640.cnf,SAT,27927.98,27918.63,9.35,256,178
/home/richard/project/SAT_benchmark/SATLIB/CBS_k3_n100_m423_b30/CBS_k3_n100_m423_b30_529.cnf,SAT,107263.44,107249.04,14.41,979,775
/home/richard/project/SAT_benchmark/SATLIB/CBS_k3_n100_m423_b30/CBS_k3_n100_m423_b30_627.cnf,SAT,26120.94,26110.64,10.29,236,190
/home/richard/project/SAT_benchmark/SATLIB/CBS_k3_n100_m423_b30/CBS_k3_n100_m423_b30_974.cnf,SAT,56453.23,56442.77,10.46,510,404
/home/richard/project/SAT_benchmark/SATLIB/CBS_k3_n100_m423_b30/CBS_k3_n100_m423_b30_125.cnf,SAT,54273.52,54262.97,10.55,497,403
/home/richard/project/SAT_benchmark/SATLIB/CBS_k3_n100_m423_b30/CBS_k3_n100_m423_b30_899.cnf,SAT,39750.07,39739.53,10.54,352,292
/home/richard/project/SAT_benchmark/SATLIB/CBS_k3_n100_m423_b30/CBS_k3_n100_m423_b30_231.cnf,SAT,55396.89,55384.49,12.41,507,413
/home/richard/project/SAT_benchmark/SATLIB/CBS_k3_n100_m423_b30/CBS_k3_n100_m423_b30_180.cnf,SAT,25735.52,25725.41,10.11,239,206
/home/richard/project/SAT_benchmark/SATLIB/CBS_k3_n100_m423_b30/CBS_k3_n100_m423_b30_373.cnf,SAT,36183.85,36173.17,10.68,324,281
/home/richard/project/SAT_benchmark/SATLIB/CBS_k3_n100_m423_b30/CBS_k3_n100_m423_b30_893.cnf,SAT,52079.51,52068.72,10.79,473,403
/home/richard/project/SAT_benchmark/SATLIB/CBS_k3_n100_m423_b30/CBS_k3_n100_m423_b30_42.cnf,SAT,63168.06,63156.62,11.44,578,493
/home/richard/project/SAT_benchmark/SATLIB/CBS_k3_n100_m423_b30/CBS_k3_n100_m423_b30_773.cnf,SAT,29354.20,29344.09,10.11,260,207
/home/richard/project/SAT_benchmark/SATLIB/CBS_k3_n100_m423_b30/CBS_k3_n100_m423_b30_847.cnf,SAT,34398.95,34386.25,12.70,317,182
/home/richard/project/SAT_benchmark/SATLIB/CBS_k3_n100_m423_b30/CBS_k3_n100_m423_b30_710.cnf,SAT,46593.33,46582.19,11.14,422,368
/home/richard/project/SAT_benchmark/SATLIB/CBS_k3_n100_m423_b30/CBS_k3_n100_m423_b30_319.cnf,SAT,24672.83,24663.74,9.09,221,176
/home/richard/project/SAT_benchmark/SATLIB/CBS_k3_n100_m423_b30/CBS_k3_n100_m423_b30_968.cnf,SAT,56703.78,56692.36,11.41,515,438
/home/richard/project/SAT_benchmark/SATLIB/CBS_k3_n100_m423_b30/CBS_k3_n100_m423_b30_290.cnf,SAT,2431.94,2423.79,8.15,27,10
/home/richard/project/SAT_benchmark/SATLIB/CBS_k3_n100_m423_b30/CBS_k3_n100_m423_b30_188.cnf,SAT,56635.84,56624.53,11.31,512,431
/home/richard/project/SAT_benchmark/SATLIB/CBS_k3_n100_m423_b30/CBS_k3_n100_m423_b30_565.cnf,SAT,15842.83,15832.84,9.99,140,103
/home/richard/project/SAT_benchmark/SATLIB/CBS_k3_n100_m423_b30/CBS_k3_n100_m423_b30_837.cnf,SAT,70452.02,70441.58,10.44,639,518
/home/richard/project/SAT_benchmark/SATLIB/CBS_k3_n100_m423_b30/CBS_k3_n100_m423_b30_769.cnf,SAT,34388.02,34378.07,9.95,316,271
/home/richard/project/SAT_benchmark/SATLIB/CBS_k3_n100_m423_b30/CBS_k3_n100_m423_b30_463.cnf,SAT,45593.17,45583.27,9.91,417,338
/home/richard/project/SAT_benchmark/SATLIB/CBS_k3_n100_m423_b30/CBS_k3_n100_m423_b30_862.cnf,SAT,43799.17,43788.74,10.44,390,309
/home/richard/project/SAT_benchmark/SATLIB/CBS_k3_n100_m423_b30/CBS_k3_n100_m423_b30_464.cnf,SAT,34418.51,34408.51,10.00,316,285
/home/richard/project/SAT_benchmark/SATLIB/CBS_k3_n100_m423_b30/CBS_k3_n100_m423_b30_535.cnf,SAT,39973.30,39962.99,10.31,366,288
/home/richard/project/SAT_benchmark/SATLIB/CBS_k3_n100_m423_b30/CBS_k3_n100_m423_b30_314.cnf,SAT,58712.97,58698.95,14.02,533,449
/home/richard/project/SAT_benchmark/SATLIB/CBS_k3_n100_m423_b30/CBS_k3_n100_m423_b30_447.cnf,SAT,13602.90,13594.38,8.53,126,95
/home/richard/project/SAT_benchmark/SATLIB/CBS_k3_n100_m423_b30/CBS_k3_n100_m423_b30_81.cnf,SAT,15732.02,15721.70,10.32,141,105
/home/richard/project/SAT_benchmark/SATLIB/CBS_k3_n100_m423_b30/CBS_k3_n100_m423_b30_491.cnf,SAT,36965.33,36953.70,11.63,331,282
/home/richard/project/SAT_benchmark/SATLIB/CBS_k3_n100_m423_b30/CBS_k3_n100_m423_b30_248.cnf,SAT,27793.47,27779.21,14.26,252,183
/home/richard/project/SAT_benchmark/SATLIB/CBS_k3_n100_m423_b30/CBS_k3_n100_m423_b30_61.cnf,SAT,117205.43,117191.25,14.18,1062,838
/home/richard/project/SAT_benchmark/SATLIB/CBS_k3_n100_m423_b30/CBS_k3_n100_m423_b30_895.cnf,SAT,43448.52,43432.03,16.48,395,322
/home/richard/project/SAT_benchmark/SATLIB/CBS_k3_n100_m423_b30/CBS_k3_n100_m423_b30_160.cnf,SAT,40365.68,40355.09,10.59,361,288
/home/richard/project/SAT_benchmark/SATLIB/CBS_k3_n100_m423_b30/CBS_k3_n100_m423_b30_139.cnf,SAT,12776.73,12765.99,10.74,115,69
/home/richard/project/SAT_benchmark/SATLIB/CBS_k3_n100_m423_b30/CBS_k3_n100_m423_b30_900.cnf,SAT,59709.30,59699.21,10.09,546,401
/home/richard/project/SAT_benchmark/SATLIB/CBS_k3_n100_m423_b30/CBS_k3_n100_m423_b30_83.cnf,SAT,74577.46,74564.54,12.92,674,571
/home/richard/project/SAT_benchmark/SATLIB/CBS_k3_n100_m423_b30/CBS_k3_n100_m423_b30_856.cnf,SAT,15707.37,15698.70,8.67,144,116
/home/richard/project/SAT_benchmark/SATLIB/CBS_k3_n100_m423_b30/CBS_k3_n100_m423_b30_442.cnf,SAT,16190.74,16181.33,9.42,146,104
/home/richard/project/SAT_benchmark/SATLIB/CBS_k3_n100_m423_b30/CBS_k3_n100_m423_b30_134.cnf,SAT,95855.65,95842.79,12.86,874,587
/home/richard/project/SAT_benchmark/SATLIB/CBS_k3_n100_m423_b30/CBS_k3_n100_m423_b30_859.cnf,SAT,3765.41,3756.76,8.66,32,15
/home/richard/project/SAT_benchmark/SATLIB/CBS_k3_n100_m423_b30/CBS_k3_n100_m423_b30_733.cnf,SAT,27804.97,27795.03,9.94,256,211
/home/richard/project/SAT_benchmark/SATLIB/CBS_k3_n100_m423_b30/CBS_k3_n100_m423_b30_518.cnf,SAT,51397.83,51385.62,12.21,464,377
/home/richard/project/SAT_benchmark/SATLIB/CBS_k3_n100_m423_b30/CBS_k3_n100_m423_b30_460.cnf,SAT,23203.15,23192.50,10.65,201,161
/home/richard/project/SAT_benchmark/SATLIB/CBS_k3_n100_m423_b30/CBS_k3_n100_m423_b30_293.cnf,SAT,3539.88,3529.86,10.03,37,14
/home/richard/project/SAT_benchmark/SATLIB/CBS_k3_n100_m423_b30/CBS_k3_n100_m423_b30_919.cnf,SAT,68576.66,68563.02,13.65,625,515
/home/richard/project/SAT_benchmark/SATLIB/CBS_k3_n100_m423_b30/CBS_k3_n100_m423_b30_228.cnf,SAT,2499.67,2491.73,7.94,23,6
/home/richard/project/SAT_benchmark/SATLIB/CBS_k3_n100_m423_b30/CBS_k3_n100_m423_b30_685.cnf,SAT,112219.60,112205.43,14.16,1028,833
/home/richard/project/SAT_benchmark/SATLIB/CBS_k3_n100_m423_b30/CBS_k3_n100_m423_b30_342.cnf,SAT,67403.27,67392.31,10.96,605,460
/home/richard/project/SAT_benchmark/SATLIB/CBS_k3_n100_m423_b30/CBS_k3_n100_m423_b30_776.cnf,SAT,19127.18,19112.48,14.70,176,118
/home/richard/project/SAT_benchmark/SATLIB/CBS_k3_n100_m423_b30/CBS_k3_n100_m423_b30_10.cnf,SAT,32459.05,32449.65,9.39,299,216
/home/richard/project/SAT_benchmark/SATLIB/CBS_k3_n100_m423_b30/CBS_k3_n100_m423_b30_567.cnf,SAT,24650.67,24641.19,9.48,229,171
/home/richard/project/SAT_benchmark/SATLIB/CBS_k3_n100_m423_b30/CBS_k3_n100_m423_b30_938.cnf,SAT,39538.23,39527.71,10.53,352,299
/home/richard/project/SAT_benchmark/SATLIB/CBS_k3_n100_m423_b30/CBS_k3_n100_m423_b30_560.cnf,SAT,8045.52,8035.16,10.35,76,44
/home/richard/project/SAT_benchmark/SATLIB/CBS_k3_n100_m423_b30/CBS_k3_n100_m423_b30_44.cnf,SAT,27843.02,27827.30,15.71,251,134
/home/richard/project/SAT_benchmark/SATLIB/CBS_k3_n100_m423_b30/CBS_k3_n100_m423_b30_881.cnf,SAT,64560.85,64548.95,11.90,587,483
/home/richard/project/SAT_benchmark/SATLIB/CBS_k3_n100_m423_b30/CBS_k3_n100_m423_b30_860.cnf,SAT,39537.64,39525.59,12.05,351,279
/home/richard/project/SAT_benchmark/SATLIB/CBS_k3_n100_m423_b30/CBS_k3_n100_m423_b30_351.cnf,SAT,9126.37,9118.23,8.14,87,60
/home/richard/project/SAT_benchmark/SATLIB/CBS_k3_n100_m423_b30/CBS_k3_n100_m423_b30_346.cnf,SAT,72020.98,72008.78,12.20,655,518
/home/richard/project/SAT_benchmark/SATLIB/CBS_k3_n100_m423_b30/CBS_k3_n100_m423_b30_309.cnf,SAT,41595.35,41584.98,10.37,375,318
/home/richard/project/SAT_benchmark/SATLIB/CBS_k3_n100_m423_b30/CBS_k3_n100_m423_b30_513.cnf,SAT,48697.35,48685.93,11.42,441,371
/home/richard/project/SAT_benchmark/SATLIB/CBS_k3_n100_m423_b30/CBS_k3_n100_m423_b30_312.cnf,SAT,16945.76,16936.91,8.85,151,107
/home/richard/project/SAT_benchmark/SATLIB/CBS_k3_n100_m423_b30/CBS_k3_n100_m423_b30_410.cnf,SAT,70266.08,70255.21,10.87,637,539
/home/richard/project/SAT_benchmark/SATLIB/CBS_k3_n100_m423_b30/CBS_k3_n100_m423_b30_898.cnf,SAT,28195.55,28184.83,10.72,251,199
/home/richard/project/SAT_benchmark/SATLIB/CBS_k3_n100_m423_b30/CBS_k3_n100_m423_b30_673.cnf,SAT,98360.57,98346.31,14.26,896,744
/home/richard/project/SAT_benchmark/SATLIB/CBS_k3_n100_m423_b30/CBS_k3_n100_m423_b30_349.cnf,SAT,14603.05,14593.32,9.72,131,99
/home/richard/project/SAT_benchmark/SATLIB/CBS_k3_n100_m423_b30/CBS_k3_n100_m423_b30_804.cnf,SAT,118895.96,118882.31,13.65,1077,785
/home/richard/project/SAT_benchmark/SATLIB/CBS_k3_n100_m423_b30/CBS_k3_n100_m423_b30_21.cnf,SAT,17976.01,17967.53,8.47,162,122
/home/richard/project/SAT_benchmark/SATLIB/CBS_k3_n100_m423_b30/CBS_k3_n100_m423_b30_255.cnf,SAT,35080.60,35070.43,10.17,310,271
/home/richard/project/SAT_benchmark/SATLIB/CBS_k3_n100_m423_b30/CBS_k3_n100_m423_b30_199.cnf,SAT,45546.60,45535.07,11.52,418,353
/home/richard/project/SAT_benchmark/SATLIB/CBS_k3_n100_m423_b30/CBS_k3_n100_m423_b30_849.cnf,SAT,92189.29,92176.00,13.29,839,707
/home/richard/project/SAT_benchmark/SATLIB/CBS_k3_n100_m423_b30/CBS_k3_n100_m423_b30_325.cnf,SAT,96746.92,96732.82,14.10,872,590
/home/richard/project/SAT_benchmark/SATLIB/CBS_k3_n100_m423_b30/CBS_k3_n100_m423_b30_806.cnf,SAT,16090.32,16080.52,9.80,145,114
/home/richard/project/SAT_benchmark/SATLIB/CBS_k3_n100_m423_b30/CBS_k3_n100_m423_b30_470.cnf,SAT,28908.63,28899.03,9.60,264,221
/home/richard/project/SAT_benchmark/SATLIB/CBS_k3_n100_m423_b30/CBS_k3_n100_m423_b30_792.cnf,SAT,109541.24,109527.91,13.33,993,645
/home/richard/project/SAT_benchmark/SATLIB/CBS_k3_n100_m423_b30/CBS_k3_n100_m423_b30_17.cnf,SAT,52636.66,52624.93,11.73,477,407
/home/richard/project/SAT_benchmark/SATLIB/CBS_k3_n100_m423_b30/CBS_k3_n100_m423_b30_681.cnf,SAT,4650.85,4642.28,8.57,41,18
/home/richard/project/SAT_benchmark/SATLIB/CBS_k3_n100_m423_b30/CBS_k3_n100_m423_b30_615.cnf,SAT,32410.56,32399.02,11.53,291,236
/home/richard/project/SAT_benchmark/SATLIB/CBS_k3_n100_m423_b30/CBS_k3_n100_m423_b30_827.cnf,SAT,42215.10,42203.58,11.53,388,309
/home/richard/project/SAT_benchmark/SATLIB/CBS_k3_n100_m423_b30/CBS_k3_n100_m423_b30_889.cnf,SAT,56727.34,56715.92,11.42,514,447
/home/richard/project/SAT_benchmark/SATLIB/CBS_k3_n100_m423_b30/CBS_k3_n100_m423_b30_609.cnf,SAT,16895.33,16884.50,10.84,159,124
/home/richard/project/SAT_benchmark/SATLIB/CBS_k3_n100_m423_b30/CBS_k3_n100_m423_b30_945.cnf,SAT,36615.16,36604.13,11.03,333,271
/home/richard/project/SAT_benchmark/SATLIB/CBS_k3_n100_m423_b30/CBS_k3_n100_m423_b30_735.cnf,SAT,34469.79,34460.22,9.57,318,238
/home/richard/project/SAT_benchmark/SATLIB/CBS_k3_n100_m423_b30/CBS_k3_n100_m423_b30_60.cnf,SAT,65959.24,65948.35,10.89,595,444
/home/richard/project/SAT_benchmark/SATLIB/CBS_k3_n100_m423_b30/CBS_k3_n100_m423_b30_16.cnf,SAT,86504.60,86493.29,11.31,789,481
/home/richard/project/SAT_benchmark/SATLIB/CBS_k3_n100_m423_b30/CBS_k3_n100_m423_b30_69.cnf,SAT,87461.61,87448.76,12.85,796,589
/home/richard/project/SAT_benchmark/SATLIB/CBS_k3_n100_m423_b30/CBS_k3_n100_m423_b30_642.cnf,SAT,32395.68,32384.53,11.15,296,242
/home/richard/project/SAT_benchmark/SATLIB/CBS_k3_n100_m423_b30/CBS_k3_n100_m423_b30_865.cnf,SAT,13692.60,13680.29,12.32,124,87
/home/richard/project/SAT_benchmark/SATLIB/CBS_k3_n100_m423_b30/CBS_k3_n100_m423_b30_519.cnf,SAT,11633.86,11624.07,9.79,100,74
/home/richard/project/SAT_benchmark/SATLIB/CBS_k3_n100_m423_b30/CBS_k3_n100_m423_b30_45.cnf,SAT,26743.35,26733.62,9.73,245,183
/home/richard/project/SAT_benchmark/SATLIB/CBS_k3_n100_m423_b30/CBS_k3_n100_m423_b30_927.cnf,SAT,6860.97,6850.64,10.32,64,51
/home/richard/project/SAT_benchmark/SATLIB/CBS_k3_n100_m423_b30/CBS_k3_n100_m423_b30_216.cnf,SAT,12405.52,12396.84,8.69,113,80
/home/richard/project/SAT_benchmark/SATLIB/CBS_k3_n100_m423_b30/CBS_k3_n100_m423_b30_274.cnf,SAT,13547.07,13535.97,11.10,126,94
/home/richard/project/SAT_benchmark/SATLIB/CBS_k3_n100_m423_b30/CBS_k3_n100_m423_b30_538.cnf,SAT,39477.04,39467.56,9.48,358,235
/home/richard/project/SAT_benchmark/SATLIB/CBS_k3_n100_m423_b30/CBS_k3_n100_m423_b30_801.cnf,SAT,50310.57,50297.62,12.95,451,367
/home/richard/project/SAT_benchmark/SATLIB/CBS_k3_n100_m423_b30/CBS_k3_n100_m423_b30_807.cnf,SAT,35633.01,35622.35,10.66,322,237
/home/richard/project/SAT_benchmark/SATLIB/CBS_k3_n100_m423_b30/CBS_k3_n100_m423_b30_149.cnf,SAT,14624.23,14614.24,9.99,133,107
/home/richard/project/SAT_benchmark/SATLIB/CBS_k3_n100_m423_b30/CBS_k3_n100_m423_b30_317.cnf,SAT,143073.53,143059.52,14.01,1299,795
/home/richard/project/SAT_benchmark/SATLIB/CBS_k3_n100_m423_b30/CBS_k3_n100_m423_b30_237.cnf,SAT,69625.50,69612.49,13.00,631,421
/home/richard/project/SAT_benchmark/SATLIB/CBS_k3_n100_m423_b30/CBS_k3_n100_m423_b30_424.cnf,SAT,42021.49,42010.23,11.26,389,344
/home/richard/project/SAT_benchmark/SATLIB/CBS_k3_n100_m423_b30/CBS_k3_n100_m423_b30_166.cnf,SAT,41398.04,41385.85,12.19,370,327
/home/richard/project/SAT_benchmark/SATLIB/CBS_k3_n100_m423_b30/CBS_k3_n100_m423_b30_422.cnf,SAT,9146.30,9137.25,9.05,86,54
/home/richard/project/SAT_benchmark/SATLIB/CBS_k3_n100_m423_b30/CBS_k3_n100_m423_b30_520.cnf,SAT,29186.12,29174.39,11.74,269,213
/home/richard/project/SAT_benchmark/SATLIB/CBS_k3_n100_m423_b30/CBS_k3_n100_m423_b30_483.cnf,SAT,24681.45,24672.12,9.34,227,172
/home/richard/project/SAT_benchmark/SATLIB/CBS_k3_n100_m423_b30/CBS_k3_n100_m423_b30_109.cnf,SAT,25656.63,25646.11,10.51,230,181
/home/richard/project/SAT_benchmark/SATLIB/CBS_k3_n100_m423_b30/CBS_k3_n100_m423_b30_201.cnf,SAT,38652.57,38642.92,9.65,345,233
/home/richard/project/SAT_benchmark/SATLIB/CBS_k3_n100_m423_b30/CBS_k3_n100_m423_b30_382.cnf,SAT,13539.31,13530.88,8.43,121,88
/home/richard/project/SAT_benchmark/SATLIB/CBS_k3_n100_m423_b30/CBS_k3_n100_m423_b30_466.cnf,SAT,9251.23,9242.24,8.99,84,66
/home/richard/project/SAT_benchmark/SATLIB/CBS_k3_n100_m423_b30/CBS_k3_n100_m423_b30_495.cnf,SAT,27088.41,27079.28,9.13,241,180
/home/richard/project/SAT_benchmark/SATLIB/CBS_k3_n100_m423_b30/CBS_k3_n100_m423_b30_111.cnf,SAT,25738.03,25727.12,10.91,234,200
/home/richard/project/SAT_benchmark/SATLIB/CBS_k3_n100_m423_b30/CBS_k3_n100_m423_b30_911.cnf,SAT,6999.89,6990.77,9.12,68,38
/home/richard/project/SAT_benchmark/SATLIB/CBS_k3_n100_m423_b30/CBS_k3_n100_m423_b30_907.cnf,SAT,42155.17,42142.74,12.43,383,304
/home/richard/project/SAT_benchmark/SATLIB/CBS_k3_n100_m423_b30/CBS_k3_n100_m423_b30_99.cnf,SAT,150625.23,150611.12,14.12,1365,743
/home/richard/project/SAT_benchmark/SATLIB/CBS_k3_n100_m423_b30/CBS_k3_n100_m423_b30_144.cnf,SAT,70856.18,70844.58,11.60,648,535
/home/richard/project/SAT_benchmark/SATLIB/CBS_k3_n100_m423_b30/CBS_k3_n100_m423_b30_102.cnf,SAT,58921.62,58910.93,10.69,537,444
/home/richard/project/SAT_benchmark/SATLIB/CBS_k3_n100_m423_b30/CBS_k3_n100_m423_b30_700.cnf,SAT,11362.94,11353.01,9.94,104,72
/home/richard/project/SAT_benchmark/SATLIB/CBS_k3_n100_m423_b30/CBS_k3_n100_m423_b30_455.cnf,SAT,108461.30,108448.28,13.03,982,809
/home/richard/project/SAT_benchmark/SATLIB/CBS_k3_n100_m423_b30/CBS_k3_n100_m423_b30_36.cnf,SAT,45378.84,45368.53,10.31,413,325
/home/richard/project/SAT_benchmark/SATLIB/CBS_k3_n100_m423_b30/CBS_k3_n100_m423_b30_667.cnf,SAT,55925.60,55914.38,11.22,500,435
/home/richard/project/SAT_benchmark/SATLIB/CBS_k3_n100_m423_b30/CBS_k3_n100_m423_b30_126.cnf,SAT,57623.08,57610.88,12.21,523,419
/home/richard/project/SAT_benchmark/SATLIB/CBS_k3_n100_m423_b30/CBS_k3_n100_m423_b30_785.cnf,SAT,14815.69,14806.11,9.58,134,96
/home/richard/project/SAT_benchmark/SATLIB/CBS_k3_n100_m423_b30/CBS_k3_n100_m423_b30_557.cnf,SAT,52648.88,52639.60,9.27,474,326
/home/richard/project/SAT_benchmark/SATLIB/CBS_k3_n100_m423_b30/CBS_k3_n100_m423_b30_444.cnf,SAT,2857.18,2848.85,8.32,27,2
/home/richard/project/SAT_benchmark/SATLIB/CBS_k3_n100_m423_b30/CBS_k3_n100_m423_b30_299.cnf,SAT,5812.40,5803.18,9.21,52,22
/home/richard/project/SAT_benchmark/SATLIB/CBS_k3_n100_m423_b30/CBS_k3_n100_m423_b30_721.cnf,SAT,56525.78,56515.81,9.97,519,355
/home/richard/project/SAT_benchmark/SATLIB/CBS_k3_n100_m423_b30/CBS_k3_n100_m423_b30_203.cnf,SAT,19131.24,19122.13,9.10,176,142
/home/richard/project/SAT_benchmark/SATLIB/CBS_k3_n100_m423_b30/CBS_k3_n100_m423_b30_167.cnf,SAT,17948.91,17934.71,14.20,161,127
/home/richard/project/SAT_benchmark/SATLIB/CBS_k3_n100_m423_b30/CBS_k3_n100_m423_b30_82.cnf,SAT,9.21,0.00,9.21,0,0
/home/richard/project/SAT_benchmark/SATLIB/CBS_k3_n100_m423_b30/CBS_k3_n100_m423_b30_3.cnf,SAT,27343.69,27334.15,9.54,243,197
/home/richard/project/SAT_benchmark/SATLIB/CBS_k3_n100_m423_b30/CBS_k3_n100_m423_b30_365.cnf,SAT,34816.31,34806.88,9.43,313,253
/home/richard/project/SAT_benchmark/SATLIB/CBS_k3_n100_m423_b30/CBS_k3_n100_m423_b30_198.cnf,SAT,23238.33,23229.06,9.26,205,166
/home/richard/project/SAT_benchmark/SATLIB/CBS_k3_n100_m423_b30/CBS_k3_n100_m423_b30_394.cnf,SAT,2447.03,2436.77,10.26,28,3
/home/richard/project/SAT_benchmark/SATLIB/CBS_k3_n100_m423_b30/CBS_k3_n100_m423_b30_928.cnf,SAT,24526.83,24518.15,8.68,222,173
/home/richard/project/SAT_benchmark/SATLIB/CBS_k3_n100_m423_b30/CBS_k3_n100_m423_b30_956.cnf,SAT,52379.93,52368.76,11.17,470,384
/home/richard/project/SAT_benchmark/SATLIB/CBS_k3_n100_m423_b30/CBS_k3_n100_m423_b30_746.cnf,SAT,33296.00,33284.61,11.39,306,248
/home/richard/project/SAT_benchmark/SATLIB/CBS_k3_n100_m423_b30/CBS_k3_n100_m423_b30_587.cnf,SAT,13505.05,13494.56,10.49,122,85
/home/richard/project/SAT_benchmark/SATLIB/CBS_k3_n100_m423_b30/CBS_k3_n100_m423_b30_106.cnf,SAT,63119.60,63108.46,11.14,570,454
/home/richard/project/SAT_benchmark/SATLIB/CBS_k3_n100_m423_b30/CBS_k3_n100_m423_b30_870.cnf,SAT,13489.03,13477.02,12.01,126,90
/home/richard/project/SAT_benchmark/SATLIB/CBS_k3_n100_m423_b30/CBS_k3_n100_m423_b30_604.cnf,SAT,23465.91,23454.72,11.20,216,182
/home/richard/project/SAT_benchmark/SATLIB/CBS_k3_n100_m423_b30/CBS_k3_n100_m423_b30_433.cnf,SAT,6811.11,6800.17,10.94,67,36
/home/richard/project/SAT_benchmark/SATLIB/CBS_k3_n100_m423_b30/CBS_k3_n100_m423_b30_706.cnf,SAT,20581.66,20571.84,9.83,182,138
/home/richard/project/SAT_benchmark/SATLIB/CBS_k3_n100_m423_b30/CBS_k3_n100_m423_b30_621.cnf,SAT,32191.60,32179.82,11.79,291,246
/home/richard/project/SAT_benchmark/SATLIB/CBS_k3_n100_m423_b30/CBS_k3_n100_m423_b30_867.cnf,SAT,21206.30,21194.24,12.07,199,172
/home/richard/project/SAT_benchmark/SATLIB/CBS_k3_n100_m423_b30/CBS_k3_n100_m423_b30_225.cnf,SAT,24530.58,24521.89,8.69,229,191
/home/richard/project/SAT_benchmark/SATLIB/CBS_k3_n100_m423_b30/CBS_k3_n100_m423_b30_922.cnf,SAT,17953.25,17941.93,11.32,167,119
/home/richard/project/SAT_benchmark/SATLIB/CBS_k3_n100_m423_b30/CBS_k3_n100_m423_b30_831.cnf,SAT,84158.23,84147.44,10.79,765,316
/home/richard/project/SAT_benchmark/SATLIB/CBS_k3_n100_m423_b30/CBS_k3_n100_m423_b30_962.cnf,SAT,3521.43,3513.47,7.97,30,8
/home/richard/project/SAT_benchmark/SATLIB/CBS_k3_n100_m423_b30/CBS_k3_n100_m423_b30_954.cnf,SAT,6236.56,6227.29,9.27,56,27
/home/richard/project/SAT_benchmark/SATLIB/CBS_k3_n100_m423_b30/CBS_k3_n100_m423_b30_391.cnf,SAT,100495.71,100483.74,11.97,910,576
/home/richard/project/SAT_benchmark/SATLIB/CBS_k3_n100_m423_b30/CBS_k3_n100_m423_b30_811.cnf,SAT,31104.75,31095.06,9.68,286,212
/home/richard/project/SAT_benchmark/SATLIB/CBS_k3_n100_m423_b30/CBS_k3_n100_m423_b30_848.cnf,SAT,28802.80,28793.23,9.57,268,211
/home/richard/project/SAT_benchmark/SATLIB/CBS_k3_n100_m423_b30/CBS_k3_n100_m423_b30_387.cnf,SAT,32373.45,32362.97,10.48,292,242
/home/richard/project/SAT_benchmark/SATLIB/CBS_k3_n100_m423_b30/CBS_k3_n100_m423_b30_821.cnf,SAT,45019.89,45010.04,9.85,402,343
/home/richard/project/SAT_benchmark/SATLIB/CBS_k3_n100_m423_b30/CBS_k3_n100_m423_b30_851.cnf,SAT,45479.86,45468.43,11.42,411,327
/home/richard/project/SAT_benchmark/SATLIB/CBS_k3_n100_m423_b30/CBS_k3_n100_m423_b30_820.cnf,SAT,37682.11,37672.09,10.02,342,268
/home/richard/project/SAT_benchmark/SATLIB/CBS_k3_n100_m423_b30/CBS_k3_n100_m423_b30_136.cnf,SAT,35403.02,35393.10,9.92,322,246
/home/richard/project/SAT_benchmark/SATLIB/CBS_k3_n100_m423_b30/CBS_k3_n100_m423_b30_308.cnf,SAT,42156.28,42145.81,10.47,386,318
/home/richard/project/SAT_benchmark/SATLIB/CBS_k3_n100_m423_b30/CBS_k3_n100_m423_b30_457.cnf,SAT,24440.16,24430.24,9.92,226,186
/home/richard/project/SAT_benchmark/SATLIB/CBS_k3_n100_m423_b30/CBS_k3_n100_m423_b30_294.cnf,SAT,10139.14,10130.96,8.18,94,63
/home/richard/project/SAT_benchmark/SATLIB/CBS_k3_n100_m423_b30/CBS_k3_n100_m423_b30_138.cnf,SAT,23743.22,23733.67,9.55,210,167
/home/richard/project/SAT_benchmark/SATLIB/CBS_k3_n100_m423_b30/CBS_k3_n100_m423_b30_37.cnf,SAT,25716.52,25707.14,9.38,236,192
/home/richard/project/SAT_benchmark/SATLIB/CBS_k3_n100_m423_b30/CBS_k3_n100_m423_b30_857.cnf,SAT,2412.45,2403.75,8.71,26,4
/home/richard/project/SAT_benchmark/SATLIB/CBS_k3_n100_m423_b30/CBS_k3_n100_m423_b30_51.cnf,SAT,45518.08,45508.00,10.07,416,339
/home/richard/project/SAT_benchmark/SATLIB/CBS_k3_n100_m423_b30/CBS_k3_n100_m423_b30_328.cnf,SAT,65107.06,65096.49,10.57,595,505
/home/richard/project/SAT_benchmark/SATLIB/CBS_k3_n100_m423_b30/CBS_k3_n100_m423_b30_971.cnf,SAT,76183.04,76170.18,12.86,696,564
/home/richard/project/SAT_benchmark/SATLIB/CBS_k3_n100_m423_b30/CBS_k3_n100_m423_b30_980.cnf,SAT,62010.25,61998.96,11.29,569,494
/home/richard/project/SAT_benchmark/SATLIB/CBS_k3_n100_m423_b30/CBS_k3_n100_m423_b30_678.cnf,SAT,21263.24,21249.54,13.70,193,150
/home/richard/project/SAT_benchmark/SATLIB/CBS_k3_n100_m423_b30/CBS_k3_n100_m423_b30_250.cnf,SAT,46546.84,46536.72,10.12,424,355
/home/richard/project/SAT_benchmark/SATLIB/CBS_k3_n100_m423_b30/CBS_k3_n100_m423_b30_209.cnf,SAT,10149.66,10140.64,9.02,95,66
/home/richard/project/SAT_benchmark/SATLIB/CBS_k3_n100_m423_b30/CBS_k3_n100_m423_b30_802.cnf,SAT,26103.50,26093.36,10.14,232,198
/home/richard/project/SAT_benchmark/SATLIB/CBS_k3_n100_m423_b30/CBS_k3_n100_m423_b30_6.cnf,SAT,44498.60,44487.35,11.25,405,368
/home/richard/project/SAT_benchmark/SATLIB/CBS_k3_n100_m423_b30/CBS_k3_n100_m423_b30_948.cnf,SAT,5792.84,5784.17,8.67,59,32
/home/richard/project/SAT_benchmark/SATLIB/CBS_k3_n100_m423_b30/CBS_k3_n100_m423_b30_132.cnf,SAT,22523.32,22511.67,11.66,207,152
/home/richard/project/SAT_benchmark/SATLIB/CBS_k3_n100_m423_b30/CBS_k3_n100_m423_b30_924.cnf,SAT,25646.12,25635.94,10.18,237,184
/home/richard/project/SAT_benchmark/SATLIB/CBS_k3_n100_m423_b30/CBS_k3_n100_m423_b30_110.cnf,SAT,7918.03,7907.06,10.97,77,52
/home/richard/project/SAT_benchmark/SATLIB/CBS_k3_n100_m423_b30/CBS_k3_n100_m423_b30_536.cnf,SAT,32208.35,32197.95,10.39,298,259
/home/richard/project/SAT_benchmark/SATLIB/CBS_k3_n100_m423_b30/CBS_k3_n100_m423_b30_196.cnf,SAT,23498.38,23487.20,11.18,217,142
/home/richard/project/SAT_benchmark/SATLIB/CBS_k3_n100_m423_b30/CBS_k3_n100_m423_b30_871.cnf,SAT,36933.06,36922.65,10.41,337,283
/home/richard/project/SAT_benchmark/SATLIB/CBS_k3_n100_m423_b30/CBS_k3_n100_m423_b30_311.cnf,SAT,49916.92,49902.03,14.89,452,378
/home/richard/project/SAT_benchmark/SATLIB/CBS_k3_n100_m423_b30/CBS_k3_n100_m423_b30_611.cnf,SAT,23396.33,23382.13,14.21,217,184
/home/richard/project/SAT_benchmark/SATLIB/CBS_k3_n100_m423_b30/CBS_k3_n100_m423_b30_988.cnf,SAT,35660.82,35650.90,9.92,320,260
/home/richard/project/SAT_benchmark/SATLIB/CBS_k3_n100_m423_b30/CBS_k3_n100_m423_b30_211.cnf,SAT,26778.53,26766.98,11.55,244,182
/home/richard/project/SAT_benchmark/SATLIB/CBS_k3_n100_m423_b30/CBS_k3_n100_m423_b30_350.cnf,SAT,11244.81,11235.96,8.85,107,67
/home/richard/project/SAT_benchmark/SATLIB/CBS_k3_n100_m423_b30/CBS_k3_n100_m423_b30_30.cnf,SAT,22289.34,22273.57,15.77,204,152
/home/richard/project/SAT_benchmark/SATLIB/CBS_k3_n100_m423_b30/CBS_k3_n100_m423_b30_940.cnf,SAT,36751.26,36740.56,10.69,339,287
/home/richard/project/SAT_benchmark/SATLIB/CBS_k3_n100_m423_b30/CBS_k3_n100_m423_b30_588.cnf,SAT,23428.66,23417.88,10.78,217,157
/home/richard/project/SAT_benchmark/SATLIB/CBS_k3_n100_m423_b30/CBS_k3_n100_m423_b30_631.cnf,SAT,98189.62,98176.53,13.08,898,662
/home/richard/project/SAT_benchmark/SATLIB/CBS_k3_n100_m423_b30/CBS_k3_n100_m423_b30_643.cnf,SAT,16204.60,16194.56,10.05,147,115
/home/richard/project/SAT_benchmark/SATLIB/CBS_k3_n100_m423_b30/CBS_k3_n100_m423_b30_86.cnf,SAT,38920.85,38911.13,9.72,354,268
/home/richard/project/SAT_benchmark/SATLIB/CBS_k3_n100_m423_b30/CBS_k3_n100_m423_b30_49.cnf,SAT,11246.57,11233.84,12.73,108,80
/home/richard/project/SAT_benchmark/SATLIB/CBS_k3_n100_m423_b30/CBS_k3_n100_m423_b30_158.cnf,SAT,19036.16,19026.56,9.59,179,119
/home/richard/project/SAT_benchmark/SATLIB/CBS_k3_n100_m423_b30/CBS_k3_n100_m423_b30_549.cnf,SAT,47681.28,47670.52,10.77,430,354
/home/richard/project/SAT_benchmark/SATLIB/CBS_k3_n100_m423_b30/CBS_k3_n100_m423_b30_966.cnf,SAT,13454.69,13446.29,8.40,121,77
/home/richard/project/SAT_benchmark/SATLIB/CBS_k3_n100_m423_b30/CBS_k3_n100_m423_b30_967.cnf,SAT,76233.80,76222.38,11.42,696,530
/home/richard/project/SAT_benchmark/SATLIB/CBS_k3_n100_m423_b30/CBS_k3_n100_m423_b30_799.cnf,SAT,83367.74,83355.00,12.74,754,654
/home/richard/project/SAT_benchmark/SATLIB/CBS_k3_n100_m423_b30/CBS_k3_n100_m423_b30_861.cnf,SAT,28989.81,28979.76,10.05,269,212
/home/richard/project/SAT_benchmark/SATLIB/CBS_k3_n100_m423_b30/CBS_k3_n100_m423_b30_686.cnf,SAT,19036.31,19024.33,11.97,170,132
/home/richard/project/SAT_benchmark/SATLIB/CBS_k3_n100_m423_b30/CBS_k3_n100_m423_b30_929.cnf,SAT,47635.93,47625.54,10.39,434,351
/home/richard/project/SAT_benchmark/SATLIB/CBS_k3_n100_m423_b30/CBS_k3_n100_m423_b30_302.cnf,SAT,31169.84,31158.79,11.05,286,207
/home/richard/project/SAT_benchmark/SATLIB/CBS_k3_n100_m423_b30/CBS_k3_n100_m423_b30_441.cnf,SAT,25820.20,25811.05,9.14,232,201
/home/richard/project/SAT_benchmark/SATLIB/CBS_k3_n100_m423_b30/CBS_k3_n100_m423_b30_232.cnf,SAT,37683.39,37674.11,9.28,345,275
/home/richard/project/SAT_benchmark/SATLIB/CBS_k3_n100_m423_b30/CBS_k3_n100_m423_b30_380.cnf,SAT,79771.33,79758.95,12.38,726,615
/home/richard/project/SAT_benchmark/SATLIB/CBS_k3_n100_m423_b30/CBS_k3_n100_m423_b30_524.cnf,SAT,51133.26,51121.69,11.58,467,403
/home/richard/project/SAT_benchmark/SATLIB/CBS_k3_n100_m423_b30/CBS_k3_n100_m423_b30_202.cnf,SAT,53227.55,53216.56,10.99,480,373
/home/richard/project/SAT_benchmark/SATLIB/CBS_k3_n100_m423_b30/CBS_k3_n100_m423_b30_28.cnf,SAT,24739.23,24727.91,11.32,223,182
/home/richard/project/SAT_benchmark/SATLIB/CBS_k3_n100_m423_b30/CBS_k3_n100_m423_b30_514.cnf,SAT,39997.97,39987.17,10.80,366,306
/home/richard/project/SAT_benchmark/SATLIB/CBS_k3_n100_m423_b30/CBS_k3_n100_m423_b30_625.cnf,SAT,68608.22,68596.90,11.32,624,392
/home/richard/project/SAT_benchmark/SATLIB/CBS_k3_n100_m423_b30/CBS_k3_n100_m423_b30_507.cnf,SAT,34564.69,34555.09,9.60,319,279
/home/richard/project/SAT_benchmark/SATLIB/CBS_k3_n100_m423_b30/CBS_k3_n100_m423_b30_434.cnf,SAT,62048.05,62035.46,12.59,560,472
/home/richard/project/SAT_benchmark/SATLIB/CBS_k3_n100_m423_b30/CBS_k3_n100_m423_b30_462.cnf,SAT,46502.43,46489.60,12.83,426,341
/home/richard/project/SAT_benchmark/SATLIB/CBS_k3_n100_m423_b30/CBS_k3_n100_m423_b30_296.cnf,SAT,4603.10,4595.31,7.79,42,21
/home/richard/project/SAT_benchmark/SATLIB/CBS_k3_n100_m423_b30/CBS_k3_n100_m423_b30_969.cnf,SAT,55520.06,55507.67,12.40,508,425
/home/richard/project/SAT_benchmark/SATLIB/CBS_k3_n100_m423_b30/CBS_k3_n100_m423_b30_218.cnf,SAT,103767.09,103753.98,13.11,946,821
/home/richard/project/SAT_benchmark/SATLIB/CBS_k3_n100_m423_b30/CBS_k3_n100_m423_b30_719.cnf,SAT,20071.12,20062.00,9.11,188,154
/home/richard/project/SAT_benchmark/SATLIB/CBS_k3_n100_m423_b30/CBS_k3_n100_m423_b30_517.cnf,SAT,113468.13,113454.57,13.56,1039,849
/home/richard/project/SAT_benchmark/SATLIB/CBS_k3_n100_m423_b30/CBS_k3_n100_m423_b30_562.cnf,SAT,99290.20,99276.83,13.37,903,684
/home/richard/project/SAT_benchmark/SATLIB/CBS_k3_n100_m423_b30/CBS_k3_n100_m423_b30_826.cnf,SAT,13449.35,13440.08,9.28,128,100
/home/richard/project/SAT_benchmark/SATLIB/CBS_k3_n100_m423_b30/CBS_k3_n100_m423_b30_992.cnf,SAT,3757.53,3748.52,9.00,33,20
/home/richard/project/SAT_benchmark/SATLIB/CBS_k3_n100_m423_b30/CBS_k3_n100_m423_b30_812.cnf,SAT,28992.73,28983.52,9.20,269,220
/home/richard/project/SAT_benchmark/SATLIB/CBS_k3_n100_m423_b30/CBS_k3_n100_m423_b30_503.cnf,SAT,24894.11,24879.90,14.21,222,163
/home/richard/project/SAT_benchmark/SATLIB/CBS_k3_n100_m423_b30/CBS_k3_n100_m423_b30_452.cnf,SAT,15715.55,15705.20,10.35,142,105
/home/richard/project/SAT_benchmark/SATLIB/CBS_k3_n100_m423_b30/CBS_k3_n100_m423_b30_937.cnf,SAT,49876.24,49865.73,10.51,454,387
/home/richard/project/SAT_benchmark/SATLIB/CBS_k3_n100_m423_b30/CBS_k3_n100_m423_b30_913.cnf,SAT,5726.90,5717.94,8.97,56,27
/home/richard/project/SAT_benchmark/SATLIB/CBS_k3_n100_m423_b30/CBS_k3_n100_m423_b30_210.cnf,SAT,43342.45,43331.55,10.90,398,315
/home/richard/project/SAT_benchmark/SATLIB/CBS_k3_n100_m423_b30/CBS_k3_n100_m423_b30_157.cnf,SAT,37637.52,37627.45,10.07,348,299
/home/richard/project/SAT_benchmark/SATLIB/CBS_k3_n100_m423_b30/CBS_k3_n100_m423_b30_917.cnf,SAT,52033.42,52021.93,11.50,470,379
/home/richard/project/SAT_benchmark/SATLIB/CBS_k3_n100_m423_b30/CBS_k3_n100_m423_b30_537.cnf,SAT,26728.68,26717.50,11.18,241,179
/home/richard/project/SAT_benchmark/SATLIB/CBS_k3_n100_m423_b30/CBS_k3_n100_m423_b30_547.cnf,SAT,23666.42,23656.51,9.91,212,164
/home/richard/project/SAT_benchmark/SATLIB/CBS_k3_n100_m423_b30/CBS_k3_n100_m423_b30_208.cnf,SAT,10144.88,10135.93,8.95,90,65
/home/richard/project/SAT_benchmark/SATLIB/CBS_k3_n100_m423_b30/CBS_k3_n100_m423_b30_11.cnf,SAT,7889.23,7880.54,8.69,77,48
/home/richard/project/SAT_benchmark/SATLIB/CBS_k3_n100_m423_b30/CBS_k3_n100_m423_b30_278.cnf,SAT,108209.07,108196.73,12.34,984,670
/home/richard/project/SAT_benchmark/SATLIB/CBS_k3_n100_m423_b30/CBS_k3_n100_m423_b30_601.cnf,SAT,40055.28,40045.18,10.10,365,294
/home/richard/project/SAT_benchmark/SATLIB/CBS_k3_n100_m423_b30/CBS_k3_n100_m423_b30_896.cnf,SAT,20306.08,20296.07,10.01,188,145
/home/richard/project/SAT_benchmark/SATLIB/CBS_k3_n100_m423_b30/CBS_k3_n100_m423_b30_440.cnf,SAT,14517.41,14509.09,8.32,135,102
/home/richard/project/SAT_benchmark/SATLIB/CBS_k3_n100_m423_b30/CBS_k3_n100_m423_b30_653.cnf,SAT,35577.99,35568.81,9.18,325,279
/home/richard/project/SAT_benchmark/SATLIB/CBS_k3_n100_m423_b30/CBS_k3_n100_m423_b30_305.cnf,SAT,46522.34,46512.43,9.91,423,364
/home/richard/project/SAT_benchmark/SATLIB/CBS_k3_n100_m423_b30/CBS_k3_n100_m423_b30_960.cnf,SAT,44285.79,44274.53,11.26,404,297
/home/richard/project/SAT_benchmark/SATLIB/CBS_k3_n100_m423_b30/CBS_k3_n100_m423_b30_43.cnf,SAT,25970.95,25960.94,10.01,236,176
/home/richard/project/SAT_benchmark/SATLIB/CBS_k3_n100_m423_b30/CBS_k3_n100_m423_b30_141.cnf,SAT,55508.89,55497.64,11.25,506,380
/home/richard/project/SAT_benchmark/SATLIB/CBS_k3_n100_m423_b30/CBS_k3_n100_m423_b30_544.cnf,SAT,38963.75,38954.07,9.68,350,268
/home/richard/project/SAT_benchmark/SATLIB/CBS_k3_n100_m423_b30/CBS_k3_n100_m423_b30_80.cnf,SAT,70864.98,70851.45,13.52,646,570
/home/richard/project/SAT_benchmark/SATLIB/CBS_k3_n100_m423_b30/CBS_k3_n100_m423_b30_400.cnf,SAT,15815.01,15806.82,8.19,145,98
/home/richard/project/SAT_benchmark/SATLIB/CBS_k3_n100_m423_b30/CBS_k3_n100_m423_b30_742.cnf,SAT,9020.48,9008.90,11.57,87,69
/home/richard/project/SAT_benchmark/SATLIB/CBS_k3_n100_m423_b30/CBS_k3_n100_m423_b30_656.cnf,SAT,18131.02,18118.72,12.31,160,127
/home/richard/project/SAT_benchmark/SATLIB/CBS_k3_n100_m423_b30/CBS_k3_n100_m423_b30_152.cnf,SAT,63362.96,63351.67,11.29,579,423
/home/richard/project/SAT_benchmark/SATLIB/CBS_k3_n100_m423_b30/CBS_k3_n100_m423_b30_343.cnf,SAT,58839.20,58827.20,12.00,532,431
/home/richard/project/SAT_benchmark/SATLIB/CBS_k3_n100_m423_b30/CBS_k3_n100_m423_b30_666.cnf,SAT,12626.93,12616.85,10.08,119,92
/home/richard/project/SAT_benchmark/SATLIB/CBS_k3_n100_m423_b30/CBS_k3_n100_m423_b30_432.cnf,SAT,37927.80,37918.47,9.33,346,279
/home/richard/project/SAT_benchmark/SATLIB/CBS_k3_n100_m423_b30/CBS_k3_n100_m423_b30_321.cnf,SAT,39966.81,39956.83,9.98,368,314
/home/richard/project/SAT_benchmark/SATLIB/CBS_k3_n100_m423_b30/CBS_k3_n100_m423_b30_515.cnf,SAT,49070.16,49058.13,12.03,443,362
/home/richard/project/SAT_benchmark/SATLIB/CBS_k3_n100_m423_b30/CBS_k3_n100_m423_b30_646.cnf,SAT,59023.22,59011.52,11.69,538,425
/home/richard/project/SAT_benchmark/SATLIB/CBS_k3_n100_m423_b30/CBS_k3_n100_m423_b30_20.cnf,SAT,65396.85,65385.17,11.68,592,465
/home/richard/project/SAT_benchmark/SATLIB/CBS_k3_n100_m423_b30/CBS_k3_n100_m423_b30_52.cnf,SAT,25657.93,25648.25,9.69,239,202
/home/richard/project/SAT_benchmark/SATLIB/CBS_k3_n100_m423_b30/CBS_k3_n100_m423_b30_168.cnf,SAT,70735.82,70722.33,13.48,647,439
/home/richard/project/SAT_benchmark/SATLIB/CBS_k3_n100_m423_b30/CBS_k3_n100_m423_b30_258.cnf,SAT,26732.05,26722.72,9.33,240,198
/home/richard/project/SAT_benchmark/SATLIB/CBS_k3_n100_m423_b30/CBS_k3_n100_m423_b30_672.cnf,SAT,20564.59,20554.89,9.70,182,144
/home/richard/project/SAT_benchmark/SATLIB/CBS_k3_n100_m423_b30/CBS_k3_n100_m423_b30_224.cnf,SAT,13462.85,13450.94,11.91,128,99
/home/richard/project/SAT_benchmark/SATLIB/CBS_k3_n100_m423_b30/CBS_k3_n100_m423_b30_287.cnf,SAT,9061.33,9052.81,8.52,86,65
/home/richard/project/SAT_benchmark/SATLIB/CBS_k3_n100_m423_b30/CBS_k3_n100_m423_b30_605.cnf,SAT,8234.85,8222.96,11.90,71,58
/home/richard/project/SAT_benchmark/SATLIB/CBS_k3_n100_m423_b30/CBS_k3_n100_m423_b30_207.cnf,SAT,63973.22,63962.67,10.55,580,498
/home/richard/project/SAT_benchmark/SATLIB/CBS_k3_n100_m423_b30/CBS_k3_n100_m423_b30_284.cnf,SAT,22601.90,22589.36,12.55,208,177
/home/richard/project/SAT_benchmark/SATLIB/CBS_k3_n100_m423_b30/CBS_k3_n100_m423_b30_183.cnf,SAT,9365.06,9355.41,9.65,80,46
/home/richard/project/SAT_benchmark/SATLIB/CBS_k3_n100_m423_b30/CBS_k3_n100_m423_b30_96.cnf,SAT,19036.93,19025.85,11.08,172,143
/home/richard/project/SAT_benchmark/SATLIB/CBS_k3_n100_m423_b30/CBS_k3_n100_m423_b30_316.cnf,SAT,20424.68,20415.74,8.94,187,156
/home/richard/project/SAT_benchmark/SATLIB/CBS_k3_n100_m423_b30/CBS_k3_n100_m423_b30_227.cnf,SAT,4624.10,4614.74,9.36,46,27
/home/richard/project/SAT_benchmark/SATLIB/CBS_k3_n100_m423_b30/CBS_k3_n100_m423_b30_489.cnf,SAT,13533.75,13521.01,12.74,120,80
/home/richard/project/SAT_benchmark/SATLIB/CBS_k3_n100_m423_b30/CBS_k3_n100_m423_b30_103.cnf,SAT,9302.32,9293.28,9.04,88,66
/home/richard/project/SAT_benchmark/SATLIB/CBS_k3_n100_m423_b30/CBS_k3_n100_m423_b30_620.cnf,SAT,20049.85,20039.87,9.99,184,150
/home/richard/project/SAT_benchmark/SATLIB/CBS_k3_n100_m423_b30/CBS_k3_n100_m423_b30_779.cnf,SAT,35916.88,35906.80,10.08,322,262
/home/richard/project/SAT_benchmark/SATLIB/CBS_k3_n100_m423_b30/CBS_k3_n100_m423_b30_162.cnf,SAT,11335.75,11327.08,8.67,101,69
/home/richard/project/SAT_benchmark/SATLIB/CBS_k3_n100_m423_b30/CBS_k3_n100_m423_b30_405.cnf,SAT,16785.97,16775.63,10.34,156,103
/home/richard/project/SAT_benchmark/SATLIB/CBS_k3_n100_m423_b30/CBS_k3_n100_m423_b30_53.cnf,SAT,85157.53,85145.32,12.21,775,646
/home/richard/project/SAT_benchmark/SATLIB/CBS_k3_n100_m423_b30/CBS_k3_n100_m423_b30_398.cnf,SAT,38166.89,38157.28,9.61,340,286
/home/richard/project/SAT_benchmark/SATLIB/CBS_k3_n100_m423_b30/CBS_k3_n100_m423_b30_575.cnf,SAT,70045.38,70033.89,11.49,639,558
/home/richard/project/SAT_benchmark/SATLIB/CBS_k3_n100_m423_b30/CBS_k3_n100_m423_b30_921.cnf,SAT,20346.71,20336.31,10.39,188,140
/home/richard/project/SAT_benchmark/SATLIB/CBS_k3_n100_m423_b30/CBS_k3_n100_m423_b30_131.cnf,SAT,52368.86,52355.08,13.78,471,383
/home/richard/project/SAT_benchmark/SATLIB/CBS_k3_n100_m423_b30/CBS_k3_n100_m423_b30_650.cnf,SAT,11396.95,11387.68,9.27,108,70
/home/richard/project/SAT_benchmark/SATLIB/CBS_k3_n100_m423_b30/CBS_k3_n100_m423_b30_879.cnf,SAT,163461.42,163446.89,14.53,1489,859
/home/richard/project/SAT_benchmark/SATLIB/CBS_k3_n100_m423_b30/CBS_k3_n100_m423_b30_388.cnf,SAT,60011.72,60001.89,9.83,543,443
/home/richard/project/SAT_benchmark/SATLIB/CBS_k3_n100_m423_b30/CBS_k3_n100_m423_b30_117.cnf,SAT,13693.07,13683.22,9.84,120,93
/home/richard/project/SAT_benchmark/SATLIB/CBS_k3_n100_m423_b30/CBS_k3_n100_m423_b30_963.cnf,SAT,72086.44,72075.39,11.04,652,569
/home/richard/project/SAT_benchmark/SATLIB/CBS_k3_n100_m423_b70/CBS_k3_n100_m423_b70_880.cnf,SAT,38861.83,38851.02,10.81,353,301
/home/richard/project/SAT_benchmark/SATLIB/CBS_k3_n100_m423_b70/CBS_k3_n100_m423_b70_484.cnf,SAT,84138.01,84126.01,12.00,764,601
/home/richard/project/SAT_benchmark/SATLIB/CBS_k3_n100_m423_b70/CBS_k3_n100_m423_b70_582.cnf,SAT,10309.49,10299.25,10.25,90,68
/home/richard/project/SAT_benchmark/SATLIB/CBS_k3_n100_m423_b70/CBS_k3_n100_m423_b70_296.cnf,SAT,6976.03,6963.36,12.67,63,38
/home/richard/project/SAT_benchmark/SATLIB/CBS_k3_n100_m423_b70/CBS_k3_n100_m423_b70_381.cnf,SAT,15683.52,15674.41,9.11,147,101
/home/richard/project/SAT_benchmark/SATLIB/CBS_k3_n100_m423_b70/CBS_k3_n100_m423_b70_164.cnf,SAT,56521.60,56508.81,12.79,510,434
/home/richard/project/SAT_benchmark/SATLIB/CBS_k3_n100_m423_b70/CBS_k3_n100_m423_b70_690.cnf,SAT,44748.14,44736.43,11.71,403,338
/home/richard/project/SAT_benchmark/SATLIB/CBS_k3_n100_m423_b70/CBS_k3_n100_m423_b70_805.cnf,SAT,75101.00,75089.64,11.35,686,572
/home/richard/project/SAT_benchmark/SATLIB/CBS_k3_n100_m423_b70/CBS_k3_n100_m423_b70_799.cnf,SAT,33345.94,33335.99,9.95,308,263
/home/richard/project/SAT_benchmark/SATLIB/CBS_k3_n100_m423_b70/CBS_k3_n100_m423_b70_292.cnf,SAT,98986.61,98973.64,12.97,898,765
/home/richard/project/SAT_benchmark/SATLIB/CBS_k3_n100_m423_b70/CBS_k3_n100_m423_b70_482.cnf,SAT,39034.24,39020.31,13.93,356,316
/home/richard/project/SAT_benchmark/SATLIB/CBS_k3_n100_m423_b70/CBS_k3_n100_m423_b70_131.cnf,SAT,118888.08,118872.16,15.92,1081,941
/home/richard/project/SAT_benchmark/SATLIB/CBS_k3_n100_m423_b70/CBS_k3_n100_m423_b70_365.cnf,SAT,42086.83,42074.79,12.04,388,315
/home/richard/project/SAT_benchmark/SATLIB/CBS_k3_n100_m423_b70/CBS_k3_n100_m423_b70_256.cnf,SAT,52238.59,52227.03,11.56,475,409
/home/richard/project/SAT_benchmark/SATLIB/CBS_k3_n100_m423_b70/CBS_k3_n100_m423_b70_354.cnf,SAT,68761.71,68744.23,17.48,629,486
/home/richard/project/SAT_benchmark/SATLIB/CBS_k3_n100_m423_b70/CBS_k3_n100_m423_b70_86.cnf,SAT,77471.06,77459.07,11.99,705,535
/home/richard/project/SAT_benchmark/SATLIB/CBS_k3_n100_m423_b70/CBS_k3_n100_m423_b70_496.cnf,SAT,26774.45,26763.77,10.68,249,200
/home/richard/project/SAT_benchmark/SATLIB/CBS_k3_n100_m423_b70/CBS_k3_n100_m423_b70_481.cnf,SAT,13579.58,13569.31,10.27,121,85
/home/richard/project/SAT_benchmark/SATLIB/CBS_k3_n100_m423_b70/CBS_k3_n100_m423_b70_994.cnf,SAT,89737.43,89724.00,13.43,815,691
/home/richard/project/SAT_benchmark/SATLIB/CBS_k3_n100_m423_b70/CBS_k3_n100_m423_b70_743.cnf,SAT,97686.48,97672.87,13.62,889,779
/home/richard/project/SAT_benchmark/SATLIB/CBS_k3_n100_m423_b70/CBS_k3_n100_m423_b70_275.cnf,SAT,58765.62,58753.50,12.11,530,388
/home/richard/project/SAT_benchmark/SATLIB/CBS_k3_n100_m423_b70/CBS_k3_n100_m423_b70_221.cnf,SAT,10399.76,10388.94,10.81,99,66
/home/richard/project/SAT_benchmark/SATLIB/CBS_k3_n100_m423_b70/CBS_k3_n100_m423_b70_75.cnf,SAT,29118.03,29106.62,11.41,263,173
/home/richard/project/SAT_benchmark/SATLIB/CBS_k3_n100_m423_b70/CBS_k3_n100_m423_b70_854.cnf,SAT,35699.67,35685.67,14.00,329,265
/home/richard/project/SAT_benchmark/SATLIB/CBS_k3_n100_m423_b70/CBS_k3_n100_m423_b70_992.cnf,SAT,28974.35,28963.78,10.57,265,221
/home/richard/project/SAT_benchmark/SATLIB/CBS_k3_n100_m423_b70/CBS_k3_n100_m423_b70_706.cnf,SAT,91699.73,91687.60,12.13,837,724
/home/richard/project/SAT_benchmark/SATLIB/CBS_k3_n100_m423_b70/CBS_k3_n100_m423_b70_237.cnf,SAT,75362.83,75350.93,11.90,686,556
/home/richard/project/SAT_benchmark/SATLIB/CBS_k3_n100_m423_b70/CBS_k3_n100_m423_b70_517.cnf,SAT,54286.57,54275.61,10.96,495,405
/home/richard/project/SAT_benchmark/SATLIB/CBS_k3_n100_m423_b70/CBS_k3_n100_m423_b70_222.cnf,SAT,24647.80,24637.17,10.63,228,197
/home/richard/project/SAT_benchmark/SATLIB/CBS_k3_n100_m423_b70/CBS_k3_n100_m423_b70_454.cnf,SAT,72080.67,72064.45,16.22,659,470
/home/richard/project/SAT_benchmark/SATLIB/CBS_k3_n100_m423_b70/CBS_k3_n100_m423_b70_758.cnf,SAT,0.08,0.00,0.08,0,0
/home/richard/project/SAT_benchmark/SATLIB/CBS_k3_n100_m423_b70/CBS_k3_n100_m423_b70_190.cnf,SAT,15750.28,15739.42,10.86,146,109
/home/richard/project/SAT_benchmark/SATLIB/CBS_k3_n100_m423_b70/CBS_k3_n100_m423_b70_829.cnf,SAT,49920.69,49909.11,11.57,450,380
/home/richard/project/SAT_benchmark/SATLIB/CBS_k3_n100_m423_b70/CBS_k3_n100_m423_b70_940.cnf,SAT,54566.90,54554.19,12.71,493,404
/home/richard/project/SAT_benchmark/SATLIB/CBS_k3_n100_m423_b70/CBS_k3_n100_m423_b70_595.cnf,SAT,97685.36,97672.16,13.19,888,753
/home/richard/project/SAT_benchmark/SATLIB/CBS_k3_n100_m423_b70/CBS_k3_n100_m423_b70_29.cnf,SAT,12459.70,12448.85,10.86,110,89
/home/richard/project/SAT_benchmark/SATLIB/CBS_k3_n100_m423_b70/CBS_k3_n100_m423_b70_315.cnf,SAT,64423.72,64409.14,14.58,582,486
/home/richard/project/SAT_benchmark/SATLIB/CBS_k3_n100_m423_b70/CBS_k3_n100_m423_b70_77.cnf,SAT,23486.96,23472.94,14.02,210,160
/home/richard/project/SAT_benchmark/SATLIB/CBS_k3_n100_m423_b70/CBS_k3_n100_m423_b70_124.cnf,SAT,14718.81,14707.18,11.62,139,108
/home/richard/project/SAT_benchmark/SATLIB/CBS_k3_n100_m423_b70/CBS_k3_n100_m423_b70_453.cnf,SAT,82960.17,82948.63,11.54,755,477
/home/richard/project/SAT_benchmark/SATLIB/CBS_k3_n100_m423_b70/CBS_k3_n100_m423_b70_300.cnf,SAT,9173.96,9165.58,8.38,86,63
/home/richard/project/SAT_benchmark/SATLIB/CBS_k3_n100_m423_b70/CBS_k3_n100_m423_b70_193.cnf,SAT,12481.49,12470.44,11.05,116,85
/home/richard/project/SAT_benchmark/SATLIB/CBS_k3_n100_m423_b70/CBS_k3_n100_m423_b70_257.cnf,SAT,31439.85,31429.82,10.03,289,240
/home/richard/project/SAT_benchmark/SATLIB/CBS_k3_n100_m423_b70/CBS_k3_n100_m423_b70_421.cnf,SAT,7085.39,7073.08,12.31,63,42
/home/richard/project/SAT_benchmark/SATLIB/CBS_k3_n100_m423_b70/CBS_k3_n100_m423_b70_432.cnf,SAT,27890.55,27875.53,15.02,252,215
/home/richard/project/SAT_benchmark/SATLIB/CBS_k3_n100_m423_b70/CBS_k3_n100_m423_b70_815.cnf,SAT,76323.05,76311.52,11.53,696,553
/home/richard/project/SAT_benchmark/SATLIB/CBS_k3_n100_m423_b70/CBS_k3_n100_m423_b70_624.cnf,SAT,134687.02,134672.72,14.30,1225,1040
/home/richard/project/SAT_benchmark/SATLIB/CBS_k3_n100_m423_b70/CBS_k3_n100_m423_b70_299.cnf,SAT,40026.55,40014.93,11.62,365,301
/home/richard/project/SAT_benchmark/SATLIB/CBS_k3_n100_m423_b70/CBS_k3_n100_m423_b70_212.cnf,SAT,97280.09,97264.98,15.11,883,750
/home/richard/project/SAT_benchmark/SATLIB/CBS_k3_n100_m423_b70/CBS_k3_n100_m423_b70_155.cnf,SAT,32404.25,32387.88,16.37,293,182
/home/richard/project/SAT_benchmark/SATLIB/CBS_k3_n100_m423_b70/CBS_k3_n100_m423_b70_196.cnf,SAT,94036.90,94022.26,14.64,840,712
/home/richard/project/SAT_benchmark/SATLIB/CBS_k3_n100_m423_b70/CBS_k3_n100_m423_b70_664.cnf,SAT,24644.92,24634.87,10.05,220,172
/home/richard/project/SAT_benchmark/SATLIB/CBS_k3_n100_m423_b70/CBS_k3_n100_m423_b70_312.cnf,SAT,100731.77,100719.88,11.88,917,683
/home/richard/project/SAT_benchmark/SATLIB/CBS_k3_n100_m423_b70/CBS_k3_n100_m423_b70_560.cnf,SAT,106313.88,106299.37,14.51,961,726
/home/richard/project/SAT_benchmark/SATLIB/CBS_k3_n100_m423_b70/CBS_k3_n100_m423_b70_340.cnf,SAT,20232.11,20221.50,10.62,180,151
/home/richard/project/SAT_benchmark/SATLIB/CBS_k3_n100_m423_b70/CBS_k3_n100_m423_b70_134.cnf,SAT,23441.58,23432.66,8.93,215,145
/home/richard/project/SAT_benchmark/SATLIB/CBS_k3_n100_m423_b70/CBS_k3_n100_m423_b70_252.cnf,SAT,62359.69,62349.08,10.61,567,489
/home/richard/project/SAT_benchmark/SATLIB/CBS_k3_n100_m423_b70/CBS_k3_n100_m423_b70_848.cnf,SAT,47789.46,47779.12,10.34,430,367
/home/richard/project/SAT_benchmark/SATLIB/CBS_k3_n100_m423_b70/CBS_k3_n100_m423_b70_692.cnf,SAT,13639.91,13629.71,10.20,128,93
/home/richard/project/SAT_benchmark/SATLIB/CBS_k3_n100_m423_b70/CBS_k3_n100_m423_b70_146.cnf,SAT,56411.82,56399.08,12.74,516,451
/home/richard/project/SAT_benchmark/SATLIB/CBS_k3_n100_m423_b70/CBS_k3_n100_m423_b70_968.cnf,SAT,81178.78,81161.19,17.59,732,558
/home/richard/project/SAT_benchmark/SATLIB/CBS_k3_n100_m423_b70/CBS_k3_n100_m423_b70_699.cnf,SAT,10174.84,10165.65,9.19,98,69
/home/richard/project/SAT_benchmark/SATLIB/CBS_k3_n100_m423_b70/CBS_k3_n100_m423_b70_919.cnf,SAT,101852.96,101840.01,12.95,924,764
/home/richard/project/SAT_benchmark/SATLIB/CBS_k3_n100_m423_b70/CBS_k3_n100_m423_b70_596.cnf,SAT,55430.19,55417.44,12.75,508,410
/home/richard/project/SAT_benchmark/SATLIB/CBS_k3_n100_m423_b70/CBS_k3_n100_m423_b70_878.cnf,SAT,75372.48,75360.18,12.30,681,568
/home/richard/project/SAT_benchmark/SATLIB/CBS_k3_n100_m423_b70/CBS_k3_n100_m423_b70_953.cnf,SAT,92370.98,92356.65,14.33,839,726
/home/richard/project/SAT_benchmark/SATLIB/CBS_k3_n100_m423_b70/CBS_k3_n100_m423_b70_95.cnf,SAT,34579.68,34569.00,10.68,313,253
/home/richard/project/SAT_benchmark/SATLIB/CBS_k3_n100_m423_b70/CBS_k3_n100_m423_b70_171.cnf,SAT,9.00,0.00,9.00,0,0
/home/richard/project/SAT_benchmark/SATLIB/CBS_k3_n100_m423_b70/CBS_k3_n100_m423_b70_366.cnf,SAT,6985.31,6974.72,10.59,63,36
/home/richard/project/SAT_benchmark/SATLIB/CBS_k3_n100_m423_b70/CBS_k3_n100_m423_b70_911.cnf,SAT,15753.25,15739.99,13.25,148,116
/home/richard/project/SAT_benchmark/SATLIB/CBS_k3_n100_m423_b70/CBS_k3_n100_m423_b70_524.cnf,SAT,64104.61,64087.71,16.90,580,494
/home/richard/project/SAT_benchmark/SATLIB/CBS_k3_n100_m423_b70/CBS_k3_n100_m423_b70_962.cnf,SAT,57614.57,57603.08,11.49,526,440
/home/richard/project/SAT_benchmark/SATLIB/CBS_k3_n100_m423_b70/CBS_k3_n100_m423_b70_450.cnf,SAT,56424.54,56413.50,11.04,517,438
/home/richard/project/SAT_benchmark/SATLIB/CBS_k3_n100_m423_b70/CBS_k3_n100_m423_b70_319.cnf,SAT,69771.74,69758.61,13.13,636,277
/home/richard/project/SAT_benchmark/SATLIB/CBS_k3_n100_m423_b70/CBS_k3_n100_m423_b70_502.cnf,SAT,54188.91,54178.52,10.39,490,391
/home/richard/project/SAT_benchmark/SATLIB/CBS_k3_n100_m423_b70/CBS_k3_n100_m423_b70_915.cnf,SAT,92812.57,92798.68,13.89,845,703
/home/richard/project/SAT_benchmark/SATLIB/CBS_k3_n100_m423_b70/CBS_k3_n100_m423_b70_98.cnf,SAT,88676.30,88663.10,13.20,804,683
/home/richard/project/SAT_benchmark/SATLIB/CBS_k3_n100_m423_b70/CBS_k3_n100_m423_b70_180.cnf,SAT,90719.52,90705.98,13.54,823,547
/home/richard/project/SAT_benchmark/SATLIB/CBS_k3_n100_m423_b70/CBS_k3_n100_m423_b70_108.cnf,SAT,81942.64,81930.53,12.11,745,618
/home/richard/project/SAT_benchmark/SATLIB/CBS_k3_n100_m423_b70/CBS_k3_n100_m423_b70_456.cnf,SAT,14737.68,14728.09,9.59,130,112
/home/richard/project/SAT_benchmark/SATLIB/CBS_k3_n100_m423_b70/CBS_k3_n100_m423_b70_394.cnf,SAT,73182.70,73171.84,10.86,663,548
/home/richard/project/SAT_benchmark/SATLIB/CBS_k3_n100_m423_b70/CBS_k3_n100_m423_b70_850.cnf,SAT,17857.84,17848.07,9.77,162,115
/home/richard/project/SAT_benchmark/SATLIB/CBS_k3_n100_m423_b70/CBS_k3_n100_m423_b70_834.cnf,SAT,74049.97,74037.16,12.81,677,576
/home/richard/project/SAT_benchmark/SATLIB/CBS_k3_n100_m423_b70/CBS_k3_n100_m423_b70_88.cnf,SAT,33487.74,33476.72,11.02,303,256
/home/richard/project/SAT_benchmark/SATLIB/CBS_k3_n100_m423_b70/CBS_k3_n100_m423_b70_632.cnf,SAT,15818.44,15810.41,8.03,140,99
/home/richard/project/SAT_benchmark/SATLIB/CBS_k3_n100_m423_b70/CBS_k3_n100_m423_b70_445.cnf,SAT,12596.08,12582.87,13.21,116,86
/home/richard/project/SAT_benchmark/SATLIB/CBS_k3_n100_m423_b70/CBS_k3_n100_m423_b70_477.cnf,SAT,100024.47,100010.23,14.24,901,748
/home/richard/project/SAT_benchmark/SATLIB/CBS_k3_n100_m423_b70/CBS_k3_n100_m423_b70_912.cnf,SAT,31148.05,31137.65,10.40,288,229
/home/richard/project/SAT_benchmark/SATLIB/CBS_k3_n100_m423_b70/CBS_k3_n100_m423_b70_802.cnf,SAT,114230.43,114215.54,14.88,1038,909
/home/richard/project/SAT_benchmark/SATLIB/CBS_k3_n100_m423_b70/CBS_k3_n100_m423_b70_734.cnf,SAT,13541.17,13532.10,9.07,127,103
/home/richard/project/SAT_benchmark/SATLIB/CBS_k3_n100_m423_b70/CBS_k3_n100_m423_b70_527.cnf,SAT,10196.10,10184.73,11.37,96,77
/home/richard/project/SAT_benchmark/SATLIB/CBS_k3_n100_m423_b70/CBS_k3_n100_m423_b70_338.cnf,SAT,51268.73,51254.88,13.85,468,393
/home/richard/project/SAT_benchmark/SATLIB/CBS_k3_n100_m423_b70/CBS_k3_n100_m423_b70_322.cnf,SAT,9069.26,9057.16,12.10,82,59
/home/richard/project/SAT_benchmark/SATLIB/CBS_k3_n100_m423_b70/CBS_k3_n100_m423_b70_841.cnf,SAT,35577.33,35565.61,11.71,328,286
/home/richard/project/SAT_benchmark/SATLIB/CBS_k3_n100_m423_b70/CBS_k3_n100_m423_b70_327.cnf,SAT,60040.38,60028.15,12.23,541,451
/home/richard/project/SAT_benchmark/SATLIB/CBS_k3_n100_m423_b70/CBS_k3_n100_m423_b70_641.cnf,SAT,12662.69,12653.43,9.26,112,82
/home/richard/project/SAT_benchmark/SATLIB/CBS_k3_n100_m423_b70/CBS_k3_n100_m423_b70_425.cnf,SAT,29026.41,29015.76,10.64,267,212
/home/richard/project/SAT_benchmark/SATLIB/CBS_k3_n100_m423_b70/CBS_k3_n100_m423_b70_245.cnf,SAT,22463.74,22454.53,9.20,208,159
/home/richard/project/SAT_benchmark/SATLIB/CBS_k3_n100_m423_b70/CBS_k3_n100_m423_b70_174.cnf,SAT,81328.56,81314.29,14.28,732,556
/home/richard/project/SAT_benchmark/SATLIB/CBS_k3_n100_m423_b70/CBS_k3_n100_m423_b70_11.cnf,SAT,12470.62,12460.72,9.91,116,83
/home/richard/project/SAT_benchmark/SATLIB/CBS_k3_n100_m423_b70/CBS_k3_n100_m423_b70_188.cnf,SAT,59983.78,59970.13,13.65,547,482
/home/richard/project/SAT_benchmark/SATLIB/CBS_k3_n100_m423_b70/CBS_k3_n100_m423_b70_509.cnf,SAT,50054.55,50042.42,12.13,452,376
/home/richard/project/SAT_benchmark/SATLIB/CBS_k3_n100_m423_b70/CBS_k3_n100_m423_b70_745.cnf,SAT,169092.84,169076.53,16.30,1522,1109
/home/richard/project/SAT_benchmark/SATLIB/CBS_k3_n100_m423_b70/CBS_k3_n100_m423_b70_625.cnf,SAT,100928.08,100915.62,12.45,910,695
/home/richard/project/SAT_benchmark/SATLIB/CBS_k3_n100_m423_b70/CBS_k3_n100_m423_b70_510.cnf,SAT,97419.75,97404.76,14.99,884,740
/home/richard/project/SAT_benchmark/SATLIB/CBS_k3_n100_m423_b70/CBS_k3_n100_m423_b70_302.cnf,SAT,53327.62,53316.55,11.07,489,424
/home/richard/project/SAT_benchmark/SATLIB/CBS_k3_n100_m423_b70/CBS_k3_n100_m423_b70_279.cnf,SAT,31194.60,31184.06,10.54,288,252
/home/richard/project/SAT_benchmark/SATLIB/CBS_k3_n100_m423_b70/CBS_k3_n100_m423_b70_924.cnf,SAT,48854.41,48843.32,11.09,441,380
/home/richard/project/SAT_benchmark/SATLIB/CBS_k3_n100_m423_b70/CBS_k3_n100_m423_b70_773.cnf,SAT,3571.82,3561.70,10.12,30,18
/home/richard/project/SAT_benchmark/SATLIB/CBS_k3_n100_m423_b70/CBS_k3_n100_m423_b70_665.cnf,SAT,11262.31,11253.25,9.07,109,81
/home/richard/project/SAT_benchmark/SATLIB/CBS_k3_n100_m423_b70/CBS_k3_n100_m423_b70_847.cnf,SAT,75424.95,75412.81,12.14,688,573
/home/richard/project/SAT_benchmark/SATLIB/CBS_k3_n100_m423_b70/CBS_k3_n100_m423_b70_472.cnf,SAT,56648.64,56631.46,17.18,512,431
/home/richard/project/SAT_benchmark/SATLIB/CBS_k3_n100_m423_b70/CBS_k3_n100_m423_b70_378.cnf,SAT,66033.74,66020.41,13.33,593,495
/home/richard/project/SAT_benchmark/SATLIB/CBS_k3_n100_m423_b70/CBS_k3_n100_m423_b70_586.cnf,SAT,54408.89,54397.10,11.80,498,381
/home/richard/project/SAT_benchmark/SATLIB/CBS_k3_n100_m423_b70/CBS_k3_n100_m423_b70_561.cnf,SAT,51385.95,51375.45,10.50,461,386
/home/richard/project/SAT_benchmark/SATLIB/CBS_k3_n100_m423_b70/CBS_k3_n100_m423_b70_547.cnf,SAT,30097.93,30086.93,11.00,270,220
/home/richard/project/SAT_benchmark/SATLIB/CBS_k3_n100_m423_b70/CBS_k3_n100_m423_b70_530.cnf,SAT,25844.04,25834.64,9.40,237,196
/home/richard/project/SAT_benchmark/SATLIB/CBS_k3_n100_m423_b70/CBS_k3_n100_m423_b70_396.cnf,SAT,21595.61,21585.63,9.98,195,165
/home/richard/project/SAT_benchmark/SATLIB/CBS_k3_n100_m423_b70/CBS_k3_n100_m423_b70_929.cnf,SAT,48654.89,48644.90,9.99,441,379
/home/richard/project/SAT_benchmark/SATLIB/CBS_k3_n100_m423_b70/CBS_k3_n100_m423_b70_629.cnf,SAT,35838.67,35828.35,10.33,329,269
/home/richard/project/SAT_benchmark/SATLIB/CBS_k3_n100_m423_b70/CBS_k3_n100_m423_b70_796.cnf,SAT,48946.66,48934.93,11.73,445,366
/home/richard/project/SAT_benchmark/SATLIB/CBS_k3_n100_m423_b70/CBS_k3_n100_m423_b70_685.cnf,SAT,59066.27,59054.07,12.20,535,473
/home/richard/project/SAT_benchmark/SATLIB/CBS_k3_n100_m423_b70/CBS_k3_n100_m423_b70_681.cnf,SAT,5761.72,5753.34,8.38,56,31
/home/richard/project/SAT_benchmark/SATLIB/CBS_k3_n100_m423_b70/CBS_k3_n100_m423_b70_614.cnf,SAT,37918.25,37906.87,11.38,343,299
/home/richard/project/SAT_benchmark/SATLIB/CBS_k3_n100_m423_b70/CBS_k3_n100_m423_b70_184.cnf,SAT,66823.23,66809.52,13.71,609,520
/home/richard/project/SAT_benchmark/SATLIB/CBS_k3_n100_m423_b70/CBS_k3_n100_m423_b70_717.cnf,SAT,31368.29,31357.28,11.00,286,239
/home/richard/project/SAT_benchmark/SATLIB/CBS_k3_n100_m423_b70/CBS_k3_n100_m423_b70_838.cnf,SAT,65829.20,65816.22,12.98,592,422
/home/richard/project/SAT_benchmark/SATLIB/CBS_k3_n100_m423_b70/CBS_k3_n100_m423_b70_576.cnf,SAT,53316.91,53306.40,10.51,486,373
/home/richard/project/SAT_benchmark/SATLIB/CBS_k3_n100_m423_b70/CBS_k3_n100_m423_b70_817.cnf,SAT,52519.88,52508.42,11.46,471,415
/home/richard/project/SAT_benchmark/SATLIB/CBS_k3_n100_m423_b70/CBS_k3_n100_m423_b70_948.cnf,SAT,45417.58,45404.00,13.59,412,269
/home/richard/project/SAT_benchmark/SATLIB/CBS_k3_n100_m423_b70/CBS_k3_n100_m423_b70_905.cnf,SAT,5745.50,5733.75,11.75,51,33
/home/richard/project/SAT_benchmark/SATLIB/CBS_k3_n100_m423_b70/CBS_k3_n100_m423_b70_914.cnf,SAT,56534.72,56524.26,10.46,515,421
/home/richard/project/SAT_benchmark/SATLIB/CBS_k3_n100_m423_b70/CBS_k3_n100_m423_b70_467.cnf,SAT,16718.75,16707.06,11.69,152,111
/home/richard/project/SAT_benchmark/SATLIB/CBS_k3_n100_m423_b70/CBS_k3_n100_m423_b70_505.cnf,SAT,31579.06,31565.42,13.65,288,240
/home/richard/project/SAT_benchmark/SATLIB/CBS_k3_n100_m423_b70/CBS_k3_n100_m423_b70_993.cnf,SAT,118388.48,118375.23,13.24,1074,731
/home/richard/project/SAT_benchmark/SATLIB/CBS_k3_n100_m423_b70/CBS_k3_n100_m423_b70_578.cnf,SAT,123067.46,123053.11,14.35,1112,893
/home/richard/project/SAT_benchmark/SATLIB/CBS_k3_n100_m423_b70/CBS_k3_n100_m423_b70_567.cnf,SAT,19306.63,19296.76,9.87,172,138
/home/richard/project/SAT_benchmark/SATLIB/CBS_k3_n100_m423_b70/CBS_k3_n100_m423_b70_791.cnf,SAT,160381.99,160364.95,17.04,1456,1250
/home/richard/project/SAT_benchmark/SATLIB/CBS_k3_n100_m423_b70/CBS_k3_n100_m423_b70_804.cnf,SAT,62025.14,62013.11,12.03,564,472
/home/richard/project/SAT_benchmark/SATLIB/CBS_k3_n100_m423_b70/CBS_k3_n100_m423_b70_367.cnf,SAT,11519.52,11510.05,9.47,100,76
/home/richard/project/SAT_benchmark/SATLIB/CBS_k3_n100_m423_b70/CBS_k3_n100_m423_b70_977.cnf,SAT,58324.45,58312.09,12.36,529,451
/home/richard/project/SAT_benchmark/SATLIB/CBS_k3_n100_m423_b70/CBS_k3_n100_m423_b70_461.cnf,SAT,139402.42,139386.78,15.65,1262,1012
/home/richard/project/SAT_benchmark/SATLIB/CBS_k3_n100_m423_b70/CBS_k3_n100_m423_b70_405.cnf,SAT,108394.67,108379.91,14.76,986,809
/home/richard/project/SAT_benchmark/SATLIB/CBS_k3_n100_m423_b70/CBS_k3_n100_m423_b70_851.cnf,SAT,120864.78,120850.16,14.62,1094,718
/home/richard/project/SAT_benchmark/SATLIB/CBS_k3_n100_m423_b70/CBS_k3_n100_m423_b70_789.cnf,SAT,52098.50,52085.70,12.80,476,397
/home/richard/project/SAT_benchmark/SATLIB/CBS_k3_n100_m423_b70/CBS_k3_n100_m423_b70_127.cnf,SAT,54500.23,54488.48,11.75,495,417
/home/richard/project/SAT_benchmark/SATLIB/CBS_k3_n100_m423_b70/CBS_k3_n100_m423_b70_923.cnf,SAT,66026.87,66011.37,15.51,595,480
/home/richard/project/SAT_benchmark/SATLIB/CBS_k3_n100_m423_b70/CBS_k3_n100_m423_b70_670.cnf,SAT,36842.92,36832.64,10.27,338,267
/home/richard/project/SAT_benchmark/SATLIB/CBS_k3_n100_m423_b70/CBS_k3_n100_m423_b70_798.cnf,SAT,53369.03,53356.97,12.06,480,410
/home/richard/project/SAT_benchmark/SATLIB/CBS_k3_n100_m423_b70/CBS_k3_n100_m423_b70_513.cnf,SAT,63394.18,63378.31,15.88,576,490
/home/richard/project/SAT_benchmark/SATLIB/CBS_k3_n100_m423_b70/CBS_k3_n100_m423_b70_741.cnf,SAT,10220.51,10210.15,10.36,95,62
/home/richard/project/SAT_benchmark/SATLIB/CBS_k3_n100_m423_b70/CBS_k3_n100_m423_b70_749.cnf,SAT,122755.82,122738.94,16.88,1115,956
/home/richard/project/SAT_benchmark/SATLIB/CBS_k3_n100_m423_b70/CBS_k3_n100_m423_b70_593.cnf,SAT,65644.64,65630.81,13.83,599,512
/home/richard/project/SAT_benchmark/SATLIB/CBS_k3_n100_m423_b70/CBS_k3_n100_m423_b70_267.cnf,SAT,107844.34,107830.19,14.15,973,829
/home/richard/project/SAT_benchmark/SATLIB/CBS_k3_n100_m423_b70/CBS_k3_n100_m423_b70_147.cnf,SAT,75568.06,75554.26,13.81,687,574
/home/richard/project/SAT_benchmark/SATLIB/CBS_k3_n100_m423_b70/CBS_k3_n100_m423_b70_106.cnf,SAT,23856.18,23846.67,9.52,213,162
/home/richard/project/SAT_benchmark/SATLIB/CBS_k3_n100_m423_b70/CBS_k3_n100_m423_b70_183.cnf,SAT,78580.76,78568.30,12.46,712,535
/home/richard/project/SAT_benchmark/SATLIB/CBS_k3_n100_m423_b70/CBS_k3_n100_m423_b70_860.cnf,SAT,39001.97,38989.91,12.06,354,285
/home/richard/project/SAT_benchmark/SATLIB/CBS_k3_n100_m423_b70/CBS_k3_n100_m423_b70_27.cnf,SAT,116220.80,116206.06,14.74,1051,902
/home/richard/project/SAT_benchmark/SATLIB/CBS_k3_n100_m423_b70/CBS_k3_n100_m423_b70_945.cnf,SAT,14578.06,14567.78,10.29,131,92
/home/richard/project/SAT_benchmark/SATLIB/CBS_k3_n100_m423_b70/CBS_k3_n100_m423_b70_933.cnf,SAT,57002.42,56991.95,10.47,512,442
/home/richard/project/SAT_benchmark/SATLIB/CBS_k3_n100_m423_b70/CBS_k3_n100_m423_b70_611.cnf,SAT,5731.77,5722.61,9.16,50,24
/home/richard/project/SAT_benchmark/SATLIB/CBS_k3_n100_m423_b70/CBS_k3_n100_m423_b70_961.cnf,SAT,6889.66,6877.25,12.41,69,39
/home/richard/project/SAT_benchmark/SATLIB/CBS_k3_n100_m423_b70/CBS_k3_n100_m423_b70_408.cnf,SAT,44931.74,44921.11,10.63,407,336
/home/richard/project/SAT_benchmark/SATLIB/CBS_k3_n100_m423_b70/CBS_k3_n100_m423_b70_273.cnf,SAT,10158.42,10147.84,10.58,94,72
/home/richard/project/SAT_benchmark/SATLIB/CBS_k3_n100_m423_b70/CBS_k3_n100_m423_b70_14.cnf,SAT,47652.80,47642.43,10.37,436,363
/home/richard/project/SAT_benchmark/SATLIB/CBS_k3_n100_m423_b70/CBS_k3_n100_m423_b70_917.cnf,SAT,28853.55,28844.39,9.16,266,204
/home/richard/project/SAT_benchmark/SATLIB/CBS_k3_n100_m423_b70/CBS_k3_n100_m423_b70_128.cnf,SAT,35732.60,35720.18,12.42,325,269
/home/richard/project/SAT_benchmark/SATLIB/CBS_k3_n100_m423_b70/CBS_k3_n100_m423_b70_603.cnf,SAT,49843.12,49826.17,16.96,454,392
/home/richard/project/SAT_benchmark/SATLIB/CBS_k3_n100_m423_b70/CBS_k3_n100_m423_b70_141.cnf,SAT,30340.22,30330.88,9.35,270,216
/home/richard/project/SAT_benchmark/SATLIB/CBS_k3_n100_m423_b70/CBS_k3_n100_m423_b70_939.cnf,SAT,66438.22,66422.36,15.86,606,524
/home/richard/project/SAT_benchmark/SATLIB/CBS_k3_n100_m423_b70/CBS_k3_n100_m423_b70_99.cnf,SAT,75577.85,75565.52,12.33,682,463
/home/richard/project/SAT_benchmark/SATLIB/CBS_k3_n100_m423_b70/CBS_k3_n100_m423_b70_364.cnf,SAT,20264.92,20255.48,9.44,180,153
/home/richard/project/SAT_benchmark/SATLIB/CBS_k3_n100_m423_b70/CBS_k3_n100_m423_b70_92.cnf,SAT,62416.79,62406.15,10.63,560,276
/home/richard/project/SAT_benchmark/SATLIB/CBS_k3_n100_m423_b70/CBS_k3_n100_m423_b70_653.cnf,SAT,134904.80,134886.48,18.32,1224,1068
/home/richard/project/SAT_benchmark/SATLIB/CBS_k3_n100_m423_b70/CBS_k3_n100_m423_b70_820.cnf,SAT,4697.90,4688.45,9.45,48,16
/home/richard/project/SAT_benchmark/SATLIB/CBS_k3_n100_m423_b70/CBS_k3_n100_m423_b70_999.cnf,SAT,51224.73,51212.46,12.26,462,409
/home/richard/project/SAT_benchmark/SATLIB/CBS_k3_n100_m423_b70/CBS_k3_n100_m423_b70_682.cnf,SAT,76012.53,75998.75,13.78,689,599
/home/richard/project/SAT_benchmark/SATLIB/CBS_k3_n100_m423_b70/CBS_k3_n100_m423_b70_414.cnf,SAT,79401.06,79385.30,15.76,710,502
/home/richard/project/SAT_benchmark/SATLIB/CBS_k3_n100_m423_b70/CBS_k3_n100_m423_b70_427.cnf,SAT,20259.76,20248.20,11.56,187,150
/home/richard/project/SAT_benchmark/SATLIB/CBS_k3_n100_m423_b70/CBS_k3_n100_m423_b70_876.cnf,SAT,114231.77,114218.55,13.22,1035,841
/home/richard/project/SAT_benchmark/SATLIB/CBS_k3_n100_m423_b70/CBS_k3_n100_m423_b70_937.cnf,SAT,103738.78,103724.39,14.39,940,805
/home/richard/project/SAT_benchmark/SATLIB/CBS_k3_n100_m423_b70/CBS_k3_n100_m423_b70_325.cnf,SAT,61274.62,61261.00,13.62,559,419
/home/richard/project/SAT_benchmark/SATLIB/CBS_k3_n100_m423_b70/CBS_k3_n100_m423_b70_203.cnf,SAT,113343.01,113327.13,15.88,1031,869
/home/richard/project/SAT_benchmark/SATLIB/CBS_k3_n100_m423_b70/CBS_k3_n100_m423_b70_7.cnf,SAT,25651.01,25639.60,11.41,238,176
/home/richard/project/SAT_benchmark/SATLIB/CBS_k3_n100_m423_b70/CBS_k3_n100_m423_b70_157.cnf,SAT,88616.28,88602.87,13.41,800,651
/home/richard/project/SAT_benchmark/SATLIB/CBS_k3_n100_m423_b70/CBS_k3_n100_m423_b70_724.cnf,SAT,5761.44,5751.01,10.43,58,32
/home/richard/project/SAT_benchmark/SATLIB/CBS_k3_n100_m423_b70/CBS_k3_n100_m423_b70_627.cnf,SAT,74219.92,74208.36,11.56,673,481
/home/richard/project/SAT_benchmark/SATLIB/CBS_k3_n100_m423_b70/CBS_k3_n100_m423_b70_406.cnf,SAT,38843.84,38832.13,11.71,350,207
/home/richard/project/SAT_benchmark/SATLIB/CBS_k3_n100_m423_b70/CBS_k3_n100_m423_b70_306.cnf,SAT,95517.50,95502.60,14.90,869,681
/home/richard/project/SAT_benchmark/SATLIB/CBS_k3_n100_m423_b70/CBS_k3_n100_m423_b70_649.cnf,SAT,26758.71,26748.77,9.94,246,185
/home/richard/project/SAT_benchmark/SATLIB/CBS_k3_n100_m423_b70/CBS_k3_n100_m423_b70_979.cnf,SAT,23527.07,23517.68,9.39,219,175
/home/richard/project/SAT_benchmark/SATLIB/CBS_k3_n100_m423_b70/CBS_k3_n100_m423_b70_266.cnf,SAT,57220.15,57209.29,10.85,517,437
/home/richard/project/SAT_benchmark/SATLIB/CBS_k3_n100_m423_b70/CBS_k3_n100_m423_b70_5.cnf,SAT,76443.42,76429.46,13.95,693,559
/home/richard/project/SAT_benchmark/SATLIB/CBS_k3_n100_m423_b70/CBS_k3_n100_m423_b70_28.cnf,SAT,54764.49,54751.72,12.77,496,435
/home/richard/project/SAT_benchmark/SATLIB/CBS_k3_n100_m423_b70/CBS_k3_n100_m423_b70_800.cnf,SAT,74480.75,74468.17,12.58,677,573
/home/richard/project/SAT_benchmark/SATLIB/CBS_k3_n100_m423_b70/CBS_k3_n100_m423_b70_683.cnf,SAT,73274.59,73262.15,12.44,669,566
/home/richard/project/SAT_benchmark/SATLIB/CBS_k3_n100_m423_b70/CBS_k3_n100_m423_b70_581.cnf,SAT,112069.32,112054.51,14.81,1019,836
/home/richard/project/SAT_benchmark/SATLIB/CBS_k3_n100_m423_b70/CBS_k3_n100_m423_b70_145.cnf,SAT,60081.30,60069.44,11.85,548,429
/home/richard/project/SAT_benchmark/SATLIB/CBS_k3_n100_m423_b70/CBS_k3_n100_m423_b70_643.cnf,SAT,113887.04,113873.43,13.61,1025,882
/home/richard/project/SAT_benchmark/SATLIB/CBS_k3_n100_m423_b70/CBS_k3_n100_m423_b70_436.cnf,SAT,103609.66,103597.01,12.65,937,682
/home/richard/project/SAT_benchmark/SATLIB/CBS_k3_n100_m423_b70/CBS_k3_n100_m423_b70_457.cnf,SAT,104440.97,104427.03,13.94,948,756
/home/richard/project/SAT_benchmark/SATLIB/CBS_k3_n100_m423_b70/CBS_k3_n100_m423_b70_832.cnf,SAT,22772.02,22759.25,12.77,202,159
/home/richard/project/SAT_benchmark/SATLIB/CBS_k3_n100_m423_b70/CBS_k3_n100_m423_b70_226.cnf,SAT,26762.09,26752.60,9.48,245,196
/home/richard/project/SAT_benchmark/SATLIB/CBS_k3_n100_m423_b70/CBS_k3_n100_m423_b70_139.cnf,SAT,88192.14,88179.03,13.11,794,641
/home/richard/project/SAT_benchmark/SATLIB/CBS_k3_n100_m423_b70/CBS_k3_n100_m423_b70_519.cnf,SAT,3601.97,3591.29,10.69,38,14
/home/richard/project/SAT_benchmark/SATLIB/CBS_k3_n100_m423_b70/CBS_k3_n100_m423_b70_886.cnf,SAT,76846.20,76832.95,13.25,694,568
/home/richard/project/SAT_benchmark/SATLIB/CBS_k3_n100_m423_b70/CBS_k3_n100_m423_b70_46.cnf,SAT,114569.64,114556.59,13.05,1030,873
/home/richard/project/SAT_benchmark/SATLIB/CBS_k3_n100_m423_b70/CBS_k3_n100_m423_b70_232.cnf,SAT,13890.00,13879.35,10.65,120,101
/home/richard/project/SAT_benchmark/SATLIB/CBS_k3_n100_m423_b70/CBS_k3_n100_m423_b70_672.cnf,SAT,120182.75,120169.08,13.67,1084,853
/home/richard/project/SAT_benchmark/SATLIB/CBS_k3_n100_m423_b70/CBS_k3_n100_m423_b70_31.cnf,SAT,55643.86,55629.23,14.63,502,386
/home/richard/project/SAT_benchmark/SATLIB/CBS_k3_n100_m423_b70/CBS_k3_n100_m423_b70_295.cnf,SAT,31428.81,31418.40,10.40,287,239
/home/richard/project/SAT_benchmark/SATLIB/CBS_k3_n100_m423_b70/CBS_k3_n100_m423_b70_230.cnf,SAT,50041.29,50028.16,13.13,451,382
/home/richard/project/SAT_benchmark/SATLIB/CBS_k3_n100_m423_b70/CBS_k3_n100_m423_b70_313.cnf,SAT,31364.14,31351.18,12.95,284,221
/home/richard/project/SAT_benchmark/SATLIB/CBS_k3_n100_m423_b70/CBS_k3_n100_m423_b70_870.cnf,SAT,66942.88,66931.86,11.02,602,505
/home/richard/project/SAT_benchmark/SATLIB/CBS_k3_n100_m423_b70/CBS_k3_n100_m423_b70_587.cnf,SAT,69024.17,69011.03,13.13,620,509
/home/richard/project/SAT_benchmark/SATLIB/CBS_k3_n100_m423_b70/CBS_k3_n100_m423_b70_332.cnf,SAT,6886.60,6875.83,10.77,67,49
/home/richard/project/SAT_benchmark/SATLIB/CBS_k3_n100_m423_b70/CBS_k3_n100_m423_b70_288.cnf,SAT,32348.41,32335.73,12.68,290,231
/home/richard/project/SAT_benchmark/SATLIB/CBS_k3_n100_m423_b70/CBS_k3_n100_m423_b70_721.cnf,SAT,51371.69,51360.34,11.35,461,308
/home/richard/project/SAT_benchmark/SATLIB/CBS_k3_n100_m423_b70/CBS_k3_n100_m423_b70_865.cnf,SAT,125186.78,125171.70,15.08,1136,947
/home/richard/project/SAT_benchmark/SATLIB/CBS_k3_n100_m423_b70/CBS_k3_n100_m423_b70_927.cnf,SAT,44746.71,44734.93,11.78,407,349
/home/richard/project/SAT_benchmark/SATLIB/CBS_k3_n100_m423_b70/CBS_k3_n100_m423_b70_416.cnf,SAT,67846.02,67834.73,11.30,612,528
/home/richard/project/SAT_benchmark/SATLIB/CBS_k3_n100_m423_b70/CBS_k3_n100_m423_b70_869.cnf,SAT,99907.67,99893.85,13.82,905,721
/home/richard/project/SAT_benchmark/SATLIB/CBS_k3_n100_m423_b70/CBS_k3_n100_m423_b70_330.cnf,SAT,91022.33,91009.44,12.89,829,654
/home/richard/project/SAT_benchmark/SATLIB/CBS_k3_n100_m423_b70/CBS_k3_n100_m423_b70_54.cnf,SAT,31290.69,31280.03,10.66,286,246
/home/richard/project/SAT_benchmark/SATLIB/CBS_k3_n100_m423_b70/CBS_k3_n100_m423_b70_618.cnf,SAT,13628.31,13618.63,9.67,125,91
/home/richard/project/SAT_benchmark/SATLIB/CBS_k3_n100_m423_b70/CBS_k3_n100_m423_b70_609.cnf,SAT,97749.92,97736.66,13.26,887,751
/home/richard/project/SAT_benchmark/SATLIB/CBS_k3_n100_m423_b70/CBS_k3_n100_m423_b70_242.cnf,SAT,109826.85,109813.83,13.02,995,708
/home/richard/project/SAT_benchmark/SATLIB/CBS_k3_n100_m423_b70/CBS_k3_n100_m423_b70_566.cnf,SAT,87785.32,87770.80,14.52,795,581
/home/richard/project/SAT_benchmark/SATLIB/CBS_k3_n100_m423_b70/CBS_k3_n100_m423_b70_969.cnf,SAT,44679.15,44668.80,10.36,403,330
/home/richard/project/SAT_benchmark/SATLIB/CBS_k3_n100_m423_b70/CBS_k3_n100_m423_b70_518.cnf,SAT,62341.95,62329.47,12.49,569,448
/home/richard/project/SAT_benchmark/SATLIB/CBS_k3_n100_m423_b70/CBS_k3_n100_m423_b70_286.cnf,SAT,14817.11,14807.90,9.21,131,97
/home/richard/project/SAT_benchmark/SATLIB/CBS_k3_n100_m423_b70/CBS_k3_n100_m423_b70_493.cnf,SAT,28162.79,28152.82,9.97,251,203
/home/richard/project/SAT_benchmark/SATLIB/CBS_k3_n100_m423_b70/CBS_k3_n100_m423_b70_780.cnf,SAT,8125.80,8113.25,12.55,73,48
/home/richard/project/SAT_benchmark/SATLIB/CBS_k3_n100_m423_b70/CBS_k3_n100_m423_b70_709.cnf,SAT,82475.31,82463.30,12.01,740,535
/home/richard/project/SAT_benchmark/SATLIB/CBS_k3_n100_m423_b70/CBS_k3_n100_m423_b70_645.cnf,SAT,63235.63,63223.93,11.70,571,482
/home/richard/project/SAT_benchmark/SATLIB/CBS_k3_n100_m423_b70/CBS_k3_n100_m423_b70_813.cnf,SAT,87802.15,87788.53,13.63,794,660
/home/richard/project/SAT_benchmark/SATLIB/CBS_k3_n100_m423_b70/CBS_k3_n100_m423_b70_282.cnf,SAT,53354.64,53342.43,12.20,480,384
/home/richard/project/SAT_benchmark/SATLIB/CBS_k3_n100_m423_b70/CBS_k3_n100_m423_b70_710.cnf,SAT,56780.48,56768.83,11.65,517,453
/home/richard/project/SAT_benchmark/SATLIB/CBS_k3_n100_m423_b70/CBS_k3_n100_m423_b70_874.cnf,SAT,16857.72,16842.39,15.33,159,137
/home/richard/project/SAT_benchmark/SATLIB/CBS_k3_n100_m423_b70/CBS_k3_n100_m423_b70_6.cnf,SAT,27955.82,27946.48,9.34,258,198
/home/richard/project/SAT_benchmark/SATLIB/CBS_k3_n100_m423_b70/CBS_k3_n100_m423_b70_490.cnf,SAT,67211.31,67198.59,12.71,607,529
/home/richard/project/SAT_benchmark/SATLIB/CBS_k3_n100_m423_b70/CBS_k3_n100_m423_b70_307.cnf,SAT,70037.11,70024.05,13.06,637,532
/home/richard/project/SAT_benchmark/SATLIB/CBS_k3_n100_m423_b70/CBS_k3_n100_m423_b70_538.cnf,SAT,35737.69,35724.61,13.08,329,259
/home/richard/project/SAT_benchmark/SATLIB/CBS_k3_n100_m423_b70/CBS_k3_n100_m423_b70_103.cnf,SAT,7995.34,7986.65,8.69,76,59
/home/richard/project/SAT_benchmark/SATLIB/CBS_k3_n100_m423_b70/CBS_k3_n100_m423_b70_565.cnf,SAT,11322.25,11313.42,8.82,100,76
/home/richard/project/SAT_benchmark/SATLIB/CBS_k3_n100_m423_b70/CBS_k3_n100_m423_b70_607.cnf,SAT,106462.78,106446.85,15.93,960,757
/home/richard/project/SAT_benchmark/SATLIB/CBS_k3_n100_m423_b70/CBS_k3_n100_m423_b70_563.cnf,SAT,50216.01,50205.95,10.05,451,326
/home/richard/project/SAT_benchmark/SATLIB/CBS_k3_n100_m423_b70/CBS_k3_n100_m423_b70_540.cnf,SAT,146996.47,146980.54,15.93,1323,1046
/home/richard/project/SAT_benchmark/SATLIB/CBS_k3_n100_m423_b70/CBS_k3_n100_m423_b70_846.cnf,SAT,42253.04,42241.99,11.05,389,339
/home/richard/project/SAT_benchmark/SATLIB/CBS_k3_n100_m423_b70/CBS_k3_n100_m423_b70_873.cnf,SAT,27876.16,27866.76,9.40,259,209
/home/richard/project/SAT_benchmark/SATLIB/CBS_k3_n100_m423_b70/CBS_k3_n100_m423_b70_828.cnf,SAT,30199.33,30189.44,9.88,278,235
/home/richard/project/SAT_benchmark/SATLIB/CBS_k3_n100_m423_b70/CBS_k3_n100_m423_b70_720.cnf,SAT,13537.77,13526.41,11.36,129,95
/home/richard/project/SAT_benchmark/SATLIB/CBS_k3_n100_m423_b70/CBS_k3_n100_m423_b70_463.cnf,SAT,17975.55,17964.40,11.15,160,120
/home/richard/project/SAT_benchmark/SATLIB/CBS_k3_n100_m423_b70/CBS_k3_n100_m423_b70_89.cnf,SAT,31146.68,31136.25,10.43,289,214
/home/richard/project/SAT_benchmark/SATLIB/CBS_k3_n100_m423_b70/CBS_k3_n100_m423_b70_613.cnf,SAT,39025.46,39013.88,11.59,354,303
/home/richard/project/SAT_benchmark/SATLIB/CBS_k3_n100_m423_b70/CBS_k3_n100_m423_b70_728.cnf,SAT,74386.87,74375.04,11.83,671,521
/home/richard/project/SAT_benchmark/SATLIB/CBS_k3_n100_m423_b70/CBS_k3_n100_m423_b70_383.cnf,SAT,74090.69,74076.74,13.95,679,559
/home/richard/project/SAT_benchmark/SATLIB/CBS_k3_n100_m423_b70/CBS_k3_n100_m423_b70_755.cnf,SAT,35004.18,34992.34,11.84,315,263
/home/richard/project/SAT_benchmark/SATLIB/CBS_k3_n100_m423_b70/CBS_k3_n100_m423_b70_118.cnf,SAT,25672.58,25661.65,10.93,230,179
/home/richard/project/SAT_benchmark/SATLIB/CBS_k3_n100_m423_b70/CBS_k3_n100_m423_b70_740.cnf,SAT,113409.21,113394.79,14.42,1027,621
/home/richard/project/SAT_benchmark/SATLIB/CBS_k3_n100_m423_b70/CBS_k3_n100_m423_b70_558.cnf,SAT,106203.69,106190.90,12.79,967,684
/home/richard/project/SAT_benchmark/SATLIB/CBS_k3_n100_m423_b70/CBS_k3_n100_m423_b70_868.cnf,SAT,86343.34,86329.04,14.31,786,629
/home/richard/project/SAT_benchmark/SATLIB/CBS_k3_n100_m423_b70/CBS_k3_n100_m423_b70_262.cnf,SAT,36673.19,36662.03,11.16,335,270
/home/richard/project/SAT_benchmark/SATLIB/CBS_k3_n100_m423_b70/CBS_k3_n100_m423_b70_489.cnf,SAT,119263.38,119248.07,15.31,1082,931
/home/richard/project/SAT_benchmark/SATLIB/CBS_k3_n100_m423_b70/CBS_k3_n100_m423_b70_138.cnf,SAT,179896.19,179877.57,18.62,1630,1374
/home/richard/project/SAT_benchmark/SATLIB/CBS_k3_n100_m423_b70/CBS_k3_n100_m423_b70_23.cnf,SAT,85202.80,85190.74,12.05,772,578
/home/richard/project/SAT_benchmark/SATLIB/CBS_k3_n100_m423_b70/CBS_k3_n100_m423_b70_663.cnf,SAT,57570.28,57559.36,10.92,520,417
/home/richard/project/SAT_benchmark/SATLIB/CBS_k3_n100_m423_b70/CBS_k3_n100_m423_b70_455.cnf,SAT,35753.13,35742.60,10.53,320,259
/home/richard/project/SAT_benchmark/SATLIB/CBS_k3_n100_m423_b70/CBS_k3_n100_m423_b70_718.cnf,SAT,9075.55,9066.81,8.75,86,55
/home/richard/project/SAT_benchmark/SATLIB/CBS_k3_n100_m423_b70/CBS_k3_n100_m423_b70_785.cnf,SAT,4624.79,4615.30,9.49,42,22
/home/richard/project/SAT_benchmark/SATLIB/CBS_k3_n100_m423_b70/CBS_k3_n100_m423_b70_542.cnf,SAT,117455.28,117441.76,13.52,1061,832
/home/richard/project/SAT_benchmark/SATLIB/CBS_k3_n100_m423_b70/CBS_k3_n100_m423_b70_811.cnf,SAT,96752.92,96739.70,13.22,875,724
/home/richard/project/SAT_benchmark/SATLIB/CBS_k3_n100_m423_b70/CBS_k3_n100_m423_b70_972.cnf,SAT,131100.18,131084.86,15.32,1184,916
/home/richard/project/SAT_benchmark/SATLIB/CBS_k3_n100_m423_b70/CBS_k3_n100_m423_b70_591.cnf,SAT,63283.22,63270.12,13.10,570,470
/home/richard/project/SAT_benchmark/SATLIB/CBS_k3_n100_m423_b70/CBS_k3_n100_m423_b70_628.cnf,SAT,6855.65,6845.30,10.35,66,37
/home/richard/project/SAT_benchmark/SATLIB/CBS_k3_n100_m423_b70/CBS_k3_n100_m423_b70_669.cnf,SAT,41134.57,41122.38,12.19,379,321
/home/richard/project/SAT_benchmark/SATLIB/CBS_k3_n100_m423_b70/CBS_k3_n100_m423_b70_420.cnf,SAT,24591.52,24581.58,9.94,228,179
/home/richard/project/SAT_benchmark/SATLIB/CBS_k3_n100_m423_b70/CBS_k3_n100_m423_b70_899.cnf,SAT,130012.19,129996.14,16.06,1177,940
/home/richard/project/SAT_benchmark/SATLIB/CBS_k3_n100_m423_b70/CBS_k3_n100_m423_b70_934.cnf,SAT,65425.11,65410.06,15.06,592,508
/home/richard/project/SAT_benchmark/SATLIB/CBS_k3_n100_m423_b70/CBS_k3_n100_m423_b70_243.cnf,SAT,58919.06,58904.56,14.50,530,451
/home/richard/project/SAT_benchmark/SATLIB/CBS_k3_n100_m423_b70/CBS_k3_n100_m423_b70_779.cnf,SAT,73901.90,73889.82,12.08,679,559
/home/richard/project/SAT_benchmark/SATLIB/CBS_k3_n100_m423_b70/CBS_k3_n100_m423_b70_214.cnf,SAT,23563.65,23547.42,16.23,213,169
/home/richard/project/SAT_benchmark/SATLIB/CBS_k3_n100_m423_b70/CBS_k3_n100_m423_b70_637.cnf,SAT,4655.10,4645.58,9.53,41,23
/home/richard/project/SAT_benchmark/SATLIB/CBS_k3_n100_m423_b70/CBS_k3_n100_m423_b70_41.cnf,SAT,53313.51,53302.32,11.19,483,375
/home/richard/project/SAT_benchmark/SATLIB/CBS_k3_n100_m423_b70/CBS_k3_n100_m423_b70_423.cnf,SAT,165978.04,165960.43,17.61,1504,1181
/home/richard/project/SAT_benchmark/SATLIB/CBS_k3_n100_m423_b70/CBS_k3_n100_m423_b70_980.cnf,SAT,18995.40,18984.51,10.90,170,130
/home/richard/project/SAT_benchmark/SATLIB/CBS_k3_n100_m423_b70/CBS_k3_n100_m423_b70_122.cnf,SAT,116098.16,116084.14,14.02,1050,896
/home/richard/project/SAT_benchmark/SATLIB/CBS_k3_n100_m423_b70/CBS_k3_n100_m423_b70_335.cnf,SAT,14648.94,14638.88,10.06,130,98
/home/richard/project/SAT_benchmark/SATLIB/CBS_k3_n100_m423_b70/CBS_k3_n100_m423_b70_486.cnf,SAT,25826.35,25813.62,12.73,231,178
/home/richard/project/SAT_benchmark/SATLIB/CBS_k3_n100_m423_b70/CBS_k3_n100_m423_b70_159.cnf,SAT,13508.52,13497.31,11.21,129,92
/home/richard/project/SAT_benchmark/SATLIB/CBS_k3_n100_m423_b70/CBS_k3_n100_m423_b70_744.cnf,SAT,35589.68,35579.28,10.39,324,261
/home/richard/project/SAT_benchmark/SATLIB/CBS_k3_n100_m423_b70/CBS_k3_n100_m423_b70_707.cnf,SAT,16906.74,16896.53,10.20,152,122
/home/richard/project/SAT_benchmark/SATLIB/CBS_k3_n100_m423_b70/CBS_k3_n100_m423_b70_639.cnf,SAT,121150.65,121133.84,16.81,1092,893
/home/richard/project/SAT_benchmark/SATLIB/CBS_k3_n100_m423_b70/CBS_k3_n100_m423_b70_352.cnf,SAT,80964.18,80951.04,13.14,735,471
/home/richard/project/SAT_benchmark/SATLIB/CBS_k3_n100_m423_b70/CBS_k3_n100_m423_b70_32.cnf,SAT,107307.30,107292.93,14.36,971,704
/home/richard/project/SAT_benchmark/SATLIB/CBS_k3_n100_m423_b70/CBS_k3_n100_m423_b70_270.cnf,SAT,54627.16,54614.87,12.29,491,421
/home/richard/project/SAT_benchmark/SATLIB/CBS_k3_n100_m423_b70/CBS_k3_n100_m423_b70_989.cnf,SAT,49834.13,49820.48,13.64,453,381
/home/richard/project/SAT_benchmark/SATLIB/CBS_k3_n100_m423_b70/CBS_k3_n100_m423_b70_468.cnf,SAT,103989.43,103973.98,15.45,944,744
/home/richard/project/SAT_benchmark/SATLIB/CBS_k3_n100_m423_b70/CBS_k3_n100_m423_b70_887.cnf,SAT,35688.70,35676.93,11.77,325,244
/home/richard/project/SAT_benchmark/SATLIB/CBS_k3_n100_m423_b70/CBS_k3_n100_m423_b70_714.cnf,SAT,98470.10,98454.96,15.13,890,735
/home/richard/project/SAT_benchmark/SATLIB/CBS_k3_n100_m423_b70/CBS_k3_n100_m423_b70_775.cnf,SAT,96388.65,96376.09,12.56,870,456
/home/richard/project/SAT_benchmark/SATLIB/CBS_k3_n100_m423_b70/CBS_k3_n100_m423_b70_211.cnf,SAT,60386.30,60372.21,14.09,541,438
/home/richard/project/SAT_benchmark/SATLIB/CBS_k3_n100_m423_b70/CBS_k3_n100_m423_b70_584.cnf,SAT,166730.82,166712.63,18.19,1514,1268
/home/richard/project/SAT_benchmark/SATLIB/CBS_k3_n100_m423_b70/CBS_k3_n100_m423_b70_892.cnf,SAT,20247.46,20231.85,15.62,184,157
/home/richard/project/SAT_benchmark/SATLIB/CBS_k3_n100_m423_b70/CBS_k3_n100_m423_b70_85.cnf,SAT,19147.02,19137.49,9.53,178,146
/home/richard/project/SAT_benchmark/SATLIB/CBS_k3_n100_m423_b70/CBS_k3_n100_m423_b70_703.cnf,SAT,57596.25,57583.53,12.72,510,436
/home/richard/project/SAT_benchmark/SATLIB/CBS_k3_n100_m423_b70/CBS_k3_n100_m423_b70_76.cnf,SAT,150143.00,150124.90,18.09,1360,1168
/home/richard/project/SAT_benchmark/SATLIB/CBS_k3_n100_m423_b70/CBS_k3_n100_m423_b70_871.cnf,SAT,34595.52,34585.67,9.86,316,262
/home/richard/project/SAT_benchmark/SATLIB/CBS_k3_n100_m423_b70/CBS_k3_n100_m423_b70_444.cnf,SAT,12742.89,12734.17,8.72,116,83
/home/richard/project/SAT_benchmark/SATLIB/CBS_k3_n100_m423_b70/CBS_k3_n100_m423_b70_10.cnf,SAT,87612.01,87598.50,13.51,798,685
/home/richard/project/SAT_benchmark/SATLIB/CBS_k3_n100_m423_b70/CBS_k3_n100_m423_b70_777.cnf,SAT,50072.92,50062.40,10.52,451,379
/home/richard/project/SAT_benchmark/SATLIB/CBS_k3_n100_m423_b70/CBS_k3_n100_m423_b70_373.cnf,SAT,88705.72,88691.32,14.39,803,675
/home/richard/project/SAT_benchmark/SATLIB/CBS_k3_n100_m423_b70/CBS_k3_n100_m423_b70_983.cnf,SAT,30362.06,30351.98,10.08,278,234
/home/richard/project/SAT_benchmark/SATLIB/CBS_k3_n100_m423_b70/CBS_k3_n100_m423_b70_890.cnf,SAT,68642.50,68629.23,13.27,628,528
/home/richard/project/SAT_benchmark/SATLIB/CBS_k3_n100_m423_b70/CBS_k3_n100_m423_b70_514.cnf,SAT,22407.32,22391.81,15.51,204,172
/home/richard/project/SAT_benchmark/SATLIB/CBS_k3_n100_m423_b70/CBS_k3_n100_m423_b70_921.cnf,SAT,187159.85,187141.41,18.44,1697,1401
/home/richard/project/SAT_benchmark/SATLIB/CBS_k3_n100_m423_b70/CBS_k3_n100_m423_b70_812.cnf,SAT,76713.48,76698.54,14.94,695,592
/home/richard/project/SAT_benchmark/SATLIB/CBS_k3_n100_m423_b70/CBS_k3_n100_m423_b70_536.cnf,SAT,11301.88,11290.80,11.08,107,78
/home/richard/project/SAT_benchmark/SATLIB/CBS_k3_n100_m423_b70/CBS_k3_n100_m423_b70_930.cnf,SAT,34831.88,34821.07,10.81,310,255
/home/richard/project/SAT_benchmark/SATLIB/CBS_k3_n100_m423_b70/CBS_k3_n100_m423_b70_985.cnf,SAT,60053.40,60043.16,10.24,549,392
/home/richard/project/SAT_benchmark/SATLIB/CBS_k3_n100_m423_b70/CBS_k3_n100_m423_b70_928.cnf,SAT,121098.09,121083.87,14.22,1092,850
/home/richard/project/SAT_benchmark/SATLIB/CBS_k3_n100_m423_b70/CBS_k3_n100_m423_b70_715.cnf,SAT,12980.83,12970.28,10.55,111,94
/home/richard/project/SAT_benchmark/SATLIB/CBS_k3_n100_m423_b70/CBS_k3_n100_m423_b70_447.cnf,SAT,16865.89,16856.17,9.73,152,124
/home/richard/project/SAT_benchmark/SATLIB/CBS_k3_n100_m423_b70/CBS_k3_n100_m423_b70_465.cnf,SAT,91442.11,91428.42,13.69,825,718
/home/richard/project/SAT_benchmark/SATLIB/CBS_k3_n100_m423_b70/CBS_k3_n100_m423_b70_339.cnf,SAT,58655.84,58643.46,12.39,539,459
/home/richard/project/SAT_benchmark/SATLIB/CBS_k3_n100_m423_b70/CBS_k3_n100_m423_b70_836.cnf,SAT,29789.92,29777.72,12.20,261,212
/home/richard/project/SAT_benchmark/SATLIB/CBS_k3_n100_m423_b70/CBS_k3_n100_m423_b70_965.cnf,SAT,122625.50,122611.21,14.29,1117,873
/home/richard/project/SAT_benchmark/SATLIB/CBS_k3_n100_m423_b70/CBS_k3_n100_m423_b70_906.cnf,SAT,27959.68,27950.25,9.43,256,200
/home/richard/project/SAT_benchmark/SATLIB/CBS_k3_n100_m423_b70/CBS_k3_n100_m423_b70_377.cnf,SAT,53366.98,53353.60,13.38,482,410
/home/richard/project/SAT_benchmark/SATLIB/CBS_k3_n100_m423_b70/CBS_k3_n100_m423_b70_875.cnf,SAT,27935.26,27924.89,10.37,253,203
/home/richard/project/SAT_benchmark/SATLIB/CBS_k3_n100_m423_b70/CBS_k3_n100_m423_b70_301.cnf,SAT,118354.95,118339.48,15.47,1078,880
/home/richard/project/SAT_benchmark/SATLIB/CBS_k3_n100_m423_b70/CBS_k3_n100_m423_b70_79.cnf,SAT,37956.44,37943.38,13.05,347,292
/home/richard/project/SAT_benchmark/SATLIB/CBS_k3_n100_m423_b70/CBS_k3_n100_m423_b70_583.cnf,SAT,6823.20,6814.00,9.20,64,32
/home/richard/project/SAT_benchmark/SATLIB/CBS_k3_n100_m423_b70/CBS_k3_n100_m423_b70_604.cnf,SAT,57691.56,57680.92,10.63,526,422
/home/richard/project/SAT_benchmark/SATLIB/CBS_k3_n100_m423_b70/CBS_k3_n100_m423_b70_430.cnf,SAT,3682.86,3673.47,9.39,32,6
/home/richard/project/SAT_benchmark/SATLIB/CBS_k3_n100_m423_b70/CBS_k3_n100_m423_b70_546.cnf,SAT,54755.69,54743.31,12.38,495,420
/home/richard/project/SAT_benchmark/SATLIB/CBS_k3_n100_m423_b70/CBS_k3_n100_m423_b70_602.cnf,SAT,98488.94,98476.34,12.60,891,452
/home/richard/project/SAT_benchmark/SATLIB/CBS_k3_n100_m423_b70/CBS_k3_n100_m423_b70_904.cnf,SAT,66584.32,66571.92,12.41,600,515
/home/richard/project/SAT_benchmark/SATLIB/CBS_k3_n100_m423_b70/CBS_k3_n100_m423_b70_562.cnf,SAT,65350.67,65338.27,12.40,597,501
/home/richard/project/SAT_benchmark/SATLIB/CBS_k3_n100_m423_b70/CBS_k3_n100_m423_b70_112.cnf,SAT,24820.31,24810.82,9.49,229,180
/home/richard/project/SAT_benchmark/SATLIB/CBS_k3_n100_m423_b70/CBS_k3_n100_m423_b70_236.cnf,SAT,40421.48,40410.44,11.04,365,294
/home/richard/project/SAT_benchmark/SATLIB/CBS_k3_n100_m423_b70/CBS_k3_n100_m423_b70_254.cnf,SAT,76567.85,76553.12,14.73,691,563
/home/richard/project/SAT_benchmark/SATLIB/CBS_k3_n100_m423_b70/CBS_k3_n100_m423_b70_321.cnf,SAT,71439.56,71427.25,12.31,649,472
/home/richard/project/SAT_benchmark/SATLIB/CBS_k3_n100_m423_b70/CBS_k3_n100_m423_b70_109.cnf,SAT,39404.95,39392.81,12.13,358,306
/home/richard/project/SAT_benchmark/SATLIB/CBS_k3_n100_m423_b70/CBS_k3_n100_m423_b70_167.cnf,SAT,60879.58,60864.60,14.98,555,477
/home/richard/project/SAT_benchmark/SATLIB/CBS_k3_n100_m423_b70/CBS_k3_n100_m423_b70_956.cnf,SAT,15804.83,15794.44,10.40,141,116
/home/richard/project/SAT_benchmark/SATLIB/CBS_k3_n100_m423_b70/CBS_k3_n100_m423_b70_772.cnf,SAT,64629.54,64612.19,17.35,588,481
/home/richard/project/SAT_benchmark/SATLIB/CBS_k3_n100_m423_b70/CBS_k3_n100_m423_b70_217.cnf,SAT,54645.26,54635.53,9.74,496,394
/home/richard/project/SAT_benchmark/SATLIB/CBS_k3_n100_m423_b70/CBS_k3_n100_m423_b70_470.cnf,SAT,47662.90,47650.71,12.18,431,370
/home/richard/project/SAT_benchmark/SATLIB/CBS_k3_n100_m423_b70/CBS_k3_n100_m423_b70_877.cnf,SAT,65502.57,65491.26,11.31,592,451
/home/richard/project/SAT_benchmark/SATLIB/CBS_k3_n100_m423_b70/CBS_k3_n100_m423_b70_824.cnf,SAT,47741.86,47731.33,10.53,433,345
/home/richard/project/SAT_benchmark/SATLIB/CBS_k3_n100_m423_b70/CBS_k3_n100_m423_b70_216.cnf,SAT,64649.54,64638.05,11.49,587,478
/home/richard/project/SAT_benchmark/SATLIB/CBS_k3_n100_m423_b70/CBS_k3_n100_m423_b70_955.cnf,SAT,9068.69,9058.85,9.84,81,60
/home/richard/project/SAT_benchmark/SATLIB/CBS_k3_n100_m423_b70/CBS_k3_n100_m423_b70_858.cnf,SAT,68687.09,68675.73,11.36,622,474
/home/richard/project/SAT_benchmark/SATLIB/CBS_k3_n100_m423_b70/CBS_k3_n100_m423_b70_907.cnf,SAT,38902.02,38891.47,10.54,353,296
/home/richard/project/SAT_benchmark/SATLIB/CBS_k3_n100_m423_b70/CBS_k3_n100_m423_b70_351.cnf,SAT,28437.46,28425.86,11.60,259,216
/home/richard/project/SAT_benchmark/SATLIB/CBS_k3_n100_m423_b70/CBS_k3_n100_m423_b70_522.cnf,SAT,152760.75,152744.75,16.00,1386,1169
/home/richard/project/SAT_benchmark/SATLIB/CBS_k3_n100_m423_b70/CBS_k3_n100_m423_b70_754.cnf,SAT,66416.57,66405.19,11.38,602,501
/home/richard/project/SAT_benchmark/SATLIB/CBS_k3_n100_m423_b70/CBS_k3_n100_m423_b70_51.cnf,SAT,6914.40,6906.36,8.05,60,44
/home/richard/project/SAT_benchmark/SATLIB/CBS_k3_n100_m423_b70/CBS_k3_n100_m423_b70_935.cnf,SAT,160821.61,160805.92,15.69,1453,1112
/home/richard/project/SAT_benchmark/SATLIB/CBS_k3_n100_m423_b70/CBS_k3_n100_m423_b70_572.cnf,SAT,0.08,0.00,0.08,0,0
/home/richard/project/SAT_benchmark/SATLIB/CBS_k3_n100_m423_b70/CBS_k3_n100_m423_b70_843.cnf,SAT,71126.10,71112.72,13.38,640,546
/home/richard/project/SAT_benchmark/SATLIB/CBS_k3_n100_m423_b70/CBS_k3_n100_m423_b70_218.cnf,SAT,6870.08,6858.74,11.35,60,27
/home/richard/project/SAT_benchmark/SATLIB/CBS_k3_n100_m423_b70/CBS_k3_n100_m423_b70_149.cnf,SAT,73422.81,73411.00,11.81,664,570
/home/richard/project/SAT_benchmark/SATLIB/CBS_k3_n100_m423_b70/CBS_k3_n100_m423_b70_125.cnf,SAT,87429.12,87410.57,18.55,796,690
/home/richard/project/SAT_benchmark/SATLIB/CBS_k3_n100_m423_b70/CBS_k3_n100_m423_b70_801.cnf,SAT,26059.18,26046.74,12.43,233,189
/home/richard/project/SAT_benchmark/SATLIB/CBS_k3_n100_m423_b70/CBS_k3_n100_m423_b70_231.cnf,SAT,55619.29,55608.53,10.76,504,416
/home/richard/project/SAT_benchmark/SATLIB/CBS_k3_n100_m423_b70/CBS_k3_n100_m423_b70_374.cnf,SAT,58037.85,58025.30,12.55,529,410
/home/richard/project/SAT_benchmark/SATLIB/CBS_k3_n100_m423_b70/CBS_k3_n100_m423_b70_702.cnf,SAT,34518.67,34507.18,11.49,315,262
/home/richard/project/SAT_benchmark/SATLIB/CBS_k3_n100_m423_b70/CBS_k3_n100_m423_b70_818.cnf,SAT,136400.27,136386.11,14.17,1234,697
/home/richard/project/SAT_benchmark/SATLIB/CBS_k3_n100_m423_b70/CBS_k3_n100_m423_b70_913.cnf,SAT,18351.58,18338.20,13.38,163,128
/home/richard/project/SAT_benchmark/SATLIB/CBS_k3_n100_m423_b70/CBS_k3_n100_m423_b70_464.cnf,SAT,16881.62,16872.17,9.45,159,124
/home/richard/project/SAT_benchmark/SATLIB/CBS_k3_n100_m423_b70/CBS_k3_n100_m423_b70_488.cnf,SAT,2429.38,2414.18,15.21,20,3
/home/richard/project/SAT_benchmark/SATLIB/CBS_k3_n100_m423_b70/CBS_k3_n100_m423_b70_177.cnf,SAT,86688.75,86675.94,12.80,785,641
/home/richard/project/SAT_benchmark/SATLIB/CBS_k3_n100_m423_b70/CBS_k3_n100_m423_b70_442.cnf,SAT,90037.32,90024.73,12.59,810,672
/home/richard/project/SAT_benchmark/SATLIB/CBS_k3_n100_m423_b70/CBS_k3_n100_m423_b70_391.cnf,SAT,90301.31,90286.67,14.64,817,679
/home/richard/project/SAT_benchmark/SATLIB/CBS_k3_n100_m423_b70/CBS_k3_n100_m423_b70_197.cnf,SAT,95190.88,95178.28,12.60,861,687
/home/richard/project/SAT_benchmark/SATLIB/CBS_k3_n100_m423_b70/CBS_k3_n100_m423_b70_178.cnf,SAT,60154.99,60142.34,12.65,534,458
/home/richard/project/SAT_benchmark/SATLIB/CBS_k3_n100_m423_b70/CBS_k3_n100_m423_b70_96.cnf,SAT,86669.69,86656.95,12.74,744,634
/home/richard/project/SAT_benchmark/SATLIB/CBS_k3_n100_m423_b70/CBS_k3_n100_m423_b70_552.cnf,SAT,91050.01,91037.54,12.47,826,687
/home/richard/project/SAT_benchmark/SATLIB/CBS_k3_n100_m423_b70/CBS_k3_n100_m423_b70_206.cnf,SAT,50966.47,50956.10,10.37,450,385
/home/richard/project/SAT_benchmark/SATLIB/CBS_k3_n100_m423_b70/CBS_k3_n100_m423_b70_462.cnf,SAT,71209.51,71197.90,11.62,643,532
/home/richard/project/SAT_benchmark/SATLIB/CBS_k3_n100_m423_b70/CBS_k3_n100_m423_b70_209.cnf,SAT,63238.75,63221.52,17.22,579,426
/home/richard/project/SAT_benchmark/SATLIB/CBS_k3_n100_m423_b70/CBS_k3_n100_m423_b70_619.cnf,SAT,32456.47,32446.60,9.87,296,245
/home/richard/project/SAT_benchmark/SATLIB/CBS_k3_n100_m423_b70/CBS_k3_n100_m423_b70_466.cnf,SAT,65288.99,65277.20,11.79,597,496
/home/richard/project/SAT_benchmark/SATLIB/CBS_k3_n100_m423_b70/CBS_k3_n100_m423_b70_764.cnf,SAT,3592.21,3583.41,8.80,32,4
/home/richard/project/SAT_benchmark/SATLIB/CBS_k3_n100_m423_b70/CBS_k3_n100_m423_b70_786.cnf,SAT,38816.95,38806.80,10.15,352,308
/home/richard/project/SAT_benchmark/SATLIB/CBS_k3_n100_m423_b70/CBS_k3_n100_m423_b70_287.cnf,SAT,64621.93,64606.95,14.98,585,505
/home/richard/project/SAT_benchmark/SATLIB/CBS_k3_n100_m423_b70/CBS_k3_n100_m423_b70_883.cnf,SAT,65565.03,65553.16,11.87,598,521
/home/richard/project/SAT_benchmark/SATLIB/CBS_k3_n100_m423_b70/CBS_k3_n100_m423_b70_642.cnf,SAT,18174.30,18161.34,12.96,169,138
/home/richard/project/SAT_benchmark/SATLIB/CBS_k3_n100_m423_b70/CBS_k3_n100_m423_b70_483.cnf,SAT,118396.71,118381.83,14.89,1073,820
/home/richard/project/SAT_benchmark/SATLIB/CBS_k3_n100_m423_b70/CBS_k3_n100_m423_b70_304.cnf,SAT,4640.05,4631.10,8.94,41,23
/home/richard/project/SAT_benchmark/SATLIB/CBS_k3_n100_m423_b70/CBS_k3_n100_m423_b70_857.cnf,SAT,152551.48,152535.28,16.20,1385,1138
/home/richard/project/SAT_benchmark/SATLIB/CBS_k3_n100_m423_b70/CBS_k3_n100_m423_b70_156.cnf,SAT,36092.11,36078.56,13.54,323,270
/home/richard/project/SAT_benchmark/SATLIB/CBS_k3_n100_m423_b70/CBS_k3_n100_m423_b70_716.cnf,SAT,65428.22,65415.44,12.78,598,504
/home/richard/project/SAT_benchmark/SATLIB/CBS_k3_n100_m423_b70/CBS_k3_n100_m423_b70_573.cnf,SAT,57768.89,57754.22,14.67,525,447
/home/richard/project/SAT_benchmark/SATLIB/CBS_k3_n100_m423_b70/CBS_k3_n100_m423_b70_667.cnf,SAT,5786.50,5774.58,11.92,50,25
/home/richard/project/SAT_benchmark/SATLIB/CBS_k3_n100_m423_b70/CBS_k3_n100_m423_b70_240.cnf,SAT,85361.89,85348.31,13.57,773,638
/home/richard/project/SAT_benchmark/SATLIB/CBS_k3_n100_m423_b70/CBS_k3_n100_m423_b70_26.cnf,SAT,20095.28,20086.29,8.99,185,155
/home/richard/project/SAT_benchmark/SATLIB/CBS_k3_n100_m423_b70/CBS_k3_n100_m423_b70_471.cnf,SAT,23367.39,23355.17,12.22,218,176
/home/richard/project/SAT_benchmark/SATLIB/CBS_k3_n100_m423_b70/CBS_k3_n100_m423_b70_162.cnf,SAT,21256.54,21246.03,10.52,195,152
/home/richard/project/SAT_benchmark/SATLIB/CBS_k3_n100_m423_b70/CBS_k3_n100_m423_b70_747.cnf,SAT,30234.46,30223.50,10.96,272,234
/home/richard/project/SAT_benchmark/SATLIB/CBS_k3_n100_m423_b70/CBS_k3_n100_m423_b70_997.cnf,SAT,68875.60,68863.39,12.21,623,405
/home/richard/project/SAT_benchmark/SATLIB/CBS_k3_n100_m423_b70/CBS_k3_n100_m423_b70_341.cnf,SAT,41325.26,41311.40,13.86,379,323
/home/richard/project/SAT_benchmark/SATLIB/CBS_k3_n100_m423_b70/CBS_k3_n100_m423_b70_689.cnf,SAT,101437.26,101424.02,13.24,927,708
/home/richard/project/SAT_benchmark/SATLIB/CBS_k3_n100_m423_b70/CBS_k3_n100_m423_b70_792.cnf,SAT,36810.90,36800.33,10.57,334,289
/home/richard/project/SAT_benchmark/SATLIB/CBS_k3_n100_m423_b70/CBS_k3_n100_m423_b70_280.cnf,SAT,31169.37,31157.01,12.36,284,236
/home/richard/project/SAT_benchmark/SATLIB/CBS_k3_n100_m423_b70/CBS_k3_n100_m423_b70_778.cnf,SAT,48850.68,48839.67,11.01,447,371
/home/richard/project/SAT_benchmark/SATLIB/CBS_k3_n100_m423_b70/CBS_k3_n100_m423_b70_78.cnf,SAT,57969.26,57956.95,12.31,523,438
/home/richard/project/SAT_benchmark/SATLIB/CBS_k3_n100_m423_b70/CBS_k3_n100_m423_b70_269.cnf,SAT,38932.84,38921.40,11.44,355,286
/home/richard/project/SAT_benchmark/SATLIB/CBS_k3_n100_m423_b70/CBS_k3_n100_m423_b70_317.cnf,SAT,140202.42,140185.58,16.83,1275,1104
/home/richard/project/SAT_benchmark/SATLIB/CBS_k3_n100_m423_b70/CBS_k3_n100_m423_b70_19.cnf,SAT,132889.12,132873.56,15.56,1205,993
/home/richard/project/SAT_benchmark/SATLIB/CBS_k3_n100_m423_b70/CBS_k3_n100_m423_b70_161.cnf,SAT,68960.86,68947.41,13.46,625,539
/home/richard/project/SAT_benchmark/SATLIB/CBS_k3_n100_m423_b70/CBS_k3_n100_m423_b70_393.cnf,SAT,108775.76,108761.54,14.22,985,801
/home/richard/project/SAT_benchmark/SATLIB/CBS_k3_n100_m423_b70/CBS_k3_n100_m423_b70_599.cnf,SAT,83136.30,83117.56,18.74,753,635
/home/richard/project/SAT_benchmark/SATLIB/CBS_k3_n100_m423_b70/CBS_k3_n100_m423_b70_492.cnf,SAT,42549.22,42539.39,9.83,384,306
/home/richard/project/SAT_benchmark/SATLIB/CBS_k3_n100_m423_b70/CBS_k3_n100_m423_b70_922.cnf,SAT,141291.60,141276.96,14.63,1283,998
/home/richard/project/SAT_benchmark/SATLIB/CBS_k3_n100_m423_b70/CBS_k3_n100_m423_b70_739.cnf,SAT,74457.72,74444.51,13.21,676,578
/home/richard/project/SAT_benchmark/SATLIB/CBS_k3_n100_m423_b70/CBS_k3_n100_m423_b70_143.cnf,SAT,50407.36,50396.38,10.99,452,386
/home/richard/project/SAT_benchmark/SATLIB/CBS_k3_n100_m423_b70/CBS_k3_n100_m423_b70_208.cnf,SAT,10287.39,10278.69,8.71,92,68
/home/richard/project/SAT_benchmark/SATLIB/CBS_k3_n100_m423_b70/CBS_k3_n100_m423_b70_63.cnf,SAT,93345.41,93329.39,16.02,843,741
/home/richard/project/SAT_benchmark/SATLIB/CBS_k3_n100_m423_b70/CBS_k3_n100_m423_b70_661.cnf,SAT,31273.09,31263.95,9.14,282,213
/home/richard/project/SAT_benchmark/SATLIB/CBS_k3_n100_m423_b70/CBS_k3_n100_m423_b70_36.cnf,SAT,92663.10,92650.82,12.28,837,610
/home/richard/project/SAT_benchmark/SATLIB/CBS_k3_n100_m423_b70/CBS_k3_n100_m423_b70_635.cnf,SAT,29413.22,29403.37,9.86,262,212
/home/richard/project/SAT_benchmark/SATLIB/CBS_k3_n100_m423_b70/CBS_k3_n100_m423_b70_397.cnf,SAT,70848.07,70834.84,13.23,649,491
/home/richard/project/SAT_benchmark/SATLIB/CBS_k3_n100_m423_b70/CBS_k3_n100_m423_b70_597.cnf,SAT,53329.74,53319.36,10.38,487,384
/home/richard/project/SAT_benchmark/SATLIB/CBS_k3_n100_m423_b70/CBS_k3_n100_m423_b70_659.cnf,SAT,24660.45,24650.21,10.24,227,184
/home/richard/project/SAT_benchmark/SATLIB/CBS_k3_n100_m423_b70/CBS_k3_n100_m423_b70_44.cnf,SAT,31668.13,31657.72,10.42,286,245
/home/richard/project/SAT_benchmark/SATLIB/CBS_k3_n100_m423_b70/CBS_k3_n100_m423_b70_737.cnf,SAT,4955.13,4945.38,9.75,46,23
/home/richard/project/SAT_benchmark/SATLIB/CBS_k3_n100_m423_b70/CBS_k3_n100_m423_b70_794.cnf,SAT,16902.76,16891.19,11.57,153,122
/home/richard/project/SAT_benchmark/SATLIB/CBS_k3_n100_m423_b70/CBS_k3_n100_m423_b70_372.cnf,SAT,4614.04,4605.34,8.70,49,29
/home/richard/project/SAT_benchmark/SATLIB/CBS_k3_n100_m423_b70/CBS_k3_n100_m423_b70_648.cnf,SAT,14645.31,14635.71,9.60,130,95
/home/richard/project/SAT_benchmark/SATLIB/CBS_k3_n100_m423_b70/CBS_k3_n100_m423_b70_916.cnf,SAT,43905.58,43892.60,12.97,392,313
/home/richard/project/SAT_benchmark/SATLIB/CBS_k3_n100_m423_b70/CBS_k3_n100_m423_b70_8.cnf,SAT,112544.96,112531.26,13.70,1027,790
/home/richard/project/SAT_benchmark/SATLIB/CBS_k3_n100_m423_b70/CBS_k3_n100_m423_b70_344.cnf,SAT,13812.53,13801.26,11.27,122,96
/home/richard/project/SAT_benchmark/SATLIB/CBS_k3_n100_m423_b70/CBS_k3_n100_m423_b70_133.cnf,SAT,34690.65,34678.94,11.71,312,242
/home/richard/project/SAT_benchmark/SATLIB/CBS_k3_n100_m423_b70/CBS_k3_n100_m423_b70_571.cnf,SAT,18190.97,18181.68,9.29,168,119
/home/richard/project/SAT_benchmark/SATLIB/CBS_k3_n100_m423_b70/CBS_k3_n100_m423_b70_355.cnf,SAT,118772.29,118758.02,14.27,1071,863
/home/richard/project/SAT_benchmark/SATLIB/CBS_k3_n100_m423_b70/CBS_k3_n100_m423_b70_879.cnf,SAT,33431.18,33420.31,10.87,307,250
/home/richard/project/SAT_benchmark/SATLIB/CBS_k3_n100_m423_b70/CBS_k3_n100_m423_b70_205.cnf,SAT,53514.37,53503.47,10.89,484,404
/home/richard/project/SAT_benchmark/SATLIB/CBS_k3_n100_m423_b70/CBS_k3_n100_m423_b70_942.cnf,SAT,16001.42,15986.39,15.03,144,111
/home/richard/project/SAT_benchmark/SATLIB/CBS_k3_n100_m423_b70/CBS_k3_n100_m423_b70_893.cnf,SAT,97162.74,97149.65,13.09,881,752
/home/richard/project/SAT_benchmark/SATLIB/CBS_k3_n100_m423_b70/CBS_k3_n100_m423_b70_756.cnf,SAT,117646.48,117632.70,13.78,1066,861
/home/richard/project/SAT_benchmark/SATLIB/CBS_k3_n100_m423_b70/CBS_k3_n100_m423_b70_487.cnf,SAT,40735.02,40718.79,16.23,361,309
/home/richard/project/SAT_benchmark/SATLIB/CBS_k3_n100_m423_b70/CBS_k3_n100_m423_b70_950.cnf,SAT,150632.97,150618.33,14.64,1369,805
/home/richard/project/SAT_benchmark/SATLIB/CBS_k3_n100_m423_b70/CBS_k3_n100_m423_b70_903.cnf,SAT,54736.22,54724.43,11.79,493,410
/home/richard/project/SAT_benchmark/SATLIB/CBS_k3_n100_m423_b70/CBS_k3_n100_m423_b70_732.cnf,SAT,30044.35,30033.83,10.52,278,224
/home/richard/project/SAT_benchmark/SATLIB/CBS_k3_n100_m423_b70/CBS_k3_n100_m423_b70_700.cnf,SAT,10213.95,10204.62,9.33,90,64
/home/richard/project/SAT_benchmark/SATLIB/CBS_k3_n100_m423_b70/CBS_k3_n100_m423_b70_729.cnf,SAT,75401.98,75390.43,11.55,688,583
/home/richard/project/SAT_benchmark/SATLIB/CBS_k3_n100_m423_b70/CBS_k3_n100_m423_b70_154.cnf,SAT,160954.80,160938.18,16.62,1451,1208
/home/richard/project/SAT_benchmark/SATLIB/CBS_k3_n100_m423_b70/CBS_k3_n100_m423_b70_726.cnf,SAT,83578.95,83567.11,11.83,758,604
/home/richard/project/SAT_benchmark/SATLIB/CBS_k3_n100_m423_b70/CBS_k3_n100_m423_b70_404.cnf,SAT,23488.92,23474.76,14.16,218,183
/home/richard/project/SAT_benchmark/SATLIB/CBS_k3_n100_m423_b70/CBS_k3_n100_m423_b70_668.cnf,SAT,41441.09,41424.42,16.67,375,321
/home/richard/project/SAT_benchmark/SATLIB/CBS_k3_n100_m423_b70/CBS_k3_n100_m423_b70_429.cnf,SAT,62520.59,62507.70,12.89,564,478
/home/richard/project/SAT_benchmark/SATLIB/CBS_k3_n100_m423_b70/CBS_k3_n100_m423_b70_438.cnf,SAT,46890.31,46878.21,12.10,429,356
/home/richard/project/SAT_benchmark/SATLIB/CBS_k3_n100_m423_b70/CBS_k3_n100_m423_b70_532.cnf,SAT,82070.10,82057.82,12.28,740,643
/home/richard/project/SAT_benchmark/SATLIB/CBS_k3_n100_m423_b70/CBS_k3_n100_m423_b70_793.cnf,SAT,106243.72,106230.91,12.81,968,728
/home/richard/project/SAT_benchmark/SATLIB/CBS_k3_n100_m423_b70/CBS_k3_n100_m423_b70_16.cnf,SAT,44451.71,44440.59,11.12,400,289
/home/richard/project/SAT_benchmark/SATLIB/CBS_k3_n100_m423_b70/CBS_k3_n100_m423_b70_479.cnf,SAT,61508.18,61496.42,11.76,557,474
/home/richard/project/SAT_benchmark/SATLIB/CBS_k3_n100_m423_b70/CBS_k3_n100_m423_b70_207.cnf,SAT,55523.61,55511.57,12.04,502,404
/home/richard/project/SAT_benchmark/SATLIB/CBS_k3_n100_m423_b70/CBS_k3_n100_m423_b70_774.cnf,SAT,126922.83,126907.37,15.46,1144,825
/home/richard/project/SAT_benchmark/SATLIB/CBS_k3_n100_m423_b70/CBS_k3_n100_m423_b70_382.cnf,SAT,21591.41,21578.52,12.89,199,178
/home/richard/project/SAT_benchmark/SATLIB/CBS_k3_n100_m423_b70/CBS_k3_n100_m423_b70_550.cnf,SAT,46997.78,46986.81,10.98,425,358
/home/richard/project/SAT_benchmark/SATLIB/CBS_k3_n100_m423_b70/CBS_k3_n100_m423_b70_810.cnf,SAT,68155.08,68142.19,12.88,610,438
/home/richard/project/SAT_benchmark/SATLIB/CBS_k3_n100_m423_b70/CBS_k3_n100_m423_b70_957.cnf,SAT,30489.88,30473.34,16.54,274,225
/home/richard/project/SAT_benchmark/SATLIB/CBS_k3_n100_m423_b70/CBS_k3_n100_m423_b70_346.cnf,SAT,13654.53,13643.88,10.66,124,92
/home/richard/project/SAT_benchmark/SATLIB/CBS_k3_n100_m423_b70/CBS_k3_n100_m423_b70_725.cnf,SAT,50953.70,50940.03,13.67,463,376
/home/richard/project/SAT_benchmark/SATLIB/CBS_k3_n100_m423_b70/CBS_k3_n100_m423_b70_680.cnf,SAT,67833.64,67821.57,12.07,612,496
/home/richard/project/SAT_benchmark/SATLIB/CBS_k3_n100_m423_b70/CBS_k3_n100_m423_b70_72.cnf,SAT,106550.30,106534.79,15.52,961,753
/home/richard/project/SAT_benchmark/SATLIB/CBS_k3_n100_m423_b70/CBS_k3_n100_m423_b70_833.cnf,SAT,149021.92,149005.94,15.98,1340,1028
/home/richard/project/SAT_benchmark/SATLIB/CBS_k3_n100_m423_b70/CBS_k3_n100_m423_b70_767.cnf,SAT,16884.24,16873.98,10.26,151,121
/home/richard/project/SAT_benchmark/SATLIB/CBS_k3_n100_m423_b70/CBS_k3_n100_m423_b70_130.cnf,SAT,71052.55,71040.51,12.04,649,540
/home/richard/project/SAT_benchmark/SATLIB/CBS_k3_n100_m423_b70/CBS_k3_n100_m423_b70_20.cnf,SAT,86421.79,86407.32,14.47,781,602
/home/richard/project/SAT_benchmark/SATLIB/CBS_k3_n100_m423_b70/CBS_k3_n100_m423_b70_308.cnf,SAT,25839.89,25830.37,9.52,230,193
/home/richard/project/SAT_benchmark/SATLIB/CBS_k3_n100_m423_b70/CBS_k3_n100_m423_b70_539.cnf,SAT,37497.13,37481.90,15.22,339,275
/home/richard/project/SAT_benchmark/SATLIB/CBS_k3_n100_m423_b70/CBS_k3_n100_m423_b70_944.cnf,SAT,9107.99,9098.60,9.39,87,56
/home/richard/project/SAT_benchmark/SATLIB/CBS_k3_n100_m423_b70/CBS_k3_n100_m423_b70_437.cnf,SAT,182165.09,182146.74,18.35,1655,1326
/home/richard/project/SAT_benchmark/SATLIB/CBS_k3_n100_m423_b70/CBS_k3_n100_m423_b70_891.cnf,SAT,28043.69,28032.02,11.68,255,226
/home/richard/project/SAT_benchmark/SATLIB/CBS_k3_n100_m423_b70/CBS_k3_n100_m423_b70_446.cnf,SAT,36167.71,36156.47,11.24,321,159
/home/richard/project/SAT_benchmark/SATLIB/CBS_k3_n100_m423_b70/CBS_k3_n100_m423_b70_34.cnf,SAT,13525.43,13516.39,9.03,122,93
/home/richard/project/SAT_benchmark/SATLIB/CBS_k3_n100_m423_b70/CBS_k3_n100_m423_b70_662.cnf,SAT,225596.67,225579.54,17.13,2045,1206
/home/richard/project/SAT_benchmark/SATLIB/CBS_k3_n100_m423_b70/CBS_k3_n100_m423_b70_439.cnf,SAT,102213.99,102200.32,13.67,922,708
/home/richard/project/SAT_benchmark/SATLIB/CBS_k3_n100_m423_b70/CBS_k3_n100_m423_b70_515.cnf,SAT,83601.14,83587.14,14.00,756,616
/home/richard/project/SAT_benchmark/SATLIB/CBS_k3_n100_m423_b70/CBS_k3_n100_m423_b70_198.cnf,SAT,76548.90,76535.64,13.27,698,596
/home/richard/project/SAT_benchmark/SATLIB/CBS_k3_n100_m423_b70/CBS_k3_n100_m423_b70_278.cnf,SAT,17037.59,17028.72,8.87,159,119
/home/richard/project/SAT_benchmark/SATLIB/CBS_k3_n100_m423_b70/CBS_k3_n100_m423_b70_195.cnf,SAT,88735.71,88723.98,11.73,807,651
/home/richard/project/SAT_benchmark/SATLIB/CBS_k3_n100_m423_b70/CBS_k3_n100_m423_b70_998.cnf,SAT,20200.92,20191.91,9.01,189,148
/home/richard/project/SAT_benchmark/SATLIB/CBS_k3_n100_m423_b70/CBS_k3_n100_m423_b70_80.cnf,SAT,61050.05,61039.52,10.53,550,481
/home/richard/project/SAT_benchmark/SATLIB/CBS_k3_n100_m423_b70/CBS_k3_n100_m423_b70_601.cnf,SAT,60020.32,60008.02,12.30,544,499
/home/richard/project/SAT_benchmark/SATLIB/CBS_k3_n100_m423_b70/CBS_k3_n100_m423_b70_153.cnf,SAT,58810.98,58797.56,13.42,532,449
/home/richard/project/SAT_benchmark/SATLIB/CBS_k3_n100_m423_b70/CBS_k3_n100_m423_b70_491.cnf,SAT,29107.07,29097.25,9.82,262,217
/home/richard/project/SAT_benchmark/SATLIB/CBS_k3_n100_m423_b70/CBS_k3_n100_m423_b70_704.cnf,SAT,63159.01,63147.74,11.27,572,468
/home/richard/project/SAT_benchmark/SATLIB/CBS_k3_n100_m423_b70/CBS_k3_n100_m423_b70_974.cnf,SAT,66665.62,66654.16,11.46,609,522
/home/richard/project/SAT_benchmark/SATLIB/CBS_k3_n100_m423_b70/CBS_k3_n100_m423_b70_473.cnf,SAT,105071.75,105054.28,17.47,952,778
/home/richard/project/SAT_benchmark/SATLIB/CBS_k3_n100_m423_b70/CBS_k3_n100_m423_b70_276.cnf,SAT,83248.46,83235.85,12.62,750,633
/home/richard/project/SAT_benchmark/SATLIB/CBS_k3_n100_m423_b70/CBS_k3_n100_m423_b70_631.cnf,SAT,47810.46,47795.06,15.40,431,356
/home/richard/project/SAT_benchmark/SATLIB/CBS_k3_n100_m423_b70/CBS_k3_n100_m423_b70_763.cnf,SAT,77630.55,77617.50,13.04,705,479
/home/richard/project/SAT_benchmark/SATLIB/CBS_k3_n100_m423_b70/CBS_k3_n100_m423_b70_140.cnf,SAT,123878.49,123864.44,14.05,1121,795
/home/richard/project/SAT_benchmark/SATLIB/CBS_k3_n100_m423_b70/CBS_k3_n100_m423_b70_39.cnf,SAT,22439.43,22423.73,15.71,200,159
/home/richard/project/SAT_benchmark/SATLIB/CBS_k3_n100_m441_b50/CBS_k3_n100_m441_b50_634.cnf,SAT,38129.94,38116.37,13.57,348,285
/home/richard/project/SAT_benchmark/SATLIB/CBS_k3_n100_m441_b50/CBS_k3_n100_m441_b50_21.cnf,SAT,54972.75,54956.44,16.32,484,416
/home/richard/project/SAT_benchmark/SATLIB/CBS_k3_n100_m441_b50/CBS_k3_n100_m441_b50_862.cnf,SAT,29029.28,29013.25,16.04,257,214
/home/richard/project/SAT_benchmark/SATLIB/CBS_k3_n100_m441_b50/CBS_k3_n100_m441_b50_873.cnf,SAT,47397.81,47383.01,14.79,414,328
/home/richard/project/SAT_benchmark/SATLIB/CBS_k3_n100_m441_b50/CBS_k3_n100_m441_b50_908.cnf,SAT,76508.13,76495.54,12.59,695,484
/home/richard/project/SAT_benchmark/SATLIB/CBS_k3_n100_m441_b50/CBS_k3_n100_m441_b50_501.cnf,SAT,61024.22,61010.19,14.03,551,457
/home/richard/project/SAT_benchmark/SATLIB/CBS_k3_n100_m441_b50/CBS_k3_n100_m441_b50_17.cnf,SAT,12516.45,12503.79,12.66,118,83
/home/richard/project/SAT_benchmark/SATLIB/CBS_k3_n100_m441_b50/CBS_k3_n100_m441_b50_926.cnf,SAT,40136.17,40124.46,11.71,368,274
/home/richard/project/SAT_benchmark/SATLIB/CBS_k3_n100_m441_b50/CBS_k3_n100_m441_b50_458.cnf,SAT,33832.24,33815.62,16.63,306,239
/home/richard/project/SAT_benchmark/SATLIB/CBS_k3_n100_m441_b50/CBS_k3_n100_m441_b50_521.cnf,SAT,26770.67,26758.91,11.76,241,187
/home/richard/project/SAT_benchmark/SATLIB/CBS_k3_n100_m441_b50/CBS_k3_n100_m441_b50_989.cnf,SAT,33752.81,33740.53,12.28,306,260
/home/richard/project/SAT_benchmark/SATLIB/CBS_k3_n100_m441_b50/CBS_k3_n100_m441_b50_927.cnf,SAT,3534.78,3523.39,11.39,37,12
/home/richard/project/SAT_benchmark/SATLIB/CBS_k3_n100_m441_b50/CBS_k3_n100_m441_b50_778.cnf,SAT,16831.70,16818.25,13.45,159,129
/home/richard/project/SAT_benchmark/SATLIB/CBS_k3_n100_m441_b50/CBS_k3_n100_m441_b50_464.cnf,SAT,31203.08,31190.52,12.55,280,230
/home/richard/project/SAT_benchmark/SATLIB/CBS_k3_n100_m441_b50/CBS_k3_n100_m441_b50_379.cnf,SAT,17963.01,17951.66,11.35,165,124
/home/richard/project/SAT_benchmark/SATLIB/CBS_k3_n100_m441_b50/CBS_k3_n100_m441_b50_945.cnf,SAT,0.07,0.00,0.07,0,0
/home/richard/project/SAT_benchmark/SATLIB/CBS_k3_n100_m441_b50/CBS_k3_n100_m441_b50_421.cnf,SAT,46680.71,46667.48,13.23,427,345
/home/richard/project/SAT_benchmark/SATLIB/CBS_k3_n100_m441_b50/CBS_k3_n100_m441_b50_773.cnf,SAT,38965.26,38954.09,11.17,357,303
/home/richard/project/SAT_benchmark/SATLIB/CBS_k3_n100_m441_b50/CBS_k3_n100_m441_b50_550.cnf,SAT,4694.33,4680.69,13.64,46,25
/home/richard/project/SAT_benchmark/SATLIB/CBS_k3_n100_m441_b50/CBS_k3_n100_m441_b50_852.cnf,SAT,20244.58,20232.03,12.55,189,147
/home/richard/project/SAT_benchmark/SATLIB/CBS_k3_n100_m441_b50/CBS_k3_n100_m441_b50_357.cnf,SAT,37141.92,37130.81,11.11,332,270
/home/richard/project/SAT_benchmark/SATLIB/CBS_k3_n100_m441_b50/CBS_k3_n100_m441_b50_462.cnf,SAT,35608.68,35593.60,15.08,328,298
/home/richard/project/SAT_benchmark/SATLIB/CBS_k3_n100_m441_b50/CBS_k3_n100_m441_b50_771.cnf,SAT,54693.28,54676.54,16.75,499,414
/home/richard/project/SAT_benchmark/SATLIB/CBS_k3_n100_m441_b50/CBS_k3_n100_m441_b50_415.cnf,SAT,79099.38,79086.05,13.33,714,381
/home/richard/project/SAT_benchmark/SATLIB/CBS_k3_n100_m441_b50/CBS_k3_n100_m441_b50_898.cnf,SAT,56840.87,56828.77,12.11,519,433
/home/richard/project/SAT_benchmark/SATLIB/CBS_k3_n100_m441_b50/CBS_k3_n100_m441_b50_830.cnf,SAT,35868.14,35857.43,10.71,329,269
/home/richard/project/SAT_benchmark/SATLIB/CBS_k3_n100_m441_b50/CBS_k3_n100_m441_b50_277.cnf,SAT,9055.41,9040.16,15.25,85,64
/home/richard/project/SAT_benchmark/SATLIB/CBS_k3_n100_m441_b50/CBS_k3_n100_m441_b50_88.cnf,SAT,33788.33,33771.91,16.42,307,282
/home/richard/project/SAT_benchmark/SATLIB/CBS_k3_n100_m441_b50/CBS_k3_n100_m441_b50_128.cnf,SAT,46798.62,46786.96,11.66,426,367
/home/richard/project/SAT_benchmark/SATLIB/CBS_k3_n100_m441_b50/CBS_k3_n100_m441_b50_902.cnf,SAT,59134.64,59121.11,13.53,538,460
/home/richard/project/SAT_benchmark/SATLIB/CBS_k3_n100_m441_b50/CBS_k3_n100_m441_b50_241.cnf,SAT,95755.23,95738.79,16.44,867,673
/home/richard/project/SAT_benchmark/SATLIB/CBS_k3_n100_m441_b50/CBS_k3_n100_m441_b50_174.cnf,SAT,84724.21,84708.64,15.57,765,535
/home/richard/project/SAT_benchmark/SATLIB/CBS_k3_n100_m441_b50/CBS_k3_n100_m441_b50_49.cnf,SAT,170060.13,170040.87,19.26,1549,1161
/home/richard/project/SAT_benchmark/SATLIB/CBS_k3_n100_m441_b50/CBS_k3_n100_m441_b50_508.cnf,SAT,14817.08,14807.37,9.70,135,101
/home/richard/project/SAT_benchmark/SATLIB/CBS_k3_n100_m441_b50/CBS_k3_n100_m441_b50_796.cnf,SAT,54610.46,54597.76,12.70,492,338
/home/richard/project/SAT_benchmark/SATLIB/CBS_k3_n100_m441_b50/CBS_k3_n100_m441_b50_26.cnf,SAT,27320.38,27309.14,11.24,244,210
/home/richard/project/SAT_benchmark/SATLIB/CBS_k3_n100_m441_b50/CBS_k3_n100_m441_b50_203.cnf,SAT,35871.22,35860.19,11.03,326,255
/home/richard/project/SAT_benchmark/SATLIB/CBS_k3_n100_m441_b50/CBS_k3_n100_m441_b50_609.cnf,SAT,133384.16,133368.77,15.39,1208,779
/home/richard/project/SAT_benchmark/SATLIB/CBS_k3_n100_m441_b50/CBS_k3_n100_m441_b50_330.cnf,SAT,25665.06,25650.51,14.55,236,189
/home/richard/project/SAT_benchmark/SATLIB/CBS_k3_n100_m441_b50/CBS_k3_n100_m441_b50_304.cnf,SAT,80980.41,80966.11,14.30,730,626
/home/richard/project/SAT_benchmark/SATLIB/CBS_k3_n100_m441_b50/CBS_k3_n100_m441_b50_346.cnf,SAT,89845.71,89825.97,19.74,815,706
/home/richard/project/SAT_benchmark/SATLIB/CBS_k3_n100_m441_b50/CBS_k3_n100_m441_b50_712.cnf,SAT,75261.78,75246.13,15.66,683,604
/home/richard/project/SAT_benchmark/SATLIB/CBS_k3_n100_m441_b50/CBS_k3_n100_m441_b50_112.cnf,SAT,33816.96,33804.46,12.49,307,252
/home/richard/project/SAT_benchmark/SATLIB/CBS_k3_n100_m441_b50/CBS_k3_n100_m441_b50_225.cnf,SAT,8426.42,8411.31,15.11,75,56
/home/richard/project/SAT_benchmark/SATLIB/CBS_k3_n100_m441_b50/CBS_k3_n100_m441_b50_86.cnf,SAT,56697.91,56685.80,12.11,510,394
/home/richard/project/SAT_benchmark/SATLIB/CBS_k3_n100_m441_b50/CBS_k3_n100_m441_b50_701.cnf,SAT,77506.01,77491.47,14.54,700,471
/home/richard/project/SAT_benchmark/SATLIB/CBS_k3_n100_m441_b50/CBS_k3_n100_m441_b50_680.cnf,SAT,69035.27,69020.39,14.88,622,388
/home/richard/project/SAT_benchmark/SATLIB/CBS_k3_n100_m441_b50/CBS_k3_n100_m441_b50_480.cnf,SAT,63122.47,63107.61,14.87,571,491
/home/richard/project/SAT_benchmark/SATLIB/CBS_k3_n100_m441_b50/CBS_k3_n100_m441_b50_87.cnf,SAT,5043.60,5034.25,9.34,47,28
/home/richard/project/SAT_benchmark/SATLIB/CBS_k3_n100_m441_b50/CBS_k3_n100_m441_b50_160.cnf,SAT,23509.46,23495.48,13.97,219,181
/home/richard/project/SAT_benchmark/SATLIB/CBS_k3_n100_m441_b50/CBS_k3_n100_m441_b50_544.cnf,SAT,9075.19,9064.06,11.13,80,54
/home/richard/project/SAT_benchmark/SATLIB/CBS_k3_n100_m441_b50/CBS_k3_n100_m441_b50_990.cnf,SAT,65886.81,65868.58,18.23,592,513
/home/richard/project/SAT_benchmark/SATLIB/CBS_k3_n100_m441_b50/CBS_k3_n100_m441_b50_224.cnf,SAT,30145.74,30130.01,15.73,277,232
/home/richard/project/SAT_benchmark/SATLIB/CBS_k3_n100_m441_b50/CBS_k3_n100_m441_b50_702.cnf,SAT,9060.63,9045.39,15.24,84,58
/home/richard/project/SAT_benchmark/SATLIB/CBS_k3_n100_m441_b50/CBS_k3_n100_m441_b50_361.cnf,SAT,20462.44,20450.83,11.62,180,145
/home/richard/project/SAT_benchmark/SATLIB/CBS_k3_n100_m441_b50/CBS_k3_n100_m441_b50_168.cnf,SAT,98562.46,98544.95,17.51,897,611
/home/richard/project/SAT_benchmark/SATLIB/CBS_k3_n100_m441_b50/CBS_k3_n100_m441_b50_856.cnf,SAT,25351.80,25340.92,10.88,225,187
/home/richard/project/SAT_benchmark/SATLIB/CBS_k3_n100_m441_b50/CBS_k3_n100_m441_b50_813.cnf,SAT,36043.15,36032.26,10.90,323,257
/home/richard/project/SAT_benchmark/SATLIB/CBS_k3_n100_m441_b50/CBS_k3_n100_m441_b50_394.cnf,SAT,35635.64,35621.40,14.24,323,273
/home/richard/project/SAT_benchmark/SATLIB/CBS_k3_n100_m441_b50/CBS_k3_n100_m441_b50_75.cnf,SAT,76618.23,76601.75,16.48,695,603
/home/richard/project/SAT_benchmark/SATLIB/CBS_k3_n100_m441_b50/CBS_k3_n100_m441_b50_369.cnf,SAT,79803.52,79787.79,15.74,729,636
/home/richard/project/SAT_benchmark/SATLIB/CBS_k3_n100_m441_b50/CBS_k3_n100_m441_b50_5.cnf,SAT,101566.24,101550.07,16.17,929,803
/home/richard/project/SAT_benchmark/SATLIB/CBS_k3_n100_m441_b50/CBS_k3_n100_m441_b50_423.cnf,SAT,56670.52,56656.41,14.11,513,459
/home/richard/project/SAT_benchmark/SATLIB/CBS_k3_n100_m441_b50/CBS_k3_n100_m441_b50_385.cnf,SAT,19147.41,19134.17,13.24,170,127
/home/richard/project/SAT_benchmark/SATLIB/CBS_k3_n100_m441_b50/CBS_k3_n100_m441_b50_185.cnf,SAT,24645.71,24633.65,12.06,225,190
/home/richard/project/SAT_benchmark/SATLIB/CBS_k3_n100_m441_b50/CBS_k3_n100_m441_b50_768.cnf,SAT,15786.88,15776.77,10.11,141,88
/home/richard/project/SAT_benchmark/SATLIB/CBS_k3_n100_m441_b50/CBS_k3_n100_m441_b50_186.cnf,SAT,14933.84,14922.14,11.70,131,94
/home/richard/project/SAT_benchmark/SATLIB/CBS_k3_n100_m441_b50/CBS_k3_n100_m441_b50_626.cnf,SAT,11325.21,11314.15,11.06,102,73
/home/richard/project/SAT_benchmark/SATLIB/CBS_k3_n100_m441_b50/CBS_k3_n100_m441_b50_894.cnf,SAT,15723.65,15712.76,10.89,148,102
/home/richard/project/SAT_benchmark/SATLIB/CBS_k3_n100_m441_b50/CBS_k3_n100_m441_b50_809.cnf,SAT,44606.73,44595.12,11.62,406,336
/home/richard/project/SAT_benchmark/SATLIB/CBS_k3_n100_m441_b50/CBS_k3_n100_m441_b50_674.cnf,SAT,51348.74,51335.66,13.09,462,379
/home/richard/project/SAT_benchmark/SATLIB/CBS_k3_n100_m441_b50/CBS_k3_n100_m441_b50_819.cnf,SAT,61140.51,61127.41,13.10,554,481
/home/richard/project/SAT_benchmark/SATLIB/CBS_k3_n100_m441_b50/CBS_k3_n100_m441_b50_326.cnf,SAT,55905.00,55892.02,12.98,504,408
/home/richard/project/SAT_benchmark/SATLIB/CBS_k3_n100_m441_b50/CBS_k3_n100_m441_b50_4.cnf,SAT,59117.08,59104.64,12.44,537,453
/home/richard/project/SAT_benchmark/SATLIB/CBS_k3_n100_m441_b50/CBS_k3_n100_m441_b50_63.cnf,SAT,11557.99,11546.55,11.44,103,69
/home/richard/project/SAT_benchmark/SATLIB/CBS_k3_n100_m441_b50/CBS_k3_n100_m441_b50_554.cnf,SAT,36697.76,36684.54,13.22,339,271
/home/richard/project/SAT_benchmark/SATLIB/CBS_k3_n100_m441_b50/CBS_k3_n100_m441_b50_310.cnf,SAT,14925.05,14909.79,15.26,130,114
/home/richard/project/SAT_benchmark/SATLIB/CBS_k3_n100_m441_b50/CBS_k3_n100_m441_b50_913.cnf,SAT,40080.53,40069.46,11.07,361,279
/home/richard/project/SAT_benchmark/SATLIB/CBS_k3_n100_m441_b50/CBS_k3_n100_m441_b50_839.cnf,SAT,5782.81,5767.42,15.39,55,33
/home/richard/project/SAT_benchmark/SATLIB/CBS_k3_n100_m441_b50/CBS_k3_n100_m441_b50_383.cnf,SAT,66779.50,66766.98,12.52,602,497
/home/richard/project/SAT_benchmark/SATLIB/CBS_k3_n100_m441_b50/CBS_k3_n100_m441_b50_865.cnf,SAT,14598.22,14583.01,15.21,134,111
/home/richard/project/SAT_benchmark/SATLIB/CBS_k3_n100_m441_b50/CBS_k3_n100_m441_b50_930.cnf,SAT,9079.98,9066.82,13.16,85,54
/home/richard/project/SAT_benchmark/SATLIB/CBS_k3_n100_m441_b50/CBS_k3_n100_m441_b50_586.cnf,SAT,69232.46,69215.71,16.75,624,513
/home/richard/project/SAT_benchmark/SATLIB/CBS_k3_n100_m441_b50/CBS_k3_n100_m441_b50_420.cnf,SAT,17968.24,17956.29,11.95,162,117
/home/richard/project/SAT_benchmark/SATLIB/CBS_k3_n100_m441_b50/CBS_k3_n100_m441_b50_982.cnf,SAT,33501.38,33486.73,14.65,303,240
/home/richard/project/SAT_benchmark/SATLIB/CBS_k3_n100_m441_b50/CBS_k3_n100_m441_b50_708.cnf,SAT,112966.54,112950.97,15.57,1027,833
/home/richard/project/SAT_benchmark/SATLIB/CBS_k3_n100_m441_b50/CBS_k3_n100_m441_b50_978.cnf,SAT,20167.38,20151.77,15.61,180,142
/home/richard/project/SAT_benchmark/SATLIB/CBS_k3_n100_m441_b50/CBS_k3_n100_m441_b50_240.cnf,SAT,5775.14,5764.58,10.56,52,25
/home/richard/project/SAT_benchmark/SATLIB/CBS_k3_n100_m441_b50/CBS_k3_n100_m441_b50_887.cnf,SAT,12514.73,12502.09,12.65,110,87
/home/richard/project/SAT_benchmark/SATLIB/CBS_k3_n100_m441_b50/CBS_k3_n100_m441_b50_661.cnf,SAT,12718.46,12707.98,10.49,113,83
/home/richard/project/SAT_benchmark/SATLIB/CBS_k3_n100_m441_b50/CBS_k3_n100_m441_b50_933.cnf,SAT,77088.29,77071.95,16.35,695,489
/home/richard/project/SAT_benchmark/SATLIB/CBS_k3_n100_m441_b50/CBS_k3_n100_m441_b50_454.cnf,SAT,36763.92,36750.50,13.42,339,252
/home/richard/project/SAT_benchmark/SATLIB/CBS_k3_n100_m441_b50/CBS_k3_n100_m441_b50_994.cnf,SAT,65764.99,65748.19,16.80,591,493
/home/richard/project/SAT_benchmark/SATLIB/CBS_k3_n100_m441_b50/CBS_k3_n100_m441_b50_444.cnf,SAT,51419.95,51406.82,13.13,460,371
/home/richard/project/SAT_benchmark/SATLIB/CBS_k3_n100_m441_b50/CBS_k3_n100_m441_b50_967.cnf,SAT,32363.83,32351.54,12.29,297,238
/home/richard/project/SAT_benchmark/SATLIB/CBS_k3_n100_m441_b50/CBS_k3_n100_m441_b50_670.cnf,SAT,63137.47,63126.18,11.29,579,445
/home/richard/project/SAT_benchmark/SATLIB/CBS_k3_n100_m441_b50/CBS_k3_n100_m441_b50_917.cnf,SAT,27269.91,27259.39,10.52,243,193
/home/richard/project/SAT_benchmark/SATLIB/CBS_k3_n100_m441_b50/CBS_k3_n100_m441_b50_161.cnf,SAT,132167.19,132151.06,16.13,1196,888
/home/richard/project/SAT_benchmark/SATLIB/CBS_k3_n100_m441_b50/CBS_k3_n100_m441_b50_84.cnf,SAT,11330.28,11315.06,15.22,100,77
/home/richard/project/SAT_benchmark/SATLIB/CBS_k3_n100_m441_b50/CBS_k3_n100_m441_b50_688.cnf,SAT,35556.88,35540.68,16.20,321,267
/home/richard/project/SAT_benchmark/SATLIB/CBS_k3_n100_m441_b50/CBS_k3_n100_m441_b50_339.cnf,SAT,60498.67,60484.21,14.46,547,473
/home/richard/project/SAT_benchmark/SATLIB/CBS_k3_n100_m441_b50/CBS_k3_n100_m441_b50_539.cnf,SAT,40982.49,40965.93,16.56,373,317
/home/richard/project/SAT_benchmark/SATLIB/CBS_k3_n100_m441_b50/CBS_k3_n100_m441_b50_392.cnf,SAT,15156.68,15140.95,15.72,134,101
/home/richard/project/SAT_benchmark/SATLIB/CBS_k3_n100_m441_b50/CBS_k3_n100_m441_b50_132.cnf,SAT,69916.57,69898.88,17.69,636,551
/home/richard/project/SAT_benchmark/SATLIB/CBS_k3_n100_m441_b50/CBS_k3_n100_m441_b50_130.cnf,SAT,31163.91,31152.31,11.60,286,241
/home/richard/project/SAT_benchmark/SATLIB/CBS_k3_n100_m441_b50/CBS_k3_n100_m441_b50_461.cnf,SAT,18225.43,18211.73,13.70,163,132
/home/richard/project/SAT_benchmark/SATLIB/CBS_k3_n100_m441_b50/CBS_k3_n100_m441_b50_692.cnf,SAT,32431.56,32417.49,14.07,299,244
/home/richard/project/SAT_benchmark/SATLIB/CBS_k3_n100_m441_b50/CBS_k3_n100_m441_b50_14.cnf,SAT,12573.94,12561.59,12.35,115,84
/home/richard/project/SAT_benchmark/SATLIB/CBS_k3_n100_m441_b50/CBS_k3_n100_m441_b50_585.cnf,SAT,23613.08,23602.37,10.71,217,163
/home/richard/project/SAT_benchmark/SATLIB/CBS_k3_n100_m441_b50/CBS_k3_n100_m441_b50_582.cnf,SAT,56026.74,56012.30,14.44,500,406
/home/richard/project/SAT_benchmark/SATLIB/CBS_k3_n100_m441_b50/CBS_k3_n100_m441_b50_872.cnf,SAT,63177.13,63163.14,13.99,575,490
/home/richard/project/SAT_benchmark/SATLIB/CBS_k3_n100_m441_b50/CBS_k3_n100_m441_b50_859.cnf,SAT,10308.24,10293.33,14.91,92,54
/home/richard/project/SAT_benchmark/SATLIB/CBS_k3_n100_m441_b50/CBS_k3_n100_m441_b50_0.cnf,SAT,24945.28,24931.83,13.45,223,173
/home/richard/project/SAT_benchmark/SATLIB/CBS_k3_n100_m441_b50/CBS_k3_n100_m441_b50_935.cnf,SAT,43629.58,43615.75,13.83,394,335
/home/richard/project/SAT_benchmark/SATLIB/CBS_k3_n100_m441_b50/CBS_k3_n100_m441_b50_564.cnf,SAT,55565.44,55551.55,13.89,508,376
/home/richard/project/SAT_benchmark/SATLIB/CBS_k3_n100_m441_b50/CBS_k3_n100_m441_b50_120.cnf,SAT,17959.99,17948.49,11.50,164,122
/home/richard/project/SAT_benchmark/SATLIB/CBS_k3_n100_m441_b50/CBS_k3_n100_m441_b50_320.cnf,SAT,12471.11,12460.30,10.81,118,88
/home/richard/project/SAT_benchmark/SATLIB/CBS_k3_n100_m441_b50/CBS_k3_n100_m441_b50_118.cnf,SAT,59361.72,59348.91,12.81,530,405
/home/richard/project/SAT_benchmark/SATLIB/CBS_k3_n100_m441_b50/CBS_k3_n100_m441_b50_183.cnf,SAT,9158.30,9143.24,15.07,88,60
/home/richard/project/SAT_benchmark/SATLIB/CBS_k3_n100_m441_b50/CBS_k3_n100_m441_b50_316.cnf,SAT,22449.20,22438.59,10.61,202,153
/home/richard/project/SAT_benchmark/SATLIB/CBS_k3_n100_m441_b50/CBS_k3_n100_m441_b50_460.cnf,SAT,34382.65,34369.01,13.64,303,238
/home/richard/project/SAT_benchmark/SATLIB/CBS_k3_n100_m441_b50/CBS_k3_n100_m441_b50_43.cnf,SAT,6242.09,6230.87,11.23,57,28
/home/richard/project/SAT_benchmark/SATLIB/CBS_k3_n100_m441_b50/CBS_k3_n100_m441_b50_656.cnf,SAT,112008.01,111992.17,15.84,1019,800
/home/richard/project/SAT_benchmark/SATLIB/CBS_k3_n100_m441_b50/CBS_k3_n100_m441_b50_97.cnf,SAT,0.08,0.00,0.08,0,0
/home/richard/project/SAT_benchmark/SATLIB/CBS_k3_n100_m441_b50/CBS_k3_n100_m441_b50_760.cnf,SAT,43493.55,43476.87,16.68,394,340
/home/richard/project/SAT_benchmark/SATLIB/CBS_k3_n100_m441_b50/CBS_k3_n100_m441_b50_936.cnf,SAT,125716.91,125699.20,17.72,1134,956
/home/richard/project/SAT_benchmark/SATLIB/CBS_k3_n100_m441_b50/CBS_k3_n100_m441_b50_599.cnf,SAT,108615.89,108602.13,13.76,986,607
/home/richard/project/SAT_benchmark/SATLIB/CBS_k3_n100_m441_b50/CBS_k3_n100_m441_b50_166.cnf,SAT,4853.11,4840.16,12.95,48,20
/home/richard/project/SAT_benchmark/SATLIB/CBS_k3_n100_m441_b50/CBS_k3_n100_m441_b50_592.cnf,SAT,15728.08,15716.13,11.96,144,90
/home/richard/project/SAT_benchmark/SATLIB/CBS_k3_n100_m441_b50/CBS_k3_n100_m441_b50_145.cnf,SAT,10394.18,10380.03,14.16,92,68
/home/richard/project/SAT_benchmark/SATLIB/CBS_k3_n100_m441_b50/CBS_k3_n100_m441_b50_129.cnf,SAT,47331.25,47314.94,16.31,426,358
/home/richard/project/SAT_benchmark/SATLIB/CBS_k3_n100_m441_b50/CBS_k3_n100_m441_b50_860.cnf,SAT,21253.40,21242.81,10.58,194,165
/home/richard/project/SAT_benchmark/SATLIB/CBS_k3_n100_m441_b50/CBS_k3_n100_m441_b50_235.cnf,SAT,17992.45,17980.48,11.97,160,119
/home/richard/project/SAT_benchmark/SATLIB/CBS_k3_n100_m441_b50/CBS_k3_n100_m441_b50_517.cnf,SAT,18712.25,18700.44,11.82,164,130
/home/richard/project/SAT_benchmark/SATLIB/CBS_k3_n100_m441_b50/CBS_k3_n100_m441_b50_983.cnf,SAT,21335.23,21319.59,15.63,198,151
/home/richard/project/SAT_benchmark/SATLIB/CBS_k3_n100_m441_b50/CBS_k3_n100_m441_b50_65.cnf,SAT,12565.63,12556.17,9.46,112,89
/home/richard/project/SAT_benchmark/SATLIB/CBS_k3_n100_m441_b50/CBS_k3_n100_m441_b50_386.cnf,SAT,52475.68,52459.19,16.49,476,358
/home/richard/project/SAT_benchmark/SATLIB/CBS_k3_n100_m441_b50/CBS_k3_n100_m441_b50_640.cnf,SAT,17923.61,17912.18,11.43,165,132
/home/richard/project/SAT_benchmark/SATLIB/CBS_k3_n100_m441_b50/CBS_k3_n100_m441_b50_752.cnf,SAT,40367.78,40350.61,17.17,369,302
/home/richard/project/SAT_benchmark/SATLIB/CBS_k3_n100_m441_b50/CBS_k3_n100_m441_b50_954.cnf,SAT,80562.97,80550.16,12.81,730,454
/home/richard/project/SAT_benchmark/SATLIB/CBS_k3_n100_m441_b50/CBS_k3_n100_m441_b50_435.cnf,SAT,39136.55,39124.10,12.44,356,295
/home/richard/project/SAT_benchmark/SATLIB/CBS_k3_n100_m441_b50/CBS_k3_n100_m441_b50_767.cnf,SAT,40766.22,40754.23,11.98,360,254
/home/richard/project/SAT_benchmark/SATLIB/CBS_k3_n100_m441_b50/CBS_k3_n100_m441_b50_377.cnf,SAT,13497.58,13487.16,10.43,125,100
/home/richard/project/SAT_benchmark/SATLIB/CBS_k3_n100_m441_b50/CBS_k3_n100_m441_b50_37.cnf,SAT,13493.96,13479.28,14.68,122,103
/home/richard/project/SAT_benchmark/SATLIB/CBS_k3_n100_m441_b50/CBS_k3_n100_m441_b50_391.cnf,SAT,14777.78,14766.14,11.65,132,102
/home/richard/project/SAT_benchmark/SATLIB/CBS_k3_n100_m441_b50/CBS_k3_n100_m441_b50_105.cnf,SAT,73776.47,73760.58,15.89,660,524
/home/richard/project/SAT_benchmark/SATLIB/CBS_k3_n100_m441_b50/CBS_k3_n100_m441_b50_175.cnf,SAT,11266.75,11256.15,10.60,107,81
/home/richard/project/SAT_benchmark/SATLIB/CBS_k3_n100_m441_b50/CBS_k3_n100_m441_b50_549.cnf,SAT,75618.90,75602.67,16.23,682,593
/home/richard/project/SAT_benchmark/SATLIB/CBS_k3_n100_m441_b50/CBS_k3_n100_m441_b50_443.cnf,SAT,26854.98,26843.34,11.64,248,197
/home/richard/project/SAT_benchmark/SATLIB/CBS_k3_n100_m441_b50/CBS_k3_n100_m441_b50_716.cnf,SAT,25843.85,25832.50,11.35,231,184
/home/richard/project/SAT_benchmark/SATLIB/CBS_k3_n100_m441_b50/CBS_k3_n100_m441_b50_968.cnf,SAT,49284.18,49268.94,15.24,447,331
/home/richard/project/SAT_benchmark/SATLIB/CBS_k3_n100_m441_b50/CBS_k3_n100_m441_b50_414.cnf,SAT,40070.29,40057.94,12.34,360,279
/home/richard/project/SAT_benchmark/SATLIB/CBS_k3_n100_m441_b50/CBS_k3_n100_m441_b50_457.cnf,SAT,55772.40,55756.00,16.39,508,369
/home/richard/project/SAT_benchmark/SATLIB/CBS_k3_n100_m441_b50/CBS_k3_n100_m441_b50_452.cnf,SAT,3566.92,3554.73,12.20,33,13
/home/richard/project/SAT_benchmark/SATLIB/CBS_k3_n100_m441_b50/CBS_k3_n100_m441_b50_740.cnf,SAT,17275.27,17265.69,9.58,159,119
/home/richard/project/SAT_benchmark/SATLIB/CBS_k3_n100_m441_b50/CBS_k3_n100_m441_b50_606.cnf,SAT,58014.35,57999.25,15.10,525,444
/home/richard/project/SAT_benchmark/SATLIB/CBS_k3_n100_m441_b50/CBS_k3_n100_m441_b50_25.cnf,SAT,5859.54,5847.69,11.85,52,29
/home/richard/project/SAT_benchmark/SATLIB/CBS_k3_n100_m441_b50/CBS_k3_n100_m441_b50_565.cnf,SAT,8073.80,8060.18,13.63,71,56
/home/richard/project/SAT_benchmark/SATLIB/CBS_k3_n100_m441_b50/CBS_k3_n100_m441_b50_540.cnf,SAT,59216.44,59203.67,12.77,539,476
/home/richard/project/SAT_benchmark/SATLIB/CBS_k3_n100_m441_b50/CBS_k3_n100_m441_b50_64.cnf,SAT,199617.84,199597.41,20.43,1811,1510
/home/richard/project/SAT_benchmark/SATLIB/CBS_k3_n100_m441_b50/CBS_k3_n100_m441_b50_261.cnf,SAT,45565.36,45551.61,13.75,411,327
/home/richard/project/SAT_benchmark/SATLIB/CBS_k3_n100_m441_b50/CBS_k3_n100_m441_b50_529.cnf,SAT,6851.22,6838.85,12.36,65,30
/home/richard/project/SAT_benchmark/SATLIB/CBS_k3_n100_m441_b50/CBS_k3_n100_m441_b50_770.cnf,SAT,66775.46,66758.01,17.45,609,524
/home/richard/project/SAT_benchmark/SATLIB/CBS_k3_n100_m441_b50/CBS_k3_n100_m441_b50_340.cnf,SAT,65371.27,65354.74,16.53,593,500
/home/richard/project/SAT_benchmark/SATLIB/CBS_k3_n100_m441_b50/CBS_k3_n100_m441_b50_904.cnf,SAT,33392.01,33375.71,16.31,308,272
/home/richard/project/SAT_benchmark/SATLIB/CBS_k3_n100_m441_b50/CBS_k3_n100_m441_b50_173.cnf,SAT,31547.81,31537.46,10.35,283,230
/home/richard/project/SAT_benchmark/SATLIB/CBS_k3_n100_m441_b50/CBS_k3_n100_m441_b50_841.cnf,SAT,80975.00,80958.85,16.14,733,614
/home/richard/project/SAT_benchmark/SATLIB/CBS_k3_n100_m441_b50/CBS_k3_n100_m441_b50_362.cnf,SAT,36773.18,36762.04,11.14,339,267
/home/richard/project/SAT_benchmark/SATLIB/CBS_k3_n100_m441_b50/CBS_k3_n100_m441_b50_116.cnf,SAT,50496.00,50482.81,13.18,457,386
/home/richard/project/SAT_benchmark/SATLIB/CBS_k3_n100_m441_b50/CBS_k3_n100_m441_b50_135.cnf,SAT,13500.66,13485.22,15.44,126,94
/home/richard/project/SAT_benchmark/SATLIB/CBS_k3_n100_m441_b50/CBS_k3_n100_m441_b50_262.cnf,SAT,15931.51,15918.07,13.43,141,109
/home/richard/project/SAT_benchmark/SATLIB/CBS_k3_n100_m441_b50/CBS_k3_n100_m441_b50_653.cnf,SAT,42576.59,42559.77,16.82,386,335
/home/richard/project/SAT_benchmark/SATLIB/CBS_k3_n100_m441_b50/CBS_k3_n100_m441_b50_89.cnf,SAT,9067.62,9056.72,10.90,84,60
/home/richard/project/SAT_benchmark/SATLIB/CBS_k3_n100_m441_b50/CBS_k3_n100_m441_b50_979.cnf,SAT,26016.17,26003.41,12.75,233,183
/home/richard/project/SAT_benchmark/SATLIB/CBS_k3_n100_m441_b50/CBS_k3_n100_m441_b50_965.cnf,SAT,33382.42,33369.38,13.04,300,250
/home/richard/project/SAT_benchmark/SATLIB/CBS_k3_n100_m441_b50/CBS_k3_n100_m441_b50_433.cnf,SAT,140086.41,140069.79,16.62,1279,988
/home/richard/project/SAT_benchmark/SATLIB/CBS_k3_n100_m441_b50/CBS_k3_n100_m441_b50_355.cnf,SAT,13531.92,13521.93,9.99,127,95
/home/richard/project/SAT_benchmark/SATLIB/CBS_k3_n100_m441_b50/CBS_k3_n100_m441_b50_895.cnf,SAT,3606.94,3592.25,14.69,35,12
/home/richard/project/SAT_benchmark/SATLIB/CBS_k3_n100_m441_b50/CBS_k3_n100_m441_b50_747.cnf,SAT,48521.30,48507.24,14.06,431,376
/home/richard/project/SAT_benchmark/SATLIB/CBS_k3_n100_m441_b50/CBS_k3_n100_m441_b50_159.cnf,SAT,78968.82,78955.93,12.89,703,398
/home/richard/project/SAT_benchmark/SATLIB/CBS_k3_n100_m441_b50/CBS_k3_n100_m441_b50_949.cnf,SAT,15723.05,15713.79,9.26,147,115
/home/richard/project/SAT_benchmark/SATLIB/CBS_k3_n100_m441_b50/CBS_k3_n100_m441_b50_35.cnf,SAT,41374.56,41362.12,12.44,376,317
/home/richard/project/SAT_benchmark/SATLIB/CBS_k3_n100_m441_b50/CBS_k3_n100_m441_b50_374.cnf,SAT,28026.87,28013.36,13.50,258,216
/home/richard/project/SAT_benchmark/SATLIB/CBS_k3_n100_m441_b50/CBS_k3_n100_m441_b50_939.cnf,SAT,35783.94,35772.11,11.82,320,274
/home/richard/project/SAT_benchmark/SATLIB/CBS_k3_n100_m441_b50/CBS_k3_n100_m441_b50_206.cnf,SAT,10229.34,10220.00,9.34,98,66
/home/richard/project/SAT_benchmark/SATLIB/CBS_k3_n100_m441_b50/CBS_k3_n100_m441_b50_344.cnf,SAT,38914.89,38901.08,13.80,345,291
/home/richard/project/SAT_benchmark/SATLIB/CBS_k3_n100_m441_b50/CBS_k3_n100_m441_b50_669.cnf,SAT,23988.66,23975.72,12.94,199,158
/home/richard/project/SAT_benchmark/SATLIB/CBS_k3_n100_m441_b50/CBS_k3_n100_m441_b50_593.cnf,SAT,64955.54,64942.48,13.07,547,452
/home/richard/project/SAT_benchmark/SATLIB/CBS_k3_n100_m441_b50/CBS_k3_n100_m441_b50_761.cnf,SAT,31628.00,31612.29,15.71,271,238
/home/richard/project/SAT_benchmark/SATLIB/CBS_k3_n100_m441_b50/CBS_k3_n100_m441_b50_179.cnf,SAT,115442.36,115426.27,16.09,983,728
/home/richard/project/SAT_benchmark/SATLIB/CBS_k3_n100_m441_b50/CBS_k3_n100_m441_b50_215.cnf,SAT,7174.27,7164.19,10.09,62,43
/home/richard/project/SAT_benchmark/SATLIB/CBS_k3_n100_m441_b50/CBS_k3_n100_m441_b50_725.cnf,SAT,22143.84,22134.23,9.61,196,160
/home/richard/project/SAT_benchmark/SATLIB/CBS_k3_n100_m441_b50/CBS_k3_n100_m441_b50_302.cnf,SAT,9502.31,9492.68,9.63,82,67
/home/richard/project/SAT_benchmark/SATLIB/CBS_k3_n100_m441_b50/CBS_k3_n100_m441_b50_226.cnf,SAT,23399.32,23389.42,9.90,204,160
/home/richard/project/SAT_benchmark/SATLIB/CBS_k3_n100_m441_b50/CBS_k3_n100_m441_b50_577.cnf,SAT,101184.25,101168.88,15.38,859,464
/home/richard/project/SAT_benchmark/SATLIB/CBS_k3_n100_m441_b50/CBS_k3_n100_m441_b50_888.cnf,SAT,50712.34,50697.74,14.60,420,351
/home/richard/project/SAT_benchmark/SATLIB/CBS_k3_n100_m441_b50/CBS_k3_n100_m441_b50_490.cnf,SAT,152397.50,152381.55,15.95,1218,838
/home/richard/project/SAT_benchmark/SATLIB/CBS_k3_n100_m441_b50/CBS_k3_n100_m441_b50_365.cnf,SAT,49283.31,49266.08,17.23,393,326
/home/richard/project/SAT_benchmark/SATLIB/CBS_k3_n100_m441_b50/CBS_k3_n100_m441_b50_327.cnf,SAT,27690.55,27679.80,10.75,224,182
/home/richard/project/SAT_benchmark/SATLIB/CBS_k3_n100_m441_b50/CBS_k3_n100_m441_b50_910.cnf,SAT,24887.79,24874.65,13.15,198,148
/home/richard/project/SAT_benchmark/SATLIB/CBS_k3_n100_m441_b50/CBS_k3_n100_m441_b50_336.cnf,SAT,41641.78,41630.80,10.98,323,259
/home/richard/project/SAT_benchmark/SATLIB/CBS_k3_n100_m441_b50/CBS_k3_n100_m441_b50_44.cnf,SAT,82382.69,82369.51,13.18,651,452
/home/richard/project/SAT_benchmark/SATLIB/CBS_k3_n100_m441_b50/CBS_k3_n100_m441_b50_82.cnf,SAT,40328.66,40311.86,16.80,329,285
/home/richard/project/SAT_benchmark/SATLIB/CBS_k3_n100_m441_b50/CBS_k3_n100_m441_b50_500.cnf,SAT,10433.60,10417.91,15.69,84,58
/home/richard/project/SAT_benchmark/SATLIB/CBS_k3_n100_m441_b50/CBS_k3_n100_m441_b50_963.cnf,SAT,37123.67,37110.56,13.12,296,239
/home/richard/project/SAT_benchmark/SATLIB/CBS_k3_n100_m441_b50/CBS_k3_n100_m441_b50_274.cnf,SAT,10508.98,10496.10,12.88,87,56
/home/richard/project/SAT_benchmark/SATLIB/CBS_k3_n100_m441_b50/CBS_k3_n100_m441_b50_655.cnf,SAT,22768.56,22757.76,10.81,182,150
/home/richard/project/SAT_benchmark/SATLIB/CBS_k3_n100_m441_b50/CBS_k3_n100_m441_b50_230.cnf,SAT,53749.59,53736.05,13.55,439,392
/home/richard/project/SAT_benchmark/SATLIB/CBS_k3_n100_m441_b50/CBS_k3_n100_m441_b50_522.cnf,SAT,108599.64,108586.40,13.24,850,557
/home/richard/project/SAT_benchmark/SATLIB/CBS_k3_n100_m441_b50/CBS_k3_n100_m441_b50_127.cnf,SAT,36197.14,36185.25,11.89,287,250
/home/richard/project/SAT_benchmark/SATLIB/CBS_k3_n100_m441_b50/CBS_k3_n100_m441_b50_762.cnf,SAT,5290.17,5275.02,15.15,44,14
/home/richard/project/SAT_benchmark/SATLIB/CBS_k3_n100_m441_b50/CBS_k3_n100_m441_b50_710.cnf,SAT,33745.76,33734.53,11.23,263,214
/home/richard/project/SAT_benchmark/SATLIB/CBS_k3_n100_m441_b50/CBS_k3_n100_m441_b50_193.cnf,SAT,131021.26,131004.20,17.06,1039,824
/home/richard/project/SAT_benchmark/SATLIB/CBS_k3_n100_m441_b50/CBS_k3_n100_m441_b50_503.cnf,SAT,67229.98,67212.00,17.98,528,458
/home/richard/project/SAT_benchmark/SATLIB/CBS_k3_n100_m441_b50/CBS_k3_n100_m441_b50_535.cnf,SAT,16770.52,16758.06,12.47,138,119
/home/richard/project/SAT_benchmark/SATLIB/CBS_k3_n100_m441_b50/CBS_k3_n100_m441_b50_953.cnf,SAT,78150.30,78137.52,12.78,625,519
/home/richard/project/SAT_benchmark/SATLIB/CBS_k3_n100_m441_b50/CBS_k3_n100_m441_b50_619.cnf,SAT,126565.70,126550.89,14.81,1002,660
/home/richard/project/SAT_benchmark/SATLIB/CBS_k3_n100_m441_b50/CBS_k3_n100_m441_b50_719.cnf,SAT,54225.77,54211.18,14.59,435,375
/home/richard/project/SAT_benchmark/SATLIB/CBS_k3_n100_m441_b50/CBS_k3_n100_m441_b50_205.cnf,SAT,148940.24,148918.36,21.88,1162,946
/home/richard/project/SAT_benchmark/SATLIB/CBS_k3_n100_m441_b50/CBS_k3_n100_m441_b50_774.cnf,SAT,42905.62,42893.98,11.64,349,293
/home/richard/project/SAT_benchmark/SATLIB/CBS_k3_n100_m441_b50/CBS_k3_n100_m441_b50_61.cnf,SAT,20480.42,20465.64,14.78,164,134
/home/richard/project/SAT_benchmark/SATLIB/CBS_k3_n100_m441_b50/CBS_k3_n100_m441_b50_299.cnf,SAT,81005.13,80990.68,14.45,637,530
/home/richard/project/SAT_benchmark/SATLIB/CBS_k3_n100_m441_b50/CBS_k3_n100_m441_b50_806.cnf,SAT,25368.47,25355.84,12.63,206,167
/home/richard/project/SAT_benchmark/SATLIB/CBS_k3_n100_m441_b50/CBS_k3_n100_m441_b50_575.cnf,SAT,15297.98,15281.78,16.20,123,96
/home/richard/project/SAT_benchmark/SATLIB/CBS_k3_n100_m441_b50/CBS_k3_n100_m441_b50_980.cnf,SAT,12886.86,12876.46,10.40,103,59
/home/richard/project/SAT_benchmark/SATLIB/CBS_k3_n100_m441_b50/CBS_k3_n100_m441_b50_496.cnf,SAT,99098.45,99082.77,15.68,806,680
/home/richard/project/SAT_benchmark/SATLIB/CBS_k3_n100_m441_b50/CBS_k3_n100_m441_b50_584.cnf,SAT,18625.01,18615.58,9.43,151,118
/home/richard/project/SAT_benchmark/SATLIB/CBS_k3_n100_m441_b50/CBS_k3_n100_m441_b50_780.cnf,SAT,17436.76,17423.41,13.34,141,107
/home/richard/project/SAT_benchmark/SATLIB/CBS_k3_n100_m441_b50/CBS_k3_n100_m441_b50_114.cnf,SAT,56646.81,56634.42,12.39,465,303
/home/richard/project/SAT_benchmark/SATLIB/CBS_k3_n100_m441_b50/CBS_k3_n100_m441_b50_751.cnf,SAT,68322.28,68308.27,14.01,540,446
/home/richard/project/SAT_benchmark/SATLIB/CBS_k3_n100_m441_b50/CBS_k3_n100_m441_b50_148.cnf,SAT,12121.66,12106.92,14.75,98,64
/home/richard/project/SAT_benchmark/SATLIB/CBS_k3_n100_m441_b50/CBS_k3_n100_m441_b50_883.cnf,SAT,64853.92,64842.42,11.50,516,391
/home/richard/project/SAT_benchmark/SATLIB/CBS_k3_n100_m441_b50/CBS_k3_n100_m441_b50_799.cnf,SAT,42649.14,42635.40,13.74,334,275
/home/richard/project/SAT_benchmark/SATLIB/CBS_k3_n100_m441_b50/CBS_k3_n100_m441_b50_295.cnf,SAT,18019.16,18007.34,11.82,148,109
/home/richard/project/SAT_benchmark/SATLIB/CBS_k3_n100_m441_b50/CBS_k3_n100_m441_b50_613.cnf,SAT,41331.26,41314.94,16.33,328,276
/home/richard/project/SAT_benchmark/SATLIB/CBS_k3_n100_m441_b50/CBS_k3_n100_m441_b50_313.cnf,SAT,51504.08,51486.88,17.21,401,323
/home/richard/project/SAT_benchmark/SATLIB/CBS_k3_n100_m441_b50/CBS_k3_n100_m441_b50_134.cnf,SAT,82688.00,82671.35,16.66,655,552
/home/richard/project/SAT_benchmark/SATLIB/CBS_k3_n100_m441_b50/CBS_k3_n100_m441_b50_814.cnf,SAT,10491.74,10478.59,13.15,82,52
/home/richard/project/SAT_benchmark/SATLIB/CBS_k3_n100_m441_b50/CBS_k3_n100_m441_b50_214.cnf,SAT,49524.04,49511.97,12.07,391,340
/home/richard/project/SAT_benchmark/SATLIB/CBS_k3_n100_m441_b50/CBS_k3_n100_m441_b50_169.cnf,SAT,42320.04,42308.19,11.85,340,277
/home/richard/project/SAT_benchmark/SATLIB/CBS_k3_n100_m441_b50/CBS_k3_n100_m441_b50_555.cnf,SAT,87215.01,87200.35,14.65,702,593
/home/richard/project/SAT_benchmark/SATLIB/CBS_k3_n100_m441_b50/CBS_k3_n100_m441_b50_283.cnf,SAT,10159.85,10144.68,15.17,84,43
/home/richard/project/SAT_benchmark/SATLIB/CBS_k3_n100_m441_b50/CBS_k3_n100_m441_b50_543.cnf,SAT,56922.55,56910.32,12.24,469,398
/home/richard/project/SAT_benchmark/SATLIB/CBS_k3_n100_m441_b50/CBS_k3_n100_m441_b50_195.cnf,SAT,94239.46,94226.88,12.58,772,557
/home/richard/project/SAT_benchmark/SATLIB/CBS_k3_n100_m441_b50/CBS_k3_n100_m441_b50_614.cnf,SAT,45093.74,45082.17,11.58,360,292
/home/richard/project/SAT_benchmark/SATLIB/CBS_k3_n100_m441_b50/CBS_k3_n100_m441_b50_622.cnf,SAT,14968.09,14955.51,12.58,124,98
/home/richard/project/SAT_benchmark/SATLIB/CBS_k3_n100_m441_b50/CBS_k3_n100_m441_b50_45.cnf,SAT,76411.88,76394.82,17.06,617,528
/home/richard/project/SAT_benchmark/SATLIB/CBS_k3_n100_m441_b50/CBS_k3_n100_m441_b50_536.cnf,SAT,54353.47,54340.90,12.57,431,340
/home/richard/project/SAT_benchmark/SATLIB/CBS_k3_n100_m441_b50/CBS_k3_n100_m441_b50_6.cnf,SAT,6378.67,6365.64,13.03,54,29
/home/richard/project/SAT_benchmark/SATLIB/CBS_k3_n100_m441_b50/CBS_k3_n100_m441_b50_425.cnf,SAT,19892.65,19881.52,11.13,161,123
/home/richard/project/SAT_benchmark/SATLIB/CBS_k3_n100_m441_b50/CBS_k3_n100_m441_b50_401.cnf,SAT,8767.17,8752.65,14.53,72,48
/home/richard/project/SAT_benchmark/SATLIB/CBS_k3_n100_m441_b50/CBS_k3_n100_m441_b50_524.cnf,SAT,79540.99,79527.12,13.87,644,533
/home/richard/project/SAT_benchmark/SATLIB/CBS_k3_n100_m441_b50/CBS_k3_n100_m441_b50_445.cnf,SAT,62728.08,62712.66,15.41,507,417
/home/richard/project/SAT_benchmark/SATLIB/CBS_k3_n100_m441_b50/CBS_k3_n100_m441_b50_959.cnf,SAT,19759.46,19746.06,13.40,161,113
/home/richard/project/SAT_benchmark/SATLIB/CBS_k3_n100_m441_b50/CBS_k3_n100_m441_b50_772.cnf,SAT,114434.14,114417.21,16.93,917,651
/home/richard/project/SAT_benchmark/SATLIB/CBS_k3_n100_m441_b50/CBS_k3_n100_m441_b50_12.cnf,SAT,86480.01,86466.15,13.86,689,527
/home/richard/project/SAT_benchmark/SATLIB/CBS_k3_n100_m441_b50/CBS_k3_n100_m441_b50_136.cnf,SAT,77874.79,77862.62,12.16,614,491
/home/richard/project/SAT_benchmark/SATLIB/CBS_k3_n100_m441_b50/CBS_k3_n100_m441_b50_429.cnf,SAT,80965.12,80949.90,15.22,655,559
/home/richard/project/SAT_benchmark/SATLIB/CBS_k3_n100_m441_b50/CBS_k3_n100_m441_b50_937.cnf,SAT,31573.03,31561.31,11.72,246,202
/home/richard/project/SAT_benchmark/SATLIB/CBS_k3_n100_m441_b50/CBS_k3_n100_m441_b50_292.cnf,SAT,16772.65,16757.10,15.56,138,108
/home/richard/project/SAT_benchmark/SATLIB/CBS_k3_n100_m441_b50/CBS_k3_n100_m441_b50_672.cnf,SAT,13036.88,13023.72,13.16,101,82
/home/richard/project/SAT_benchmark/SATLIB/CBS_k3_n100_m441_b50/CBS_k3_n100_m441_b50_76.cnf,SAT,7839.76,7828.14,11.62,63,41
/home/richard/project/SAT_benchmark/SATLIB/CBS_k3_n100_m441_b50/CBS_k3_n100_m441_b50_309.cnf,SAT,23124.03,23110.24,13.79,189,160
/home/richard/project/SAT_benchmark/SATLIB/CBS_k3_n100_m441_b50/CBS_k3_n100_m441_b50_950.cnf,SAT,2889.58,2879.80,9.77,29,6
/home/richard/project/SAT_benchmark/SATLIB/CBS_k3_n100_m441_b50/CBS_k3_n100_m441_b50_943.cnf,SAT,52715.04,52699.02,16.02,418,350
/home/richard/project/SAT_benchmark/SATLIB/CBS_k3_n100_m441_b50/CBS_k3_n100_m441_b50_850.cnf,SAT,46295.82,46279.15,16.68,369,299
/home/richard/project/SAT_benchmark/SATLIB/CBS_k3_n100_m441_b50/CBS_k3_n100_m441_b50_964.cnf,SAT,79146.68,79134.27,12.41,622,476
/home/richard/project/SAT_benchmark/SATLIB/CBS_k3_n100_m441_b50/CBS_k3_n100_m441_b50_615.cnf,SAT,96368.59,96350.71,17.87,751,566
/home/richard/project/SAT_benchmark/SATLIB/CBS_k3_n100_m441_b50/CBS_k3_n100_m441_b50_471.cnf,SAT,52347.96,52333.64,14.32,442,367
/home/richard/project/SAT_benchmark/SATLIB/CBS_k3_n100_m441_b50/CBS_k3_n100_m441_b50_314.cnf,SAT,62782.12,62769.27,12.84,551,462
/home/richard/project/SAT_benchmark/SATLIB/CBS_k3_n100_m441_b50/CBS_k3_n100_m441_b50_644.cnf,SAT,105366.57,105350.34,16.23,929,810
/home/richard/project/SAT_benchmark/SATLIB/CBS_k3_n100_m441_b50/CBS_k3_n100_m441_b50_289.cnf,SAT,17794.33,17783.62,10.70,158,119
/home/richard/project/SAT_benchmark/SATLIB/CBS_k3_n100_m441_b50/CBS_k3_n100_m441_b50_306.cnf,SAT,23158.27,23144.29,13.98,203,160
/home/richard/project/SAT_benchmark/SATLIB/CBS_k3_n100_m441_b50/CBS_k3_n100_m441_b50_318.cnf,SAT,29822.34,29808.72,13.63,263,224
/home/richard/project/SAT_benchmark/SATLIB/CBS_k3_n100_m441_b50/CBS_k3_n100_m441_b50_707.cnf,SAT,12892.12,12882.34,9.78,115,77
/home/richard/project/SAT_benchmark/SATLIB/CBS_k3_n100_m441_b50/CBS_k3_n100_m441_b50_570.cnf,SAT,29520.44,29508.72,11.72,250,193
/home/richard/project/SAT_benchmark/SATLIB/CBS_k3_n100_m441_b50/CBS_k3_n100_m441_b50_602.cnf,SAT,68584.54,68571.06,13.48,623,534
/home/richard/project/SAT_benchmark/SATLIB/CBS_k3_n100_m441_b50/CBS_k3_n100_m441_b50_165.cnf,SAT,96756.70,96743.06,13.63,879,714
/home/richard/project/SAT_benchmark/SATLIB/CBS_k3_n100_m441_b50/CBS_k3_n100_m441_b50_488.cnf,SAT,50069.65,50057.08,12.57,458,319
/home/richard/project/SAT_benchmark/SATLIB/CBS_k3_n100_m441_b50/CBS_k3_n100_m441_b50_329.cnf,SAT,2587.29,2576.46,10.84,29,8
/home/richard/project/SAT_benchmark/SATLIB/CBS_k3_n100_m441_b50/CBS_k3_n100_m441_b50_293.cnf,SAT,16813.25,16798.05,15.20,158,125
/home/richard/project/SAT_benchmark/SATLIB/CBS_k3_n100_m441_b50/CBS_k3_n100_m441_b50_826.cnf,SAT,60241.50,60222.78,18.72,544,478
/home/richard/project/SAT_benchmark/SATLIB/CBS_k3_n100_m441_b50/CBS_k3_n100_m441_b50_600.cnf,SAT,75711.16,75698.99,12.17,688,573
/home/richard/project/SAT_benchmark/SATLIB/CBS_k3_n100_m441_b50/CBS_k3_n100_m441_b50_587.cnf,SAT,33232.27,33221.13,11.14,305,196
/home/richard/project/SAT_benchmark/SATLIB/CBS_k3_n100_m441_b50/CBS_k3_n100_m441_b50_486.cnf,SAT,33655.78,33643.16,12.62,303,227
/home/richard/project/SAT_benchmark/SATLIB/CBS_k3_n100_m441_b50/CBS_k3_n100_m441_b50_671.cnf,SAT,48979.43,48966.75,12.68,449,354
/home/richard/project/SAT_benchmark/SATLIB/CBS_k3_n100_m441_b50/CBS_k3_n100_m441_b50_52.cnf,SAT,43474.54,43460.83,13.72,397,337
/home/richard/project/SAT_benchmark/SATLIB/CBS_k3_n100_m441_b50/CBS_k3_n100_m441_b50_938.cnf,SAT,55652.15,55640.03,12.12,500,399
/home/richard/project/SAT_benchmark/SATLIB/CBS_k3_n100_m441_b50/CBS_k3_n100_m441_b50_155.cnf,SAT,19192.44,19182.01,10.43,173,136
/home/richard/project/SAT_benchmark/SATLIB/CBS_k3_n100_m441_b50/CBS_k3_n100_m441_b50_569.cnf,SAT,52357.27,52344.23,13.04,472,373
/home/richard/project/SAT_benchmark/SATLIB/CBS_k3_n100_m441_b50/CBS_k3_n100_m441_b50_341.cnf,SAT,17840.28,17830.47,9.81,167,116
/home/richard/project/SAT_benchmark/SATLIB/CBS_k3_n100_m441_b50/CBS_k3_n100_m441_b50_846.cnf,SAT,45595.68,45581.68,14.00,415,344
/home/richard/project/SAT_benchmark/SATLIB/CBS_k3_n100_m441_b50/CBS_k3_n100_m441_b50_80.cnf,SAT,22556.82,22543.69,13.13,201,161
/home/richard/project/SAT_benchmark/SATLIB/CBS_k3_n100_m441_b50/CBS_k3_n100_m441_b50_126.cnf,SAT,36889.78,36878.73,11.06,330,233
/home/richard/project/SAT_benchmark/SATLIB/CBS_k3_n100_m441_b50/CBS_k3_n100_m441_b50_468.cnf,SAT,114947.89,114933.75,14.14,1045,757
/home/richard/project/SAT_benchmark/SATLIB/CBS_k3_n100_m441_b50/CBS_k3_n100_m441_b50_323.cnf,SAT,98536.66,98520.74,15.92,895,710
/home/richard/project/SAT_benchmark/SATLIB/CBS_k3_n100_m441_b50/CBS_k3_n100_m441_b50_397.cnf,SAT,155684.43,155666.21,18.23,1414,983
/home/richard/project/SAT_benchmark/SATLIB/CBS_k3_n100_m441_b50/CBS_k3_n100_m441_b50_418.cnf,SAT,15898.58,15886.17,12.42,143,104
/home/richard/project/SAT_benchmark/SATLIB/CBS_k3_n100_m441_b50/CBS_k3_n100_m441_b50_33.cnf,SAT,22485.32,22474.21,11.11,206,168
/home/richard/project/SAT_benchmark/SATLIB/CBS_k3_n100_m441_b50/CBS_k3_n100_m441_b50_681.cnf,SAT,39131.13,39116.85,14.28,356,291
/home/richard/project/SAT_benchmark/SATLIB/CBS_k3_n100_m441_b50/CBS_k3_n100_m441_b50_610.cnf,SAT,114846.33,114825.40,20.93,1046,822
/home/richard/project/SAT_benchmark/SATLIB/CBS_k3_n100_m441_b50/CBS_k3_n100_m441_b50_748.cnf,SAT,27746.86,27737.28,9.58,253,204
/home/richard/project/SAT_benchmark/SATLIB/CBS_k3_n100_m441_b50/CBS_k3_n100_m441_b50_515.cnf,SAT,70068.56,70055.12,13.45,637,535
/home/richard/project/SAT_benchmark/SATLIB/CBS_k3_n100_m441_b50/CBS_k3_n100_m441_b50_559.cnf,SAT,13783.26,13771.37,11.89,122,105
/home/richard/project/SAT_benchmark/SATLIB/CBS_k3_n100_m441_b50/CBS_k3_n100_m441_b50_9.cnf,SAT,26874.17,26861.34,12.83,245,204
/home/richard/project/SAT_benchmark/SATLIB/CBS_k3_n100_m441_b50/CBS_k3_n100_m441_b50_828.cnf,SAT,36784.53,36768.63,15.90,333,260
/home/richard/project/SAT_benchmark/SATLIB/CBS_k3_n100_m441_b50/CBS_k3_n100_m441_b50_331.cnf,SAT,141322.47,141304.45,18.03,1288,993
/home/richard/project/SAT_benchmark/SATLIB/CBS_k3_n100_m441_b50/CBS_k3_n100_m441_b50_287.cnf,SAT,9268.82,9253.70,15.13,85,68
/home/richard/project/SAT_benchmark/SATLIB/CBS_k3_n100_m441_b50/CBS_k3_n100_m441_b50_588.cnf,SAT,71920.83,71906.47,14.36,653,561
/home/richard/project/SAT_benchmark/SATLIB/CBS_k3_n100_m441_b50/CBS_k3_n100_m441_b50_729.cnf,SAT,3663.82,3651.49,12.33,30,8
/home/richard/project/SAT_benchmark/SATLIB/CBS_k3_n100_m441_b50/CBS_k3_n100_m441_b50_560.cnf,SAT,24620.68,24608.74,11.94,226,176
/home/richard/project/SAT_benchmark/SATLIB/CBS_k3_n100_m441_b50/CBS_k3_n100_m441_b50_59.cnf,SAT,21351.12,21338.30,12.82,196,161
/home/richard/project/SAT_benchmark/SATLIB/CBS_k3_n100_m441_b50/CBS_k3_n100_m441_b50_650.cnf,SAT,4803.51,4791.87,11.64,40,21
/home/richard/project/SAT_benchmark/SATLIB/CBS_k3_n100_m441_b50/CBS_k3_n100_m441_b50_345.cnf,SAT,9011.17,8998.32,12.85,88,74
/home/richard/project/SAT_benchmark/SATLIB/CBS_k3_n100_m441_b50/CBS_k3_n100_m441_b50_85.cnf,SAT,22228.13,22212.49,15.64,203,145
/home/richard/project/SAT_benchmark/SATLIB/CBS_k3_n100_m441_b50/CBS_k3_n100_m441_b50_834.cnf,SAT,37634.48,37618.64,15.85,345,281
/home/richard/project/SAT_benchmark/SATLIB/CBS_k3_n100_m441_b50/CBS_k3_n100_m441_b50_18.cnf,SAT,96479.01,96461.61,17.39,876,750
/home/richard/project/SAT_benchmark/SATLIB/CBS_k3_n100_m441_b50/CBS_k3_n100_m441_b50_538.cnf,SAT,0.08,0.00,0.08,0,0
/home/richard/project/SAT_benchmark/SATLIB/CBS_k3_n100_m441_b50/CBS_k3_n100_m441_b50_131.cnf,SAT,20031.60,20019.77,11.83,180,141
/home/richard/project/SAT_benchmark/SATLIB/CBS_k3_n100_m441_b50/CBS_k3_n100_m441_b50_721.cnf,SAT,88294.36,88281.54,12.82,803,541
/home/richard/project/SAT_benchmark/SATLIB/CBS_k3_n100_m441_b50/CBS_k3_n100_m441_b50_572.cnf,SAT,27761.97,27749.74,12.23,254,199
/home/richard/project/SAT_benchmark/SATLIB/CBS_k3_n100_m441_b50/CBS_k3_n100_m441_b50_238.cnf,SAT,68472.61,68460.89,11.73,622,516
/home/richard/project/SAT_benchmark/SATLIB/CBS_k3_n100_m441_b50/CBS_k3_n100_m441_b50_335.cnf,SAT,7005.74,6995.54,10.20,67,45
/home/richard/project/SAT_benchmark/SATLIB/CBS_k3_n100_m441_b50/CBS_k3_n100_m441_b50_244.cnf,SAT,46376.09,46362.45,13.64,429,298
/home/richard/project/SAT_benchmark/SATLIB/CBS_k3_n100_m441_b50/CBS_k3_n100_m441_b50_133.cnf,SAT,22461.09,22447.58,13.51,203,151
/home/richard/project/SAT_benchmark/SATLIB/CBS_k3_n100_m441_b50/CBS_k3_n100_m441_b50_484.cnf,SAT,64206.82,64192.31,14.51,589,505
/home/richard/project/SAT_benchmark/SATLIB/CBS_k3_n100_m441_b50/CBS_k3_n100_m441_b50_907.cnf,SAT,16744.81,16733.71,11.09,155,119
/home/richard/project/SAT_benchmark/SATLIB/CBS_k3_n100_m441_b50/CBS_k3_n100_m441_b50_353.cnf,SAT,13709.42,13699.27,10.16,128,98
/home/richard/project/SAT_benchmark/SATLIB/CBS_k3_n100_m441_b50/CBS_k3_n100_m441_b50_718.cnf,SAT,46711.01,46699.40,11.61,427,352
/home/richard/project/SAT_benchmark/SATLIB/CBS_k3_n100_m441_b50/CBS_k3_n100_m441_b50_502.cnf,SAT,45566.60,45553.60,13.00,413,335
/home/richard/project/SAT_benchmark/SATLIB/CBS_k3_n100_m441_b50/CBS_k3_n100_m441_b50_977.cnf,SAT,15586.04,15570.97,15.07,143,116
/home/richard/project/SAT_benchmark/SATLIB/CBS_k3_n100_m441_b50/CBS_k3_n100_m441_b50_756.cnf,SAT,21309.92,21297.06,12.85,191,137
/home/richard/project/SAT_benchmark/SATLIB/CBS_k3_n100_m441_b50/CBS_k3_n100_m441_b50_499.cnf,SAT,75417.16,75404.28,12.88,680,572
/home/richard/project/SAT_benchmark/SATLIB/CBS_k3_n100_m441_b50/CBS_k3_n100_m441_b50_288.cnf,SAT,55487.04,55475.05,11.99,502,420
/home/richard/project/SAT_benchmark/SATLIB/CBS_k3_n100_m441_b50/CBS_k3_n100_m441_b50_625.cnf,SAT,32290.26,32275.29,14.97,294,234
/home/richard/project/SAT_benchmark/SATLIB/CBS_k3_n100_m441_b50/CBS_k3_n100_m441_b50_972.cnf,SAT,26971.10,26958.59,12.51,243,198
/home/richard/project/SAT_benchmark/SATLIB/CBS_k3_n100_m441_b50/CBS_k3_n100_m441_b50_117.cnf,SAT,3731.45,3715.96,15.48,34,19
/home/richard/project/SAT_benchmark/SATLIB/CBS_k3_n100_m441_b50/CBS_k3_n100_m441_b50_789.cnf,SAT,91571.31,91558.61,12.69,833,606
/home/richard/project/SAT_benchmark/SATLIB/CBS_k3_n100_m441_b50/CBS_k3_n100_m441_b50_975.cnf,SAT,96507.69,96490.85,16.84,879,663
/home/richard/project/SAT_benchmark/SATLIB/CBS_k3_n100_m441_b50/CBS_k3_n100_m441_b50_180.cnf,SAT,40084.56,40072.45,12.11,362,276
/home/richard/project/SAT_benchmark/SATLIB/CBS_k3_n100_m441_b50/CBS_k3_n100_m441_b50_785.cnf,SAT,47844.71,47831.20,13.50,433,351
/home/richard/project/SAT_benchmark/SATLIB/CBS_k3_n100_m441_b50/CBS_k3_n100_m441_b50_157.cnf,SAT,66364.20,66350.83,13.37,600,491
/home/richard/project/SAT_benchmark/SATLIB/CBS_k3_n100_m441_b50/CBS_k3_n100_m441_b50_447.cnf,SAT,69937.38,69924.64,12.75,635,505
/home/richard/project/SAT_benchmark/SATLIB/CBS_k3_n100_m441_b50/CBS_k3_n100_m441_b50_757.cnf,SAT,67185.24,67172.84,12.41,611,534
/home/richard/project/SAT_benchmark/SATLIB/CBS_k3_n100_m441_b50/CBS_k3_n100_m441_b50_41.cnf,SAT,25696.49,25680.62,15.87,238,202
/home/richard/project/SAT_benchmark/SATLIB/CBS_k3_n100_m441_b50/CBS_k3_n100_m441_b50_409.cnf,SAT,14869.21,14854.22,14.99,130,102
/home/richard/project/SAT_benchmark/SATLIB/CBS_k3_n100_m441_b50/CBS_k3_n100_m441_b50_2.cnf,SAT,60010.29,59996.46,13.83,543,458
/home/richard/project/SAT_benchmark/SATLIB/CBS_k3_n100_m441_b50/CBS_k3_n100_m441_b50_504.cnf,SAT,47705.18,47688.76,16.41,439,235
/home/richard/project/SAT_benchmark/SATLIB/CBS_k3_n100_m441_b50/CBS_k3_n100_m441_b50_952.cnf,SAT,15919.51,15906.35,13.16,141,103
/home/richard/project/SAT_benchmark/SATLIB/CBS_k3_n100_m441_b50/CBS_k3_n100_m441_b50_829.cnf,SAT,35578.46,35565.76,12.69,323,283
/home/richard/project/SAT_benchmark/SATLIB/CBS_k3_n100_m441_b50/CBS_k3_n100_m441_b50_991.cnf,SAT,0.08,0.00,0.08,0,0
/home/richard/project/SAT_benchmark/SATLIB/CBS_k3_n100_m441_b50/CBS_k3_n100_m441_b50_639.cnf,SAT,42388.15,42374.82,13.33,383,328
/home/richard/project/SAT_benchmark/SATLIB/CBS_k3_n100_m441_b50/CBS_k3_n100_m441_b50_211.cnf,SAT,12352.40,12341.74,10.66,116,80
/home/richard/project/SAT_benchmark/SATLIB/CBS_k3_n100_m441_b50/CBS_k3_n100_m441_b50_682.cnf,SAT,21471.53,21460.16,11.38,199,159
/home/richard/project/SAT_benchmark/SATLIB/CBS_k3_n100_m441_b50/CBS_k3_n100_m441_b50_754.cnf,SAT,21572.08,21562.70,9.39,192,144
/home/richard/project/SAT_benchmark/SATLIB/CBS_k3_n100_m441_b50/CBS_k3_n100_m441_b50_890.cnf,SAT,9295.20,9281.79,13.41,89,64
/home/richard/project/SAT_benchmark/SATLIB/CBS_k3_n100_m441_b50/CBS_k3_n100_m441_b50_156.cnf,SAT,104776.08,104759.82,16.27,959,816
/home/richard/project/SAT_benchmark/SATLIB/CBS_k3_n100_m441_b50/CBS_k3_n100_m441_b50_364.cnf,SAT,61160.73,61148.39,12.34,558,458
/home/richard/project/SAT_benchmark/SATLIB/CBS_k3_n100_m441_b50/CBS_k3_n100_m441_b50_393.cnf,SAT,43200.72,43188.24,12.48,395,347
/home/richard/project/SAT_benchmark/SATLIB/CBS_k3_n100_m441_b50/CBS_k3_n100_m441_b50_899.cnf,SAT,39133.86,39118.93,14.92,358,293
/home/richard/project/SAT_benchmark/SATLIB/CBS_k3_n100_m441_b50/CBS_k3_n100_m441_b50_201.cnf,SAT,60949.25,60937.04,12.21,555,468
/home/richard/project/SAT_benchmark/SATLIB/CBS_k3_n100_m441_b50/CBS_k3_n100_m441_b50_101.cnf,SAT,31299.57,31283.90,15.67,284,241
/home/richard/project/SAT_benchmark/SATLIB/CBS_k3_n100_m441_b50/CBS_k3_n100_m441_b50_56.cnf,SAT,25886.80,25874.89,11.90,231,193
/home/richard/project/SAT_benchmark/SATLIB/CBS_k3_n100_m441_b50/CBS_k3_n100_m441_b50_291.cnf,SAT,101848.80,101833.23,15.56,926,777
/home/richard/project/SAT_benchmark/SATLIB/CBS_k3_n100_m441_b50/CBS_k3_n100_m441_b50_512.cnf,SAT,52233.13,52217.90,15.23,474,397
/home/richard/project/SAT_benchmark/SATLIB/CBS_k3_n100_m441_b50/CBS_k3_n100_m441_b50_301.cnf,SAT,58863.00,58850.71,12.29,533,446
/home/richard/project/SAT_benchmark/SATLIB/CBS_k3_n100_m441_b50/CBS_k3_n100_m441_b50_72.cnf,SAT,52220.07,52206.93,13.14,477,426
/home/richard/project/SAT_benchmark/SATLIB/CBS_k3_n100_m441_b50/CBS_k3_n100_m441_b50_574.cnf,SAT,11213.34,11201.85,11.49,104,73
/home/richard/project/SAT_benchmark/SATLIB/CBS_k3_n100_m441_b50/CBS_k3_n100_m441_b50_264.cnf,SAT,8131.48,8119.45,12.02,72,43
/home/richard/project/SAT_benchmark/SATLIB/CBS_k3_n100_m441_b50/CBS_k3_n100_m441_b50_875.cnf,SAT,64548.76,64535.29,13.46,581,499
/home/richard/project/SAT_benchmark/SATLIB/CBS_k3_n100_m441_b50/CBS_k3_n100_m441_b50_416.cnf,SAT,40057.98,40042.09,15.89,365,324
/home/richard/project/SAT_benchmark/SATLIB/CBS_k3_n100_m441_b50/CBS_k3_n100_m441_b50_786.cnf,SAT,23468.86,23453.19,15.67,218,184
/home/richard/project/SAT_benchmark/SATLIB/CBS_k3_n100_m441_b50/CBS_k3_n100_m441_b50_822.cnf,SAT,35759.52,35746.94,12.58,324,277
/home/richard/project/SAT_benchmark/SATLIB/CBS_k3_n100_m441_b50/CBS_k3_n100_m441_b50_878.cnf,SAT,25912.99,25900.25,12.74,236,182
/home/richard/project/SAT_benchmark/SATLIB/CBS_k3_n100_m441_b50/CBS_k3_n100_m441_b50_371.cnf,SAT,23537.31,23521.49,15.82,217,185
/home/richard/project/SAT_benchmark/SATLIB/CBS_k3_n100_m441_b50/CBS_k3_n100_m441_b50_624.cnf,SAT,58660.82,58644.11,16.71,531,428
/home/richard/project/SAT_benchmark/SATLIB/CBS_k3_n100_m441_b50/CBS_k3_n100_m441_b50_881.cnf,SAT,22234.31,22218.50,15.81,200,158
/home/richard/project/SAT_benchmark/SATLIB/CBS_k3_n100_m441_b50/CBS_k3_n100_m441_b50_456.cnf,SAT,7079.92,7066.82,13.10,69,46
/home/richard/project/SAT_benchmark/SATLIB/CBS_k3_n100_m441_b50/CBS_k3_n100_m441_b50_534.cnf,SAT,34466.35,34451.55,14.80,312,249
/home/richard/project/SAT_benchmark/SATLIB/CBS_k3_n100_m441_b50/CBS_k3_n100_m441_b50_742.cnf,SAT,35752.07,35735.89,16.17,323,268
/home/richard/project/SAT_benchmark/SATLIB/CBS_k3_n100_m441_b50/CBS_k3_n100_m441_b50_389.cnf,SAT,47502.44,47485.26,17.18,437,366
/home/richard/project/SAT_benchmark/SATLIB/CBS_k3_n100_m441_b50/CBS_k3_n100_m441_b50_973.cnf,SAT,33569.34,33557.58,11.75,307,251
/home/richard/project/SAT_benchmark/SATLIB/CBS_k3_n100_m441_b50/CBS_k3_n100_m441_b50_987.cnf,SAT,48706.45,48689.04,17.40,441,370
/home/richard/project/SAT_benchmark/SATLIB/CBS_k3_n100_m441_b50/CBS_k3_n100_m441_b50_417.cnf,SAT,45592.67,45579.66,13.01,411,366
/home/richard/project/SAT_benchmark/SATLIB/CBS_k3_n100_m441_b50/CBS_k3_n100_m441_b50_104.cnf,SAT,33527.86,33515.68,12.18,308,245
/home/richard/project/SAT_benchmark/SATLIB/CBS_k3_n100_m441_b50/CBS_k3_n100_m441_b50_526.cnf,SAT,73236.82,73223.33,13.49,667,566
/home/richard/project/SAT_benchmark/SATLIB/CBS_k3_n100_m441_b50/CBS_k3_n100_m441_b50_366.cnf,SAT,144769.89,144753.28,16.60,1316,907
/home/richard/project/SAT_benchmark/SATLIB/CBS_k3_n100_m441_b50/CBS_k3_n100_m441_b50_470.cnf,SAT,10347.08,10331.95,15.13,92,61
/home/richard/project/SAT_benchmark/SATLIB/CBS_k3_n100_m441_b50/CBS_k3_n100_m441_b50_608.cnf,SAT,95789.53,95772.89,16.65,874,720
/home/richard/project/SAT_benchmark/SATLIB/CBS_k3_n100_m441_b50/CBS_k3_n100_m441_b50_79.cnf,SAT,61044.23,61030.46,13.76,556,418
/home/richard/project/SAT_benchmark/SATLIB/CBS_k3_n100_m441_b50/CBS_k3_n100_m441_b50_67.cnf,SAT,69905.22,69893.50,11.71,637,525
/home/richard/project/SAT_benchmark/SATLIB/CBS_k3_n100_m441_b50/CBS_k3_n100_m441_b50_251.cnf,SAT,35857.81,35847.26,10.55,324,265
/home/richard/project/SAT_benchmark/SATLIB/CBS_k3_n100_m441_b50/CBS_k3_n100_m441_b50_453.cnf,SAT,5981.51,5970.52,10.98,51,27
/home/richard/project/SAT_benchmark/SATLIB/CBS_k3_n100_m441_b50/CBS_k3_n100_m441_b50_833.cnf,SAT,59888.10,59873.36,14.74,545,454
/home/richard/project/SAT_benchmark/SATLIB/CBS_k3_n100_m441_b50/CBS_k3_n100_m441_b50_998.cnf,SAT,4862.70,4852.31,10.38,45,25
/home/richard/project/SAT_benchmark/SATLIB/CBS_k3_n100_m441_b50/CBS_k3_n100_m441_b50_784.cnf,SAT,44438.59,44422.04,16.55,402,323
/home/richard/project/SAT_benchmark/SATLIB/CBS_k3_n100_m441_b50/CBS_k3_n100_m441_b50_831.cnf,SAT,32423.86,32413.16,10.69,294,229
/home/richard/project/SAT_benchmark/SATLIB/CBS_k3_n100_m441_b50/CBS_k3_n100_m441_b50_940.cnf,SAT,12722.16,12710.04,12.12,116,88
/home/richard/project/SAT_benchmark/SATLIB/CBS_k3_n100_m441_b50/CBS_k3_n100_m441_b50_281.cnf,SAT,38750.39,38739.80,10.59,359,278
/home/richard/project/SAT_benchmark/SATLIB/CBS_k3_n100_m441_b50/CBS_k3_n100_m441_b50_191.cnf,SAT,36888.63,36876.97,11.66,338,278
/home/richard/project/SAT_benchmark/SATLIB/CBS_k3_n100_m441_b50/CBS_k3_n100_m441_b50_164.cnf,SAT,59586.96,59572.82,14.14,549,473
/home/richard/project/SAT_benchmark/SATLIB/CBS_k3_n100_m441_b50/CBS_k3_n100_m441_b50_723.cnf,SAT,74133.74,74116.34,17.40,677,572
/home/richard/project/SAT_benchmark/SATLIB/CBS_k3_n100_m441_b50/CBS_k3_n100_m441_b50_62.cnf,SAT,21318.01,21305.56,12.44,192,146
/home/richard/project/SAT_benchmark/SATLIB/CBS_k3_n100_m441_b50/CBS_k3_n100_m441_b50_303.cnf,SAT,46454.25,46440.83,13.42,424,359
/home/richard/project/SAT_benchmark/SATLIB/CBS_k3_n100_m441_b50/CBS_k3_n100_m441_b50_516.cnf,SAT,119329.73,119309.70,20.03,1086,719
/home/richard/project/SAT_benchmark/SATLIB/CBS_k3_n100_m441_b50/CBS_k3_n100_m441_b50_317.cnf,SAT,66314.13,66295.44,18.69,601,539
/home/richard/project/SAT_benchmark/SATLIB/CBS_k3_n100_m441_b50/CBS_k3_n100_m441_b50_547.cnf,SAT,48652.80,48636.21,16.60,444,383
/home/richard/project/SAT_benchmark/SATLIB/CBS_k3_n100_m441_b50/CBS_k3_n100_m441_b50_368.cnf,SAT,22273.27,22257.30,15.97,206,177
/home/richard/project/SAT_benchmark/SATLIB/CBS_k3_n100_m441_b50/CBS_k3_n100_m441_b50_231.cnf,SAT,43245.09,43233.07,12.02,395,320
/home/richard/project/SAT_benchmark/SATLIB/CBS_k3_n100_m441_b50/CBS_k3_n100_m441_b50_891.cnf,SAT,29109.48,29099.65,9.83,268,172
/home/richard/project/SAT_benchmark/SATLIB/CBS_k3_n100_m441_b50/CBS_k3_n100_m441_b50_598.cnf,SAT,43464.70,43447.23,17.46,391,349
/home/richard/project/SAT_benchmark/SATLIB/CBS_k3_n100_m441_b50/CBS_k3_n100_m441_b50_629.cnf,SAT,53340.64,53326.47,14.17,485,411
/home/richard/project/SAT_benchmark/SATLIB/CBS_k3_n100_m441_b50/CBS_k3_n100_m441_b50_737.cnf,SAT,20334.13,20321.92,12.22,182,141
/home/richard/project/SAT_benchmark/SATLIB/CBS_k3_n100_m441_b50/CBS_k3_n100_m441_b50_896.cnf,SAT,23450.13,23438.91,11.22,213,170
/home/richard/project/SAT_benchmark/SATLIB/CBS_k3_n100_m441_b50/CBS_k3_n100_m441_b50_498.cnf,SAT,101671.15,101654.96,16.18,928,747
/home/richard/project/SAT_benchmark/SATLIB/CBS_k3_n100_m441_b50/CBS_k3_n100_m441_b50_900.cnf,SAT,47602.20,47589.18,13.02,439,349
/home/richard/project/SAT_benchmark/SATLIB/CBS_k3_n100_m441_b50/CBS_k3_n100_m441_b50_903.cnf,SAT,10357.59,10342.53,15.05,96,76
/home/richard/project/SAT_benchmark/SATLIB/CBS_k3_n100_m441_b50/CBS_k3_n100_m441_b50_932.cnf,SAT,44349.95,44336.10,13.85,405,369
/home/richard/project/SAT_benchmark/SATLIB/CBS_k3_n100_m441_b50/CBS_k3_n100_m441_b50_485.cnf,SAT,79679.80,79664.47,15.33,725,620
/home/richard/project/SAT_benchmark/SATLIB/CBS_k3_n100_m441_b50/CBS_k3_n100_m441_b50_791.cnf,SAT,32352.02,32337.48,14.54,290,242
/home/richard/project/SAT_benchmark/SATLIB/CBS_k3_n100_m441_b50/CBS_k3_n100_m441_b50_553.cnf,SAT,9358.35,9346.21,12.14,82,52
/home/richard/project/SAT_benchmark/SATLIB/CBS_k3_n100_m441_b50/CBS_k3_n100_m441_b50_172.cnf,SAT,27888.85,27876.42,12.44,259,212
/home/richard/project/SAT_benchmark/SATLIB/CBS_k3_n100_m441_b50/CBS_k3_n100_m441_b50_122.cnf,SAT,37040.94,37029.96,10.98,335,286
/home/richard/project/SAT_benchmark/SATLIB/CBS_k3_n100_m441_b50/CBS_k3_n100_m441_b50_297.cnf,SAT,6832.30,6820.77,11.52,64,26
/home/richard/project/SAT_benchmark/SATLIB/CBS_k3_n100_m441_b50/CBS_k3_n100_m441_b50_956.cnf,SAT,18196.40,18182.45,13.95,166,129
/home/richard/project/SAT_benchmark/SATLIB/CBS_k3_n100_m441_b50/CBS_k3_n100_m441_b50_356.cnf,SAT,25794.41,25782.00,12.41,239,203
/home/richard/project/SAT_benchmark/SATLIB/CBS_k3_n100_m441_b50/CBS_k3_n100_m441_b50_836.cnf,SAT,86249.79,86237.02,12.77,789,674
/home/richard/project/SAT_benchmark/SATLIB/CBS_k3_n100_m441_b50/CBS_k3_n100_m441_b50_70.cnf,SAT,13592.46,13577.97,14.49,122,98
/home/richard/project/SAT_benchmark/SATLIB/CBS_k3_n100_m441_b50/CBS_k3_n100_m441_b50_23.cnf,SAT,25663.16,25652.00,11.16,234,195
/home/richard/project/SAT_benchmark/SATLIB/CBS_k3_n100_m441_b50/CBS_k3_n100_m441_b50_924.cnf,SAT,68415.49,68401.39,14.10,625,503
/home/richard/project/SAT_benchmark/SATLIB/CBS_k3_n100_m441_b50/CBS_k3_n100_m441_b50_267.cnf,SAT,83180.17,83162.55,17.62,756,615
/home/richard/project/SAT_benchmark/SATLIB/CBS_k3_n100_m441_b50/CBS_k3_n100_m441_b50_877.cnf,SAT,26933.57,26920.99,12.58,248,203
/home/richard/project/SAT_benchmark/SATLIB/CBS_k3_n100_m441_b50/CBS_k3_n100_m441_b50_7.cnf,SAT,85477.05,85462.17,14.88,778,589
/home/richard/project/SAT_benchmark/SATLIB/CBS_k3_n100_m441_b50/CBS_k3_n100_m441_b50_531.cnf,SAT,38005.74,37992.33,13.41,343,307
/home/richard/project/SAT_benchmark/SATLIB/CBS_k3_n100_m441_b50/CBS_k3_n100_m441_b50_561.cnf,SAT,35419.91,35407.99,11.92,326,275
/home/richard/project/SAT_benchmark/SATLIB/CBS_k3_n100_m441_b50/CBS_k3_n100_m441_b50_562.cnf,SAT,26989.77,26978.58,11.19,241,167
/home/richard/project/SAT_benchmark/SATLIB/CBS_k3_n100_m441_b50/CBS_k3_n100_m441_b50_821.cnf,SAT,87435.86,87423.34,12.52,797,489
/home/richard/project/SAT_benchmark/SATLIB/CBS_k3_n100_m441_b50/CBS_k3_n100_m441_b50_354.cnf,SAT,21497.91,21487.22,10.69,192,163
/home/richard/project/SAT_benchmark/SATLIB/CBS_k3_n100_m441_b50/CBS_k3_n100_m441_b50_743.cnf,SAT,52241.69,52230.16,11.53,470,395
/home/richard/project/SAT_benchmark/SATLIB/CBS_k3_n100_m441_b50/CBS_k3_n100_m441_b50_384.cnf,SAT,14.77,0.00,14.77,0,0
/home/richard/project/SAT_benchmark/SATLIB/CBS_k3_n100_m441_b50/CBS_k3_n100_m441_b50_28.cnf,SAT,5903.94,5893.81,10.13,54,21
/home/richard/project/SAT_benchmark/SATLIB/CBS_k3_n100_m441_b50/CBS_k3_n100_m441_b50_178.cnf,SAT,78242.30,78229.29,13.02,719,597
/home/richard/project/SAT_benchmark/SATLIB/CBS_k3_n100_m441_b50/CBS_k3_n100_m441_b50_976.cnf,SAT,51033.33,51019.48,13.85,463,393
/home/richard/project/SAT_benchmark/SATLIB/CBS_k3_n100_m441_b50/CBS_k3_n100_m441_b50_36.cnf,SAT,72047.02,72033.77,13.25,658,539
/home/richard/project/SAT_benchmark/SATLIB/CBS_k3_n100_m441_b50/CBS_k3_n100_m441_b50_528.cnf,SAT,22548.87,22538.32,10.55,205,157
/home/richard/project/SAT_benchmark/SATLIB/CBS_k3_n100_m441_b50/CBS_k3_n100_m441_b50_449.cnf,SAT,44633.43,44621.20,12.23,405,352
/home/richard/project/SAT_benchmark/SATLIB/CBS_k3_n100_m441_b50/CBS_k3_n100_m441_b50_514.cnf,SAT,8084.27,8072.80,11.47,77,50
/home/richard/project/SAT_benchmark/SATLIB/CBS_k3_n100_m441_b50/CBS_k3_n100_m441_b50_255.cnf,SAT,21304.24,21291.69,12.54,197,139
/home/richard/project/SAT_benchmark/SATLIB/CBS_k3_n100_m441_b50/CBS_k3_n100_m441_b50_929.cnf,SAT,34682.90,34669.34,13.55,316,282
/home/richard/project/SAT_benchmark/SATLIB/CBS_k3_n100_m441_b50/CBS_k3_n100_m441_b50_654.cnf,SAT,75865.27,75851.49,13.78,688,389
/home/richard/project/SAT_benchmark/SATLIB/CBS_k3_n100_m441_b50/CBS_k3_n100_m441_b50_703.cnf,SAT,21365.58,21351.55,14.03,193,152
/home/richard/project/SAT_benchmark/SATLIB/CBS_k3_n100_m441_b50/CBS_k3_n100_m441_b50_931.cnf,SAT,20310.92,20301.93,8.99,186,155
/home/richard/project/SAT_benchmark/SATLIB/CBS_k3_n100_m441_b50/CBS_k3_n100_m441_b50_282.cnf,SAT,23589.70,23575.99,13.71,217,185
/home/richard/project/SAT_benchmark/SATLIB/CBS_k3_n100_m441_b50/CBS_k3_n100_m441_b50_20.cnf,SAT,47799.29,47785.80,13.50,437,365
/home/richard/project/SAT_benchmark/SATLIB/CBS_k3_n100_m441_b50/CBS_k3_n100_m441_b50_984.cnf,SAT,81696.37,81680.94,15.44,748,624
/home/richard/project/SAT_benchmark/SATLIB/CBS_k3_n100_m441_b50/CBS_k3_n100_m441_b50_69.cnf,SAT,44488.18,44475.71,12.47,400,321
/home/richard/project/SAT_benchmark/SATLIB/CBS_k3_n100_m441_b50/CBS_k3_n100_m441_b50_974.cnf,SAT,28987.17,28974.33,12.84,264,212
/home/richard/project/SAT_benchmark/SATLIB/CBS_k3_n100_m441_b50/CBS_k3_n100_m441_b50_115.cnf,SAT,22384.89,22373.52,11.37,206,154
/home/richard/project/SAT_benchmark/SATLIB/CBS_k3_n100_m441_b50/CBS_k3_n100_m441_b50_77.cnf,SAT,28888.78,28872.82,15.96,265,225
/home/richard/project/SAT_benchmark/SATLIB/CBS_k3_n100_m441_b50/CBS_k3_n100_m441_b50_753.cnf,SAT,69688.17,69675.02,13.15,630,488
/home/richard/project/SAT_benchmark/SATLIB/CBS_k3_n100_m441_b50/CBS_k3_n100_m441_b50_188.cnf,SAT,55504.01,55488.45,15.56,501,436
/home/richard/project/SAT_benchmark/SATLIB/CBS_k3_n100_m441_b50/CBS_k3_n100_m441_b50_181.cnf,SAT,54467.28,54453.83,13.45,499,395
/home/richard/project/SAT_benchmark/SATLIB/CBS_k3_n100_m441_b50/CBS_k3_n100_m441_b50_207.cnf,SAT,84102.89,84086.10,16.79,765,638
/home/richard/project/SAT_benchmark/SATLIB/CBS_k3_n100_m441_b50/CBS_k3_n100_m441_b50_758.cnf,SAT,47902.43,47888.45,13.98,432,325
/home/richard/project/SAT_benchmark/SATLIB/CBS_k3_n100_m441_b50/CBS_k3_n100_m441_b50_739.cnf,SAT,69729.18,69711.15,18.04,634,554
/home/richard/project/SAT_benchmark/SATLIB/CBS_k3_n100_m441_b50/CBS_k3_n100_m441_b50_29.cnf,SAT,2689.90,2679.40,10.50,29,7
/home/richard/project/SAT_benchmark/SATLIB/CBS_k3_n100_m441_b50/CBS_k3_n100_m441_b50_820.cnf,SAT,18906.73,18895.34,11.39,175,144
/home/richard/project/SAT_benchmark/SATLIB/CBS_k3_n100_m441_b50/CBS_k3_n100_m441_b50_922.cnf,SAT,14829.93,14817.01,12.91,134,101
/home/richard/project/SAT_benchmark/SATLIB/CBS_k3_n100_m441_b50/CBS_k3_n100_m441_b50_402.cnf,SAT,17004.39,16993.85,10.53,151,125
/home/richard/project/SAT_benchmark/SATLIB/CBS_k3_n100_m441_b50/CBS_k3_n100_m441_b50_19.cnf,SAT,148695.78,148679.37,16.41,1357,893
/home/richard/project/SAT_benchmark/SATLIB/CBS_k3_n100_m441_b50/CBS_k3_n100_m441_b50_177.cnf,SAT,46826.80,46813.43,13.37,428,358
/home/richard/project/SAT_benchmark/SATLIB/CBS_k3_n100_m441_b50/CBS_k3_n100_m441_b50_187.cnf,SAT,24785.24,24768.98,16.26,220,171
/home/richard/project/SAT_benchmark/SATLIB/CBS_k3_n100_m441_b50/CBS_k3_n100_m441_b50_239.cnf,SAT,32418.56,32405.61,12.95,291,239
/home/richard/project/SAT_benchmark/SATLIB/CBS_k3_n100_m441_b50/CBS_k3_n100_m441_b50_601.cnf,SAT,35759.94,35747.03,12.92,326,267
/home/richard/project/SAT_benchmark/SATLIB/CBS_k3_n100_m441_b50/CBS_k3_n100_m441_b50_455.cnf,SAT,34412.24,34397.65,14.58,317,264
/home/richard/project/SAT_benchmark/SATLIB/CBS_k3_n100_m441_b50/CBS_k3_n100_m441_b50_677.cnf,SAT,114254.87,114239.02,15.85,1038,684
/home/richard/project/SAT_benchmark/SATLIB/CBS_k3_n100_m441_b50/CBS_k3_n100_m441_b50_631.cnf,SAT,50110.94,50096.14,14.80,452,387
/home/richard/project/SAT_benchmark/SATLIB/CBS_k3_n100_m441_b50/CBS_k3_n100_m441_b50_93.cnf,SAT,31273.11,31261.90,11.22,283,238
/home/richard/project/SAT_benchmark/SATLIB/CBS_k3_n100_m441_b50/CBS_k3_n100_m441_b50_783.cnf,SAT,50112.80,50099.27,13.53,458,361
/home/richard/project/SAT_benchmark/SATLIB/CBS_k3_n100_m441_b50/CBS_k3_n100_m441_b50_298.cnf,SAT,29147.09,29135.64,11.44,263,215
/home/richard/project/SAT_benchmark/SATLIB/CBS_k3_n100_m441_b50/CBS_k3_n100_m441_b50_863.cnf,SAT,69743.20,69725.35,17.85,635,564
/home/richard/project/SAT_benchmark/SATLIB/CBS_k3_n100_m441_b50/CBS_k3_n100_m441_b50_709.cnf,SAT,89998.88,89984.31,14.57,817,691
/home/richard/project/SAT_benchmark/SATLIB/CBS_k3_n100_m441_b50/CBS_k3_n100_m441_b50_472.cnf,SAT,79343.45,79328.73,14.72,725,660
/home/richard/project/SAT_benchmark/SATLIB/CBS_k3_n100_m441_b50/CBS_k3_n100_m441_b50_142.cnf,SAT,34335.26,34319.52,15.73,317,256
/home/richard/project/SAT_benchmark/SATLIB/CBS_k3_n100_m441_b50/CBS_k3_n100_m441_b50_911.cnf,SAT,70916.76,70902.06,14.70,640,513
/home/richard/project/SAT_benchmark/SATLIB/CBS_k3_n100_m441_b50/CBS_k3_n100_m441_b50_733.cnf,SAT,32231.21,32219.72,11.48,291,234
/home/richard/project/SAT_benchmark/SATLIB/CBS_k3_n100_m441_b50/CBS_k3_n100_m441_b50_563.cnf,SAT,9116.16,9101.53,14.64,82,57
/home/richard/project/SAT_benchmark/SATLIB/CBS_k3_n100_m441_b50/CBS_k3_n100_m441_b50_746.cnf,SAT,2482.14,2467.10,15.04,29,9
/home/richard/project/SAT_benchmark/SATLIB/CBS_k3_n100_m441_b50/CBS_k3_n100_m441_b50_690.cnf,SAT,20066.61,20052.44,14.17,185,145
/home/richard/project/SAT_benchmark/SATLIB/CBS_k3_n100_m441_b50/CBS_k3_n100_m441_b50_855.cnf,SAT,71211.87,71198.48,13.39,642,566
/home/richard/project/SAT_benchmark/SATLIB/CBS_k3_n100_m441_b50/CBS_k3_n100_m441_b50_844.cnf,SAT,45598.58,45581.19,17.39,417,360
/home/richard/project/SAT_benchmark/SATLIB/CBS_k3_n100_m441_b50/CBS_k3_n100_m441_b50_358.cnf,SAT,39119.31,39103.49,15.82,354,300
/home/richard/project/SAT_benchmark/SATLIB/CBS_k3_n100_m441_b50/CBS_k3_n100_m441_b50_222.cnf,SAT,26782.21,26769.88,12.33,240,195
/home/richard/project/SAT_benchmark/SATLIB/CBS_k3_n100_m441_b50/CBS_k3_n100_m441_b50_434.cnf,SAT,26861.11,26850.39,10.72,247,197
/home/richard/project/SAT_benchmark/SATLIB/CBS_k3_n100_m441_b50/CBS_k3_n100_m441_b50_750.cnf,SAT,14667.40,14656.21,11.20,138,111
/home/richard/project/SAT_benchmark/SATLIB/CBS_k3_n100_m441_b50/CBS_k3_n100_m441_b50_139.cnf,SAT,96487.30,96467.66,19.64,878,752
/home/richard/project/SAT_benchmark/SATLIB/CBS_k3_n100_m441_b50/CBS_k3_n100_m441_b50_637.cnf,SAT,47885.36,47872.96,12.40,436,375
/home/richard/project/SAT_benchmark/SATLIB/CBS_k3_n100_m441_b50/CBS_k3_n100_m441_b50_263.cnf,SAT,24689.80,24677.61,12.19,226,188
/home/richard/project/SAT_benchmark/SATLIB/CBS_k3_n100_m441_b50/CBS_k3_n100_m441_b50_571.cnf,SAT,140609.48,140593.29,16.19,1272,694
/home/richard/project/SAT_benchmark/SATLIB/CBS_k3_n100_m441_b50/CBS_k3_n100_m441_b50_510.cnf,SAT,72158.57,72141.23,17.34,652,570
/home/richard/project/SAT_benchmark/SATLIB/uf20-91/uf20-0600.cnf,UNSAT,0.05,0.00,0.05,0,0
/home/richard/project/SAT_benchmark/SATLIB/uf20-91/uf20-0288.cnf,UNSAT,0.05,0.00,0.05,0,0
/home/richard/project/SAT_benchmark/SATLIB/uf20-91/uf20-0952.cnf,UNSAT,0.05,0.00,0.05,0,0
/home/richard/project/SAT_benchmark/SATLIB/uf20-91/uf20-0616.cnf,UNSAT,0.05,0.00,0.05,0,0
/home/richard/project/SAT_benchmark/SATLIB/uf20-91/uf20-024.cnf,UNSAT,0.05,0.00,0.05,0,0
/home/richard/project/SAT_benchmark/SATLIB/uf20-91/uf20-0634.cnf,UNSAT,0.10,0.00,0.10,0,0
/home/richard/project/SAT_benchmark/SATLIB/uf20-91/uf20-0682.cnf,UNSAT,0.05,0.00,0.05,0,0
/home/richard/project/SAT_benchmark/SATLIB/uf20-91/uf20-0174.cnf,UNSAT,0.05,0.00,0.05,0,0
/home/richard/project/SAT_benchmark/SATLIB/uf20-91/uf20-0207.cnf,UNSAT,0.05,0.00,0.05,0,0
/home/richard/project/SAT_benchmark/SATLIB/uf20-91/uf20-0724.cnf,UNSAT,0.05,0.00,0.05,0,0
/home/richard/project/SAT_benchmark/SATLIB/uf20-91/uf20-0821.cnf,UNSAT,0.05,0.00,0.05,0,0
/home/richard/project/SAT_benchmark/SATLIB/uf20-91/uf20-0337.cnf,UNSAT,0.05,0.00,0.05,0,0
/home/richard/project/SAT_benchmark/SATLIB/uf20-91/uf20-0200.cnf,UNSAT,0.05,0.00,0.05,0,0
/home/richard/project/SAT_benchmark/SATLIB/uf20-91/uf20-0608.cnf,UNSAT,0.05,0.00,0.05,0,0
/home/richard/project/SAT_benchmark/SATLIB/uf20-91/uf20-0417.cnf,UNSAT,0.05,0.00,0.05,0,0
/home/richard/project/SAT_benchmark/SATLIB/uf20-91/uf20-0871.cnf,UNSAT,0.05,0.00,0.05,0,0
/home/richard/project/SAT_benchmark/SATLIB/uf20-91/uf20-023.cnf,UNSAT,0.05,0.00,0.05,0,0
/home/richard/project/SAT_benchmark/SATLIB/uf20-91/uf20-0420.cnf,UNSAT,0.05,0.00,0.05,0,0
/home/richard/project/SAT_benchmark/SATLIB/uf20-91/uf20-0501.cnf,UNSAT,0.05,0.00,0.05,0,0
/home/richard/project/SAT_benchmark/SATLIB/uf20-91/uf20-0887.cnf,UNSAT,0.05,0.00,0.05,0,0
/home/richard/project/SAT_benchmark/SATLIB/uf20-91/uf20-0607.cnf,UNSAT,0.05,0.00,0.05,0,0
/home/richard/project/SAT_benchmark/SATLIB/uf20-91/uf20-0148.cnf,UNSAT,0.05,0.00,0.05,0,0
/home/richard/project/SAT_benchmark/SATLIB/uf20-91/uf20-0552.cnf,UNSAT,0.05,0.00,0.05,0,0
/home/richard/project/SAT_benchmark/SATLIB/uf20-91/uf20-012.cnf,UNSAT,0.05,0.00,0.05,0,0
/home/richard/project/SAT_benchmark/SATLIB/uf20-91/uf20-0815.cnf,UNSAT,0.05,0.00,0.05,0,0
/home/richard/project/SAT_benchmark/SATLIB/uf20-91/uf20-0736.cnf,UNSAT,0.05,0.00,0.05,0,0
/home/richard/project/SAT_benchmark/SATLIB/uf20-91/uf20-0222.cnf,UNSAT,0.05,0.00,0.05,0,0
/home/richard/project/SAT_benchmark/SATLIB/uf20-91/uf20-0398.cnf,UNSAT,0.05,0.00,0.05,0,0
/home/richard/project/SAT_benchmark/SATLIB/uf20-91/uf20-0697.cnf,UNSAT,0.05,0.00,0.05,0,0
/home/richard/project/SAT_benchmark/SATLIB/uf20-91/uf20-0268.cnf,UNSAT,0.05,0.00,0.05,0,0
/home/richard/project/SAT_benchmark/SATLIB/uf20-91/uf20-0135.cnf,UNSAT,0.05,0.00,0.05,0,0
/home/richard/project/SAT_benchmark/SATLIB/uf20-91/uf20-0964.cnf,UNSAT,0.05,0.00,0.05,0,0
/home/richard/project/SAT_benchmark/SATLIB/uf20-91/uf20-0900.cnf,UNSAT,0.05,0.00,0.05,0,0
/home/richard/project/SAT_benchmark/SATLIB/uf20-91/uf20-0145.cnf,UNSAT,0.05,0.00,0.05,0,0
/home/richard/project/SAT_benchmark/SATLIB/uf20-91/uf20-0945.cnf,UNSAT,0.05,0.00,0.05,0,0
/home/richard/project/SAT_benchmark/SATLIB/uf20-91/uf20-0334.cnf,UNSAT,0.05,0.00,0.05,0,0
/home/richard/project/SAT_benchmark/SATLIB/uf20-91/uf20-0923.cnf,UNSAT,0.05,0.00,0.05,0,0
/home/richard/project/SAT_benchmark/SATLIB/uf20-91/uf20-020.cnf,UNSAT,0.05,0.00,0.05,0,0
/home/richard/project/SAT_benchmark/SATLIB/uf20-91/uf20-01.cnf,UNSAT,0.05,0.00,0.05,0,0
/home/richard/project/SAT_benchmark/SATLIB/uf20-91/uf20-0578.cnf,UNSAT,0.05,0.00,0.05,0,0
/home/richard/project/SAT_benchmark/SATLIB/uf20-91/uf20-0790.cnf,UNSAT,0.05,0.00,0.05,0,0
/home/richard/project/SAT_benchmark/SATLIB/uf20-91/uf20-0934.cnf,UNSAT,0.05,0.00,0.05,0,0
/home/richard/project/SAT_benchmark/SATLIB/uf20-91/uf20-0491.cnf,UNSAT,0.05,0.00,0.05,0,0
/home/richard/project/SAT_benchmark/SATLIB/uf20-91/uf20-0537.cnf,UNSAT,0.05,0.00,0.05,0,0
/home/richard/project/SAT_benchmark/SATLIB/uf20-91/uf20-0793.cnf,UNSAT,0.06,0.00,0.06,0,0
/home/richard/project/SAT_benchmark/SATLIB/uf20-91/uf20-0628.cnf,UNSAT,0.06,0.00,0.06,0,0
/home/richard/project/SAT_benchmark/SATLIB/uf20-91/uf20-0663.cnf,UNSAT,0.05,0.00,0.05,0,0
/home/richard/project/SAT_benchmark/SATLIB/uf20-91/uf20-0641.cnf,UNSAT,0.05,0.00,0.05,0,0
/home/richard/project/SAT_benchmark/SATLIB/uf20-91/uf20-0929.cnf,UNSAT,0.05,0.00,0.05,0,0
/home/richard/project/SAT_benchmark/SATLIB/uf20-91/uf20-0432.cnf,UNSAT,0.06,0.00,0.06,0,0
/home/richard/project/SAT_benchmark/SATLIB/uf20-91/uf20-0983.cnf,UNSAT,0.05,0.00,0.05,0,0
/home/richard/project/SAT_benchmark/SATLIB/uf20-91/uf20-0574.cnf,UNSAT,0.05,0.00,0.05,0,0
/home/richard/project/SAT_benchmark/SATLIB/uf20-91/uf20-0110.cnf,UNSAT,0.05,0.00,0.05,0,0
/home/richard/project/SAT_benchmark/SATLIB/uf20-91/uf20-0356.cnf,UNSAT,0.05,0.00,0.05,0,0
/home/richard/project/SAT_benchmark/SATLIB/uf20-91/uf20-0132.cnf,UNSAT,0.05,0.00,0.05,0,0
/home/richard/project/SAT_benchmark/SATLIB/uf20-91/uf20-0435.cnf,UNSAT,0.05,0.00,0.05,0,0
/home/richard/project/SAT_benchmark/SATLIB/uf20-91/uf20-0551.cnf,UNSAT,0.05,0.00,0.05,0,0
/home/richard/project/SAT_benchmark/SATLIB/uf20-91/uf20-0289.cnf,UNSAT,0.05,0.00,0.05,0,0
/home/richard/project/SAT_benchmark/SATLIB/uf20-91/uf20-0838.cnf,UNSAT,0.05,0.00,0.05,0,0
/home/richard/project/SAT_benchmark/SATLIB/uf20-91/uf20-0873.cnf,UNSAT,0.05,0.00,0.05,0,0
/home/richard/project/SAT_benchmark/SATLIB/uf20-91/uf20-0908.cnf,UNSAT,0.05,0.00,0.05,0,0
/home/richard/project/SAT_benchmark/SATLIB/uf20-91/uf20-086.cnf,UNSAT,0.05,0.00,0.05,0,0
/home/richard/project/SAT_benchmark/SATLIB/uf20-91/uf20-056.cnf,UNSAT,0.05,0.00,0.05,0,0
/home/richard/project/SAT_benchmark/SATLIB/uf20-91/uf20-0486.cnf,UNSAT,0.05,0.00,0.05,0,0
/home/richard/project/SAT_benchmark/SATLIB/uf20-91/uf20-0485.cnf,UNSAT,0.05,0.00,0.05,0,0
/home/richard/project/SAT_benchmark/SATLIB/uf20-91/uf20-0850.cnf,UNSAT,0.05,0.00,0.05,0,0
/home/richard/project/SAT_benchmark/SATLIB/uf20-91/uf20-0265.cnf,UNSAT,0.05,0.00,0.05,0,0
/home/richard/project/SAT_benchmark/SATLIB/uf20-91/uf20-0598.cnf,UNSAT,0.05,0.00,0.05,0,0
/home/richard/project/SAT_benchmark/SATLIB/uf20-91/uf20-0306.cnf,UNSAT,0.05,0.00,0.05,0,0
/home/richard/project/SAT_benchmark/SATLIB/uf20-91/uf20-046.cnf,UNSAT,0.05,0.00,0.05,0,0
/home/richard/project/SAT_benchmark/SATLIB/uf20-91/uf20-0400.cnf,UNSAT,0.05,0.00,0.05,0,0
/home/richard/project/SAT_benchmark/SATLIB/uf20-91/uf20-0490.cnf,UNSAT,0.05,0.00,0.05,0,0
/home/richard/project/SAT_benchmark/SATLIB/uf20-91/uf20-028.cnf,UNSAT,0.05,0.00,0.05,0,0
/home/richard/project/SAT_benchmark/SATLIB/uf20-91/uf20-0745.cnf,UNSAT,0.05,0.00,0.05,0,0
/home/richard/project/SAT_benchmark/SATLIB/uf20-91/uf20-0330.cnf,UNSAT,0.05,0.00,0.05,0,0
/home/richard/project/SAT_benchmark/SATLIB/uf20-91/uf20-0331.cnf,UNSAT,0.05,0.00,0.05,0,0
/home/richard/project/SAT_benchmark/SATLIB/uf20-91/uf20-0823.cnf,UNSAT,0.05,0.00,0.05,0,0
/home/richard/project/SAT_benchmark/SATLIB/uf20-91/uf20-0380.cnf,UNSAT,0.05,0.00,0.05,0,0
/home/richard/project/SAT_benchmark/SATLIB/uf20-91/uf20-0540.cnf,UNSAT,0.05,0.00,0.05,0,0
/home/richard/project/SAT_benchmark/SATLIB/uf20-91/uf20-0631.cnf,UNSAT,0.05,0.00,0.05,0,0
/home/richard/project/SAT_benchmark/SATLIB/uf20-91/uf20-0499.cnf,UNSAT,0.05,0.00,0.05,0,0
/home/richard/project/SAT_benchmark/SATLIB/uf20-91/uf20-0779.cnf,UNSAT,0.05,0.00,0.05,0,0
/home/richard/project/SAT_benchmark/SATLIB/uf20-91/uf20-0184.cnf,UNSAT,0.10,0.00,0.10,0,0
/home/richard/project/SAT_benchmark/SATLIB/uf20-91/uf20-0677.cnf,UNSAT,0.05,0.00,0.05,0,0
/home/richard/project/SAT_benchmark/SATLIB/uf20-91/uf20-0940.cnf,UNSAT,0.05,0.00,0.05,0,0
/home/richard/project/SAT_benchmark/SATLIB/uf20-91/uf20-0794.cnf,UNSAT,0.05,0.00,0.05,0,0
/home/richard/project/SAT_benchmark/SATLIB/uf20-91/uf20-0283.cnf,UNSAT,0.05,0.00,0.05,0,0
/home/richard/project/SAT_benchmark/SATLIB/uf20-91/uf20-0974.cnf,UNSAT,0.05,0.00,0.05,0,0
/home/richard/project/SAT_benchmark/SATLIB/uf20-91/uf20-0942.cnf,UNSAT,0.05,0.00,0.05,0,0
/home/richard/project/SAT_benchmark/SATLIB/uf20-91/uf20-0984.cnf,UNSAT,0.05,0.00,0.05,0,0
/home/richard/project/SAT_benchmark/SATLIB/uf20-91/uf20-0920.cnf,UNSAT,0.05,0.00,0.05,0,0
/home/richard/project/SAT_benchmark/SATLIB/uf20-91/uf20-0561.cnf,UNSAT,0.05,0.00,0.05,0,0
/home/richard/project/SAT_benchmark/SATLIB/uf20-91/uf20-0209.cnf,UNSAT,0.05,0.00,0.05,0,0
/home/richard/project/SAT_benchmark/SATLIB/uf20-91/uf20-0592.cnf,UNSAT,0.05,0.00,0.05,0,0
/home/richard/project/SAT_benchmark/SATLIB/uf20-91/uf20-081.cnf,UNSAT,0.07,0.00,0.07,0,0
/home/richard/project/SAT_benchmark/SATLIB/uf20-91/uf20-0436.cnf,UNSAT,0.05,0.00,0.05,0,0
/home/richard/project/SAT_benchmark/SATLIB/uf20-91/uf20-0123.cnf,UNSAT,0.05,0.00,0.05,0,0
/home/richard/project/SAT_benchmark/SATLIB/uf20-91/uf20-0355.cnf,UNSAT,0.05,0.00,0.05,0,0
/home/richard/project/SAT_benchmark/SATLIB/uf20-91/uf20-0910.cnf,UNSAT,0.05,0.00,0.05,0,0
/home/richard/project/SAT_benchmark/SATLIB/uf20-91/uf20-0668.cnf,UNSAT,0.05,0.00,0.05,0,0
/home/richard/project/SAT_benchmark/SATLIB/uf20-91/uf20-0698.cnf,UNSAT,0.06,0.00,0.06,0,0
/home/richard/project/SAT_benchmark/SATLIB/uf20-91/uf20-0762.cnf,UNSAT,0.09,0.00,0.09,0,0
/home/richard/project/SAT_benchmark/SATLIB/uf20-91/uf20-02.cnf,UNSAT,0.05,0.00,0.05,0,0
/home/richard/project/SAT_benchmark/SATLIB/uf20-91/uf20-0947.cnf,UNSAT,0.05,0.00,0.05,0,0
/home/richard/project/SAT_benchmark/SATLIB/uf20-91/uf20-0341.cnf,UNSAT,0.05,0.00,0.05,0,0
/home/richard/project/SAT_benchmark/SATLIB/uf20-91/uf20-0326.cnf,UNSAT,0.05,0.00,0.05,0,0
/home/richard/project/SAT_benchmark/SATLIB/uf20-91/uf20-0741.cnf,UNSAT,0.05,0.00,0.05,0,0
/home/richard/project/SAT_benchmark/SATLIB/uf20-91/uf20-0379.cnf,UNSAT,0.05,0.00,0.05,0,0
/home/richard/project/SAT_benchmark/SATLIB/uf20-91/uf20-0992.cnf,UNSAT,0.05,0.00,0.05,0,0
/home/richard/project/SAT_benchmark/SATLIB/uf20-91/uf20-0431.cnf,UNSAT,0.05,0.00,0.05,0,0
/home/richard/project/SAT_benchmark/SATLIB/uf20-91/uf20-0618.cnf,UNSAT,0.06,0.00,0.06,0,0
/home/richard/project/SAT_benchmark/SATLIB/uf20-91/uf20-0877.cnf,UNSAT,0.05,0.00,0.05,0,0
/home/richard/project/SAT_benchmark/SATLIB/uf20-91/uf20-0461.cnf,UNSAT,0.05,0.00,0.05,0,0
/home/richard/project/SAT_benchmark/SATLIB/uf20-91/uf20-0727.cnf,UNSAT,0.05,0.00,0.05,0,0
/home/richard/project/SAT_benchmark/SATLIB/uf20-91/uf20-0153.cnf,UNSAT,0.05,0.00,0.05,0,0
/home/richard/project/SAT_benchmark/SATLIB/uf20-91/uf20-0867.cnf,UNSAT,0.05,0.00,0.05,0,0
/home/richard/project/SAT_benchmark/SATLIB/uf20-91/uf20-0978.cnf,UNSAT,0.06,0.00,0.06,0,0
/home/richard/project/SAT_benchmark/SATLIB/uf20-91/uf20-0336.cnf,UNSAT,0.06,0.00,0.06,0,0
/home/richard/project/SAT_benchmark/SATLIB/uf20-91/uf20-0781.cnf,UNSAT,0.05,0.00,0.05,0,0
/home/richard/project/SAT_benchmark/SATLIB/uf20-91/uf20-0348.cnf,UNSAT,0.05,0.00,0.05,0,0
/home/richard/project/SAT_benchmark/SATLIB/uf20-91/uf20-0553.cnf,UNSAT,0.05,0.00,0.05,0,0
/home/richard/project/SAT_benchmark/SATLIB/uf20-91/uf20-0851.cnf,UNSAT,0.05,0.00,0.05,0,0
/home/richard/project/SAT_benchmark/SATLIB/uf20-91/uf20-0325.cnf,UNSAT,0.05,0.00,0.05,0,0
/home/richard/project/SAT_benchmark/SATLIB/uf20-91/uf20-0273.cnf,UNSAT,0.05,0.00,0.05,0,0
/home/richard/project/SAT_benchmark/SATLIB/uf20-91/uf20-069.cnf,UNSAT,0.05,0.00,0.05,0,0
/home/richard/project/SAT_benchmark/SATLIB/uf20-91/uf20-0702.cnf,UNSAT,0.06,0.00,0.06,0,0
/home/richard/project/SAT_benchmark/SATLIB/uf20-91/uf20-0414.cnf,UNSAT,0.06,0.00,0.06,0,0
/home/richard/project/SAT_benchmark/SATLIB/uf20-91/uf20-0705.cnf,UNSAT,0.06,0.00,0.06,0,0
/home/richard/project/SAT_benchmark/SATLIB/uf20-91/uf20-092.cnf,UNSAT,0.06,0.00,0.06,0,0
/home/richard/project/SAT_benchmark/SATLIB/uf20-91/uf20-0743.cnf,UNSAT,0.06,0.00,0.06,0,0
/home/richard/project/SAT_benchmark/SATLIB/uf20-91/uf20-0769.cnf,UNSAT,0.05,0.00,0.05,0,0
/home/richard/project/SAT_benchmark/SATLIB/uf20-91/uf20-0467.cnf,UNSAT,0.05,0.00,0.05,0,0
/home/richard/project/SAT_benchmark/SATLIB/uf20-91/uf20-0993.cnf,UNSAT,0.05,0.00,0.05,0,0
/home/richard/project/SAT_benchmark/SATLIB/uf20-91/uf20-0350.cnf,UNSAT,0.05,0.00,0.05,0,0
/home/richard/project/SAT_benchmark/SATLIB/uf20-91/uf20-0615.cnf,UNSAT,0.05,0.00,0.05,0,0
/home/richard/project/SAT_benchmark/SATLIB/uf20-91/uf20-0448.cnf,UNSAT,0.05,0.00,0.05,0,0
/home/richard/project/SAT_benchmark/SATLIB/uf20-91/uf20-0787.cnf,UNSAT,0.05,0.00,0.05,0,0
/home/richard/project/SAT_benchmark/SATLIB/uf20-91/uf20-0471.cnf,UNSAT,0.05,0.00,0.05,0,0
/home/richard/project/SAT_benchmark/SATLIB/uf20-91/uf20-0687.cnf,UNSAT,0.05,0.00,0.05,0,0
/home/richard/project/SAT_benchmark/SATLIB/uf20-91/uf20-0670.cnf,UNSAT,0.05,0.00,0.05,0,0
/home/richard/project/SAT_benchmark/SATLIB/uf20-91/uf20-0127.cnf,UNSAT,0.05,0.00,0.05,0,0
/home/richard/project/SAT_benchmark/SATLIB/uf20-91/uf20-0464.cnf,UNSAT,0.06,0.00,0.06,0,0
/home/richard/project/SAT_benchmark/SATLIB/uf20-91/uf20-0656.cnf,UNSAT,0.06,0.00,0.06,0,0
/home/richard/project/SAT_benchmark/SATLIB/uf20-91/uf20-0792.cnf,UNSAT,0.05,0.00,0.05,0,0
/home/richard/project/SAT_benchmark/SATLIB/uf20-91/uf20-0263.cnf,UNSAT,0.05,0.00,0.05,0,0
/home/richard/project/SAT_benchmark/SATLIB/uf20-91/uf20-0370.cnf,UNSAT,0.05,0.00,0.05,0,0
/home/richard/project/SAT_benchmark/SATLIB/uf20-91/uf20-0944.cnf,UNSAT,0.05,0.00,0.05,0,0
/home/richard/project/SAT_benchmark/SATLIB/uf20-91/uf20-0688.cnf,UNSAT,0.05,0.00,0.05,0,0
/home/richard/project/SAT_benchmark/SATLIB/uf20-91/uf20-0211.cnf,UNSAT,0.05,0.00,0.05,0,0
/home/richard/project/SAT_benchmark/SATLIB/uf20-91/uf20-0758.cnf,UNSAT,0.05,0.00,0.05,0,0
/home/richard/project/SAT_benchmark/SATLIB/uf20-91/uf20-0680.cnf,UNSAT,0.05,0.00,0.05,0,0
/home/richard/project/SAT_benchmark/SATLIB/uf20-91/uf20-079.cnf,UNSAT,0.05,0.00,0.05,0,0
/home/richard/project/SAT_benchmark/SATLIB/uf20-91/uf20-0247.cnf,UNSAT,0.05,0.00,0.05,0,0
/home/richard/project/SAT_benchmark/SATLIB/uf20-91/uf20-0976.cnf,UNSAT,0.05,0.00,0.05,0,0
/home/richard/project/SAT_benchmark/SATLIB/uf20-91/uf20-015.cnf,UNSAT,0.05,0.00,0.05,0,0
/home/richard/project/SAT_benchmark/SATLIB/uf20-91/uf20-0795.cnf,UNSAT,0.05,0.00,0.05,0,0
/home/richard/project/SAT_benchmark/SATLIB/uf20-91/uf20-0605.cnf,UNSAT,0.05,0.00,0.05,0,0
/home/richard/project/SAT_benchmark/SATLIB/uf20-91/uf20-0836.cnf,UNSAT,0.05,0.00,0.05,0,0
/home/richard/project/SAT_benchmark/SATLIB/uf20-91/uf20-031.cnf,UNSAT,0.05,0.00,0.05,0,0
/home/richard/project/SAT_benchmark/SATLIB/uf20-91/uf20-0248.cnf,UNSAT,0.05,0.00,0.05,0,0
/home/richard/project/SAT_benchmark/SATLIB/uf20-91/uf20-0384.cnf,UNSAT,0.05,0.00,0.05,0,0
/home/richard/project/SAT_benchmark/SATLIB/uf20-91/uf20-0297.cnf,UNSAT,0.06,0.00,0.06,0,0
/home/richard/project/SAT_benchmark/SATLIB/uf20-91/uf20-0497.cnf,UNSAT,0.05,0.00,0.05,0,0
/home/richard/project/SAT_benchmark/SATLIB/uf20-91/uf20-0369.cnf,UNSAT,0.05,0.00,0.05,0,0
/home/richard/project/SAT_benchmark/SATLIB/uf20-91/uf20-085.cnf,UNSAT,0.05,0.00,0.05,0,0
/home/richard/project/SAT_benchmark/SATLIB/uf20-91/uf20-0885.cnf,UNSAT,0.05,0.00,0.05,0,0
/home/richard/project/SAT_benchmark/SATLIB/uf20-91/uf20-0338.cnf,UNSAT,0.05,0.00,0.05,0,0
/home/richard/project/SAT_benchmark/SATLIB/uf20-91/uf20-06.cnf,UNSAT,0.05,0.00,0.05,0,0
/home/richard/project/SAT_benchmark/SATLIB/uf20-91/uf20-0842.cnf,UNSAT,0.05,0.00,0.05,0,0
/home/richard/project/SAT_benchmark/SATLIB/uf20-91/uf20-0573.cnf,UNSAT,0.05,0.00,0.05,0,0
/home/richard/project/SAT_benchmark/SATLIB/uf20-91/uf20-0487.cnf,UNSAT,0.05,0.00,0.05,0,0
/home/richard/project/SAT_benchmark/SATLIB/uf20-91/uf20-0502.cnf,UNSAT,0.05,0.00,0.05,0,0
/home/richard/project/SAT_benchmark/SATLIB/uf20-91/uf20-0606.cnf,UNSAT,0.05,0.00,0.05,0,0
/home/richard/project/SAT_benchmark/SATLIB/uf20-91/uf20-0313.cnf,UNSAT,0.05,0.00,0.05,0,0
/home/richard/project/SAT_benchmark/SATLIB/uf20-91/uf20-0948.cnf,UNSAT,0.05,0.00,0.05,0,0
/home/richard/project/SAT_benchmark/SATLIB/uf20-91/uf20-0353.cnf,UNSAT,0.05,0.00,0.05,0,0
/home/richard/project/SAT_benchmark/SATLIB/uf20-91/uf20-0669.cnf,UNSAT,0.09,0.00,0.09,0,0
/home/richard/project/SAT_benchmark/SATLIB/uf20-91/uf20-0756.cnf,UNSAT,0.05,0.00,0.05,0,0
/home/richard/project/SAT_benchmark/SATLIB/uf20-91/uf20-0459.cnf,UNSAT,0.05,0.00,0.05,0,0
/home/richard/project/SAT_benchmark/SATLIB/uf20-91/uf20-0827.cnf,UNSAT,0.05,0.00,0.05,0,0
/home/richard/project/SAT_benchmark/SATLIB/uf20-91/uf20-0415.cnf,UNSAT,0.05,0.00,0.05,0,0
/home/richard/project/SAT_benchmark/SATLIB/uf20-91/uf20-0711.cnf,UNSAT,0.05,0.00,0.05,0,0
/home/richard/project/SAT_benchmark/SATLIB/uf20-91/uf20-0576.cnf,UNSAT,0.05,0.00,0.05,0,0
/home/richard/project/SAT_benchmark/SATLIB/uf20-91/uf20-0913.cnf,UNSAT,0.05,0.00,0.05,0,0
/home/richard/project/SAT_benchmark/SATLIB/uf20-91/uf20-071.cnf,UNSAT,0.05,0.00,0.05,0,0
/home/richard/project/SAT_benchmark/SATLIB/uf20-91/uf20-0442.cnf,UNSAT,0.05,0.00,0.05,0,0
/home/richard/project/SAT_benchmark/SATLIB/uf20-91/uf20-0752.cnf,UNSAT,0.05,0.00,0.05,0,0
/home/richard/project/SAT_benchmark/SATLIB/uf20-91/uf20-0165.cnf,UNSAT,0.05,0.00,0.05,0,0
/home/richard/project/SAT_benchmark/SATLIB/uf20-91/uf20-0333.cnf,UNSAT,0.05,0.00,0.05,0,0
/home/richard/project/SAT_benchmark/SATLIB/uf20-91/uf20-074.cnf,UNSAT,0.05,0.00,0.05,0,0
/home/richard/project/SAT_benchmark/SATLIB/uf20-91/uf20-0954.cnf,UNSAT,0.05,0.00,0.05,0,0
/home/richard/project/SAT_benchmark/SATLIB/uf20-91/uf20-0665.cnf,UNSAT,0.05,0.00,0.05,0,0
/home/richard/project/SAT_benchmark/SATLIB/uf20-91/uf20-0882.cnf,UNSAT,0.05,0.00,0.05,0,0
/home/richard/project/SAT_benchmark/SATLIB/uf20-91/uf20-0828.cnf,UNSAT,0.05,0.00,0.05,0,0
/home/richard/project/SAT_benchmark/SATLIB/uf20-91/uf20-0575.cnf,UNSAT,0.05,0.00,0.05,0,0
/home/richard/project/SAT_benchmark/SATLIB/uf20-91/uf20-0872.cnf,UNSAT,0.05,0.00,0.05,0,0
/home/richard/project/SAT_benchmark/SATLIB/uf20-91/uf20-0320.cnf,UNSAT,0.05,0.00,0.05,0,0
/home/richard/project/SAT_benchmark/SATLIB/uf20-91/uf20-0466.cnf,UNSAT,0.08,0.00,0.08,0,0
/home/richard/project/SAT_benchmark/SATLIB/uf20-91/uf20-0814.cnf,UNSAT,0.05,0.00,0.05,0,0
/home/richard/project/SAT_benchmark/SATLIB/uf20-91/uf20-0441.cnf,UNSAT,0.05,0.00,0.05,0,0
/home/richard/project/SAT_benchmark/SATLIB/uf20-91/uf20-0419.cnf,UNSAT,0.05,0.00,0.05,0,0
/home/richard/project/SAT_benchmark/SATLIB/uf20-91/uf20-0284.cnf,UNSAT,0.05,0.00,0.05,0,0
/home/richard/project/SAT_benchmark/SATLIB/uf20-91/uf20-0746.cnf,UNSAT,0.05,0.00,0.05,0,0
/home/richard/project/SAT_benchmark/SATLIB/uf20-91/uf20-064.cnf,UNSAT,0.06,0.00,0.06,0,0
/home/richard/project/SAT_benchmark/SATLIB/uf20-91/uf20-0274.cnf,UNSAT,0.05,0.00,0.05,0,0
/home/richard/project/SAT_benchmark/SATLIB/uf20-91/uf20-0987.cnf,UNSAT,0.05,0.00,0.05,0,0
/home/richard/project/SAT_benchmark/SATLIB/uf20-91/uf20-0924.cnf,UNSAT,0.05,0.00,0.05,0,0
/home/richard/project/SAT_benchmark/SATLIB/uf20-91/uf20-0434.cnf,UNSAT,0.05,0.00,0.05,0,0
/home/richard/project/SAT_benchmark/SATLIB/uf20-91/uf20-0862.cnf,UNSAT,0.05,0.00,0.05,0,0
/home/richard/project/SAT_benchmark/SATLIB/uf20-91/uf20-0716.cnf,UNSAT,0.05,0.00,0.05,0,0
/home/richard/project/SAT_benchmark/SATLIB/uf20-91/uf20-0686.cnf,UNSAT,0.05,0.00,0.05,0,0
/home/richard/project/SAT_benchmark/SATLIB/uf20-91/uf20-0377.cnf,UNSAT,0.05,0.00,0.05,0,0
/home/richard/project/SAT_benchmark/SATLIB/uf20-91/uf20-0520.cnf,UNSAT,0.05,0.00,0.05,0,0
/home/richard/project/SAT_benchmark/SATLIB/uf20-91/uf20-0477.cnf,UNSAT,0.05,0.00,0.05,0,0
/home/richard/project/SAT_benchmark/SATLIB/uf20-91/uf20-0544.cnf,UNSAT,0.05,0.00,0.05,0,0
/home/richard/project/SAT_benchmark/SATLIB/uf20-91/uf20-0249.cnf,UNSAT,0.05,0.00,0.05,0,0
/home/richard/project/SAT_benchmark/SATLIB/uf20-91/uf20-0239.cnf,UNSAT,0.05,0.00,0.05,0,0
/home/richard/project/SAT_benchmark/SATLIB/uf20-91/uf20-0932.cnf,UNSAT,0.05,0.00,0.05,0,0
/home/richard/project/SAT_benchmark/SATLIB/uf20-91/uf20-0327.cnf,UNSAT,0.05,0.00,0.05,0,0
/home/richard/project/SAT_benchmark/SATLIB/uf20-91/uf20-0635.cnf,UNSAT,0.05,0.00,0.05,0,0
/home/richard/project/SAT_benchmark/SATLIB/uf20-91/uf20-0321.cnf,UNSAT,0.05,0.00,0.05,0,0
/home/richard/project/SAT_benchmark/SATLIB/uf20-91/uf20-0278.cnf,UNSAT,0.05,0.00,0.05,0,0
/home/richard/project/SAT_benchmark/SATLIB/uf20-91/uf20-0111.cnf,UNSAT,0.05,0.00,0.05,0,0
/home/richard/project/SAT_benchmark/SATLIB/uf20-91/uf20-0890.cnf,UNSAT,0.05,0.00,0.05,0,0
/home/richard/project/SAT_benchmark/SATLIB/uf20-91/uf20-0361.cnf,UNSAT,0.05,0.00,0.05,0,0
/home/richard/project/SAT_benchmark/SATLIB/uf20-91/uf20-0532.cnf,UNSAT,0.05,0.00,0.05,0,0
/home/richard/project/SAT_benchmark/SATLIB/uf20-91/uf20-0429.cnf,UNSAT,0.05,0.00,0.05,0,0
/home/richard/project/SAT_benchmark/SATLIB/uf20-91/uf20-0906.cnf,UNSAT,0.05,0.00,0.05,0,0
/home/richard/project/SAT_benchmark/SATLIB/uf20-91/uf20-0875.cnf,UNSAT,0.05,0.00,0.05,0,0
/home/richard/project/SAT_benchmark/SATLIB/uf20-91/uf20-0523.cnf,UNSAT,0.05,0.00,0.05,0,0
/home/richard/project/SAT_benchmark/SATLIB/uf20-91/uf20-0969.cnf,UNSAT,0.05,0.00,0.05,0,0
/home/richard/project/SAT_benchmark/SATLIB/uf20-91/uf20-0666.cnf,UNSAT,0.05,0.00,0.05,0,0
/home/richard/project/SAT_benchmark/SATLIB/uf20-91/uf20-0214.cnf,UNSAT,0.05,0.00,0.05,0,0
/home/richard/project/SAT_benchmark/SATLIB/uf20-91/uf20-0528.cnf,UNSAT,0.05,0.00,0.05,0,0
/home/richard/project/SAT_benchmark/SATLIB/uf20-91/uf20-0636.cnf,UNSAT,0.05,0.00,0.05,0,0
/home/richard/project/SAT_benchmark/SATLIB/uf20-91/uf20-0603.cnf,UNSAT,0.05,0.00,0.05,0,0
/home/richard/project/SAT_benchmark/SATLIB/uf20-91/uf20-0703.cnf,UNSAT,0.05,0.00,0.05,0,0
/home/richard/project/SAT_benchmark/SATLIB/uf20-91/uf20-0549.cnf,UNSAT,0.05,0.00,0.05,0,0
/home/richard/project/SAT_benchmark/SATLIB/uf20-91/uf20-0359.cnf,UNSAT,0.05,0.00,0.05,0,0
/home/richard/project/SAT_benchmark/SATLIB/uf20-91/uf20-021.cnf,UNSAT,0.05,0.00,0.05,0,0
/home/richard/project/SAT_benchmark/SATLIB/uf20-91/uf20-0430.cnf,UNSAT,0.08,0.00,0.08,0,0
/home/richard/project/SAT_benchmark/SATLIB/uf20-91/uf20-0658.cnf,UNSAT,0.05,0.00,0.05,0,0
/home/richard/project/SAT_benchmark/SATLIB/uf20-91/uf20-0229.cnf,UNSAT,0.05,0.00,0.05,0,0
/home/richard/project/SAT_benchmark/SATLIB/uf20-91/uf20-0644.cnf,UNSAT,0.05,0.00,0.05,0,0
/home/richard/project/SAT_benchmark/SATLIB/uf20-91/uf20-0864.cnf,UNSAT,0.05,0.00,0.05,0,0
/home/richard/project/SAT_benchmark/SATLIB/uf20-91/uf20-0692.cnf,UNSAT,0.05,0.00,0.05,0,0
/home/richard/project/SAT_benchmark/SATLIB/uf20-91/uf20-051.cnf,UNSAT,0.05,0.00,0.05,0,0
/home/richard/project/SAT_benchmark/SATLIB/uf20-91/uf20-0699.cnf,UNSAT,0.05,0.00,0.05,0,0
/home/richard/project/SAT_benchmark/SATLIB/uf20-91/uf20-0866.cnf,UNSAT,0.05,0.00,0.05,0,0
/home/richard/project/SAT_benchmark/SATLIB/uf20-91/uf20-0408.cnf,UNSAT,0.08,0.00,0.08,0,0
/home/richard/project/SAT_benchmark/SATLIB/uf20-91/uf20-0583.cnf,UNSAT,0.05,0.00,0.05,0,0
/home/richard/project/SAT_benchmark/SATLIB/uf20-91/uf20-0733.cnf,UNSAT,0.05,0.00,0.05,0,0
/home/richard/project/SAT_benchmark/SATLIB/uf20-91/uf20-0776.cnf,UNSAT,0.05,0.00,0.05,0,0
/home/richard/project/SAT_benchmark/SATLIB/uf20-91/uf20-0853.cnf,UNSAT,0.05,0.00,0.05,0,0
/home/richard/project/SAT_benchmark/SATLIB/uf20-91/uf20-0579.cnf,UNSAT,0.05,0.00,0.05,0,0
/home/richard/project/SAT_benchmark/SATLIB/uf20-91/uf20-0234.cnf,UNSAT,0.05,0.00,0.05,0,0
/home/richard/project/SAT_benchmark/SATLIB/uf20-91/uf20-0870.cnf,UNSAT,0.05,0.00,0.05,0,0
/home/richard/project/SAT_benchmark/SATLIB/uf20-91/uf20-088.cnf,UNSAT,0.05,0.00,0.05,0,0
/home/richard/project/SAT_benchmark/SATLIB/uf20-91/uf20-0189.cnf,UNSAT,0.05,0.00,0.05,0,0
/home/richard/project/SAT_benchmark/SATLIB/uf20-91/uf20-0796.cnf,UNSAT,0.05,0.00,0.05,0,0
/home/richard/project/SAT_benchmark/SATLIB/uf20-91/uf20-0480.cnf,UNSAT,0.05,0.00,0.05,0,0
/home/richard/project/SAT_benchmark/SATLIB/uf20-91/uf20-0714.cnf,UNSAT,0.05,0.00,0.05,0,0
/home/richard/project/SAT_benchmark/SATLIB/uf20-91/uf20-0753.cnf,UNSAT,0.05,0.00,0.05,0,0
/home/richard/project/SAT_benchmark/SATLIB/uf20-91/uf20-0784.cnf,UNSAT,0.05,0.00,0.05,0,0
/home/richard/project/SAT_benchmark/SATLIB/uf20-91/uf20-0645.cnf,UNSAT,0.05,0.00,0.05,0,0
/home/richard/project/SAT_benchmark/SATLIB/uf20-91/uf20-0188.cnf,UNSAT,0.05,0.00,0.05,0,0
/home/richard/project/SAT_benchmark/SATLIB/uf20-91/uf20-0771.cnf,UNSAT,0.05,0.00,0.05,0,0
/home/richard/project/SAT_benchmark/SATLIB/uf20-91/uf20-0151.cnf,UNSAT,0.05,0.00,0.05,0,0
/home/richard/project/SAT_benchmark/SATLIB/uf20-91/uf20-0558.cnf,UNSAT,0.05,0.00,0.05,0,0
/home/richard/project/SAT_benchmark/SATLIB/uf20-91/uf20-0723.cnf,UNSAT,0.05,0.00,0.05,0,0
/home/richard/project/SAT_benchmark/SATLIB/uf20-91/uf20-0290.cnf,UNSAT,0.05,0.00,0.05,0,0
/home/richard/project/SAT_benchmark/SATLIB/uf20-91/uf20-059.cnf,UNSAT,0.05,0.00,0.05,0,0
/home/richard/project/SAT_benchmark/SATLIB/uf20-91/uf20-0731.cnf,UNSAT,0.05,0.00,0.05,0,0
/home/richard/project/SAT_benchmark/SATLIB/uf20-91/uf20-040.cnf,UNSAT,0.05,0.00,0.05,0,0
/home/richard/project/SAT_benchmark/SATLIB/uf20-91/uf20-099.cnf,UNSAT,0.05,0.00,0.05,0,0
/home/richard/project/SAT_benchmark/SATLIB/uf20-91/uf20-0516.cnf,UNSAT,0.05,0.00,0.05,0,0
/home/richard/project/SAT_benchmark/SATLIB/uf20-91/uf20-0367.cnf,UNSAT,0.05,0.00,0.05,0,0
/home/richard/project/SAT_benchmark/SATLIB/uf20-91/uf20-0673.cnf,UNSAT,0.05,0.00,0.05,0,0
/home/richard/project/SAT_benchmark/SATLIB/uf20-91/uf20-0371.cnf,UNSAT,0.05,0.00,0.05,0,0
/home/richard/project/SAT_benchmark/SATLIB/uf20-91/uf20-0375.cnf,UNSAT,0.05,0.00,0.05,0,0
/home/richard/project/SAT_benchmark/SATLIB/uf20-91/uf20-0547.cnf,UNSAT,0.05,0.00,0.05,0,0
/home/richard/project/SAT_benchmark/SATLIB/uf20-91/uf20-0648.cnf,UNSAT,0.05,0.00,0.05,0,0
/home/richard/project/SAT_benchmark/SATLIB/uf20-91/uf20-0623.cnf,UNSAT,0.05,0.00,0.05,0,0
/home/richard/project/SAT_benchmark/SATLIB/uf20-91/uf20-0382.cnf,UNSAT,0.09,0.00,0.09,0,0
/home/richard/project/SAT_benchmark/SATLIB/uf20-91/uf20-0896.cnf,UNSAT,0.05,0.00,0.05,0,0
/home/richard/project/SAT_benchmark/SATLIB/uf20-91/uf20-0909.cnf,UNSAT,0.05,0.00,0.05,0,0
/home/richard/project/SAT_benchmark/SATLIB/uf20-91/uf20-0611.cnf,UNSAT,0.09,0.00,0.09,0,0
/home/richard/project/SAT_benchmark/SATLIB/uf20-91/uf20-0594.cnf,UNSAT,0.05,0.00,0.05,0,0
/home/richard/project/SAT_benchmark/SATLIB/uf20-91/uf20-0456.cnf,UNSAT,0.06,0.00,0.06,0,0
/home/richard/project/SAT_benchmark/SATLIB/uf20-91/uf20-0410.cnf,UNSAT,0.05,0.00,0.05,0,0
/home/richard/project/SAT_benchmark/SATLIB/uf20-91/uf20-0513.cnf,UNSAT,0.05,0.00,0.05,0,0
/home/richard/project/SAT_benchmark/SATLIB/uf20-91/uf20-0617.cnf,UNSAT,0.05,0.00,0.05,0,0
/home/richard/project/SAT_benchmark/SATLIB/uf20-91/uf20-0225.cnf,UNSAT,0.05,0.00,0.05,0,0
/home/richard/project/SAT_benchmark/SATLIB/uf20-91/uf20-0216.cnf,UNSAT,0.05,0.00,0.05,0,0
/home/richard/project/SAT_benchmark/SATLIB/uf20-91/uf20-0620.cnf,UNSAT,0.05,0.00,0.05,0,0
/home/richard/project/SAT_benchmark/SATLIB/uf20-91/uf20-0863.cnf,UNSAT,0.05,0.00,0.05,0,0
/home/richard/project/SAT_benchmark/SATLIB/uf20-91/uf20-0880.cnf,UNSAT,0.05,0.00,0.05,0,0
/home/richard/project/SAT_benchmark/SATLIB/uf20-91/uf20-0157.cnf,UNSAT,0.05,0.00,0.05,0,0
/home/richard/project/SAT_benchmark/SATLIB/uf20-91/uf20-0318.cnf,UNSAT,0.05,0.00,0.05,0,0
/home/richard/project/SAT_benchmark/SATLIB/uf20-91/uf20-0647.cnf,UNSAT,0.09,0.00,0.09,0,0
/home/richard/project/SAT_benchmark/SATLIB/uf20-91/uf20-0660.cnf,UNSAT,0.09,0.00,0.09,0,0
/home/richard/project/SAT_benchmark/SATLIB/uf20-91/uf20-0809.cnf,UNSAT,0.05,0.00,0.05,0,0
/home/richard/project/SAT_benchmark/SATLIB/uf20-91/uf20-0304.cnf,UNSAT,0.10,0.00,0.10,0,0
/home/richard/project/SAT_benchmark/SATLIB/uf20-91/uf20-0840.cnf,UNSAT,0.10,0.00,0.10,0,0
/home/richard/project/SAT_benchmark/SATLIB/uf20-91/uf20-0763.cnf,UNSAT,0.05,0.00,0.05,0,0
/home/richard/project/SAT_benchmark/SATLIB/uf20-91/uf20-0509.cnf,UNSAT,0.05,0.00,0.05,0,0
/home/richard/project/SAT_benchmark/SATLIB/uf20-91/uf20-010.cnf,UNSAT,0.05,0.00,0.05,0,0
/home/richard/project/SAT_benchmark/SATLIB/uf20-91/uf20-0798.cnf,UNSAT,0.05,0.00,0.05,0,0
/home/richard/project/SAT_benchmark/SATLIB/uf20-91/uf20-053.cnf,UNSAT,0.09,0.00,0.09,0,0
/home/richard/project/SAT_benchmark/SATLIB/uf20-91/uf20-0970.cnf,UNSAT,0.05,0.00,0.05,0,0
/home/richard/project/SAT_benchmark/SATLIB/uf20-91/uf20-0742.cnf,UNSAT,0.08,0.00,0.08,0,0
/home/richard/project/SAT_benchmark/SATLIB/uf20-91/uf20-0270.cnf,UNSAT,0.05,0.00,0.05,0,0
/home/richard/project/SAT_benchmark/SATLIB/uf20-91/uf20-0996.cnf,UNSAT,0.05,0.00,0.05,0,0
/home/richard/project/SAT_benchmark/SATLIB/uf20-91/uf20-0848.cnf,UNSAT,0.05,0.00,0.05,0,0
/home/richard/project/SAT_benchmark/SATLIB/uf20-91/uf20-0205.cnf,UNSAT,0.05,0.00,0.05,0,0
/home/richard/project/SAT_benchmark/SATLIB/uf20-91/uf20-0679.cnf,UNSAT,0.05,0.00,0.05,0,0
/home/richard/project/SAT_benchmark/SATLIB/uf20-91/uf20-068.cnf,UNSAT,0.05,0.00,0.05,0,0
/home/richard/project/SAT_benchmark/SATLIB/uf20-91/uf20-0164.cnf,UNSAT,0.05,0.00,0.05,0,0
/home/richard/project/SAT_benchmark/SATLIB/uf20-91/uf20-0144.cnf,UNSAT,0.05,0.00,0.05,0,0
/home/richard/project/SAT_benchmark/SATLIB/uf20-91/uf20-0196.cnf,UNSAT,0.05,0.00,0.05,0,0
/home/richard/project/SAT_benchmark/SATLIB/uf20-91/uf20-0543.cnf,UNSAT,0.05,0.00,0.05,0,0
/home/richard/project/SAT_benchmark/SATLIB/uf20-91/uf20-0343.cnf,UNSAT,0.05,0.00,0.05,0,0
/home/richard/project/SAT_benchmark/SATLIB/uf20-91/uf20-0619.cnf,UNSAT,0.05,0.00,0.05,0,0
/home/richard/project/SAT_benchmark/SATLIB/uf20-91/uf20-0749.cnf,UNSAT,0.05,0.00,0.05,0,0
/home/richard/project/SAT_benchmark/SATLIB/uf20-91/uf20-0941.cnf,UNSAT,0.05,0.00,0.05,0,0
/home/richard/project/SAT_benchmark/SATLIB/uf20-91/uf20-0113.cnf,UNSAT,0.05,0.00,0.05,0,0
/home/richard/project/SAT_benchmark/SATLIB/uf20-91/uf20-0973.cnf,UNSAT,0.05,0.00,0.05,0,0
/home/richard/project/SAT_benchmark/SATLIB/uf20-91/uf20-01000.cnf,UNSAT,0.05,0.00,0.05,0,0
/home/richard/project/SAT_benchmark/SATLIB/uf20-91/uf20-0895.cnf,UNSAT,0.05,0.00,0.05,0,0
/home/richard/project/SAT_benchmark/SATLIB/uf20-91/uf20-0197.cnf,UNSAT,0.05,0.00,0.05,0,0
/home/richard/project/SAT_benchmark/SATLIB/uf20-91/uf20-0451.cnf,UNSAT,0.05,0.00,0.05,0,0
/home/richard/project/SAT_benchmark/SATLIB/uf20-91/uf20-0825.cnf,UNSAT,0.05,0.00,0.05,0,0
/home/richard/project/SAT_benchmark/SATLIB/uf20-91/uf20-0438.cnf,UNSAT,0.05,0.00,0.05,0,0
/home/richard/project/SAT_benchmark/SATLIB/uf20-91/uf20-0822.cnf,UNSAT,0.05,0.00,0.05,0,0
/home/richard/project/SAT_benchmark/SATLIB/uf20-91/uf20-0190.cnf,UNSAT,0.06,0.00,0.06,0,0
/home/richard/project/SAT_benchmark/SATLIB/uf20-91/uf20-0347.cnf,UNSAT,0.05,0.00,0.05,0,0
/home/richard/project/SAT_benchmark/SATLIB/uf20-91/uf20-0389.cnf,UNSAT,0.05,0.00,0.05,0,0
/home/richard/project/SAT_benchmark/SATLIB/uf20-91/uf20-0737.cnf,UNSAT,0.05,0.00,0.05,0,0
/home/richard/project/SAT_benchmark/SATLIB/uf20-91/uf20-0654.cnf,UNSAT,0.05,0.00,0.05,0,0
/home/richard/project/SAT_benchmark/SATLIB/uf20-91/uf20-0418.cnf,UNSAT,0.05,0.00,0.05,0,0
/home/richard/project/SAT_benchmark/SATLIB/uf20-91/uf20-0362.cnf,UNSAT,0.05,0.00,0.05,0,0
/home/richard/project/SAT_benchmark/SATLIB/uf20-91/uf20-0971.cnf,UNSAT,0.05,0.00,0.05,0,0
/home/richard/project/SAT_benchmark/SATLIB/uf20-91/uf20-0363.cnf,UNSAT,0.05,0.00,0.05,0,0
/home/richard/project/SAT_benchmark/SATLIB/uf20-91/uf20-0392.cnf,UNSAT,0.05,0.00,0.05,0,0
/home/richard/project/SAT_benchmark/SATLIB/uf20-91/uf20-0339.cnf,UNSAT,0.05,0.00,0.05,0,0
/home/richard/project/SAT_benchmark/SATLIB/uf20-91/uf20-075.cnf,UNSAT,0.05,0.00,0.05,0,0
/home/richard/project/SAT_benchmark/SATLIB/uf20-91/uf20-067.cnf,UNSAT,0.05,0.00,0.05,0,0
/home/richard/project/SAT_benchmark/SATLIB/uf20-91/uf20-033.cnf,UNSAT,0.09,0.00,0.09,0,0
/home/richard/project/SAT_benchmark/SATLIB/uf20-91/uf20-0252.cnf,UNSAT,0.05,0.00,0.05,0,0
/home/richard/project/SAT_benchmark/SATLIB/uf20-91/uf20-0990.cnf,UNSAT,0.05,0.00,0.05,0,0
/home/richard/project/SAT_benchmark/SATLIB/uf20-91/uf20-0233.cnf,UNSAT,0.05,0.00,0.05,0,0
/home/richard/project/SAT_benchmark/SATLIB/uf20-91/uf20-0119.cnf,UNSAT,0.05,0.00,0.05,0,0
/home/richard/project/SAT_benchmark/SATLIB/uf20-91/uf20-0622.cnf,UNSAT,0.05,0.00,0.05,0,0
/home/richard/project/SAT_benchmark/SATLIB/uf20-91/uf20-0892.cnf,UNSAT,0.05,0.00,0.05,0,0
/home/richard/project/SAT_benchmark/SATLIB/uf20-91/uf20-0465.cnf,UNSAT,0.05,0.00,0.05,0,0
/home/richard/project/SAT_benchmark/SATLIB/uf20-91/uf20-0690.cnf,UNSAT,0.05,0.00,0.05,0,0
/home/richard/project/SAT_benchmark/SATLIB/uf20-91/uf20-0797.cnf,UNSAT,0.05,0.00,0.05,0,0
/home/richard/project/SAT_benchmark/SATLIB/uf20-91/uf20-0738.cnf,UNSAT,0.05,0.00,0.05,0,0
/home/richard/project/SAT_benchmark/SATLIB/uf20-91/uf20-0918.cnf,UNSAT,0.05,0.00,0.05,0,0
/home/richard/project/SAT_benchmark/SATLIB/uf20-91/uf20-0276.cnf,UNSAT,0.10,0.00,0.10,0,0
/home/richard/project/SAT_benchmark/SATLIB/uf20-91/uf20-0955.cnf,UNSAT,0.07,0.00,0.07,0,0
/home/richard/project/SAT_benchmark/SATLIB/uf20-91/uf20-057.cnf,UNSAT,0.05,0.00,0.05,0,0
/home/richard/project/SAT_benchmark/SATLIB/uf20-91/uf20-054.cnf,UNSAT,0.05,0.00,0.05,0,0
/home/richard/project/SAT_benchmark/SATLIB/uf20-91/uf20-0981.cnf,UNSAT,0.05,0.00,0.05,0,0
/home/richard/project/SAT_benchmark/SATLIB/uf20-91/uf20-0854.cnf,UNSAT,0.05,0.00,0.05,0,0
/home/richard/project/SAT_benchmark/SATLIB/uf20-91/uf20-0473.cnf,UNSAT,0.05,0.00,0.05,0,0
/home/richard/project/SAT_benchmark/SATLIB/uf20-91/uf20-0463.cnf,UNSAT,0.05,0.00,0.05,0,0
/home/richard/project/SAT_benchmark/SATLIB/uf20-91/uf20-0905.cnf,UNSAT,0.05,0.00,0.05,0,0
/home/richard/project/SAT_benchmark/SATLIB/uf20-91/uf20-0351.cnf,UNSAT,0.05,0.00,0.05,0,0
/home/richard/project/SAT_benchmark/SATLIB/uf20-91/uf20-03.cnf,UNSAT,0.05,0.00,0.05,0,0
/home/richard/project/SAT_benchmark/SATLIB/uf20-91/uf20-0566.cnf,UNSAT,0.05,0.00,0.05,0,0
/home/richard/project/SAT_benchmark/SATLIB/uf20-91/uf20-0396.cnf,UNSAT,0.05,0.00,0.05,0,0
/home/richard/project/SAT_benchmark/SATLIB/uf20-91/uf20-0824.cnf,UNSAT,0.05,0.00,0.05,0,0
/home/richard/project/SAT_benchmark/SATLIB/uf20-91/uf20-0586.cnf,UNSAT,0.05,0.00,0.05,0,0
/home/richard/project/SAT_benchmark/SATLIB/uf20-91/uf20-0407.cnf,UNSAT,0.05,0.00,0.05,0,0
/home/richard/project/SAT_benchmark/SATLIB/uf20-91/uf20-0124.cnf,UNSAT,0.05,0.00,0.05,0,0
/home/richard/project/SAT_benchmark/SATLIB/uf20-91/uf20-095.cnf,UNSAT,0.05,0.00,0.05,0,0
/home/richard/project/SAT_benchmark/SATLIB/uf20-91/uf20-0138.cnf,UNSAT,0.05,0.00,0.05,0,0
/home/richard/project/SAT_benchmark/SATLIB/uf20-91/uf20-060.cnf,UNSAT,0.05,0.00,0.05,0,0
/home/richard/project/SAT_benchmark/SATLIB/uf20-91/uf20-0684.cnf,UNSAT,0.05,0.00,0.05,0,0
/home/richard/project/SAT_benchmark/SATLIB/uf20-91/uf20-0443.cnf,UNSAT,0.05,0.00,0.05,0,0
/home/richard/project/SAT_benchmark/SATLIB/uf20-91/uf20-0534.cnf,UNSAT,0.05,0.00,0.05,0,0
/home/richard/project/SAT_benchmark/SATLIB/uf20-91/uf20-0672.cnf,UNSAT,0.05,0.00,0.05,0,0
/home/richard/project/SAT_benchmark/SATLIB/uf20-91/uf20-0849.cnf,UNSAT,0.05,0.00,0.05,0,0
/home/richard/project/SAT_benchmark/SATLIB/uf20-91/uf20-0791.cnf,UNSAT,0.07,0.00,0.07,0,0
/home/richard/project/SAT_benchmark/SATLIB/uf20-91/uf20-0291.cnf,UNSAT,0.05,0.00,0.05,0,0
/home/richard/project/SAT_benchmark/SATLIB/uf20-91/uf20-0888.cnf,UNSAT,0.05,0.00,0.05,0,0
/home/richard/project/SAT_benchmark/SATLIB/uf20-91/uf20-037.cnf,UNSAT,0.05,0.00,0.05,0,0
/home/richard/project/SAT_benchmark/SATLIB/uf20-91/uf20-0989.cnf,UNSAT,0.05,0.00,0.05,0,0
/home/richard/project/SAT_benchmark/SATLIB/uf20-91/uf20-0311.cnf,UNSAT,0.05,0.00,0.05,0,0
/home/richard/project/SAT_benchmark/SATLIB/uf20-91/uf20-089.cnf,UNSAT,0.05,0.00,0.05,0,0
/home/richard/project/SAT_benchmark/SATLIB/uf20-91/uf20-0142.cnf,UNSAT,0.05,0.00,0.05,0,0
/home/richard/project/SAT_benchmark/SATLIB/uf20-91/uf20-0664.cnf,UNSAT,0.05,0.00,0.05,0,0
/home/richard/project/SAT_benchmark/SATLIB/uf20-91/uf20-0481.cnf,UNSAT,0.05,0.00,0.05,0,0
/home/richard/project/SAT_benchmark/SATLIB/uf20-91/uf20-0352.cnf,UNSAT,0.05,0.00,0.05,0,0
/home/richard/project/SAT_benchmark/SATLIB/uf20-91/uf20-0767.cnf,UNSAT,0.05,0.00,0.05,0,0
/home/richard/project/SAT_benchmark/SATLIB/uf20-91/uf20-08.cnf,UNSAT,0.05,0.00,0.05,0,0
/home/richard/project/SAT_benchmark/SATLIB/uf20-91/uf20-0295.cnf,UNSAT,0.05,0.00,0.05,0,0
/home/richard/project/SAT_benchmark/SATLIB/uf20-91/uf20-0134.cnf,UNSAT,0.06,0.00,0.06,0,0
/home/richard/project/SAT_benchmark/SATLIB/uf20-91/uf20-0967.cnf,UNSAT,0.05,0.00,0.05,0,0
/home/richard/project/SAT_benchmark/SATLIB/uf20-91/uf20-0629.cnf,UNSAT,0.05,0.00,0.05,0,0
/home/richard/project/SAT_benchmark/SATLIB/uf20-91/uf20-0474.cnf,UNSAT,0.05,0.00,0.05,0,0
/home/richard/project/SAT_benchmark/SATLIB/uf20-91/uf20-039.cnf,UNSAT,0.05,0.00,0.05,0,0
/home/richard/project/SAT_benchmark/SATLIB/uf20-91/uf20-0613.cnf,UNSAT,0.05,0.00,0.05,0,0
/home/richard/project/SAT_benchmark/SATLIB/uf20-91/uf20-0630.cnf,UNSAT,0.05,0.00,0.05,0,0
/home/richard/project/SAT_benchmark/SATLIB/uf20-91/uf20-0562.cnf,UNSAT,0.05,0.00,0.05,0,0
/home/richard/project/SAT_benchmark/SATLIB/uf20-91/uf20-0957.cnf,UNSAT,0.05,0.00,0.05,0,0
/home/richard/project/SAT_benchmark/SATLIB/uf20-91/uf20-0903.cnf,UNSAT,0.05,0.00,0.05,0,0
/home/richard/project/SAT_benchmark/SATLIB/uf20-91/uf20-0642.cnf,UNSAT,0.05,0.00,0.05,0,0
/home/richard/project/SAT_benchmark/SATLIB/uf20-91/uf20-0816.cnf,UNSAT,0.05,0.00,0.05,0,0
/home/richard/project/SAT_benchmark/SATLIB/uf20-91/uf20-0267.cnf,UNSAT,0.05,0.00,0.05,0,0
/home/richard/project/SAT_benchmark/SATLIB/uf20-91/uf20-0237.cnf,UNSAT,0.05,0.00,0.05,0,0
/home/richard/project/SAT_benchmark/SATLIB/uf20-91/uf20-0708.cnf,UNSAT,0.05,0.00,0.05,0,0
/home/richard/project/SAT_benchmark/SATLIB/uf20-91/uf20-0245.cnf,UNSAT,0.05,0.00,0.05,0,0
/home/richard/project/SAT_benchmark/SATLIB/uf20-91/uf20-0235.cnf,UNSAT,0.05,0.00,0.05,0,0
/home/richard/project/SAT_benchmark/SATLIB/uf20-91/uf20-0564.cnf,UNSAT,0.05,0.00,0.05,0,0
/home/richard/project/SAT_benchmark/SATLIB/uf20-91/uf20-077.cnf,UNSAT,0.05,0.00,0.05,0,0
/home/richard/project/SAT_benchmark/SATLIB/uf20-91/uf20-032.cnf,UNSAT,0.05,0.00,0.05,0,0
/home/richard/project/SAT_benchmark/SATLIB/uf20-91/uf20-0956.cnf,UNSAT,0.05,0.00,0.05,0,0
/home/richard/project/SAT_benchmark/SATLIB/uf20-91/uf20-076.cnf,UNSAT,0.09,0.00,0.09,0,0
/home/richard/project/SAT_benchmark/SATLIB/uf20-91/uf20-0721.cnf,UNSAT,0.05,0.00,0.05,0,0
/home/richard/project/SAT_benchmark/SATLIB/uf20-91/uf20-0883.cnf,UNSAT,0.05,0.00,0.05,0,0
/home/richard/project/SAT_benchmark/SATLIB/uf20-91/uf20-0452.cnf,UNSAT,0.05,0.00,0.05,0,0
/home/richard/project/SAT_benchmark/SATLIB/uf20-91/uf20-0492.cnf,UNSAT,0.05,0.00,0.05,0,0
/home/richard/project/SAT_benchmark/SATLIB/uf20-91/uf20-0445.cnf,UNSAT,0.05,0.00,0.05,0,0
/home/richard/project/SAT_benchmark/SATLIB/uf20-91/uf20-0238.cnf,UNSAT,0.05,0.00,0.05,0,0
/home/richard/project/SAT_benchmark/SATLIB/uf20-91/uf20-0535.cnf,UNSAT,0.05,0.00,0.05,0,0
/home/richard/project/SAT_benchmark/SATLIB/uf20-91/uf20-0914.cnf,UNSAT,0.05,0.00,0.05,0,0
/home/richard/project/SAT_benchmark/SATLIB/uf20-91/uf20-0813.cnf,UNSAT,0.05,0.00,0.05,0,0
/home/richard/project/SAT_benchmark/SATLIB/uf20-91/uf20-0569.cnf,UNSAT,0.05,0.00,0.05,0,0
/home/richard/project/SAT_benchmark/SATLIB/uf20-91/uf20-0163.cnf,UNSAT,0.05,0.00,0.05,0,0
/home/richard/project/SAT_benchmark/SATLIB/uf20-91/uf20-0655.cnf,UNSAT,0.05,0.00,0.05,0,0
/home/richard/project/SAT_benchmark/SATLIB/uf20-91/uf20-0830.cnf,UNSAT,0.05,0.00,0.05,0,0
/home/richard/project/SAT_benchmark/SATLIB/uf20-91/uf20-0301.cnf,UNSAT,0.05,0.00,0.05,0,0
/home/richard/project/SAT_benchmark/SATLIB/uf20-91/uf20-0799.cnf,UNSAT,0.05,0.00,0.05,0,0
/home/richard/project/SAT_benchmark/SATLIB/uf20-91/uf20-0949.cnf,UNSAT,0.05,0.00,0.05,0,0
/home/richard/project/SAT_benchmark/SATLIB/uf20-91/uf20-0739.cnf,UNSAT,0.05,0.00,0.05,0,0
/home/richard/project/SAT_benchmark/SATLIB/uf20-91/uf20-0130.cnf,UNSAT,0.05,0.00,0.05,0,0
/home/richard/project/SAT_benchmark/SATLIB/uf20-91/uf20-0536.cnf,UNSAT,0.05,0.00,0.05,0,0
/home/richard/project/SAT_benchmark/SATLIB/uf20-91/uf20-0460.cnf,UNSAT,0.05,0.00,0.05,0,0
/home/richard/project/SAT_benchmark/SATLIB/uf20-91/uf20-0300.cnf,UNSAT,0.05,0.00,0.05,0,0
/home/richard/project/SAT_benchmark/SATLIB/uf20-91/uf20-0253.cnf,UNSAT,0.05,0.00,0.05,0,0
/home/richard/project/SAT_benchmark/SATLIB/uf20-91/uf20-0508.cnf,UNSAT,0.05,0.00,0.05,0,0
/home/richard/project/SAT_benchmark/SATLIB/uf20-91/uf20-0403.cnf,UNSAT,0.06,0.00,0.06,0,0
/home/richard/project/SAT_benchmark/SATLIB/uf20-91/uf20-0227.cnf,UNSAT,0.05,0.00,0.05,0,0
/home/richard/project/SAT_benchmark/SATLIB/uf20-91/uf20-036.cnf,UNSAT,0.05,0.00,0.05,0,0
/home/richard/project/SAT_benchmark/SATLIB/uf20-91/uf20-0179.cnf,UNSAT,0.05,0.00,0.05,0,0
/home/richard/project/SAT_benchmark/SATLIB/uf20-91/uf20-0859.cnf,UNSAT,0.05,0.00,0.05,0,0
/home/richard/project/SAT_benchmark/SATLIB/uf20-91/uf20-0406.cnf,UNSAT,0.05,0.00,0.05,0,0
/home/richard/project/SAT_benchmark/SATLIB/uf20-91/uf20-0454.cnf,UNSAT,0.05,0.00,0.05,0,0
/home/richard/project/SAT_benchmark/SATLIB/uf20-91/uf20-0167.cnf,UNSAT,0.05,0.00,0.05,0,0
/home/richard/project/SAT_benchmark/SATLIB/uf20-91/uf20-0381.cnf,UNSAT,0.05,0.00,0.05,0,0
/home/richard/project/SAT_benchmark/SATLIB/uf20-91/uf20-0820.cnf,UNSAT,0.05,0.00,0.05,0,0
/home/richard/project/SAT_benchmark/SATLIB/uf20-91/uf20-0117.cnf,UNSAT,0.05,0.00,0.05,0,0
/home/richard/project/SAT_benchmark/SATLIB/uf20-91/uf20-070.cnf,UNSAT,0.05,0.00,0.05,0,0
/home/richard/project/SAT_benchmark/SATLIB/uf20-91/uf20-0294.cnf,UNSAT,0.10,0.00,0.10,0,0
/home/richard/project/SAT_benchmark/SATLIB/uf20-91/uf20-0675.cnf,UNSAT,0.05,0.00,0.05,0,0
/home/richard/project/SAT_benchmark/SATLIB/uf20-91/uf20-05.cnf,UNSAT,0.05,0.00,0.05,0,0
/home/richard/project/SAT_benchmark/SATLIB/uf20-91/uf20-0538.cnf,UNSAT,0.09,0.00,0.09,0,0
/home/richard/project/SAT_benchmark/SATLIB/uf20-91/uf20-0709.cnf,UNSAT,0.05,0.00,0.05,0,0
/home/richard/project/SAT_benchmark/SATLIB/uf20-91/uf20-0678.cnf,UNSAT,0.05,0.00,0.05,0,0
/home/richard/project/SAT_benchmark/SATLIB/uf20-91/uf20-0102.cnf,UNSAT,0.05,0.00,0.05,0,0
/home/richard/project/SAT_benchmark/SATLIB/uf20-91/uf20-0963.cnf,UNSAT,0.05,0.00,0.05,0,0
/home/richard/project/SAT_benchmark/SATLIB/uf20-91/uf20-0726.cnf,UNSAT,0.05,0.00,0.05,0,0
/home/richard/project/SAT_benchmark/SATLIB/uf20-91/uf20-0314.cnf,UNSAT,0.05,0.00,0.05,0,0
/home/richard/project/SAT_benchmark/SATLIB/uf20-91/uf20-0979.cnf,UNSAT,0.05,0.00,0.05,0,0
/home/richard/project/SAT_benchmark/SATLIB/uf20-91/uf20-0108.cnf,UNSAT,0.05,0.00,0.05,0,0
/home/richard/project/SAT_benchmark/SATLIB/uf20-91/uf20-0902.cnf,UNSAT,0.05,0.00,0.05,0,0
/home/richard/project/SAT_benchmark/SATLIB/uf20-91/uf20-0671.cnf,UNSAT,0.05,0.00,0.05,0,0
/home/richard/project/SAT_benchmark/SATLIB/uf20-91/uf20-0808.cnf,UNSAT,0.05,0.00,0.05,0,0
/home/richard/project/SAT_benchmark/SATLIB/uf20-91/uf20-0277.cnf,UNSAT,0.05,0.00,0.05,0,0
/home/richard/project/SAT_benchmark/SATLIB/uf20-91/uf20-0580.cnf,UNSAT,0.05,0.00,0.05,0,0
/home/richard/project/SAT_benchmark/SATLIB/uf20-91/uf20-0257.cnf,UNSAT,0.05,0.00,0.05,0,0
/home/richard/project/SAT_benchmark/SATLIB/uf20-91/uf20-0861.cnf,UNSAT,0.05,0.00,0.05,0,0
/home/richard/project/SAT_benchmark/SATLIB/uf20-91/uf20-0546.cnf,UNSAT,0.07,0.00,0.07,0,0
/home/richard/project/SAT_benchmark/SATLIB/uf20-91/uf20-0819.cnf,UNSAT,0.05,0.00,0.05,0,0
/home/richard/project/SAT_benchmark/SATLIB/uf20-91/uf20-0734.cnf,UNSAT,0.05,0.00,0.05,0,0
/home/richard/project/SAT_benchmark/SATLIB/uf20-91/uf20-0789.cnf,UNSAT,0.05,0.00,0.05,0,0
/home/richard/project/SAT_benchmark/SATLIB/uf20-91/uf20-0852.cnf,UNSAT,0.05,0.00,0.05,0,0
/home/richard/project/SAT_benchmark/SATLIB/uf20-91/uf20-0496.cnf,UNSAT,0.05,0.00,0.05,0,0
/home/richard/project/SAT_benchmark/SATLIB/uf20-91/uf20-0140.cnf,UNSAT,0.05,0.00,0.05,0,0
/home/richard/project/SAT_benchmark/SATLIB/uf20-91/uf20-0201.cnf,UNSAT,0.05,0.00,0.05,0,0
/home/richard/project/SAT_benchmark/SATLIB/uf20-91/uf20-0302.cnf,UNSAT,0.05,0.00,0.05,0,0
/home/richard/project/SAT_benchmark/SATLIB/uf20-91/uf20-0303.cnf,UNSAT,0.05,0.00,0.05,0,0
