/home/richard/project/SAT_benchmark/SATLIB/Bejing/enddr2-10-by-5-8.cnf,SAT,1.28,0.00,1.28,0,0
/home/richard/project/SAT_benchmark/SATLIB/Bejing/4blocksb.cnf,SAT,111431.65,111390.40,41.26,1204,319
/home/richard/project/SAT_benchmark/SATLIB/Bejing/2bitadd_12.cnf,SAT,153373.96,153342.52,31.44,942,407
/home/richard/project/SAT_benchmark/SATLIB/Bejing/2bitadd_11.cnf,SAT,90752.65,90734.24,18.41,577,197
/home/richard/project/SAT_benchmark/SATLIB/Bejing/enddr2-10-by-5-1.cnf,SAT,1.37,0.00,1.37,0,0
/home/richard/project/SAT_benchmark/SATLIB/Bejing/e0ddr2-10-by-5-4.cnf,SAT,2.08,0.00,2.08,0,0
/home/richard/project/SAT_benchmark/SATLIB/Bejing/ewddr2-10-by-5-1.cnf,SAT,1.35,0.00,1.35,0,0
/home/richard/project/SAT_benchmark/SATLIB/Bejing/2bitcomp_5.cnf,SAT,0.11,0.00,0.11,0,0
/home/richard/project/SAT_benchmark/SATLIB/Bejing/2bitmax_6.cnf,SAT,0.10,0.00,0.10,0,0
/home/richard/project/SAT_benchmark/SATLIB/QG/qg1-07.cnf,SAT,20171.99,20101.99,70.00,79,60
/home/richard/project/SAT_benchmark/SATLIB/QG/qg5-11.cnf,SAT,24433.70,24379.46,54.24,84,50
/home/richard/project/SAT_benchmark/SATLIB/QG/qg5-09.cnf,UNSAT,13.03,0.00,13.03,0,0
/home/richard/project/SAT_benchmark/SATLIB/QG/qg7-10.cnf,UNSAT,30990.15,30960.66,29.49,115,77
/home/richard/project/SAT_benchmark/SATLIB/QG/qg6-10.cnf,UNSAT,82594.16,82560.53,33.63,360,275
/home/richard/project/SAT_benchmark/SATLIB/QG/qg7-09.cnf,SAT,0.17,0.00,0.17,0,0
/home/richard/project/SAT_benchmark/SATLIB/QG/qg3-08.cnf,SAT,5242.55,5222.22,20.33,25,19
/home/richard/project/SAT_benchmark/SATLIB/QG/qg4-09.cnf,SAT,284508.08,284478.19,29.89,904,397
/home/richard/project/SAT_benchmark/SATLIB/QG/qg4-08.cnf,UNSAT,162614.55,162575.39,39.16,986,672
/home/richard/project/SAT_benchmark/SATLIB/QG/qg2-07.cnf,SAT,0.22,0.00,0.22,0,0
/home/richard/project/SAT_benchmark/SATLIB/QG/qg6-09.cnf,SAT,0.16,0.00,0.16,0,0
/home/richard/project/SAT_benchmark/SATLIB/QG/qg5-10.cnf,UNSAT,18527.61,18489.73,37.88,62,47
/home/richard/project/SAT_benchmark/SATLIB/aim/aim-50-1_6-no-2.cnf,UNSAT,0.42,0.00,0.42,0,0
/home/richard/project/SAT_benchmark/SATLIB/aim/aim-200-2_0-no-1.cnf,UNSAT,44039.61,44033.46,6.15,205,50
/home/richard/project/SAT_benchmark/SATLIB/aim/aim-50-1_6-no-4.cnf,UNSAT,0.23,0.00,0.23,0,0
/home/richard/project/SAT_benchmark/SATLIB/aim/aim-200-2_0-yes1-2.cnf,SAT,0.81,0.00,0.81,0,0
/home/richard/project/SAT_benchmark/SATLIB/aim/aim-100-6_0-yes1-1.cnf,SAT,0.95,0.00,0.95,0,0
/home/richard/project/SAT_benchmark/SATLIB/aim/aim-50-3_4-yes1-1.cnf,SAT,0.36,0.00,0.36,0,0
/home/richard/project/SAT_benchmark/SATLIB/aim/aim-200-1_6-no-4.cnf,UNSAT,1.07,0.00,1.07,0,0
/home/richard/project/SAT_benchmark/SATLIB/aim/aim-50-2_0-no-1.cnf,UNSAT,1.25,0.00,1.25,0,0
/home/richard/project/SAT_benchmark/SATLIB/aim/aim-200-1_6-yes1-3.cnf,SAT,1.50,0.00,1.50,0,0
/home/richard/project/SAT_benchmark/SATLIB/aim/aim-100-1_6-no-4.cnf,UNSAT,9120.69,9118.71,1.98,58,23
/home/richard/project/SAT_benchmark/SATLIB/aim/aim-200-2_0-no-2.cnf,UNSAT,48764.23,48759.33,4.90,200,58
/home/richard/project/SAT_benchmark/SATLIB/aim/aim-50-2_0-no-2.cnf,UNSAT,0.42,0.00,0.42,0,0
/home/richard/project/SAT_benchmark/SATLIB/aim/aim-50-2_0-yes1-4.cnf,SAT,0.26,0.00,0.26,0,0
/home/richard/project/SAT_benchmark/SATLIB/aim/aim-100-1_6-yes1-1.cnf,SAT,0.28,0.00,0.28,0,0
/home/richard/project/SAT_benchmark/SATLIB/aim/aim-100-1_6-no-2.cnf,UNSAT,8344.10,8342.41,1.69,51,34
/home/richard/project/SAT_benchmark/SATLIB/aim/aim-50-2_0-yes1-3.cnf,SAT,0.31,0.00,0.31,0,0
/home/richard/project/SAT_benchmark/SATLIB/aim/aim-200-1_6-yes1-1.cnf,SAT,0.54,0.00,0.54,0,0
/home/richard/project/SAT_benchmark/SATLIB/aim/aim-50-1_6-no-1.cnf,UNSAT,0.25,0.00,0.25,0,0
/home/richard/project/SAT_benchmark/SATLIB/aim/aim-100-3_4-yes1-1.cnf,SAT,0.86,0.00,0.86,0,0
/home/richard/project/SAT_benchmark/SATLIB/aim/aim-100-1_6-no-3.cnf,UNSAT,11920.51,11918.57,1.94,79,48
/home/richard/project/SAT_benchmark/SATLIB/aim/aim-50-6_0-yes1-2.cnf,SAT,0.35,0.00,0.35,0,0
/home/richard/project/SAT_benchmark/SATLIB/aim/aim-100-2_0-no-3.cnf,UNSAT,0.49,0.00,0.49,0,0
/home/richard/project/SAT_benchmark/SATLIB/aim/aim-200-6_0-yes1-3.cnf,SAT,5.14,0.00,5.14,0,0
/home/richard/project/SAT_benchmark/SATLIB/aim/aim-100-2_0-yes1-1.cnf,SAT,0.60,0.00,0.60,0,0
/home/richard/project/SAT_benchmark/SATLIB/aim/aim-200-3_4-yes1-4.cnf,SAT,98753.74,98741.07,12.67,403,182
/home/richard/project/SAT_benchmark/SATLIB/aim/aim-50-1_6-yes1-3.cnf,SAT,0.08,0.00,0.08,0,0
/home/richard/project/SAT_benchmark/SATLIB/aim/aim-200-1_6-yes1-4.cnf,SAT,1.23,0.00,1.23,0,0
/home/richard/project/SAT_benchmark/SATLIB/aim/aim-50-3_4-yes1-3.cnf,SAT,0.09,0.00,0.09,0,0
/home/richard/project/SAT_benchmark/SATLIB/aim/aim-50-3_4-yes1-2.cnf,SAT,0.09,0.00,0.09,0,0
/home/richard/project/SAT_benchmark/SATLIB/aim/aim-200-3_4-yes1-2.cnf,SAT,26595.33,26584.19,11.14,240,115
/home/richard/project/SAT_benchmark/SATLIB/aim/aim-100-2_0-no-2.cnf,UNSAT,1736.26,1734.12,2.13,27,5
/home/richard/project/SAT_benchmark/SATLIB/aim/aim-200-2_0-yes1-1.cnf,SAT,0.88,0.00,0.88,0,0
/home/richard/project/SAT_benchmark/SATLIB/aim/aim-100-2_0-yes1-4.cnf,SAT,0.47,0.00,0.47,0,0
/home/richard/project/SAT_benchmark/SATLIB/aim/aim-200-6_0-yes1-4.cnf,SAT,3.20,0.00,3.20,0,0
/home/richard/project/SAT_benchmark/SATLIB/aim/aim-200-3_4-yes1-1.cnf,SAT,2.54,0.00,2.54,0,0
/home/richard/project/SAT_benchmark/SATLIB/aim/aim-100-6_0-yes1-4.cnf,SAT,0.84,0.00,0.84,0,0
/home/richard/project/SAT_benchmark/SATLIB/aim/aim-200-2_0-yes1-4.cnf,SAT,0.90,0.00,0.90,0,0
/home/richard/project/SAT_benchmark/SATLIB/aim/aim-200-6_0-yes1-2.cnf,SAT,3.02,0.00,3.02,0,0
/home/richard/project/SAT_benchmark/SATLIB/aim/aim-200-6_0-yes1-1.cnf,SAT,2.14,0.00,2.14,0,0
/home/richard/project/SAT_benchmark/SATLIB/aim/aim-100-1_6-yes1-3.cnf,SAT,2447.34,2445.56,1.78,19,9
/home/richard/project/SAT_benchmark/SATLIB/aim/aim-100-2_0-no-1.cnf,UNSAT,1.36,0.00,1.36,0,0
/home/richard/project/SAT_benchmark/SATLIB/aim/aim-50-1_6-yes1-1.cnf,SAT,0.31,0.00,0.31,0,0
/home/richard/project/SAT_benchmark/SATLIB/aim/aim-100-6_0-yes1-2.cnf,SAT,1.15,0.00,1.15,0,0
/home/richard/project/SAT_benchmark/SATLIB/aim/aim-50-6_0-yes1-3.cnf,SAT,0.40,0.00,0.40,0,0
/home/richard/project/SAT_benchmark/SATLIB/aim/aim-100-2_0-yes1-3.cnf,SAT,0.45,0.00,0.45,0,0
/home/richard/project/SAT_benchmark/SATLIB/aim/aim-100-1_6-yes1-4.cnf,SAT,2.54,0.00,2.54,0,0
/home/richard/project/SAT_benchmark/SATLIB/aim/aim-200-1_6-no-1.cnf,UNSAT,31962.37,31958.76,3.61,110,11
/home/richard/project/SAT_benchmark/SATLIB/aim/aim-50-2_0-no-3.cnf,UNSAT,0.40,0.00,0.40,0,0
/home/richard/project/SAT_benchmark/SATLIB/aim/aim-100-2_0-no-4.cnf,UNSAT,0.42,0.00,0.42,0,0
/home/richard/project/SAT_benchmark/SATLIB/aim/aim-50-6_0-yes1-4.cnf,SAT,2.74,0.00,2.74,0,0
/home/richard/project/SAT_benchmark/SATLIB/aim/aim-200-1_6-yes1-2.cnf,SAT,0.72,0.00,0.72,0,0
/home/richard/project/SAT_benchmark/SATLIB/aim/aim-100-6_0-yes1-3.cnf,SAT,0.68,0.00,0.68,0,0
/home/richard/project/SAT_benchmark/SATLIB/aim/aim-50-2_0-yes1-2.cnf,SAT,0.30,0.00,0.30,0,0
/home/richard/project/SAT_benchmark/SATLIB/aim/aim-200-2_0-no-3.cnf,UNSAT,36981.63,36976.97,4.67,134,32
/home/richard/project/SAT_benchmark/SATLIB/aim/aim-50-2_0-no-4.cnf,UNSAT,0.28,0.00,0.28,0,0
/home/richard/project/SAT_benchmark/SATLIB/aim/aim-50-6_0-yes1-1.cnf,SAT,0.37,0.00,0.37,0,0
/home/richard/project/SAT_benchmark/SATLIB/aim/aim-100-2_0-yes1-2.cnf,SAT,1.54,0.00,1.54,0,0
/home/richard/project/SAT_benchmark/SATLIB/aim/aim-50-1_6-yes1-2.cnf,SAT,0.29,0.00,0.29,0,0
/home/richard/project/SAT_benchmark/SATLIB/aim/aim-200-2_0-yes1-3.cnf,SAT,0.69,0.00,0.69,0,0
/home/richard/project/SAT_benchmark/SATLIB/aim/aim-50-2_0-yes1-1.cnf,SAT,0.34,0.00,0.34,0,0
/home/richard/project/SAT_benchmark/SATLIB/aim/aim-50-3_4-yes1-4.cnf,SAT,0.40,0.00,0.40,0,0
/home/richard/project/SAT_benchmark/SATLIB/aim/aim-200-1_6-no-3.cnf,UNSAT,47374.49,47369.96,4.53,209,59
/home/richard/project/SAT_benchmark/SATLIB/aim/aim-200-2_0-no-4.cnf,UNSAT,0.52,0.00,0.52,0,0
/home/richard/project/SAT_benchmark/SATLIB/aim/aim-100-1_6-yes1-2.cnf,SAT,0.29,0.00,0.29,0,0
/home/richard/project/SAT_benchmark/SATLIB/aim/aim-50-1_6-yes1-4.cnf,SAT,0.27,0.00,0.27,0,0
/home/richard/project/SAT_benchmark/SATLIB/aim/aim-200-1_6-no-2.cnf,UNSAT,3.19,0.00,3.19,0,0
/home/richard/project/SAT_benchmark/SATLIB/aim/aim-100-1_6-no-1.cnf,UNSAT,20726.94,20724.88,2.06,75,46
/home/richard/project/SAT_benchmark/SATLIB/aim/aim-100-3_4-yes1-2.cnf,SAT,0.98,0.00,0.98,0,0
/home/richard/project/SAT_benchmark/SATLIB/aim/aim-200-3_4-yes1-3.cnf,SAT,17806.23,17794.93,11.30,75,27
/home/richard/project/SAT_benchmark/SATLIB/aim/aim-50-1_6-no-3.cnf,UNSAT,0.31,0.00,0.31,0,0
/home/richard/project/SAT_benchmark/SATLIB/aim/aim-100-3_4-yes1-3.cnf,SAT,3.32,0.00,3.32,0,0
/home/richard/project/SAT_benchmark/SATLIB/aim/aim-100-3_4-yes1-4.cnf,SAT,1.31,0.00,1.31,0,0
/home/richard/project/SAT_benchmark/SATLIB/ais/ais6.cnf,SAT,0.10,0.00,0.10,0,0
/home/richard/project/SAT_benchmark/SATLIB/ais/ais12.cnf,SAT,0.09,0.00,0.09,0,0
/home/richard/project/SAT_benchmark/SATLIB/ais/ais10.cnf,SAT,0.07,0.00,0.07,0,0
/home/richard/project/SAT_benchmark/SATLIB/ais/ais8.cnf,SAT,0.09,0.00,0.09,0,0
/home/richard/project/SAT_benchmark/SATLIB/bf/bf1355-638.cnf,UNSAT,2.94,0.00,2.94,0,0
/home/richard/project/SAT_benchmark/SATLIB/bf/bf2670-001.cnf,UNSAT,4.14,0.00,4.14,0,0
/home/richard/project/SAT_benchmark/SATLIB/bf/bf1355-075.cnf,UNSAT,2.78,0.00,2.78,0,0
/home/richard/project/SAT_benchmark/SATLIB/bf/bf0432-007.cnf,UNSAT,4.36,0.00,4.36,0,0
/home/richard/project/SAT_benchmark/SATLIB/blocksworld/bw_large.b.cnf,SAT,17832.40,17808.85,23.55,104,59
/home/richard/project/SAT_benchmark/SATLIB/blocksworld/huge.cnf,SAT,3100.20,3082.29,17.90,23,9
/home/richard/project/SAT_benchmark/SATLIB/blocksworld/medium.cnf,SAT,0.10,0.00,0.10,0,0
/home/richard/project/SAT_benchmark/SATLIB/blocksworld/anomaly.cnf,SAT,0.11,0.00,0.11,0,0
/home/richard/project/SAT_benchmark/SATLIB/blocksworld/bw_large.a.cnf,SAT,5107.75,5089.43,18.32,22,7
/home/richard/project/SAT_benchmark/SATLIB/bmc/bmc-ibm-2.cnf,SAT,10.62,0.00,10.62,0,0
/home/richard/project/SAT_benchmark/SATLIB/bmc/bmc-ibm-7.cnf,SAT,0.26,0.00,0.26,0,0
/home/richard/project/SAT_benchmark/SATLIB/bmc/bmc-ibm-5.cnf,SAT,20813.79,20777.67,36.11,233,55
/home/richard/project/SAT_benchmark/SATLIB/bmc/bmc-ibm-1.cnf,SAT,537401.90,537239.45,162.45,5383,880
/home/richard/project/SAT_benchmark/SATLIB/dubois/dubois21.cnf,UNSAT,0.15,0.00,0.15,0,0
/home/richard/project/SAT_benchmark/SATLIB/dubois/dubois20.cnf,UNSAT,0.18,0.00,0.18,0,0
/home/richard/project/SAT_benchmark/SATLIB/dubois/dubois25.cnf,UNSAT,0.23,0.00,0.23,0,0
/home/richard/project/SAT_benchmark/SATLIB/dubois/dubois28.cnf,UNSAT,0.15,0.00,0.15,0,0
/home/richard/project/SAT_benchmark/SATLIB/dubois/dubois29.cnf,UNSAT,0.17,0.00,0.17,0,0
/home/richard/project/SAT_benchmark/SATLIB/dubois/dubois24.cnf,UNSAT,0.13,0.00,0.13,0,0
/home/richard/project/SAT_benchmark/SATLIB/dubois/dubois26.cnf,UNSAT,0.19,0.00,0.19,0,0
/home/richard/project/SAT_benchmark/SATLIB/dubois/dubois50.cnf,UNSAT,0.18,0.00,0.18,0,0
/home/richard/project/SAT_benchmark/SATLIB/dubois/dubois23.cnf,UNSAT,0.22,0.00,0.22,0,0
/home/richard/project/SAT_benchmark/SATLIB/dubois/dubois30.cnf,UNSAT,0.23,0.00,0.23,0,0
/home/richard/project/SAT_benchmark/SATLIB/dubois/dubois22.cnf,UNSAT,0.14,0.00,0.14,0,0
/home/richard/project/SAT_benchmark/SATLIB/dubois/dubois27.cnf,UNSAT,0.12,0.00,0.12,0,0
/home/richard/project/SAT_benchmark/SATLIB/flat100-239/flat100-98.cnf,SAT,0.08,0.00,0.08,0,0
/home/richard/project/SAT_benchmark/SATLIB/flat100-239/flat100-24.cnf,SAT,0.08,0.00,0.08,0,0
/home/richard/project/SAT_benchmark/SATLIB/flat100-239/flat100-9.cnf,SAT,0.07,0.00,0.07,0,0
/home/richard/project/SAT_benchmark/SATLIB/flat100-239/flat100-43.cnf,SAT,0.17,0.00,0.17,0,0
/home/richard/project/SAT_benchmark/SATLIB/flat100-239/flat100-48.cnf,SAT,0.08,0.00,0.08,0,0
/home/richard/project/SAT_benchmark/SATLIB/flat100-239/flat100-61.cnf,SAT,0.06,0.00,0.06,0,0
/home/richard/project/SAT_benchmark/SATLIB/flat100-239/flat100-69.cnf,SAT,0.05,0.00,0.05,0,0
/home/richard/project/SAT_benchmark/SATLIB/flat100-239/flat100-97.cnf,SAT,0.08,0.00,0.08,0,0
/home/richard/project/SAT_benchmark/SATLIB/flat100-239/flat100-39.cnf,SAT,0.08,0.00,0.08,0,0
/home/richard/project/SAT_benchmark/SATLIB/flat100-239/flat100-89.cnf,SAT,0.08,0.00,0.08,0,0
/home/richard/project/SAT_benchmark/SATLIB/flat100-239/flat100-100.cnf,SAT,0.09,0.00,0.09,0,0
/home/richard/project/SAT_benchmark/SATLIB/flat100-239/flat100-8.cnf,SAT,0.05,0.00,0.05,0,0
/home/richard/project/SAT_benchmark/SATLIB/flat100-239/flat100-91.cnf,SAT,0.05,0.00,0.05,0,0
/home/richard/project/SAT_benchmark/SATLIB/flat100-239/flat100-93.cnf,SAT,0.04,0.00,0.04,0,0
/home/richard/project/SAT_benchmark/SATLIB/flat100-239/flat100-53.cnf,SAT,0.16,0.00,0.16,0,0
/home/richard/project/SAT_benchmark/SATLIB/flat100-239/flat100-32.cnf,SAT,0.09,0.00,0.09,0,0
/home/richard/project/SAT_benchmark/SATLIB/flat100-239/flat100-30.cnf,SAT,0.05,0.00,0.05,0,0
/home/richard/project/SAT_benchmark/SATLIB/flat100-239/flat100-5.cnf,SAT,0.05,0.00,0.05,0,0
/home/richard/project/SAT_benchmark/SATLIB/flat100-239/flat100-63.cnf,SAT,0.08,0.00,0.08,0,0
/home/richard/project/SAT_benchmark/SATLIB/flat100-239/flat100-83.cnf,SAT,0.14,0.00,0.14,0,0
/home/richard/project/SAT_benchmark/SATLIB/flat100-239/flat100-87.cnf,SAT,0.09,0.00,0.09,0,0
/home/richard/project/SAT_benchmark/SATLIB/flat100-239/flat100-75.cnf,SAT,0.04,0.00,0.04,0,0
/home/richard/project/SAT_benchmark/SATLIB/flat100-239/flat100-25.cnf,SAT,0.05,0.00,0.05,0,0
/home/richard/project/SAT_benchmark/SATLIB/flat100-239/flat100-65.cnf,SAT,0.08,0.00,0.08,0,0
/home/richard/project/SAT_benchmark/SATLIB/flat100-239/flat100-34.cnf,SAT,0.12,0.00,0.12,0,0
/home/richard/project/SAT_benchmark/SATLIB/flat100-239/flat100-11.cnf,SAT,0.07,0.00,0.07,0,0
/home/richard/project/SAT_benchmark/SATLIB/flat100-239/flat100-58.cnf,SAT,0.04,0.00,0.04,0,0
/home/richard/project/SAT_benchmark/SATLIB/flat100-239/flat100-85.cnf,SAT,0.08,0.00,0.08,0,0
/home/richard/project/SAT_benchmark/SATLIB/flat100-239/flat100-7.cnf,SAT,0.05,0.00,0.05,0,0
/home/richard/project/SAT_benchmark/SATLIB/flat100-239/flat100-80.cnf,SAT,0.08,0.00,0.08,0,0
/home/richard/project/SAT_benchmark/SATLIB/flat100-239/flat100-92.cnf,SAT,0.13,0.00,0.13,0,0
/home/richard/project/SAT_benchmark/SATLIB/flat100-239/flat100-42.cnf,SAT,0.04,0.00,0.04,0,0
/home/richard/project/SAT_benchmark/SATLIB/flat100-239/flat100-68.cnf,SAT,0.09,0.00,0.09,0,0
/home/richard/project/SAT_benchmark/SATLIB/flat100-239/flat100-28.cnf,SAT,0.05,0.00,0.05,0,0
/home/richard/project/SAT_benchmark/SATLIB/flat100-239/flat100-50.cnf,SAT,0.05,0.00,0.05,0,0
/home/richard/project/SAT_benchmark/SATLIB/flat100-239/flat100-37.cnf,SAT,0.12,0.00,0.12,0,0
/home/richard/project/SAT_benchmark/SATLIB/flat100-239/flat100-26.cnf,SAT,0.08,0.00,0.08,0,0
/home/richard/project/SAT_benchmark/SATLIB/flat100-239/flat100-21.cnf,SAT,0.09,0.00,0.09,0,0
/home/richard/project/SAT_benchmark/SATLIB/flat100-239/flat100-82.cnf,SAT,0.05,0.00,0.05,0,0
/home/richard/project/SAT_benchmark/SATLIB/flat100-239/flat100-76.cnf,SAT,0.08,0.00,0.08,0,0
/home/richard/project/SAT_benchmark/SATLIB/flat100-239/flat100-67.cnf,SAT,0.10,0.00,0.10,0,0
/home/richard/project/SAT_benchmark/SATLIB/flat100-239/flat100-66.cnf,SAT,0.05,0.00,0.05,0,0
/home/richard/project/SAT_benchmark/SATLIB/flat100-239/flat100-51.cnf,SAT,0.06,0.00,0.06,0,0
/home/richard/project/SAT_benchmark/SATLIB/flat100-239/flat100-49.cnf,SAT,0.07,0.00,0.07,0,0
/home/richard/project/SAT_benchmark/SATLIB/flat100-239/flat100-10.cnf,SAT,0.05,0.00,0.05,0,0
/home/richard/project/SAT_benchmark/SATLIB/flat100-239/flat100-19.cnf,SAT,0.08,0.00,0.08,0,0
/home/richard/project/SAT_benchmark/SATLIB/flat100-239/flat100-23.cnf,SAT,0.07,0.00,0.07,0,0
/home/richard/project/SAT_benchmark/SATLIB/flat100-239/flat100-20.cnf,SAT,0.05,0.00,0.05,0,0
/home/richard/project/SAT_benchmark/SATLIB/flat100-239/flat100-59.cnf,SAT,0.07,0.00,0.07,0,0
/home/richard/project/SAT_benchmark/SATLIB/flat100-239/flat100-56.cnf,SAT,0.05,0.00,0.05,0,0
/home/richard/project/SAT_benchmark/SATLIB/flat100-239/flat100-33.cnf,SAT,0.08,0.00,0.08,0,0
/home/richard/project/SAT_benchmark/SATLIB/flat100-239/flat100-4.cnf,SAT,0.04,0.00,0.04,0,0
/home/richard/project/SAT_benchmark/SATLIB/flat100-239/flat100-71.cnf,SAT,0.08,0.00,0.08,0,0
/home/richard/project/SAT_benchmark/SATLIB/flat100-239/flat100-31.cnf,SAT,0.09,0.00,0.09,0,0
/home/richard/project/SAT_benchmark/SATLIB/flat100-239/flat100-36.cnf,SAT,0.05,0.00,0.05,0,0
/home/richard/project/SAT_benchmark/SATLIB/flat100-239/flat100-81.cnf,SAT,0.05,0.00,0.05,0,0
/home/richard/project/SAT_benchmark/SATLIB/flat100-239/flat100-17.cnf,SAT,0.04,0.00,0.04,0,0
/home/richard/project/SAT_benchmark/SATLIB/flat100-239/flat100-13.cnf,SAT,0.05,0.00,0.05,0,0
/home/richard/project/SAT_benchmark/SATLIB/flat100-239/flat100-96.cnf,SAT,0.11,0.00,0.11,0,0
/home/richard/project/SAT_benchmark/SATLIB/flat100-239/flat100-41.cnf,SAT,0.07,0.00,0.07,0,0
/home/richard/project/SAT_benchmark/SATLIB/flat100-239/flat100-47.cnf,SAT,0.04,0.00,0.04,0,0
/home/richard/project/SAT_benchmark/SATLIB/flat100-239/flat100-77.cnf,SAT,0.05,0.00,0.05,0,0
/home/richard/project/SAT_benchmark/SATLIB/flat100-239/flat100-99.cnf,SAT,0.05,0.00,0.05,0,0
/home/richard/project/SAT_benchmark/SATLIB/flat100-239/flat100-27.cnf,SAT,0.05,0.00,0.05,0,0
/home/richard/project/SAT_benchmark/SATLIB/flat100-239/flat100-72.cnf,SAT,0.05,0.00,0.05,0,0
/home/richard/project/SAT_benchmark/SATLIB/flat100-239/flat100-12.cnf,SAT,0.05,0.00,0.05,0,0
/home/richard/project/SAT_benchmark/SATLIB/flat100-239/flat100-3.cnf,SAT,0.09,0.00,0.09,0,0
/home/richard/project/SAT_benchmark/SATLIB/flat100-239/flat100-18.cnf,SAT,0.10,0.00,0.10,0,0
/home/richard/project/SAT_benchmark/SATLIB/flat100-239/flat100-60.cnf,SAT,0.05,0.00,0.05,0,0
/home/richard/project/SAT_benchmark/SATLIB/flat100-239/flat100-88.cnf,SAT,0.06,0.00,0.06,0,0
/home/richard/project/SAT_benchmark/SATLIB/flat100-239/flat100-70.cnf,SAT,0.05,0.00,0.05,0,0
/home/richard/project/SAT_benchmark/SATLIB/flat100-239/flat100-86.cnf,SAT,0.08,0.00,0.08,0,0
/home/richard/project/SAT_benchmark/SATLIB/flat100-239/flat100-52.cnf,SAT,0.08,0.00,0.08,0,0
/home/richard/project/SAT_benchmark/SATLIB/flat100-239/flat100-38.cnf,SAT,0.05,0.00,0.05,0,0
/home/richard/project/SAT_benchmark/SATLIB/flat100-239/flat100-94.cnf,SAT,0.05,0.00,0.05,0,0
/home/richard/project/SAT_benchmark/SATLIB/flat100-239/flat100-44.cnf,SAT,0.08,0.00,0.08,0,0
/home/richard/project/SAT_benchmark/SATLIB/flat100-239/flat100-73.cnf,SAT,0.08,0.00,0.08,0,0
/home/richard/project/SAT_benchmark/SATLIB/flat100-239/flat100-54.cnf,SAT,0.05,0.00,0.05,0,0
/home/richard/project/SAT_benchmark/SATLIB/flat100-239/flat100-95.cnf,SAT,0.05,0.00,0.05,0,0
/home/richard/project/SAT_benchmark/SATLIB/flat100-239/flat100-78.cnf,SAT,0.05,0.00,0.05,0,0
/home/richard/project/SAT_benchmark/SATLIB/flat100-239/flat100-29.cnf,SAT,0.14,0.00,0.14,0,0
/home/richard/project/SAT_benchmark/SATLIB/flat100-239/flat100-15.cnf,SAT,0.08,0.00,0.08,0,0
/home/richard/project/SAT_benchmark/SATLIB/flat100-239/flat100-79.cnf,SAT,0.05,0.00,0.05,0,0
/home/richard/project/SAT_benchmark/SATLIB/flat100-239/flat100-14.cnf,SAT,0.05,0.00,0.05,0,0
/home/richard/project/SAT_benchmark/SATLIB/flat100-239/flat100-64.cnf,SAT,0.08,0.00,0.08,0,0
/home/richard/project/SAT_benchmark/SATLIB/flat100-239/flat100-2.cnf,SAT,0.08,0.00,0.08,0,0
/home/richard/project/SAT_benchmark/SATLIB/flat100-239/flat100-40.cnf,SAT,0.09,0.00,0.09,0,0
/home/richard/project/SAT_benchmark/SATLIB/flat100-239/flat100-55.cnf,SAT,0.05,0.00,0.05,0,0
/home/richard/project/SAT_benchmark/SATLIB/flat100-239/flat100-1.cnf,SAT,0.08,0.00,0.08,0,0
/home/richard/project/SAT_benchmark/SATLIB/flat100-239/flat100-57.cnf,SAT,0.05,0.00,0.05,0,0
/home/richard/project/SAT_benchmark/SATLIB/flat100-239/flat100-16.cnf,SAT,0.05,0.00,0.05,0,0
/home/richard/project/SAT_benchmark/SATLIB/flat100-239/flat100-62.cnf,SAT,0.05,0.00,0.05,0,0
/home/richard/project/SAT_benchmark/SATLIB/flat100-239/flat100-46.cnf,SAT,0.08,0.00,0.08,0,0
/home/richard/project/SAT_benchmark/SATLIB/flat100-239/flat100-22.cnf,SAT,0.06,0.00,0.06,0,0
/home/richard/project/SAT_benchmark/SATLIB/flat100-239/flat100-74.cnf,SAT,0.08,0.00,0.08,0,0
/home/richard/project/SAT_benchmark/SATLIB/flat100-239/flat100-6.cnf,SAT,0.05,0.00,0.05,0,0
/home/richard/project/SAT_benchmark/SATLIB/flat100-239/flat100-45.cnf,SAT,0.05,0.00,0.05,0,0
/home/richard/project/SAT_benchmark/SATLIB/flat100-239/flat100-84.cnf,SAT,0.10,0.00,0.10,0,0
/home/richard/project/SAT_benchmark/SATLIB/flat100-239/flat100-35.cnf,SAT,0.04,0.00,0.04,0,0
/home/richard/project/SAT_benchmark/SATLIB/flat100-239/flat100-90.cnf,SAT,0.06,0.00,0.06,0,0
/home/richard/project/SAT_benchmark/SATLIB/flat125-301/ai/hoos/Research/SAT/GenGCP/Flat125-301/flat125-59.cnf,SAT,48551.36,48544.16,7.21,161,118
/home/richard/project/SAT_benchmark/SATLIB/flat125-301/ai/hoos/Research/SAT/GenGCP/Flat125-301/flat125-76.cnf,SAT,80807.44,80799.56,7.89,286,238
/home/richard/project/SAT_benchmark/SATLIB/flat125-301/ai/hoos/Research/SAT/GenGCP/Flat125-301/flat125-1.cnf,SAT,18687.18,18681.52,5.66,61,22
/home/richard/project/SAT_benchmark/SATLIB/flat125-301/ai/hoos/Research/SAT/GenGCP/Flat125-301/flat125-29.cnf,SAT,111197.18,111188.53,8.65,372,309
/home/richard/project/SAT_benchmark/SATLIB/flat125-301/ai/hoos/Research/SAT/GenGCP/Flat125-301/flat125-42.cnf,SAT,28208.55,28201.39,7.15,97,75
/home/richard/project/SAT_benchmark/SATLIB/flat125-301/ai/hoos/Research/SAT/GenGCP/Flat125-301/flat125-17.cnf,SAT,43220.91,43214.04,6.87,148,126
/home/richard/project/SAT_benchmark/SATLIB/flat125-301/ai/hoos/Research/SAT/GenGCP/Flat125-301/flat125-64.cnf,SAT,32296.77,32290.80,5.97,118,82
/home/richard/project/SAT_benchmark/SATLIB/flat125-301/ai/hoos/Research/SAT/GenGCP/Flat125-301/flat125-50.cnf,SAT,6270.46,6265.01,5.45,24,9
/home/richard/project/SAT_benchmark/SATLIB/flat125-301/ai/hoos/Research/SAT/GenGCP/Flat125-301/flat125-26.cnf,SAT,34341.00,34334.64,6.36,122,81
/home/richard/project/SAT_benchmark/SATLIB/flat125-301/ai/hoos/Research/SAT/GenGCP/Flat125-301/flat125-8.cnf,SAT,136943.41,136934.12,9.29,459,387
/home/richard/project/SAT_benchmark/SATLIB/flat125-301/ai/hoos/Research/SAT/GenGCP/Flat125-301/flat125-14.cnf,SAT,5.82,0.00,5.82,0,0
/home/richard/project/SAT_benchmark/SATLIB/flat125-301/ai/hoos/Research/SAT/GenGCP/Flat125-301/flat125-40.cnf,SAT,97282.61,97273.19,9.42,332,278
/home/richard/project/SAT_benchmark/SATLIB/flat125-301/ai/hoos/Research/SAT/GenGCP/Flat125-301/flat125-6.cnf,SAT,116749.08,116734.14,14.93,396,339
/home/richard/project/SAT_benchmark/SATLIB/flat125-301/ai/hoos/Research/SAT/GenGCP/Flat125-301/flat125-35.cnf,SAT,30017.69,30010.11,7.58,109,77
/home/richard/project/SAT_benchmark/SATLIB/flat125-301/ai/hoos/Research/SAT/GenGCP/Flat125-301/flat125-79.cnf,SAT,22904.62,22897.74,6.88,80,56
/home/richard/project/SAT_benchmark/SATLIB/flat125-301/ai/hoos/Research/SAT/GenGCP/Flat125-301/flat125-92.cnf,SAT,14017.22,14011.57,5.65,53,32
/home/richard/project/SAT_benchmark/SATLIB/flat125-301/ai/hoos/Research/SAT/GenGCP/Flat125-301/flat125-70.cnf,SAT,35937.97,35929.89,8.08,147,112
/home/richard/project/SAT_benchmark/SATLIB/flat125-301/ai/hoos/Research/SAT/GenGCP/Flat125-301/flat125-55.cnf,SAT,59047.83,59032.50,15.33,381,321
/home/richard/project/SAT_benchmark/SATLIB/flat125-301/ai/hoos/Research/SAT/GenGCP/Flat125-301/flat125-33.cnf,SAT,7074.72,7069.46,5.26,59,31
/home/richard/project/SAT_benchmark/SATLIB/flat125-301/ai/hoos/Research/SAT/GenGCP/Flat125-301/flat125-90.cnf,SAT,19781.02,19770.72,10.30,133,102
/home/richard/project/SAT_benchmark/SATLIB/flat125-301/ai/hoos/Research/SAT/GenGCP/Flat125-301/flat125-82.cnf,SAT,20744.60,20737.73,6.87,138,90
/home/richard/project/SAT_benchmark/SATLIB/flat125-301/ai/hoos/Research/SAT/GenGCP/Flat125-301/flat125-16.cnf,SAT,7775.41,7767.90,7.50,58,35
/home/richard/project/SAT_benchmark/SATLIB/flat125-301/ai/hoos/Research/SAT/GenGCP/Flat125-301/flat125-87.cnf,SAT,44598.18,44590.56,7.63,321,247
/home/richard/project/SAT_benchmark/SATLIB/flat125-301/ai/hoos/Research/SAT/GenGCP/Flat125-301/flat125-12.cnf,SAT,6984.99,6979.52,5.47,85,67
/home/richard/project/SAT_benchmark/SATLIB/flat125-301/ai/hoos/Research/SAT/GenGCP/Flat125-301/flat125-13.cnf,SAT,77694.07,77684.36,9.71,832,374
/home/richard/project/SAT_benchmark/SATLIB/flat125-301/ai/hoos/Research/SAT/GenGCP/Flat125-301/flat125-27.cnf,SAT,10685.38,10679.63,5.74,123,93
/home/richard/project/SAT_benchmark/SATLIB/flat125-301/ai/hoos/Research/SAT/GenGCP/Flat125-301/flat125-32.cnf,SAT,12846.30,12841.00,5.30,46,34
/home/richard/project/SAT_benchmark/SATLIB/flat125-301/ai/hoos/Research/SAT/GenGCP/Flat125-301/flat125-88.cnf,SAT,95707.56,95699.42,8.15,328,247
/home/richard/project/SAT_benchmark/SATLIB/flat125-301/ai/hoos/Research/SAT/GenGCP/Flat125-301/flat125-74.cnf,SAT,10839.38,10833.82,5.57,46,32
/home/richard/project/SAT_benchmark/SATLIB/flat125-301/ai/hoos/Research/SAT/GenGCP/Flat125-301/flat125-72.cnf,SAT,3168.49,3163.15,5.35,15,3
/home/richard/project/SAT_benchmark/SATLIB/flat125-301/ai/hoos/Research/SAT/GenGCP/Flat125-301/flat125-45.cnf,SAT,4.98,0.00,4.98,0,0
/home/richard/project/SAT_benchmark/SATLIB/flat125-301/ai/hoos/Research/SAT/GenGCP/Flat125-301/flat125-19.cnf,SAT,36322.81,36315.79,7.03,121,91
/home/richard/project/SAT_benchmark/SATLIB/flat125-301/ai/hoos/Research/SAT/GenGCP/Flat125-301/flat125-71.cnf,SAT,32986.03,32979.78,6.25,115,89
/home/richard/project/SAT_benchmark/SATLIB/flat125-301/ai/hoos/Research/SAT/GenGCP/Flat125-301/flat125-54.cnf,SAT,142232.76,142222.90,9.85,475,401
/home/richard/project/SAT_benchmark/SATLIB/flat125-301/ai/hoos/Research/SAT/GenGCP/Flat125-301/flat125-20.cnf,SAT,23194.16,23188.27,5.89,85,56
/home/richard/project/SAT_benchmark/SATLIB/flat125-301/ai/hoos/Research/SAT/GenGCP/Flat125-301/flat125-22.cnf,SAT,23072.96,23067.36,5.59,82,49
/home/richard/project/SAT_benchmark/SATLIB/flat125-301/ai/hoos/Research/SAT/GenGCP/Flat125-301/flat125-57.cnf,SAT,5.15,0.00,5.15,0,0
/home/richard/project/SAT_benchmark/SATLIB/flat125-301/ai/hoos/Research/SAT/GenGCP/Flat125-301/flat125-98.cnf,SAT,17164.07,17158.42,5.65,61,33
/home/richard/project/SAT_benchmark/SATLIB/flat125-301/ai/hoos/Research/SAT/GenGCP/Flat125-301/flat125-53.cnf,SAT,21548.68,21542.73,5.95,70,49
/home/richard/project/SAT_benchmark/SATLIB/flat125-301/ai/hoos/Research/SAT/GenGCP/Flat125-301/flat125-49.cnf,SAT,93964.89,93952.93,11.96,300,237
/home/richard/project/SAT_benchmark/SATLIB/flat125-301/ai/hoos/Research/SAT/GenGCP/Flat125-301/flat125-36.cnf,SAT,47659.74,47652.62,7.12,160,130
/home/richard/project/SAT_benchmark/SATLIB/flat125-301/ai/hoos/Research/SAT/GenGCP/Flat125-301/flat125-77.cnf,SAT,20607.29,20597.79,9.50,70,46
/home/richard/project/SAT_benchmark/SATLIB/flat125-301/ai/hoos/Research/SAT/GenGCP/Flat125-301/flat125-52.cnf,SAT,27365.53,27351.21,14.32,91,61
/home/richard/project/SAT_benchmark/SATLIB/flat125-301/ai/hoos/Research/SAT/GenGCP/Flat125-301/flat125-7.cnf,SAT,54222.48,54215.60,6.88,188,153
/home/richard/project/SAT_benchmark/SATLIB/flat125-301/ai/hoos/Research/SAT/GenGCP/Flat125-301/flat125-99.cnf,SAT,5594.25,5589.02,5.24,29,8
/home/richard/project/SAT_benchmark/SATLIB/flat125-301/ai/hoos/Research/SAT/GenGCP/Flat125-301/flat125-86.cnf,SAT,21783.21,21777.45,5.75,77,44
/home/richard/project/SAT_benchmark/SATLIB/flat125-301/ai/hoos/Research/SAT/GenGCP/Flat125-301/flat125-85.cnf,SAT,96394.67,96386.70,7.97,321,279
/home/richard/project/SAT_benchmark/SATLIB/flat125-301/ai/hoos/Research/SAT/GenGCP/Flat125-301/flat125-43.cnf,SAT,8549.74,8543.76,5.98,30,18
/home/richard/project/SAT_benchmark/SATLIB/flat125-301/ai/hoos/Research/SAT/GenGCP/Flat125-301/flat125-30.cnf,SAT,6328.40,6323.09,5.31,26,10
/home/richard/project/SAT_benchmark/SATLIB/flat125-301/ai/hoos/Research/SAT/GenGCP/Flat125-301/flat125-61.cnf,SAT,36410.18,36403.99,6.19,134,95
/home/richard/project/SAT_benchmark/SATLIB/flat125-301/ai/hoos/Research/SAT/GenGCP/Flat125-301/flat125-9.cnf,SAT,36102.02,36096.01,6.02,120,99
/home/richard/project/SAT_benchmark/SATLIB/flat125-301/ai/hoos/Research/SAT/GenGCP/Flat125-301/flat125-15.cnf,SAT,17534.98,17527.70,7.28,69,57
/home/richard/project/SAT_benchmark/SATLIB/flat125-301/ai/hoos/Research/SAT/GenGCP/Flat125-301/flat125-39.cnf,SAT,5.08,0.00,5.08,0,0
/home/richard/project/SAT_benchmark/SATLIB/flat125-301/ai/hoos/Research/SAT/GenGCP/Flat125-301/flat125-65.cnf,SAT,8893.35,8887.93,5.41,37,24
/home/richard/project/SAT_benchmark/SATLIB/flat125-301/ai/hoos/Research/SAT/GenGCP/Flat125-301/flat125-56.cnf,SAT,23510.53,23504.73,5.80,81,59
/home/richard/project/SAT_benchmark/SATLIB/flat125-301/ai/hoos/Research/SAT/GenGCP/Flat125-301/flat125-67.cnf,SAT,22924.81,22918.95,5.85,80,58
/home/richard/project/SAT_benchmark/SATLIB/flat125-301/ai/hoos/Research/SAT/GenGCP/Flat125-301/flat125-81.cnf,SAT,45281.72,45275.12,6.60,164,140
/home/richard/project/SAT_benchmark/SATLIB/flat125-301/ai/hoos/Research/SAT/GenGCP/Flat125-301/flat125-60.cnf,SAT,19902.01,19896.08,5.93,75,53
/home/richard/project/SAT_benchmark/SATLIB/flat125-301/ai/hoos/Research/SAT/GenGCP/Flat125-301/flat125-51.cnf,SAT,54458.42,54451.10,7.32,189,134
/home/richard/project/SAT_benchmark/SATLIB/flat125-301/ai/hoos/Research/SAT/GenGCP/Flat125-301/flat125-68.cnf,SAT,11341.46,11336.04,5.43,44,19
/home/richard/project/SAT_benchmark/SATLIB/flat125-301/ai/hoos/Research/SAT/GenGCP/Flat125-301/flat125-37.cnf,SAT,94417.71,94409.70,8.01,327,264
/home/richard/project/SAT_benchmark/SATLIB/flat125-301/ai/hoos/Research/SAT/GenGCP/Flat125-301/flat125-69.cnf,SAT,53671.48,53664.40,7.08,196,167
/home/richard/project/SAT_benchmark/SATLIB/flat125-301/ai/hoos/Research/SAT/GenGCP/Flat125-301/flat125-66.cnf,SAT,96055.48,96045.24,10.24,328,253
/home/richard/project/SAT_benchmark/SATLIB/flat125-301/ai/hoos/Research/SAT/GenGCP/Flat125-301/flat125-78.cnf,SAT,8853.58,8841.22,12.36,33,16
/home/richard/project/SAT_benchmark/SATLIB/flat125-301/ai/hoos/Research/SAT/GenGCP/Flat125-301/flat125-44.cnf,SAT,23543.04,23537.39,5.65,88,58
/home/richard/project/SAT_benchmark/SATLIB/flat125-301/ai/hoos/Research/SAT/GenGCP/Flat125-301/flat125-95.cnf,SAT,22694.04,22688.07,5.97,88,61
/home/richard/project/SAT_benchmark/SATLIB/flat125-301/ai/hoos/Research/SAT/GenGCP/Flat125-301/flat125-11.cnf,SAT,22865.41,22859.35,6.06,81,62
/home/richard/project/SAT_benchmark/SATLIB/flat125-301/ai/hoos/Research/SAT/GenGCP/Flat125-301/flat125-75.cnf,SAT,87429.76,87421.40,8.36,306,256
/home/richard/project/SAT_benchmark/SATLIB/flat125-301/ai/hoos/Research/SAT/GenGCP/Flat125-301/flat125-46.cnf,SAT,14319.29,14310.53,8.77,53,37
/home/richard/project/SAT_benchmark/SATLIB/flat125-301/ai/hoos/Research/SAT/GenGCP/Flat125-301/flat125-58.cnf,SAT,79935.73,79926.91,8.82,275,196
/home/richard/project/SAT_benchmark/SATLIB/flat125-301/ai/hoos/Research/SAT/GenGCP/Flat125-301/flat125-18.cnf,SAT,8954.84,8949.34,5.49,34,15
/home/richard/project/SAT_benchmark/SATLIB/flat125-301/ai/hoos/Research/SAT/GenGCP/Flat125-301/flat125-10.cnf,SAT,17230.17,17224.58,5.59,60,35
/home/richard/project/SAT_benchmark/SATLIB/flat125-301/ai/hoos/Research/SAT/GenGCP/Flat125-301/flat125-23.cnf,SAT,36890.42,36884.28,6.13,134,106
/home/richard/project/SAT_benchmark/SATLIB/flat125-301/ai/hoos/Research/SAT/GenGCP/Flat125-301/flat125-62.cnf,SAT,14647.73,14642.45,5.28,51,32
/home/richard/project/SAT_benchmark/SATLIB/flat125-301/ai/hoos/Research/SAT/GenGCP/Flat125-301/flat125-21.cnf,SAT,11742.89,11735.57,7.32,41,26
/home/richard/project/SAT_benchmark/SATLIB/flat125-301/ai/hoos/Research/SAT/GenGCP/Flat125-301/flat125-83.cnf,SAT,15268.85,15263.61,5.24,57,35
/home/richard/project/SAT_benchmark/SATLIB/flat125-301/ai/hoos/Research/SAT/GenGCP/Flat125-301/flat125-94.cnf,SAT,71066.20,71058.81,7.39,240,169
/home/richard/project/SAT_benchmark/SATLIB/flat125-301/ai/hoos/Research/SAT/GenGCP/Flat125-301/flat125-73.cnf,SAT,23014.62,23008.63,5.99,81,59
/home/richard/project/SAT_benchmark/SATLIB/flat125-301/ai/hoos/Research/SAT/GenGCP/Flat125-301/flat125-93.cnf,SAT,65633.48,65625.03,8.45,237,204
/home/richard/project/SAT_benchmark/SATLIB/flat125-301/ai/hoos/Research/SAT/GenGCP/Flat125-301/flat125-47.cnf,SAT,72391.65,72384.38,7.27,246,208
/home/richard/project/SAT_benchmark/SATLIB/flat125-301/ai/hoos/Research/SAT/GenGCP/Flat125-301/flat125-84.cnf,SAT,5326.58,5319.63,6.96,26,4
/home/richard/project/SAT_benchmark/SATLIB/flat125-301/ai/hoos/Research/SAT/GenGCP/Flat125-301/flat125-89.cnf,SAT,57536.81,57530.31,6.50,197,151
/home/richard/project/SAT_benchmark/SATLIB/flat125-301/ai/hoos/Research/SAT/GenGCP/Flat125-301/flat125-25.cnf,SAT,41220.09,41213.49,6.60,140,108
/home/richard/project/SAT_benchmark/SATLIB/flat125-301/ai/hoos/Research/SAT/GenGCP/Flat125-301/flat125-91.cnf,SAT,28451.93,28439.42,12.51,104,77
/home/richard/project/SAT_benchmark/SATLIB/flat125-301/ai/hoos/Research/SAT/GenGCP/Flat125-301/flat125-4.cnf,SAT,16411.91,16406.16,5.75,69,40
/home/richard/project/SAT_benchmark/SATLIB/flat125-301/ai/hoos/Research/SAT/GenGCP/Flat125-301/flat125-28.cnf,SAT,16928.43,16922.72,5.71,67,37
/home/richard/project/SAT_benchmark/SATLIB/flat125-301/ai/hoos/Research/SAT/GenGCP/Flat125-301/flat125-34.cnf,SAT,141560.12,141550.53,9.59,471,384
/home/richard/project/SAT_benchmark/SATLIB/flat125-301/ai/hoos/Research/SAT/GenGCP/Flat125-301/flat125-2.cnf,SAT,26153.74,26147.75,5.99,93,56
/home/richard/project/SAT_benchmark/SATLIB/flat125-301/ai/hoos/Research/SAT/GenGCP/Flat125-301/flat125-38.cnf,SAT,20621.11,20615.28,5.83,74,46
/home/richard/project/SAT_benchmark/SATLIB/flat125-301/ai/hoos/Research/SAT/GenGCP/Flat125-301/flat125-5.cnf,SAT,26866.36,26860.19,6.17,93,69
/home/richard/project/SAT_benchmark/SATLIB/flat125-301/ai/hoos/Research/SAT/GenGCP/Flat125-301/flat125-31.cnf,SAT,14557.82,14552.37,5.45,57,29
/home/richard/project/SAT_benchmark/SATLIB/flat125-301/ai/hoos/Research/SAT/GenGCP/Flat125-301/flat125-3.cnf,SAT,68020.73,68013.49,7.24,235,195
/home/richard/project/SAT_benchmark/SATLIB/flat125-301/ai/hoos/Research/SAT/GenGCP/Flat125-301/flat125-97.cnf,SAT,30320.84,30314.66,6.18,105,80
/home/richard/project/SAT_benchmark/SATLIB/flat125-301/ai/hoos/Research/SAT/GenGCP/Flat125-301/flat125-96.cnf,SAT,80004.13,79996.27,7.86,282,240
/home/richard/project/SAT_benchmark/SATLIB/flat125-301/ai/hoos/Research/SAT/GenGCP/Flat125-301/flat125-80.cnf,SAT,14681.45,14675.97,5.48,52,36
/home/richard/project/SAT_benchmark/SATLIB/flat125-301/ai/hoos/Research/SAT/GenGCP/Flat125-301/flat125-100.cnf,SAT,58426.02,58412.79,13.23,357,303
/home/richard/project/SAT_benchmark/SATLIB/flat125-301/ai/hoos/Research/SAT/GenGCP/Flat125-301/flat125-63.cnf,SAT,4520.27,4513.57,6.70,36,9
/home/richard/project/SAT_benchmark/SATLIB/flat125-301/ai/hoos/Research/SAT/GenGCP/Flat125-301/flat125-24.cnf,SAT,7414.81,7408.98,5.83,52,20
/home/richard/project/SAT_benchmark/SATLIB/flat125-301/ai/hoos/Research/SAT/GenGCP/Flat125-301/flat125-48.cnf,SAT,7235.03,7229.96,5.07,55,31
/home/richard/project/SAT_benchmark/SATLIB/flat125-301/ai/hoos/Research/SAT/GenGCP/Flat125-301/flat125-41.cnf,SAT,89763.29,89747.92,15.37,584,509
/home/richard/project/SAT_benchmark/SATLIB/flat150-360/ai/hoos/Research/SAT/GenGCP/Flat150-360/flat150-23.cnf,SAT,117052.04,117041.28,10.76,387,323
/home/richard/project/SAT_benchmark/SATLIB/flat150-360/ai/hoos/Research/SAT/GenGCP/Flat150-360/flat150-15.cnf,SAT,80750.57,80738.69,11.88,265,212
/home/richard/project/SAT_benchmark/SATLIB/flat150-360/ai/hoos/Research/SAT/GenGCP/Flat150-360/flat150-84.cnf,SAT,221623.19,221608.93,14.26,723,396
/home/richard/project/SAT_benchmark/SATLIB/flat150-360/ai/hoos/Research/SAT/GenGCP/Flat150-360/flat150-62.cnf,SAT,53424.53,53416.90,7.63,180,139
/home/richard/project/SAT_benchmark/SATLIB/flat150-360/ai/hoos/Research/SAT/GenGCP/Flat150-360/flat150-7.cnf,SAT,15272.54,15265.21,7.33,51,19
/home/richard/project/SAT_benchmark/SATLIB/flat150-360/ai/hoos/Research/SAT/GenGCP/Flat150-360/flat150-100.cnf,SAT,40297.27,40290.14,7.13,130,93
/home/richard/project/SAT_benchmark/SATLIB/flat150-360/ai/hoos/Research/SAT/GenGCP/Flat150-360/flat150-89-c2.cnf,SAT,116924.55,116911.74,12.82,388,332
/home/richard/project/SAT_benchmark/SATLIB/flat150-360/ai/hoos/Research/SAT/GenGCP/Flat150-360/flat150-33.cnf,SAT,9230.87,9224.53,6.34,32,9
/home/richard/project/SAT_benchmark/SATLIB/flat150-360/ai/hoos/Research/SAT/GenGCP/Flat150-360/flat150-85.cnf,SAT,158705.40,158692.35,13.05,518,403
/home/richard/project/SAT_benchmark/SATLIB/flat150-360/ai/hoos/Research/SAT/GenGCP/Flat150-360/flat150-88.cnf,SAT,39400.39,39388.75,11.64,131,81
/home/richard/project/SAT_benchmark/SATLIB/flat150-360/ai/hoos/Research/SAT/GenGCP/Flat150-360/flat150-87.cnf,SAT,139500.00,139488.59,11.41,463,395
/home/richard/project/SAT_benchmark/SATLIB/flat150-360/ai/hoos/Research/SAT/GenGCP/Flat150-360/flat150-92.cnf,SAT,17444.30,17435.19,9.12,69,42
/home/richard/project/SAT_benchmark/SATLIB/flat150-360/ai/hoos/Research/SAT/GenGCP/Flat150-360/flat150-18.cnf,SAT,150394.00,150382.47,11.53,492,319
/home/richard/project/SAT_benchmark/SATLIB/flat150-360/ai/hoos/Research/SAT/GenGCP/Flat150-360/flat150-74.cnf,SAT,56276.21,56268.57,7.64,190,120
/home/richard/project/SAT_benchmark/SATLIB/flat150-360/ai/hoos/Research/SAT/GenGCP/Flat150-360/flat150-43.cnf,SAT,126663.85,126652.99,10.86,413,356
/home/richard/project/SAT_benchmark/SATLIB/flat150-360/ai/hoos/Research/SAT/GenGCP/Flat150-360/flat150-61.cnf,SAT,46185.17,46177.49,7.69,153,123
/home/richard/project/SAT_benchmark/SATLIB/flat150-360/ai/hoos/Research/SAT/GenGCP/Flat150-360/flat150-79.cnf,SAT,93958.06,93947.89,10.18,312,265
/home/richard/project/SAT_benchmark/SATLIB/flat150-360/ai/hoos/Research/SAT/GenGCP/Flat150-360/flat150-10.cnf,SAT,34209.95,34202.69,7.26,113,74
/home/richard/project/SAT_benchmark/SATLIB/flat150-360/ai/hoos/Research/SAT/GenGCP/Flat150-360/flat150-20.cnf,SAT,9084.78,9076.47,8.31,34,13
/home/richard/project/SAT_benchmark/SATLIB/flat150-360/ai/hoos/Research/SAT/GenGCP/Flat150-360/flat150-99.cnf,SAT,65893.01,65881.68,11.33,221,170
/home/richard/project/SAT_benchmark/SATLIB/flat150-360/ai/hoos/Research/SAT/GenGCP/Flat150-360/flat150-58.cnf,SAT,38574.91,38567.51,7.40,132,96
/home/richard/project/SAT_benchmark/SATLIB/flat150-360/ai/hoos/Research/SAT/GenGCP/Flat150-360/flat150-39.cnf,SAT,20721.94,20715.36,6.58,74,44
/home/richard/project/SAT_benchmark/SATLIB/flat150-360/ai/hoos/Research/SAT/GenGCP/Flat150-360/flat150-98.cnf,SAT,66510.94,66501.55,9.39,223,183
/home/richard/project/SAT_benchmark/SATLIB/flat150-360/ai/hoos/Research/SAT/GenGCP/Flat150-360/flat150-5.cnf,SAT,40862.61,40854.92,7.69,136,109
/home/richard/project/SAT_benchmark/SATLIB/flat150-360/ai/hoos/Research/SAT/GenGCP/Flat150-360/flat150-29.cnf,SAT,61271.72,61263.69,8.03,204,157
/home/richard/project/SAT_benchmark/SATLIB/flat150-360/ai/hoos/Research/SAT/GenGCP/Flat150-360/flat150-40.cnf,SAT,123244.00,123232.49,11.51,425,338
/home/richard/project/SAT_benchmark/SATLIB/flat150-360/ai/hoos/Research/SAT/GenGCP/Flat150-360/flat150-54.cnf,SAT,48795.87,48787.97,7.89,168,140
/home/richard/project/SAT_benchmark/SATLIB/flat150-360/ai/hoos/Research/SAT/GenGCP/Flat150-360/flat150-13.cnf,SAT,35190.57,35182.76,7.81,122,94
/home/richard/project/SAT_benchmark/SATLIB/flat150-360/ai/hoos/Research/SAT/GenGCP/Flat150-360/flat150-76.cnf,SAT,41218.28,41211.10,7.18,144,110
/home/richard/project/SAT_benchmark/SATLIB/flat150-360/ai/hoos/Research/SAT/GenGCP/Flat150-360/flat150-80.cnf,SAT,179071.43,179052.99,18.44,593,513
/home/richard/project/SAT_benchmark/SATLIB/flat150-360/ai/hoos/Research/SAT/GenGCP/Flat150-360/flat150-28.cnf,SAT,139449.69,139438.11,11.58,477,406
/home/richard/project/SAT_benchmark/SATLIB/flat150-360/ai/hoos/Research/SAT/GenGCP/Flat150-360/flat150-14.cnf,SAT,243254.66,243240.46,14.20,812,528
/home/richard/project/SAT_benchmark/SATLIB/flat150-360/ai/hoos/Research/SAT/GenGCP/Flat150-360/flat150-50.cnf,SAT,174231.67,174220.82,10.84,582,258
/home/richard/project/SAT_benchmark/SATLIB/flat150-360/ai/hoos/Research/SAT/GenGCP/Flat150-360/flat150-97.cnf,SAT,39912.52,39905.41,7.11,131,96
/home/richard/project/SAT_benchmark/SATLIB/flat150-360/ai/hoos/Research/SAT/GenGCP/Flat150-360/flat150-27.cnf,SAT,5.89,0.00,5.89,0,0
/home/richard/project/SAT_benchmark/SATLIB/flat150-360/ai/hoos/Research/SAT/GenGCP/Flat150-360/flat150-6.cnf,SAT,12090.79,12079.15,11.64,41,19
/home/richard/project/SAT_benchmark/SATLIB/flat150-360/ai/hoos/Research/SAT/GenGCP/Flat150-360/flat150-82.cnf,SAT,16562.07,16555.26,6.81,65,41
/home/richard/project/SAT_benchmark/SATLIB/flat150-360/ai/hoos/Research/SAT/GenGCP/Flat150-360/flat150-16.cnf,SAT,81352.21,81342.68,9.52,271,231
/home/richard/project/SAT_benchmark/SATLIB/flat150-360/ai/hoos/Research/SAT/GenGCP/Flat150-360/flat150-95.cnf,SAT,123334.70,123324.41,10.30,407,332
/home/richard/project/SAT_benchmark/SATLIB/flat150-360/ai/hoos/Research/SAT/GenGCP/Flat150-360/flat150-81.cnf,SAT,47634.44,47626.76,7.68,167,128
/home/richard/project/SAT_benchmark/SATLIB/flat150-360/ai/hoos/Research/SAT/GenGCP/Flat150-360/flat150-24.cnf,SAT,21031.65,21025.07,6.59,72,40
/home/richard/project/SAT_benchmark/SATLIB/flat150-360/ai/hoos/Research/SAT/GenGCP/Flat150-360/flat150-37.cnf,SAT,249679.32,249664.10,15.22,828,589
/home/richard/project/SAT_benchmark/SATLIB/flat150-360/ai/hoos/Research/SAT/GenGCP/Flat150-360/flat150-57.cnf,SAT,18040.51,18033.70,6.81,64,33
/home/richard/project/SAT_benchmark/SATLIB/flat150-360/ai/hoos/Research/SAT/GenGCP/Flat150-360/flat150-55.cnf,SAT,69017.74,69009.58,8.16,236,191
/home/richard/project/SAT_benchmark/SATLIB/flat150-360/ai/hoos/Research/SAT/GenGCP/Flat150-360/flat150-1.cnf,SAT,64733.43,64724.41,9.02,226,196
/home/richard/project/SAT_benchmark/SATLIB/flat150-360/ai/hoos/Research/SAT/GenGCP/Flat150-360/flat150-3.cnf,SAT,12150.78,12144.62,6.16,49,19
/home/richard/project/SAT_benchmark/SATLIB/flat150-360/ai/hoos/Research/SAT/GenGCP/Flat150-360/flat150-47.cnf,SAT,26695.32,26686.80,8.53,92,55
/home/richard/project/SAT_benchmark/SATLIB/flat150-360/ai/hoos/Research/SAT/GenGCP/Flat150-360/flat150-25.cnf,SAT,44384.87,44368.59,16.29,159,124
/home/richard/project/SAT_benchmark/SATLIB/flat150-360/ai/hoos/Research/SAT/GenGCP/Flat150-360/flat150-51.cnf,SAT,135757.96,135748.27,9.69,454,202
/home/richard/project/SAT_benchmark/SATLIB/flat150-360/ai/hoos/Research/SAT/GenGCP/Flat150-360/flat150-78.cnf,SAT,74363.68,74354.95,8.73,247,205
/home/richard/project/SAT_benchmark/SATLIB/flat150-360/ai/hoos/Research/SAT/GenGCP/Flat150-360/flat150-41.cnf,SAT,21442.83,21436.29,6.55,76,43
/home/richard/project/SAT_benchmark/SATLIB/flat150-360/ai/hoos/Research/SAT/GenGCP/Flat150-360/flat150-38.cnf,SAT,25065.98,25059.15,6.83,89,59
/home/richard/project/SAT_benchmark/SATLIB/flat150-360/ai/hoos/Research/SAT/GenGCP/Flat150-360/flat150-69.cnf,SAT,26851.72,26845.07,6.64,92,61
/home/richard/project/SAT_benchmark/SATLIB/flat150-360/ai/hoos/Research/SAT/GenGCP/Flat150-360/flat150-9.cnf,SAT,156813.40,156796.52,16.88,524,406
/home/richard/project/SAT_benchmark/SATLIB/flat150-360/ai/hoos/Research/SAT/GenGCP/Flat150-360/flat150-48.cnf,SAT,30656.28,30649.52,6.76,105,73
/home/richard/project/SAT_benchmark/SATLIB/flat150-360/ai/hoos/Research/SAT/GenGCP/Flat150-360/flat150-32.cnf,SAT,108707.16,108697.29,9.88,361,303
/home/richard/project/SAT_benchmark/SATLIB/flat150-360/ai/hoos/Research/SAT/GenGCP/Flat150-360/flat150-44.cnf,SAT,24235.88,24229.22,6.66,82,48
/home/richard/project/SAT_benchmark/SATLIB/flat150-360/ai/hoos/Research/SAT/GenGCP/Flat150-360/flat150-72.cnf,SAT,20618.79,20610.36,8.44,79,46
/home/richard/project/SAT_benchmark/SATLIB/flat150-360/ai/hoos/Research/SAT/GenGCP/Flat150-360/flat150-73.cnf,SAT,23768.86,23762.24,6.61,82,55
/home/richard/project/SAT_benchmark/SATLIB/flat150-360/ai/hoos/Research/SAT/GenGCP/Flat150-360/flat150-36.cnf,SAT,12247.84,12241.35,6.50,49,28
/home/richard/project/SAT_benchmark/SATLIB/flat150-360/ai/hoos/Research/SAT/GenGCP/Flat150-360/flat150-67.cnf,SAT,17634.00,17624.13,9.88,64,38
/home/richard/project/SAT_benchmark/SATLIB/flat150-360/ai/hoos/Research/SAT/GenGCP/Flat150-360/flat150-30.cnf,SAT,170643.27,170631.60,11.68,564,485
/home/richard/project/SAT_benchmark/SATLIB/flat150-360/ai/hoos/Research/SAT/GenGCP/Flat150-360/flat150-66.cnf,SAT,14573.75,14567.45,6.30,55,24
/home/richard/project/SAT_benchmark/SATLIB/flat150-360/ai/hoos/Research/SAT/GenGCP/Flat150-360/flat150-49.cnf,SAT,93245.59,93236.58,9.01,311,236
/home/richard/project/SAT_benchmark/SATLIB/flat150-360/ai/hoos/Research/SAT/GenGCP/Flat150-360/flat150-60.cnf,SAT,61323.80,61316.37,7.43,204,145
/home/richard/project/SAT_benchmark/SATLIB/flat150-360/ai/hoos/Research/SAT/GenGCP/Flat150-360/flat150-94.cnf,SAT,56158.47,56150.21,8.26,192,162
/home/richard/project/SAT_benchmark/SATLIB/flat150-360/ai/hoos/Research/SAT/GenGCP/Flat150-360/flat150-86.cnf,SAT,72702.45,72694.02,8.43,245,191
/home/richard/project/SAT_benchmark/SATLIB/flat150-360/ai/hoos/Research/SAT/GenGCP/Flat150-360/flat150-22.cnf,SAT,74073.63,74065.20,8.44,247,188
/home/richard/project/SAT_benchmark/SATLIB/flat150-360/ai/hoos/Research/SAT/GenGCP/Flat150-360/flat150-45.cnf,SAT,161563.53,161552.19,11.35,523,365
/home/richard/project/SAT_benchmark/SATLIB/flat150-360/ai/hoos/Research/SAT/GenGCP/Flat150-360/flat150-56.cnf,SAT,79827.92,79819.57,8.35,268,198
/home/richard/project/SAT_benchmark/SATLIB/flat150-360/ai/hoos/Research/SAT/GenGCP/Flat150-360/flat150-91.cnf,SAT,73771.43,73762.33,9.09,243,192
/home/richard/project/SAT_benchmark/SATLIB/flat150-360/ai/hoos/Research/SAT/GenGCP/Flat150-360/flat150-2.cnf,SAT,281892.42,281874.90,17.52,915,574
/home/richard/project/SAT_benchmark/SATLIB/flat150-360/ai/hoos/Research/SAT/GenGCP/Flat150-360/flat150-31.cnf,SAT,133246.66,133236.05,10.61,446,355
/home/richard/project/SAT_benchmark/SATLIB/flat150-360/ai/hoos/Research/SAT/GenGCP/Flat150-360/flat150-65.cnf,SAT,103431.64,103421.79,9.85,342,214
/home/richard/project/SAT_benchmark/SATLIB/flat150-360/ai/hoos/Research/SAT/GenGCP/Flat150-360/flat150-68.cnf,SAT,215134.09,215106.98,27.11,1018,793
/home/richard/project/SAT_benchmark/SATLIB/flat150-360/ai/hoos/Research/SAT/GenGCP/Flat150-360/flat150-71.cnf,SAT,17244.46,17234.63,9.84,111,76
/home/richard/project/SAT_benchmark/SATLIB/flat150-360/ai/hoos/Research/SAT/GenGCP/Flat150-360/flat150-12.cnf,SAT,79947.77,79939.37,8.41,261,161
/home/richard/project/SAT_benchmark/SATLIB/flat150-360/ai/hoos/Research/SAT/GenGCP/Flat150-360/flat150-64.cnf,SAT,8108.73,8098.44,10.29,35,18
/home/richard/project/SAT_benchmark/SATLIB/flat150-360/ai/hoos/Research/SAT/GenGCP/Flat150-360/flat150-35.cnf,SAT,39099.08,39091.79,7.29,133,87
/home/richard/project/SAT_benchmark/SATLIB/flat150-360/ai/hoos/Research/SAT/GenGCP/Flat150-360/flat150-59.cnf,SAT,136806.44,136795.19,11.25,442,376
/home/richard/project/SAT_benchmark/SATLIB/flat150-360/ai/hoos/Research/SAT/GenGCP/Flat150-360/flat150-70.cnf,SAT,18437.87,18431.43,6.44,60,35
/home/richard/project/SAT_benchmark/SATLIB/flat150-360/ai/hoos/Research/SAT/GenGCP/Flat150-360/flat150-4.cnf,SAT,30214.39,30207.08,7.31,107,88
/home/richard/project/SAT_benchmark/SATLIB/flat150-360/ai/hoos/Research/SAT/GenGCP/Flat150-360/flat150-77.cnf,SAT,67254.06,67245.91,8.14,227,183
/home/richard/project/SAT_benchmark/SATLIB/flat150-360/ai/hoos/Research/SAT/GenGCP/Flat150-360/flat150-53.cnf,SAT,141599.58,141588.07,11.52,470,246
/home/richard/project/SAT_benchmark/SATLIB/flat150-360/ai/hoos/Research/SAT/GenGCP/Flat150-360/flat150-21.cnf,SAT,104312.17,104302.25,9.92,349,294
/home/richard/project/SAT_benchmark/SATLIB/flat150-360/ai/hoos/Research/SAT/GenGCP/Flat150-360/flat150-63.cnf,SAT,192325.06,192312.76,12.30,633,424
/home/richard/project/SAT_benchmark/SATLIB/flat150-360/ai/hoos/Research/SAT/GenGCP/Flat150-360/flat150-17.cnf,SAT,9245.47,9238.76,6.71,34,15
/home/richard/project/SAT_benchmark/SATLIB/flat150-360/ai/hoos/Research/SAT/GenGCP/Flat150-360/flat150-19.cnf,SAT,92359.86,92350.74,9.12,318,269
/home/richard/project/SAT_benchmark/SATLIB/flat150-360/ai/hoos/Research/SAT/GenGCP/Flat150-360/flat150-42.cnf,SAT,154009.08,153996.58,12.50,503,434
/home/richard/project/SAT_benchmark/SATLIB/flat150-360/ai/hoos/Research/SAT/GenGCP/Flat150-360/flat150-8.cnf,SAT,21692.73,21686.33,6.40,70,41
/home/richard/project/SAT_benchmark/SATLIB/flat150-360/ai/hoos/Research/SAT/GenGCP/Flat150-360/flat150-93.cnf,SAT,106631.43,106620.30,11.12,357,290
/home/richard/project/SAT_benchmark/SATLIB/flat150-360/ai/hoos/Research/SAT/GenGCP/Flat150-360/flat150-34.cnf,SAT,105525.61,105516.33,9.27,345,281
/home/richard/project/SAT_benchmark/SATLIB/flat150-360/ai/hoos/Research/SAT/GenGCP/Flat150-360/flat150-46.cnf,SAT,127241.24,127229.50,11.74,416,361
/home/richard/project/SAT_benchmark/SATLIB/flat150-360/ai/hoos/Research/SAT/GenGCP/Flat150-360/flat150-52.cnf,SAT,117949.57,117938.98,10.59,399,252
/home/richard/project/SAT_benchmark/SATLIB/flat150-360/ai/hoos/Research/SAT/GenGCP/Flat150-360/flat150-11.cnf,SAT,42742.35,42734.75,7.60,146,111
/home/richard/project/SAT_benchmark/SATLIB/flat150-360/ai/hoos/Research/SAT/GenGCP/Flat150-360/flat150-26.cnf,SAT,68164.22,68153.89,10.32,235,190
/home/richard/project/SAT_benchmark/SATLIB/flat150-360/ai/hoos/Research/SAT/GenGCP/Flat150-360/flat150-75.cnf,SAT,125904.41,125894.25,10.16,415,329
/home/richard/project/SAT_benchmark/SATLIB/flat150-360/ai/hoos/Research/SAT/GenGCP/Flat150-360/flat150-96.cnf,SAT,170893.85,170880.75,13.09,612,519
/home/richard/project/SAT_benchmark/SATLIB/flat150-360/ai/hoos/Research/SAT/GenGCP/Flat150-360/flat150-89.cnf,SAT,61130.40,61115.76,14.65,388,332
/home/richard/project/SAT_benchmark/SATLIB/flat150-360/ai/hoos/Research/SAT/GenGCP/Flat150-360/flat150-90.cnf,SAT,84825.98,84811.82,14.16,751,481
/home/richard/project/SAT_benchmark/SATLIB/flat150-360/ai/hoos/Research/SAT/GenGCP/Flat150-360/flat150-83.cnf,SAT,48202.23,48192.14,10.09,521,449
/home/richard/project/SAT_benchmark/SATLIB/flat175-417/ai/hoos/Research/SAT/GenGCP/Flat175-417/flat175-30.cnf,SAT,47362.40,47353.87,8.53,155,124
/home/richard/project/SAT_benchmark/SATLIB/flat175-417/ai/hoos/Research/SAT/GenGCP/Flat175-417/flat175-36.cnf,SAT,146251.19,146238.63,12.56,471,412
/home/richard/project/SAT_benchmark/SATLIB/flat175-417/ai/hoos/Research/SAT/GenGCP/Flat175-417/flat175-21.cnf,SAT,59184.04,59174.34,9.70,193,133
/home/richard/project/SAT_benchmark/SATLIB/flat175-417/ai/hoos/Research/SAT/GenGCP/Flat175-417/flat175-54.cnf,SAT,319256.32,319238.13,18.19,1029,604
/home/richard/project/SAT_benchmark/SATLIB/flat175-417/ai/hoos/Research/SAT/GenGCP/Flat175-417/flat175-11.cnf,SAT,322046.52,322026.58,19.95,1017,862
/home/richard/project/SAT_benchmark/SATLIB/flat175-417/ai/hoos/Research/SAT/GenGCP/Flat175-417/flat175-9.cnf,SAT,88571.88,88560.69,11.19,280,234
/home/richard/project/SAT_benchmark/SATLIB/flat175-417/ai/hoos/Research/SAT/GenGCP/Flat175-417/flat175-35.cnf,SAT,146658.04,146646.46,11.57,474,341
/home/richard/project/SAT_benchmark/SATLIB/flat175-417/ai/hoos/Research/SAT/GenGCP/Flat175-417/flat175-70.cnf,SAT,46962.09,46953.68,8.42,153,105
/home/richard/project/SAT_benchmark/SATLIB/flat175-417/ai/hoos/Research/SAT/GenGCP/Flat175-417/flat175-61.cnf,SAT,15641.18,15633.81,7.36,56,41
/home/richard/project/SAT_benchmark/SATLIB/flat175-417/ai/hoos/Research/SAT/GenGCP/Flat175-417/flat175-38.cnf,SAT,86000.08,85988.91,11.18,281,205
/home/richard/project/SAT_benchmark/SATLIB/flat175-417/ai/hoos/Research/SAT/GenGCP/Flat175-417/flat175-65.cnf,SAT,262061.71,262043.74,17.97,847,739
/home/richard/project/SAT_benchmark/SATLIB/flat175-417/ai/hoos/Research/SAT/GenGCP/Flat175-417/flat175-52.cnf,SAT,17785.85,17778.07,7.78,66,45
/home/richard/project/SAT_benchmark/SATLIB/flat175-417/ai/hoos/Research/SAT/GenGCP/Flat175-417/flat175-85.cnf,SAT,61406.00,61397.17,8.83,208,155
/home/richard/project/SAT_benchmark/SATLIB/flat175-417/ai/hoos/Research/SAT/GenGCP/Flat175-417/flat175-18.cnf,SAT,59325.92,59312.28,13.64,198,148
/home/richard/project/SAT_benchmark/SATLIB/flat175-417/ai/hoos/Research/SAT/GenGCP/Flat175-417/flat175-15.cnf,SAT,52248.53,52238.81,9.72,175,130
/home/richard/project/SAT_benchmark/SATLIB/flat175-417/ai/hoos/Research/SAT/GenGCP/Flat175-417/flat175-31.cnf,SAT,74676.99,74667.44,9.55,241,194
/home/richard/project/SAT_benchmark/SATLIB/flat175-417/ai/hoos/Research/SAT/GenGCP/Flat175-417/flat175-72.cnf,SAT,194374.43,194360.26,14.17,631,521
/home/richard/project/SAT_benchmark/SATLIB/flat175-417/ai/hoos/Research/SAT/GenGCP/Flat175-417/flat175-13.cnf,SAT,108479.45,108462.82,16.63,353,293
/home/richard/project/SAT_benchmark/SATLIB/flat175-417/ai/hoos/Research/SAT/GenGCP/Flat175-417/flat175-48.cnf,SAT,12336.75,12329.65,7.10,44,14
/home/richard/project/SAT_benchmark/SATLIB/flat175-417/ai/hoos/Research/SAT/GenGCP/Flat175-417/flat175-50.cnf,SAT,137985.87,137973.71,12.16,440,346
/home/richard/project/SAT_benchmark/SATLIB/flat175-417/ai/hoos/Research/SAT/GenGCP/Flat175-417/flat175-80.cnf,SAT,139477.56,139465.10,12.46,451,294
/home/richard/project/SAT_benchmark/SATLIB/flat175-417/ai/hoos/Research/SAT/GenGCP/Flat175-417/flat175-26.cnf,SAT,112272.39,112257.25,15.15,365,282
/home/richard/project/SAT_benchmark/SATLIB/flat175-417/ai/hoos/Research/SAT/GenGCP/Flat175-417/flat175-14.cnf,SAT,72244.74,72235.35,9.38,246,195
/home/richard/project/SAT_benchmark/SATLIB/flat175-417/ai/hoos/Research/SAT/GenGCP/Flat175-417/flat175-45.cnf,SAT,178970.06,178956.64,13.41,581,456
/home/richard/project/SAT_benchmark/SATLIB/flat175-417/ai/hoos/Research/SAT/GenGCP/Flat175-417/flat175-39.cnf,SAT,145613.65,145600.02,13.63,473,324
/home/richard/project/SAT_benchmark/SATLIB/flat175-417/ai/hoos/Research/SAT/GenGCP/Flat175-417/flat175-84.cnf,SAT,111911.12,111900.08,11.04,367,297
/home/richard/project/SAT_benchmark/SATLIB/flat175-417/ai/hoos/Research/SAT/GenGCP/Flat175-417/flat175-99.cnf,SAT,70606.10,70596.83,9.27,237,188
/home/richard/project/SAT_benchmark/SATLIB/flat175-417/ai/hoos/Research/SAT/GenGCP/Flat175-417/flat175-41.cnf,SAT,126372.07,126360.39,11.68,411,360
/home/richard/project/SAT_benchmark/SATLIB/flat175-417/ai/hoos/Research/SAT/GenGCP/Flat175-417/flat175-2.cnf,SAT,231581.60,231564.53,17.08,758,612
/home/richard/project/SAT_benchmark/SATLIB/flat175-417/ai/hoos/Research/SAT/GenGCP/Flat175-417/flat175-1.cnf,SAT,382331.24,382309.35,21.90,1224,922
/home/richard/project/SAT_benchmark/SATLIB/flat175-417/ai/hoos/Research/SAT/GenGCP/Flat175-417/flat175-68.cnf,SAT,133811.81,133799.16,12.65,432,375
/home/richard/project/SAT_benchmark/SATLIB/flat175-417/ai/hoos/Research/SAT/GenGCP/Flat175-417/flat175-53.cnf,SAT,27641.47,27632.67,8.79,94,73
/home/richard/project/SAT_benchmark/SATLIB/flat175-417/ai/hoos/Research/SAT/GenGCP/Flat175-417/flat175-89.cnf,SAT,190374.34,190360.50,13.84,623,445
/home/richard/project/SAT_benchmark/SATLIB/flat175-417/ai/hoos/Research/SAT/GenGCP/Flat175-417/flat175-91.cnf,SAT,422623.39,422604.78,18.60,1351,586
/home/richard/project/SAT_benchmark/SATLIB/flat175-417/ai/hoos/Research/SAT/GenGCP/Flat175-417/flat175-62.cnf,SAT,119973.84,119961.74,12.11,388,294
/home/richard/project/SAT_benchmark/SATLIB/flat175-417/ai/hoos/Research/SAT/GenGCP/Flat175-417/flat175-12.cnf,SAT,168464.76,168450.25,14.51,546,473
/home/richard/project/SAT_benchmark/SATLIB/flat175-417/ai/hoos/Research/SAT/GenGCP/Flat175-417/flat175-8.cnf,SAT,55680.10,55671.17,8.93,188,81
/home/richard/project/SAT_benchmark/SATLIB/flat175-417/ai/hoos/Research/SAT/GenGCP/Flat175-417/flat175-19.cnf,SAT,168091.55,168075.81,15.74,540,465
/home/richard/project/SAT_benchmark/SATLIB/flat175-417/ai/hoos/Research/SAT/GenGCP/Flat175-417/flat175-73.cnf,SAT,182113.10,182099.17,13.93,655,528
/home/richard/project/SAT_benchmark/SATLIB/flat175-417/ai/hoos/Research/SAT/GenGCP/Flat175-417/flat175-29.cnf,SAT,22510.46,22502.11,8.35,105,71
/home/richard/project/SAT_benchmark/SATLIB/flat175-417/ai/hoos/Research/SAT/GenGCP/Flat175-417/flat175-97.cnf,SAT,338312.33,338277.08,35.25,1565,1296
/home/richard/project/SAT_benchmark/SATLIB/flat175-417/ai/hoos/Research/SAT/GenGCP/Flat175-417/flat175-16.cnf,SAT,23339.69,23330.36,9.33,154,109
/home/richard/project/SAT_benchmark/SATLIB/flat175-417/ai/hoos/Research/SAT/GenGCP/Flat175-417/flat175-24.cnf,SAT,26017.74,26009.65,8.09,166,142
/home/richard/project/SAT_benchmark/SATLIB/flat175-417/ai/hoos/Research/SAT/GenGCP/Flat175-417/flat175-57.cnf,SAT,27778.91,27769.08,9.83,185,124
/home/richard/project/SAT_benchmark/SATLIB/flat175-417/ai/hoos/Research/SAT/GenGCP/Flat175-417/flat175-58.cnf,SAT,51915.42,51898.79,16.63,339,268
/home/richard/project/SAT_benchmark/SATLIB/flat175-417/ai/hoos/Research/SAT/GenGCP/Flat175-417/flat175-5.cnf,SAT,148576.21,148545.75,30.46,931,592
/home/richard/project/SAT_benchmark/SATLIB/flat175-417/ai/hoos/Research/SAT/GenGCP/Flat175-417/flat175-64.cnf,SAT,124113.84,124098.61,15.23,785,348
/home/richard/project/SAT_benchmark/SATLIB/flat175-417/ai/hoos/Research/SAT/GenGCP/Flat175-417/flat175-34.cnf,SAT,65068.11,65055.39,12.71,403,315
/home/richard/project/SAT_benchmark/SATLIB/flat175-417/ai/hoos/Research/SAT/GenGCP/Flat175-417/flat175-86.cnf,SAT,146232.83,146214.26,18.58,915,322
/home/richard/project/SAT_benchmark/SATLIB/flat175-417/ai/hoos/Research/SAT/GenGCP/Flat175-417/flat175-42.cnf,SAT,12599.30,12591.79,7.52,85,43
/home/richard/project/SAT_benchmark/SATLIB/flat175-417/ai/hoos/Research/SAT/GenGCP/Flat175-417/flat175-47.cnf,SAT,237623.52,237606.80,16.72,781,651
/home/richard/project/SAT_benchmark/SATLIB/flat175-417/ai/hoos/Research/SAT/GenGCP/Flat175-417/flat175-63.cnf,SAT,159333.73,159320.37,13.35,522,433
/home/richard/project/SAT_benchmark/SATLIB/flat175-417/ai/hoos/Research/SAT/GenGCP/Flat175-417/flat175-71.cnf,SAT,20943.80,20936.21,7.60,78,43
/home/richard/project/SAT_benchmark/SATLIB/flat175-417/ai/hoos/Research/SAT/GenGCP/Flat175-417/flat175-74.cnf,SAT,64203.75,64194.14,9.60,210,156
/home/richard/project/SAT_benchmark/SATLIB/flat175-417/ai/hoos/Research/SAT/GenGCP/Flat175-417/flat175-95.cnf,SAT,131014.14,131002.81,11.34,433,326
/home/richard/project/SAT_benchmark/SATLIB/flat175-417/ai/hoos/Research/SAT/GenGCP/Flat175-417/flat175-98.cnf,SAT,64248.51,64238.52,9.99,214,166
/home/richard/project/SAT_benchmark/SATLIB/flat175-417/ai/hoos/Research/SAT/GenGCP/Flat175-417/flat175-7.cnf,SAT,103386.28,103374.92,11.37,334,276
/home/richard/project/SAT_benchmark/SATLIB/flat175-417/ai/hoos/Research/SAT/GenGCP/Flat175-417/flat175-67.cnf,SAT,81743.42,81733.79,9.63,269,199
/home/richard/project/SAT_benchmark/SATLIB/flat175-417/ai/hoos/Research/SAT/GenGCP/Flat175-417/flat175-6.cnf,SAT,87129.02,87119.27,9.75,281,208
/home/richard/project/SAT_benchmark/SATLIB/flat175-417/ai/hoos/Research/SAT/GenGCP/Flat175-417/flat175-4.cnf,SAT,24435.83,24427.55,8.28,82,53
/home/richard/project/SAT_benchmark/SATLIB/flat175-417/ai/hoos/Research/SAT/GenGCP/Flat175-417/flat175-94.cnf,SAT,18258.49,18251.18,7.31,64,37
/home/richard/project/SAT_benchmark/SATLIB/flat175-417/ai/hoos/Research/SAT/GenGCP/Flat175-417/flat175-27.cnf,SAT,186441.29,186423.74,17.55,606,516
/home/richard/project/SAT_benchmark/SATLIB/flat175-417/ai/hoos/Research/SAT/GenGCP/Flat175-417/flat175-59.cnf,SAT,84578.24,84568.65,9.59,275,227
/home/richard/project/SAT_benchmark/SATLIB/flat175-417/ai/hoos/Research/SAT/GenGCP/Flat175-417/flat175-23.cnf,SAT,115938.67,115926.00,12.67,389,324
/home/richard/project/SAT_benchmark/SATLIB/flat175-417/ai/hoos/Research/SAT/GenGCP/Flat175-417/flat175-17.cnf,SAT,54606.47,54586.41,20.07,181,137
/home/richard/project/SAT_benchmark/SATLIB/flat175-417/ai/hoos/Research/SAT/GenGCP/Flat175-417/flat175-92.cnf,SAT,326189.48,326169.86,19.61,1063,780
/home/richard/project/SAT_benchmark/SATLIB/flat175-417/ai/hoos/Research/SAT/GenGCP/Flat175-417/flat175-37.cnf,SAT,60096.03,60085.74,10.29,209,168
/home/richard/project/SAT_benchmark/SATLIB/flat175-417/ai/hoos/Research/SAT/GenGCP/Flat175-417/flat175-88.cnf,SAT,107774.14,107759.19,14.95,359,115
/home/richard/project/SAT_benchmark/SATLIB/flat175-417/ai/hoos/Research/SAT/GenGCP/Flat175-417/flat175-93.cnf,SAT,117521.06,117507.60,13.46,399,318
/home/richard/project/SAT_benchmark/SATLIB/flat175-417/ai/hoos/Research/SAT/GenGCP/Flat175-417/flat175-25.cnf,SAT,190045.76,190033.47,12.29,628,336
/home/richard/project/SAT_benchmark/SATLIB/flat175-417/ai/hoos/Research/SAT/GenGCP/Flat175-417/flat175-66.cnf,SAT,163737.76,163722.16,15.61,635,522
/home/richard/project/SAT_benchmark/SATLIB/flat175-417/ai/hoos/Research/SAT/GenGCP/Flat175-417/flat175-96.cnf,SAT,118382.94,118368.47,14.46,526,381
/home/richard/project/SAT_benchmark/SATLIB/flat175-417/ai/hoos/Research/SAT/GenGCP/Flat175-417/flat175-40.cnf,SAT,29487.49,29477.93,9.56,131,96
/home/richard/project/SAT_benchmark/SATLIB/flat175-417/ai/hoos/Research/SAT/GenGCP/Flat175-417/flat175-82.cnf,SAT,137008.41,136996.42,11.99,609,317
/home/richard/project/SAT_benchmark/SATLIB/flat175-417/ai/hoos/Research/SAT/GenGCP/Flat175-417/flat175-33.cnf,SAT,183509.41,183495.87,13.54,596,454
/home/richard/project/SAT_benchmark/SATLIB/flat175-417/ai/hoos/Research/SAT/GenGCP/Flat175-417/flat175-3.cnf,SAT,129043.27,129031.54,11.73,423,352
/home/richard/project/SAT_benchmark/SATLIB/flat175-417/ai/hoos/Research/SAT/GenGCP/Flat175-417/flat175-60.cnf,SAT,84006.97,83996.79,10.18,279,209
/home/richard/project/SAT_benchmark/SATLIB/flat175-417/ai/hoos/Research/SAT/GenGCP/Flat175-417/flat175-28.cnf,SAT,58791.45,58778.78,12.67,199,164
/home/richard/project/SAT_benchmark/SATLIB/flat175-417/ai/hoos/Research/SAT/GenGCP/Flat175-417/flat175-75.cnf,SAT,39631.67,39621.07,10.61,139,101
/home/richard/project/SAT_benchmark/SATLIB/flat175-417/ai/hoos/Research/SAT/GenGCP/Flat175-417/flat175-55.cnf,SAT,31328.21,31320.05,8.16,106,81
/home/richard/project/SAT_benchmark/SATLIB/flat175-417/ai/hoos/Research/SAT/GenGCP/Flat175-417/flat175-10.cnf,SAT,164245.72,164231.82,13.90,548,473
/home/richard/project/SAT_benchmark/SATLIB/flat175-417/ai/hoos/Research/SAT/GenGCP/Flat175-417/flat175-69.cnf,SAT,74960.03,74950.81,9.21,246,194
/home/richard/project/SAT_benchmark/SATLIB/flat175-417/ai/hoos/Research/SAT/GenGCP/Flat175-417/flat175-77.cnf,SAT,277961.50,277943.26,18.24,905,773
/home/richard/project/SAT_benchmark/SATLIB/flat175-417/ai/hoos/Research/SAT/GenGCP/Flat175-417/flat175-78.cnf,SAT,315726.97,315706.93,20.04,1038,861
/home/richard/project/SAT_benchmark/SATLIB/flat175-417/ai/hoos/Research/SAT/GenGCP/Flat175-417/flat175-44.cnf,SAT,125400.40,125388.04,12.37,414,360
/home/richard/project/SAT_benchmark/SATLIB/flat175-417/ai/hoos/Research/SAT/GenGCP/Flat175-417/flat175-51.cnf,SAT,188604.54,188590.02,14.52,613,525
/home/richard/project/SAT_benchmark/SATLIB/flat175-417/ai/hoos/Research/SAT/GenGCP/Flat175-417/flat175-76.cnf,SAT,384567.89,384542.50,25.38,1625,903
/home/richard/project/SAT_benchmark/SATLIB/flat175-417/ai/hoos/Research/SAT/GenGCP/Flat175-417/flat175-87.cnf,SAT,78342.38,78327.81,14.57,406,335
/home/richard/project/SAT_benchmark/SATLIB/flat175-417/ai/hoos/Research/SAT/GenGCP/Flat175-417/flat175-81.cnf,SAT,85535.84,85517.73,18.11,559,384
/home/richard/project/SAT_benchmark/SATLIB/flat175-417/ai/hoos/Research/SAT/GenGCP/Flat175-417/flat175-100.cnf,SAT,42230.47,42219.95,10.53,275,209
/home/richard/project/SAT_benchmark/SATLIB/flat175-417/ai/hoos/Research/SAT/GenGCP/Flat175-417/flat175-20.cnf,SAT,288348.68,288312.64,36.04,1814,789
/home/richard/project/SAT_benchmark/SATLIB/flat175-417/ai/hoos/Research/SAT/GenGCP/Flat175-417/flat175-32.cnf,SAT,76822.89,76805.26,17.64,489,340
/home/richard/project/SAT_benchmark/SATLIB/flat175-417/ai/hoos/Research/SAT/GenGCP/Flat175-417/flat175-46.cnf,SAT,95593.78,95568.99,24.79,594,500
/home/richard/project/SAT_benchmark/SATLIB/flat175-417/ai/hoos/Research/SAT/GenGCP/Flat175-417/flat175-83.cnf,SAT,73798.90,73784.17,14.73,521,384
/home/richard/project/SAT_benchmark/SATLIB/flat175-417/ai/hoos/Research/SAT/GenGCP/Flat175-417/flat175-90.cnf,SAT,44759.92,44749.97,9.95,481,254
/home/richard/project/SAT_benchmark/SATLIB/flat175-417/ai/hoos/Research/SAT/GenGCP/Flat175-417/flat175-79.cnf,SAT,13498.32,13490.56,7.76,151,110
/home/richard/project/SAT_benchmark/SATLIB/flat200-479/ai/hoos/Research/SAT/GenGCP/Flat200-479/flat200-2.cnf,SAT,228735.75,228718.85,16.90,745,553
/home/richard/project/SAT_benchmark/SATLIB/flat200-479/ai/hoos/Research/SAT/GenGCP/Flat200-479/flat200-29.cnf,SAT,191309.20,191293.60,15.59,625,516
/home/richard/project/SAT_benchmark/SATLIB/flat200-479/ai/hoos/Research/SAT/GenGCP/Flat200-479/flat200-39.cnf,SAT,358697.08,358672.86,24.23,1179,830
/home/richard/project/SAT_benchmark/SATLIB/flat200-479/ai/hoos/Research/SAT/GenGCP/Flat200-479/flat200-49.cnf,SAT,147395.46,147383.18,12.28,488,281
/home/richard/project/SAT_benchmark/SATLIB/flat200-479/ai/hoos/Research/SAT/GenGCP/Flat200-479/flat200-62.cnf,SAT,315719.14,315696.57,22.58,1022,672
/home/richard/project/SAT_benchmark/SATLIB/flat200-479/ai/hoos/Research/SAT/GenGCP/Flat200-479/flat200-36.cnf,SAT,263677.97,263653.71,24.26,868,738
/home/richard/project/SAT_benchmark/SATLIB/flat200-479/ai/hoos/Research/SAT/GenGCP/Flat200-479/flat200-44.cnf,SAT,333450.61,333428.74,21.88,1085,921
/home/richard/project/SAT_benchmark/SATLIB/flat200-479/ai/hoos/Research/SAT/GenGCP/Flat200-479/flat200-32.cnf,SAT,48348.45,48338.87,9.59,165,128
/home/richard/project/SAT_benchmark/SATLIB/flat200-479/ai/hoos/Research/SAT/GenGCP/Flat200-479/flat200-40.cnf,SAT,96858.70,96847.18,11.52,322,234
/home/richard/project/SAT_benchmark/SATLIB/flat200-479/ai/hoos/Research/SAT/GenGCP/Flat200-479/flat200-16.cnf,SAT,489856.97,489833.94,23.04,1599,775
/home/richard/project/SAT_benchmark/SATLIB/flat200-479/ai/hoos/Research/SAT/GenGCP/Flat200-479/flat200-79.cnf,SAT,7.74,0.00,7.74,0,0
/home/richard/project/SAT_benchmark/SATLIB/flat200-479/ai/hoos/Research/SAT/GenGCP/Flat200-479/flat200-57.cnf,SAT,201319.33,201296.63,22.70,1548,620
/home/richard/project/SAT_benchmark/SATLIB/flat200-479/ai/hoos/Research/SAT/GenGCP/Flat200-479/flat200-28.cnf,SAT,21714.60,21704.77,9.83,243,181
/home/richard/project/SAT_benchmark/SATLIB/flat200-479/ai/hoos/Research/SAT/GenGCP/Flat200-479/flat200-34.cnf,SAT,155937.71,155916.11,21.60,1675,934
/home/richard/project/SAT_benchmark/SATLIB/flat200-479/ai/hoos/Research/SAT/GenGCP/Flat200-479/flat200-10.cnf,SAT,60801.78,60788.57,13.21,655,462
/home/richard/project/SAT_benchmark/SATLIB/flat200-479/ai/hoos/Research/SAT/GenGCP/Flat200-479/flat200-61.cnf,SAT,25569.06,25558.69,10.38,281,222
/home/richard/project/SAT_benchmark/SATLIB/flat200-479/ai/hoos/Research/SAT/GenGCP/Flat200-479/flat200-5.cnf,SAT,306433.16,306387.51,45.65,3272,2643
/home/richard/project/SAT_benchmark/SATLIB/flat200-479/ai/hoos/Research/SAT/GenGCP/Flat200-479/flat200-52.cnf,SAT,39480.23,39468.81,11.42,435,283
/home/richard/project/SAT_benchmark/SATLIB/flat200-479/ai/hoos/Research/SAT/GenGCP/Flat200-479/flat200-54.cnf,SAT,483437.98,483412.66,25.32,1543,979
/home/richard/project/SAT_benchmark/SATLIB/flat200-479/ai/hoos/Research/SAT/GenGCP/Flat200-479/flat200-98.cnf,SAT,199344.11,199319.33,24.78,644,460
/home/richard/project/SAT_benchmark/SATLIB/flat200-479/ai/hoos/Research/SAT/GenGCP/Flat200-479/flat200-60.cnf,SAT,87696.05,87684.42,11.63,280,210
/home/richard/project/SAT_benchmark/SATLIB/flat200-479/ai/hoos/Research/SAT/GenGCP/Flat200-479/flat200-23.cnf,SAT,103263.18,103251.55,11.63,330,251
/home/richard/project/SAT_benchmark/SATLIB/flat200-479/ai/hoos/Research/SAT/GenGCP/Flat200-479/flat200-46.cnf,SAT,446635.13,446595.20,39.93,1435,995
/home/richard/project/SAT_benchmark/SATLIB/flat200-479/ai/hoos/Research/SAT/GenGCP/Flat200-479/flat200-76.cnf,SAT,107824.61,107812.71,11.90,352,293
/home/richard/project/SAT_benchmark/SATLIB/flat200-479/ai/hoos/Research/SAT/GenGCP/Flat200-479/flat200-1.cnf,SAT,224600.27,224577.04,23.23,726,624
/home/richard/project/SAT_benchmark/SATLIB/flat200-479/ai/hoos/Research/SAT/GenGCP/Flat200-479/flat200-71.cnf,SAT,397262.76,397240.27,22.49,1272,841
/home/richard/project/SAT_benchmark/SATLIB/flat200-479/ai/hoos/Research/SAT/GenGCP/Flat200-479/flat200-41.cnf,SAT,575608.12,575573.10,35.02,1844,1051
/home/richard/project/SAT_benchmark/SATLIB/flat200-479/ai/hoos/Research/SAT/GenGCP/Flat200-479/flat200-96.cnf,SAT,328222.66,328206.34,16.32,1051,311
/home/richard/project/SAT_benchmark/SATLIB/flat200-479/ai/hoos/Research/SAT/GenGCP/Flat200-479/flat200-24.cnf,SAT,344853.79,344834.58,19.21,1118,456
/home/richard/project/SAT_benchmark/SATLIB/flat200-479/ai/hoos/Research/SAT/GenGCP/Flat200-479/flat200-82.cnf,SAT,287171.21,287150.67,20.54,925,735
/home/richard/project/SAT_benchmark/SATLIB/flat200-479/ai/hoos/Research/SAT/GenGCP/Flat200-479/flat200-66.cnf,SAT,43034.65,43024.91,9.74,140,104
/home/richard/project/SAT_benchmark/SATLIB/flat200-479/ai/hoos/Research/SAT/GenGCP/Flat200-479/flat200-42.cnf,SAT,139442.77,139427.96,14.82,456,364
/home/richard/project/SAT_benchmark/SATLIB/flat200-479/ai/hoos/Research/SAT/GenGCP/Flat200-479/flat200-38.cnf,SAT,360068.84,360047.60,21.24,1156,721
/home/richard/project/SAT_benchmark/SATLIB/flat200-479/ai/hoos/Research/SAT/GenGCP/Flat200-479/flat200-33.cnf,SAT,30568.91,30559.97,8.94,100,50
/home/richard/project/SAT_benchmark/SATLIB/flat200-479/ai/hoos/Research/SAT/GenGCP/Flat200-479/flat200-55.cnf,SAT,113602.52,113589.46,13.06,371,308
/home/richard/project/SAT_benchmark/SATLIB/flat200-479/ai/hoos/Research/SAT/GenGCP/Flat200-479/flat200-88.cnf,SAT,18400.17,18390.97,9.20,64,29
/home/richard/project/SAT_benchmark/SATLIB/flat200-479/ai/hoos/Research/SAT/GenGCP/Flat200-479/flat200-9.cnf,SAT,412015.73,411979.52,36.21,1670,1386
/home/richard/project/SAT_benchmark/SATLIB/flat200-479/ai/hoos/Research/SAT/GenGCP/Flat200-479/flat200-58.cnf,SAT,13791.34,13783.09,8.25,69,34
/home/richard/project/SAT_benchmark/SATLIB/flat200-479/ai/hoos/Research/SAT/GenGCP/Flat200-479/flat200-91.cnf,SAT,193050.95,193032.58,18.36,837,505
/home/richard/project/SAT_benchmark/SATLIB/flat200-479/ai/hoos/Research/SAT/GenGCP/Flat200-479/flat200-15.cnf,SAT,68660.07,68648.06,12.00,227,169
/home/richard/project/SAT_benchmark/SATLIB/flat200-479/ai/hoos/Research/SAT/GenGCP/Flat200-479/flat200-19.cnf,SAT,205243.66,205228.38,15.28,676,517
/home/richard/project/SAT_benchmark/SATLIB/flat200-479/ai/hoos/Research/SAT/GenGCP/Flat200-479/flat200-84.cnf,SAT,126209.70,126197.14,12.56,417,271
/home/richard/project/SAT_benchmark/SATLIB/flat200-479/ai/hoos/Research/SAT/GenGCP/Flat200-479/flat200-18.cnf,SAT,119766.53,119754.59,11.93,395,221
/home/richard/project/SAT_benchmark/SATLIB/flat200-479/ai/hoos/Research/SAT/GenGCP/Flat200-479/flat200-22.cnf,SAT,27349.32,27339.82,9.50,94,59
/home/richard/project/SAT_benchmark/SATLIB/flat200-479/ai/hoos/Research/SAT/GenGCP/Flat200-479/flat200-86.cnf,SAT,21273.39,21260.66,12.73,73,19
/home/richard/project/SAT_benchmark/SATLIB/flat200-479/ai/hoos/Research/SAT/GenGCP/Flat200-479/flat200-35.cnf,SAT,108232.89,108220.52,12.38,356,298
/home/richard/project/SAT_benchmark/SATLIB/flat200-479/ai/hoos/Research/SAT/GenGCP/Flat200-479/flat200-37.cnf,SAT,182784.76,182770.50,14.25,596,408
/home/richard/project/SAT_benchmark/SATLIB/flat200-479/ai/hoos/Research/SAT/GenGCP/Flat200-479/flat200-94.cnf,SAT,503625.21,503601.56,23.65,1632,816
/home/richard/project/SAT_benchmark/SATLIB/flat200-479/ai/hoos/Research/SAT/GenGCP/Flat200-479/flat200-75.cnf,SAT,549896.11,549864.48,31.63,1782,1212
/home/richard/project/SAT_benchmark/SATLIB/flat200-479/ai/hoos/Research/SAT/GenGCP/Flat200-479/flat200-48.cnf,SAT,103856.58,103827.51,29.07,347,195
/home/richard/project/SAT_benchmark/SATLIB/flat200-479/ai/hoos/Research/SAT/GenGCP/Flat200-479/flat200-81.cnf,SAT,391732.23,391708.44,23.79,1267,828
/home/richard/project/SAT_benchmark/SATLIB/flat200-479/ai/hoos/Research/SAT/GenGCP/Flat200-479/flat200-83.cnf,SAT,93582.06,93570.91,11.14,311,198
/home/richard/project/SAT_benchmark/SATLIB/flat200-479/ai/hoos/Research/SAT/GenGCP/Flat200-479/flat200-43.cnf,SAT,216552.66,216538.06,14.60,701,288
/home/richard/project/SAT_benchmark/SATLIB/flat200-479/ai/hoos/Research/SAT/GenGCP/Flat200-479/flat200-11.cnf,SAT,89787.82,89776.44,11.38,299,238
/home/richard/project/SAT_benchmark/SATLIB/flat200-479/ai/hoos/Research/SAT/GenGCP/Flat200-479/flat200-21.cnf,SAT,80242.72,80230.91,11.81,267,225
/home/richard/project/SAT_benchmark/SATLIB/flat200-479/ai/hoos/Research/SAT/GenGCP/Flat200-479/flat200-69.cnf,SAT,248615.88,248597.71,18.17,813,637
/home/richard/project/SAT_benchmark/SATLIB/flat200-479/ai/hoos/Research/SAT/GenGCP/Flat200-479/flat200-97.cnf,SAT,49532.67,49522.50,10.17,164,105
/home/richard/project/SAT_benchmark/SATLIB/flat200-479/ai/hoos/Research/SAT/GenGCP/Flat200-479/flat200-3.cnf,SAT,56971.83,56962.03,9.80,183,147
/home/richard/project/SAT_benchmark/SATLIB/flat200-479/ai/hoos/Research/SAT/GenGCP/Flat200-479/flat200-4.cnf,SAT,199633.41,199617.56,15.85,634,522
/home/richard/project/SAT_benchmark/SATLIB/flat200-479/ai/hoos/Research/SAT/GenGCP/Flat200-479/flat200-59.cnf,SAT,274014.28,273996.44,17.85,879,556
/home/richard/project/SAT_benchmark/SATLIB/flat200-479/ai/hoos/Research/SAT/GenGCP/Flat200-479/flat200-93.cnf,SAT,103746.08,103730.46,15.62,336,273
/home/richard/project/SAT_benchmark/SATLIB/flat200-479/ai/hoos/Research/SAT/GenGCP/Flat200-479/flat200-95.cnf,SAT,380125.47,380103.69,21.78,1213,805
/home/richard/project/SAT_benchmark/SATLIB/flat200-479/ai/hoos/Research/SAT/GenGCP/Flat200-479/flat200-92.cnf,SAT,303974.29,303957.28,17.00,974,522
/home/richard/project/SAT_benchmark/SATLIB/flat200-479/ai/hoos/Research/SAT/GenGCP/Flat200-479/flat200-65.cnf,SAT,226304.46,226288.40,16.06,721,493
/home/richard/project/SAT_benchmark/SATLIB/flat200-479/ai/hoos/Research/SAT/GenGCP/Flat200-479/flat200-73.cnf,SAT,112770.26,112758.43,11.83,360,273
/home/richard/project/SAT_benchmark/SATLIB/flat200-479/ai/hoos/Research/SAT/GenGCP/Flat200-479/flat200-87.cnf,SAT,275044.81,275025.95,18.85,879,637
/home/richard/project/SAT_benchmark/SATLIB/flat200-479/ai/hoos/Research/SAT/GenGCP/Flat200-479/flat200-8.cnf,SAT,520104.61,520083.76,20.86,1665,550
/home/richard/project/SAT_benchmark/SATLIB/flat200-479/ai/hoos/Research/SAT/GenGCP/Flat200-479/flat200-45.cnf,SAT,564285.64,564254.49,31.15,1792,1301
/home/richard/project/SAT_benchmark/SATLIB/flat200-479/ai/hoos/Research/SAT/GenGCP/Flat200-479/flat200-64.cnf,SAT,163494.89,163480.60,14.29,523,426
/home/richard/project/SAT_benchmark/SATLIB/flat200-479/ai/hoos/Research/SAT/GenGCP/Flat200-479/flat200-20.cnf,SAT,450052.19,450025.56,26.63,1437,1231
/home/richard/project/SAT_benchmark/SATLIB/flat200-479/ai/hoos/Research/SAT/GenGCP/Flat200-479/flat200-80.cnf,SAT,568055.57,568026.73,28.84,1811,1124
/home/richard/project/SAT_benchmark/SATLIB/flat200-479/ai/hoos/Research/SAT/GenGCP/Flat200-479/flat200-47.cnf,SAT,144723.52,144710.05,13.47,461,231
/home/richard/project/SAT_benchmark/SATLIB/flat200-479/ai/hoos/Research/SAT/GenGCP/Flat200-479/flat200-78.cnf,SAT,75241.46,75230.76,10.70,240,169
/home/richard/project/SAT_benchmark/SATLIB/flat200-479/ai/hoos/Research/SAT/GenGCP/Flat200-479/flat200-90.cnf,SAT,280214.50,280194.65,19.85,896,616
/home/richard/project/SAT_benchmark/SATLIB/flat200-479/ai/hoos/Research/SAT/GenGCP/Flat200-479/flat200-17.cnf,SAT,209541.87,209525.84,16.03,679,538
/home/richard/project/SAT_benchmark/SATLIB/flat200-479/ai/hoos/Research/SAT/GenGCP/Flat200-479/flat200-53.cnf,SAT,97628.71,97617.15,11.56,336,279
/home/richard/project/SAT_benchmark/SATLIB/flat200-479/ai/hoos/Research/SAT/GenGCP/Flat200-479/flat200-68.cnf,SAT,96997.84,96986.46,11.38,428,212
/home/richard/project/SAT_benchmark/SATLIB/flat200-479/ai/hoos/Research/SAT/GenGCP/Flat200-479/flat200-51.cnf,SAT,178037.10,178016.91,20.19,775,636
/home/richard/project/SAT_benchmark/SATLIB/flat200-479/ai/hoos/Research/SAT/GenGCP/Flat200-479/flat200-70.cnf,SAT,294854.32,294823.29,31.03,1385,936
/home/richard/project/SAT_benchmark/SATLIB/flat30-60/flat30-18.cnf,SAT,0.08,0.00,0.08,0,0
/home/richard/project/SAT_benchmark/SATLIB/flat30-60/flat30-98.cnf,SAT,0.04,0.00,0.04,0,0
/home/richard/project/SAT_benchmark/SATLIB/flat30-60/flat30-13.cnf,SAT,0.03,0.00,0.03,0,0
/home/richard/project/SAT_benchmark/SATLIB/flat30-60/flat30-76.cnf,SAT,0.04,0.00,0.04,0,0
/home/richard/project/SAT_benchmark/SATLIB/flat30-60/flat30-67.cnf,SAT,0.04,0.00,0.04,0,0
/home/richard/project/SAT_benchmark/SATLIB/flat30-60/flat30-86.cnf,SAT,0.04,0.00,0.04,0,0
/home/richard/project/SAT_benchmark/SATLIB/flat30-60/flat30-44.cnf,SAT,0.07,0.00,0.07,0,0
/home/richard/project/SAT_benchmark/SATLIB/flat30-60/flat30-2.cnf,SAT,0.04,0.00,0.04,0,0
/home/richard/project/SAT_benchmark/SATLIB/flat30-60/flat30-95.cnf,SAT,0.04,0.00,0.04,0,0
/home/richard/project/SAT_benchmark/SATLIB/flat30-60/flat30-58.cnf,SAT,0.07,0.00,0.07,0,0
/home/richard/project/SAT_benchmark/SATLIB/flat30-60/flat30-25.cnf,SAT,0.08,0.00,0.08,0,0
/home/richard/project/SAT_benchmark/SATLIB/flat30-60/flat30-37.cnf,SAT,0.04,0.00,0.04,0,0
/home/richard/project/SAT_benchmark/SATLIB/flat30-60/flat30-32.cnf,SAT,0.06,0.00,0.06,0,0
/home/richard/project/SAT_benchmark/SATLIB/flat30-60/flat30-59.cnf,SAT,0.04,0.00,0.04,0,0
/home/richard/project/SAT_benchmark/SATLIB/flat30-60/flat30-80.cnf,SAT,0.04,0.00,0.04,0,0
/home/richard/project/SAT_benchmark/SATLIB/flat30-60/flat30-68.cnf,SAT,0.05,0.00,0.05,0,0
/home/richard/project/SAT_benchmark/SATLIB/flat30-60/flat30-42.cnf,SAT,0.06,0.00,0.06,0,0
/home/richard/project/SAT_benchmark/SATLIB/flat30-60/flat30-31.cnf,SAT,0.07,0.00,0.07,0,0
/home/richard/project/SAT_benchmark/SATLIB/flat30-60/flat30-79.cnf,SAT,0.08,0.00,0.08,0,0
/home/richard/project/SAT_benchmark/SATLIB/flat30-60/flat30-84.cnf,SAT,0.07,0.00,0.07,0,0
/home/richard/project/SAT_benchmark/SATLIB/flat30-60/flat30-36.cnf,SAT,0.06,0.00,0.06,0,0
/home/richard/project/SAT_benchmark/SATLIB/flat30-60/flat30-56.cnf,SAT,0.04,0.00,0.04,0,0
/home/richard/project/SAT_benchmark/SATLIB/flat30-60/flat30-50.cnf,SAT,0.04,0.00,0.04,0,0
/home/richard/project/SAT_benchmark/SATLIB/flat30-60/flat30-75.cnf,SAT,0.08,0.00,0.08,0,0
/home/richard/project/SAT_benchmark/SATLIB/flat30-60/flat30-85.cnf,SAT,0.06,0.00,0.06,0,0
/home/richard/project/SAT_benchmark/SATLIB/flat30-60/flat30-46.cnf,SAT,0.08,0.00,0.08,0,0
/home/richard/project/SAT_benchmark/SATLIB/flat30-60/flat30-72.cnf,SAT,0.08,0.00,0.08,0,0
/home/richard/project/SAT_benchmark/SATLIB/flat30-60/flat30-47.cnf,SAT,0.04,0.00,0.04,0,0
/home/richard/project/SAT_benchmark/SATLIB/flat30-60/flat30-40.cnf,SAT,0.04,0.00,0.04,0,0
/home/richard/project/SAT_benchmark/SATLIB/flat30-60/flat30-65.cnf,SAT,0.04,0.00,0.04,0,0
/home/richard/project/SAT_benchmark/SATLIB/flat30-60/flat30-74.cnf,SAT,0.11,0.00,0.11,0,0
/home/richard/project/SAT_benchmark/SATLIB/flat30-60/flat30-34.cnf,SAT,0.06,0.00,0.06,0,0
/home/richard/project/SAT_benchmark/SATLIB/flat30-60/flat30-82.cnf,SAT,0.04,0.00,0.04,0,0
/home/richard/project/SAT_benchmark/SATLIB/flat30-60/flat30-97.cnf,SAT,0.05,0.00,0.05,0,0
/home/richard/project/SAT_benchmark/SATLIB/flat30-60/flat30-57.cnf,SAT,0.06,0.00,0.06,0,0
/home/richard/project/SAT_benchmark/SATLIB/flat30-60/flat30-14.cnf,SAT,0.04,0.00,0.04,0,0
/home/richard/project/SAT_benchmark/SATLIB/flat30-60/flat30-89.cnf,SAT,0.04,0.00,0.04,0,0
/home/richard/project/SAT_benchmark/SATLIB/flat30-60/flat30-69.cnf,SAT,0.06,0.00,0.06,0,0
/home/richard/project/SAT_benchmark/SATLIB/flat30-60/flat30-94.cnf,SAT,0.04,0.00,0.04,0,0
/home/richard/project/SAT_benchmark/SATLIB/flat30-60/flat30-48.cnf,SAT,0.05,0.00,0.05,0,0
/home/richard/project/SAT_benchmark/SATLIB/flat30-60/flat30-29.cnf,SAT,0.04,0.00,0.04,0,0
/home/richard/project/SAT_benchmark/SATLIB/flat30-60/flat30-5.cnf,SAT,0.07,0.00,0.07,0,0
/home/richard/project/SAT_benchmark/SATLIB/flat30-60/flat30-30.cnf,SAT,0.04,0.00,0.04,0,0
/home/richard/project/SAT_benchmark/SATLIB/flat30-60/flat30-4.cnf,SAT,0.04,0.00,0.04,0,0
/home/richard/project/SAT_benchmark/SATLIB/flat30-60/flat30-43.cnf,SAT,0.08,0.00,0.08,0,0
/home/richard/project/SAT_benchmark/SATLIB/flat30-60/flat30-45.cnf,SAT,0.07,0.00,0.07,0,0
/home/richard/project/SAT_benchmark/SATLIB/flat30-60/flat30-11.cnf,SAT,0.05,0.00,0.05,0,0
/home/richard/project/SAT_benchmark/SATLIB/flat30-60/flat30-3.cnf,SAT,0.07,0.00,0.07,0,0
/home/richard/project/SAT_benchmark/SATLIB/flat30-60/flat30-61.cnf,SAT,0.09,0.00,0.09,0,0
/home/richard/project/SAT_benchmark/SATLIB/flat30-60/flat30-10.cnf,SAT,0.04,0.00,0.04,0,0
/home/richard/project/SAT_benchmark/SATLIB/flat30-60/flat30-91.cnf,SAT,0.07,0.00,0.07,0,0
/home/richard/project/SAT_benchmark/SATLIB/flat30-60/flat30-22.cnf,SAT,0.18,0.00,0.18,0,0
/home/richard/project/SAT_benchmark/SATLIB/flat30-60/flat30-21.cnf,SAT,0.08,0.00,0.08,0,0
/home/richard/project/SAT_benchmark/SATLIB/flat30-60/flat30-1.cnf,SAT,0.04,0.00,0.04,0,0
/home/richard/project/SAT_benchmark/SATLIB/flat30-60/flat30-99.cnf,SAT,0.07,0.00,0.07,0,0
/home/richard/project/SAT_benchmark/SATLIB/flat30-60/flat30-96.cnf,SAT,0.04,0.00,0.04,0,0
/home/richard/project/SAT_benchmark/SATLIB/flat30-60/flat30-16.cnf,SAT,0.04,0.00,0.04,0,0
/home/richard/project/SAT_benchmark/SATLIB/flat30-60/flat30-63.cnf,SAT,0.07,0.00,0.07,0,0
/home/richard/project/SAT_benchmark/SATLIB/flat30-60/flat30-35.cnf,SAT,0.05,0.00,0.05,0,0
/home/richard/project/SAT_benchmark/SATLIB/flat30-60/flat30-92.cnf,SAT,0.05,0.00,0.05,0,0
/home/richard/project/SAT_benchmark/SATLIB/flat30-60/flat30-24.cnf,SAT,0.04,0.00,0.04,0,0
/home/richard/project/SAT_benchmark/SATLIB/flat30-60/flat30-60.cnf,SAT,0.05,0.00,0.05,0,0
/home/richard/project/SAT_benchmark/SATLIB/flat30-60/flat30-54.cnf,SAT,0.06,0.00,0.06,0,0
/home/richard/project/SAT_benchmark/SATLIB/flat30-60/flat30-12.cnf,SAT,0.09,0.00,0.09,0,0
/home/richard/project/SAT_benchmark/SATLIB/flat30-60/flat30-52.cnf,SAT,0.04,0.00,0.04,0,0
/home/richard/project/SAT_benchmark/SATLIB/flat30-60/flat30-78.cnf,SAT,0.04,0.00,0.04,0,0
/home/richard/project/SAT_benchmark/SATLIB/flat30-60/flat30-15.cnf,SAT,0.08,0.00,0.08,0,0
/home/richard/project/SAT_benchmark/SATLIB/flat30-60/flat30-88.cnf,SAT,0.04,0.00,0.04,0,0
/home/richard/project/SAT_benchmark/SATLIB/flat30-60/flat30-71.cnf,SAT,0.04,0.00,0.04,0,0
/home/richard/project/SAT_benchmark/SATLIB/flat30-60/flat30-62.cnf,SAT,0.07,0.00,0.07,0,0
/home/richard/project/SAT_benchmark/SATLIB/flat30-60/flat30-53.cnf,SAT,0.05,0.00,0.05,0,0
/home/richard/project/SAT_benchmark/SATLIB/flat30-60/flat30-8.cnf,SAT,0.04,0.00,0.04,0,0
/home/richard/project/SAT_benchmark/SATLIB/flat30-60/flat30-6.cnf,SAT,0.06,0.00,0.06,0,0
/home/richard/project/SAT_benchmark/SATLIB/flat30-60/flat30-26.cnf,SAT,0.08,0.00,0.08,0,0
/home/richard/project/SAT_benchmark/SATLIB/flat30-60/flat30-77.cnf,SAT,0.08,0.00,0.08,0,0
/home/richard/project/SAT_benchmark/SATLIB/flat30-60/flat30-27.cnf,SAT,0.08,0.00,0.08,0,0
/home/richard/project/SAT_benchmark/SATLIB/flat30-60/flat30-28.cnf,SAT,0.07,0.00,0.07,0,0
/home/richard/project/SAT_benchmark/SATLIB/flat30-60/flat30-33.cnf,SAT,0.07,0.00,0.07,0,0
/home/richard/project/SAT_benchmark/SATLIB/flat30-60/flat30-19.cnf,SAT,0.04,0.00,0.04,0,0
/home/richard/project/SAT_benchmark/SATLIB/flat30-60/flat30-87.cnf,SAT,0.08,0.00,0.08,0,0
/home/richard/project/SAT_benchmark/SATLIB/flat30-60/flat30-73.cnf,SAT,0.05,0.00,0.05,0,0
/home/richard/project/SAT_benchmark/SATLIB/flat30-60/flat30-49.cnf,SAT,0.04,0.00,0.04,0,0
/home/richard/project/SAT_benchmark/SATLIB/flat30-60/flat30-66.cnf,SAT,0.06,0.00,0.06,0,0
/home/richard/project/SAT_benchmark/SATLIB/flat30-60/flat30-17.cnf,SAT,0.07,0.00,0.07,0,0
/home/richard/project/SAT_benchmark/SATLIB/flat30-60/flat30-9.cnf,SAT,0.04,0.00,0.04,0,0
/home/richard/project/SAT_benchmark/SATLIB/flat30-60/flat30-81.cnf,SAT,0.06,0.00,0.06,0,0
/home/richard/project/SAT_benchmark/SATLIB/flat30-60/flat30-41.cnf,SAT,0.05,0.00,0.05,0,0
/home/richard/project/SAT_benchmark/SATLIB/flat30-60/flat30-83.cnf,SAT,0.04,0.00,0.04,0,0
/home/richard/project/SAT_benchmark/SATLIB/flat30-60/flat30-39.cnf,SAT,0.07,0.00,0.07,0,0
/home/richard/project/SAT_benchmark/SATLIB/flat30-60/flat30-90.cnf,SAT,0.04,0.00,0.04,0,0
/home/richard/project/SAT_benchmark/SATLIB/flat30-60/flat30-20.cnf,SAT,0.05,0.00,0.05,0,0
/home/richard/project/SAT_benchmark/SATLIB/flat30-60/flat30-7.cnf,SAT,0.08,0.00,0.08,0,0
/home/richard/project/SAT_benchmark/SATLIB/flat30-60/flat30-70.cnf,SAT,0.04,0.00,0.04,0,0
/home/richard/project/SAT_benchmark/SATLIB/flat30-60/flat30-38.cnf,SAT,0.06,0.00,0.06,0,0
/home/richard/project/SAT_benchmark/SATLIB/flat30-60/flat30-23.cnf,SAT,0.07,0.00,0.07,0,0
/home/richard/project/SAT_benchmark/SATLIB/flat30-60/flat30-51.cnf,SAT,0.08,0.00,0.08,0,0
/home/richard/project/SAT_benchmark/SATLIB/flat30-60/flat30-93.cnf,SAT,0.07,0.00,0.07,0,0
/home/richard/project/SAT_benchmark/SATLIB/flat30-60/flat30-55.cnf,SAT,0.08,0.00,0.08,0,0
/home/richard/project/SAT_benchmark/SATLIB/flat30-60/flat30-64.cnf,SAT,0.05,0.00,0.05,0,0
/home/richard/project/SAT_benchmark/SATLIB/flat30-60/flat30-100.cnf,SAT,0.04,0.00,0.04,0,0
/home/richard/project/SAT_benchmark/SATLIB/flat50-115/flat50-594.cnf,SAT,0.08,0.00,0.08,0,0
/home/richard/project/SAT_benchmark/SATLIB/flat50-115/flat50-649.cnf,SAT,0.08,0.00,0.08,0,0
/home/richard/project/SAT_benchmark/SATLIB/flat50-115/flat50-977.cnf,SAT,0.04,0.00,0.04,0,0
/home/richard/project/SAT_benchmark/SATLIB/flat50-115/flat50-494.cnf,SAT,0.04,0.00,0.04,0,0
/home/richard/project/SAT_benchmark/SATLIB/flat50-115/flat50-601.cnf,SAT,0.04,0.00,0.04,0,0
/home/richard/project/SAT_benchmark/SATLIB/flat50-115/flat50-851.cnf,SAT,0.08,0.00,0.08,0,0
/home/richard/project/SAT_benchmark/SATLIB/flat50-115/flat50-241.cnf,SAT,0.05,0.00,0.05,0,0
/home/richard/project/SAT_benchmark/SATLIB/flat50-115/flat50-96.cnf,SAT,0.04,0.00,0.04,0,0
/home/richard/project/SAT_benchmark/SATLIB/flat50-115/flat50-964.cnf,SAT,0.07,0.00,0.07,0,0
/home/richard/project/SAT_benchmark/SATLIB/flat50-115/flat50-322.cnf,SAT,0.04,0.00,0.04,0,0
/home/richard/project/SAT_benchmark/SATLIB/flat50-115/flat50-840.cnf,SAT,0.07,0.00,0.07,0,0
/home/richard/project/SAT_benchmark/SATLIB/flat50-115/flat50-966.cnf,SAT,0.06,0.00,0.06,0,0
/home/richard/project/SAT_benchmark/SATLIB/flat50-115/flat50-960.cnf,SAT,0.08,0.00,0.08,0,0
/home/richard/project/SAT_benchmark/SATLIB/flat50-115/flat50-158.cnf,SAT,0.04,0.00,0.04,0,0
/home/richard/project/SAT_benchmark/SATLIB/flat50-115/flat50-163.cnf,SAT,0.04,0.00,0.04,0,0
/home/richard/project/SAT_benchmark/SATLIB/flat50-115/flat50-130.cnf,SAT,0.12,0.00,0.12,0,0
/home/richard/project/SAT_benchmark/SATLIB/flat50-115/flat50-170.cnf,SAT,0.08,0.00,0.08,0,0
/home/richard/project/SAT_benchmark/SATLIB/flat50-115/flat50-912.cnf,SAT,0.06,0.00,0.06,0,0
/home/richard/project/SAT_benchmark/SATLIB/flat50-115/flat50-921.cnf,SAT,0.04,0.00,0.04,0,0
/home/richard/project/SAT_benchmark/SATLIB/flat50-115/flat50-953.cnf,SAT,0.04,0.00,0.04,0,0
/home/richard/project/SAT_benchmark/SATLIB/flat50-115/flat50-823.cnf,SAT,0.04,0.00,0.04,0,0
/home/richard/project/SAT_benchmark/SATLIB/flat50-115/flat50-621.cnf,SAT,0.04,0.00,0.04,0,0
/home/richard/project/SAT_benchmark/SATLIB/flat50-115/flat50-522.cnf,SAT,0.04,0.00,0.04,0,0
/home/richard/project/SAT_benchmark/SATLIB/flat50-115/flat50-434.cnf,SAT,0.04,0.00,0.04,0,0
/home/richard/project/SAT_benchmark/SATLIB/flat50-115/flat50-874.cnf,SAT,0.04,0.00,0.04,0,0
/home/richard/project/SAT_benchmark/SATLIB/flat50-115/flat50-644.cnf,SAT,0.05,0.00,0.05,0,0
/home/richard/project/SAT_benchmark/SATLIB/flat50-115/flat50-141.cnf,SAT,0.04,0.00,0.04,0,0
/home/richard/project/SAT_benchmark/SATLIB/flat50-115/flat50-624.cnf,SAT,0.05,0.00,0.05,0,0
/home/richard/project/SAT_benchmark/SATLIB/flat50-115/flat50-314.cnf,SAT,0.04,0.00,0.04,0,0
/home/richard/project/SAT_benchmark/SATLIB/flat50-115/flat50-16.cnf,SAT,0.04,0.00,0.04,0,0
/home/richard/project/SAT_benchmark/SATLIB/flat50-115/flat50-254.cnf,SAT,0.07,0.00,0.07,0,0
/home/richard/project/SAT_benchmark/SATLIB/flat50-115/flat50-136.cnf,SAT,0.04,0.00,0.04,0,0
/home/richard/project/SAT_benchmark/SATLIB/flat50-115/flat50-820.cnf,SAT,0.07,0.00,0.07,0,0
/home/richard/project/SAT_benchmark/SATLIB/flat50-115/flat50-382.cnf,SAT,0.04,0.00,0.04,0,0
/home/richard/project/SAT_benchmark/SATLIB/flat50-115/flat50-219.cnf,SAT,0.04,0.00,0.04,0,0
/home/richard/project/SAT_benchmark/SATLIB/flat50-115/flat50-533.cnf,SAT,0.04,0.00,0.04,0,0
/home/richard/project/SAT_benchmark/SATLIB/flat50-115/flat50-477.cnf,SAT,0.04,0.00,0.04,0,0
/home/richard/project/SAT_benchmark/SATLIB/flat50-115/flat50-914.cnf,SAT,0.05,0.00,0.05,0,0
/home/richard/project/SAT_benchmark/SATLIB/flat50-115/flat50-153.cnf,SAT,0.09,0.00,0.09,0,0
/home/richard/project/SAT_benchmark/SATLIB/flat50-115/flat50-138.cnf,SAT,0.04,0.00,0.04,0,0
/home/richard/project/SAT_benchmark/SATLIB/flat50-115/flat50-595.cnf,SAT,0.07,0.00,0.07,0,0
/home/richard/project/SAT_benchmark/SATLIB/flat50-115/flat50-412.cnf,SAT,0.04,0.00,0.04,0,0
/home/richard/project/SAT_benchmark/SATLIB/flat50-115/flat50-873.cnf,SAT,0.09,0.00,0.09,0,0
/home/richard/project/SAT_benchmark/SATLIB/flat50-115/flat50-289.cnf,SAT,0.07,0.00,0.07,0,0
/home/richard/project/SAT_benchmark/SATLIB/flat50-115/flat50-19.cnf,SAT,0.04,0.00,0.04,0,0
/home/richard/project/SAT_benchmark/SATLIB/flat50-115/flat50-961.cnf,SAT,0.04,0.00,0.04,0,0
/home/richard/project/SAT_benchmark/SATLIB/flat50-115/flat50-829.cnf,SAT,0.09,0.00,0.09,0,0
/home/richard/project/SAT_benchmark/SATLIB/flat50-115/flat50-878.cnf,SAT,0.04,0.00,0.04,0,0
/home/richard/project/SAT_benchmark/SATLIB/flat50-115/flat50-538.cnf,SAT,0.04,0.00,0.04,0,0
/home/richard/project/SAT_benchmark/SATLIB/flat50-115/flat50-397.cnf,SAT,0.04,0.00,0.04,0,0
/home/richard/project/SAT_benchmark/SATLIB/flat50-115/flat50-710.cnf,SAT,0.10,0.00,0.10,0,0
/home/richard/project/SAT_benchmark/SATLIB/flat50-115/flat50-763.cnf,SAT,0.07,0.00,0.07,0,0
/home/richard/project/SAT_benchmark/SATLIB/flat50-115/flat50-886.cnf,SAT,0.04,0.00,0.04,0,0
/home/richard/project/SAT_benchmark/SATLIB/flat50-115/flat50-761.cnf,SAT,0.09,0.00,0.09,0,0
/home/richard/project/SAT_benchmark/SATLIB/flat50-115/flat50-465.cnf,SAT,0.05,0.00,0.05,0,0
/home/richard/project/SAT_benchmark/SATLIB/flat50-115/flat50-754.cnf,SAT,0.10,0.00,0.10,0,0
/home/richard/project/SAT_benchmark/SATLIB/flat50-115/flat50-299.cnf,SAT,0.05,0.00,0.05,0,0
/home/richard/project/SAT_benchmark/SATLIB/flat50-115/flat50-865.cnf,SAT,0.04,0.00,0.04,0,0
/home/richard/project/SAT_benchmark/SATLIB/flat50-115/flat50-445.cnf,SAT,0.05,0.00,0.05,0,0
/home/richard/project/SAT_benchmark/SATLIB/flat50-115/flat50-590.cnf,SAT,0.04,0.00,0.04,0,0
/home/richard/project/SAT_benchmark/SATLIB/flat50-115/flat50-941.cnf,SAT,0.10,0.00,0.10,0,0
/home/richard/project/SAT_benchmark/SATLIB/flat50-115/flat50-201.cnf,SAT,0.14,0.00,0.14,0,0
/home/richard/project/SAT_benchmark/SATLIB/flat50-115/flat50-350.cnf,SAT,0.04,0.00,0.04,0,0
/home/richard/project/SAT_benchmark/SATLIB/flat50-115/flat50-741.cnf,SAT,0.04,0.00,0.04,0,0
/home/richard/project/SAT_benchmark/SATLIB/flat50-115/flat50-308.cnf,SAT,0.05,0.00,0.05,0,0
/home/richard/project/SAT_benchmark/SATLIB/flat50-115/flat50-708.cnf,SAT,0.08,0.00,0.08,0,0
/home/richard/project/SAT_benchmark/SATLIB/flat50-115/flat50-683.cnf,SAT,0.07,0.00,0.07,0,0
/home/richard/project/SAT_benchmark/SATLIB/flat50-115/flat50-263.cnf,SAT,0.05,0.00,0.05,0,0
/home/richard/project/SAT_benchmark/SATLIB/flat50-115/flat50-781.cnf,SAT,0.06,0.00,0.06,0,0
/home/richard/project/SAT_benchmark/SATLIB/flat50-115/flat50-839.cnf,SAT,0.05,0.00,0.05,0,0
/home/richard/project/SAT_benchmark/SATLIB/flat50-115/flat50-752.cnf,SAT,0.05,0.00,0.05,0,0
/home/richard/project/SAT_benchmark/SATLIB/flat50-115/flat50-236.cnf,SAT,0.08,0.00,0.08,0,0
/home/richard/project/SAT_benchmark/SATLIB/flat50-115/flat50-721.cnf,SAT,0.04,0.00,0.04,0,0
/home/richard/project/SAT_benchmark/SATLIB/flat50-115/flat50-84.cnf,SAT,0.10,0.00,0.10,0,0
/home/richard/project/SAT_benchmark/SATLIB/flat50-115/flat50-986.cnf,SAT,0.04,0.00,0.04,0,0
/home/richard/project/SAT_benchmark/SATLIB/flat50-115/flat50-334.cnf,SAT,0.08,0.00,0.08,0,0
/home/richard/project/SAT_benchmark/SATLIB/flat50-115/flat50-474.cnf,SAT,0.04,0.00,0.04,0,0
/home/richard/project/SAT_benchmark/SATLIB/flat50-115/flat50-327.cnf,SAT,0.05,0.00,0.05,0,0
/home/richard/project/SAT_benchmark/SATLIB/flat50-115/flat50-282.cnf,SAT,0.05,0.00,0.05,0,0
/home/richard/project/SAT_benchmark/SATLIB/flat50-115/flat50-304.cnf,SAT,0.06,0.00,0.06,0,0
/home/richard/project/SAT_benchmark/SATLIB/flat50-115/flat50-38.cnf,SAT,0.04,0.00,0.04,0,0
/home/richard/project/SAT_benchmark/SATLIB/flat50-115/flat50-714.cnf,SAT,0.08,0.00,0.08,0,0
/home/richard/project/SAT_benchmark/SATLIB/flat50-115/flat50-452.cnf,SAT,0.07,0.00,0.07,0,0
/home/richard/project/SAT_benchmark/SATLIB/flat50-115/flat50-421.cnf,SAT,0.04,0.00,0.04,0,0
/home/richard/project/SAT_benchmark/SATLIB/flat50-115/flat50-410.cnf,SAT,0.05,0.00,0.05,0,0
/home/richard/project/SAT_benchmark/SATLIB/flat50-115/flat50-740.cnf,SAT,0.05,0.00,0.05,0,0
/home/richard/project/SAT_benchmark/SATLIB/flat50-115/flat50-499.cnf,SAT,0.08,0.00,0.08,0,0
/home/richard/project/SAT_benchmark/SATLIB/flat50-115/flat50-908.cnf,SAT,0.06,0.00,0.06,0,0
/home/richard/project/SAT_benchmark/SATLIB/flat50-115/flat50-18.cnf,SAT,0.04,0.00,0.04,0,0
/home/richard/project/SAT_benchmark/SATLIB/flat50-115/flat50-718.cnf,SAT,0.05,0.00,0.05,0,0
/home/richard/project/SAT_benchmark/SATLIB/flat50-115/flat50-786.cnf,SAT,0.08,0.00,0.08,0,0
/home/richard/project/SAT_benchmark/SATLIB/flat50-115/flat50-958.cnf,SAT,0.08,0.00,0.08,0,0
/home/richard/project/SAT_benchmark/SATLIB/flat50-115/flat50-634.cnf,SAT,0.07,0.00,0.07,0,0
/home/richard/project/SAT_benchmark/SATLIB/flat50-115/flat50-703.cnf,SAT,0.07,0.00,0.07,0,0
/home/richard/project/SAT_benchmark/SATLIB/flat50-115/flat50-177.cnf,SAT,0.08,0.00,0.08,0,0
/home/richard/project/SAT_benchmark/SATLIB/flat50-115/flat50-67.cnf,SAT,0.07,0.00,0.07,0,0
/home/richard/project/SAT_benchmark/SATLIB/flat50-115/flat50-442.cnf,SAT,0.04,0.00,0.04,0,0
/home/richard/project/SAT_benchmark/SATLIB/flat50-115/flat50-315.cnf,SAT,0.05,0.00,0.05,0,0
/home/richard/project/SAT_benchmark/SATLIB/flat50-115/flat50-190.cnf,SAT,0.04,0.00,0.04,0,0
/home/richard/project/SAT_benchmark/SATLIB/flat50-115/flat50-512.cnf,SAT,0.08,0.00,0.08,0,0
/home/richard/project/SAT_benchmark/SATLIB/flat50-115/flat50-417.cnf,SAT,0.07,0.00,0.07,0,0
/home/richard/project/SAT_benchmark/SATLIB/flat50-115/flat50-44.cnf,SAT,0.04,0.00,0.04,0,0
/home/richard/project/SAT_benchmark/SATLIB/flat50-115/flat50-737.cnf,SAT,0.08,0.00,0.08,0,0
/home/richard/project/SAT_benchmark/SATLIB/flat50-115/flat50-866.cnf,SAT,0.08,0.00,0.08,0,0
/home/richard/project/SAT_benchmark/SATLIB/flat50-115/flat50-145.cnf,SAT,0.07,0.00,0.07,0,0
/home/richard/project/SAT_benchmark/SATLIB/flat50-115/flat50-365.cnf,SAT,0.07,0.00,0.07,0,0
/home/richard/project/SAT_benchmark/SATLIB/flat50-115/flat50-685.cnf,SAT,0.05,0.00,0.05,0,0
/home/richard/project/SAT_benchmark/SATLIB/flat50-115/flat50-792.cnf,SAT,0.08,0.00,0.08,0,0
/home/richard/project/SAT_benchmark/SATLIB/flat50-115/flat50-719.cnf,SAT,0.05,0.00,0.05,0,0
/home/richard/project/SAT_benchmark/SATLIB/flat50-115/flat50-767.cnf,SAT,0.09,0.00,0.09,0,0
/home/richard/project/SAT_benchmark/SATLIB/flat50-115/flat50-990.cnf,SAT,0.06,0.00,0.06,0,0
/home/richard/project/SAT_benchmark/SATLIB/flat50-115/flat50-122.cnf,SAT,0.08,0.00,0.08,0,0
/home/richard/project/SAT_benchmark/SATLIB/flat50-115/flat50-678.cnf,SAT,0.07,0.00,0.07,0,0
/home/richard/project/SAT_benchmark/SATLIB/flat50-115/flat50-471.cnf,SAT,0.04,0.00,0.04,0,0
/home/richard/project/SAT_benchmark/SATLIB/flat50-115/flat50-969.cnf,SAT,0.09,0.00,0.09,0,0
/home/richard/project/SAT_benchmark/SATLIB/flat50-115/flat50-128.cnf,SAT,0.08,0.00,0.08,0,0
/home/richard/project/SAT_benchmark/SATLIB/flat50-115/flat50-283.cnf,SAT,0.04,0.00,0.04,0,0
/home/richard/project/SAT_benchmark/SATLIB/flat50-115/flat50-92.cnf,SAT,0.04,0.00,0.04,0,0
/home/richard/project/SAT_benchmark/SATLIB/flat50-115/flat50-650.cnf,SAT,0.09,0.00,0.09,0,0
/home/richard/project/SAT_benchmark/SATLIB/flat50-115/flat50-345.cnf,SAT,0.04,0.00,0.04,0,0
/home/richard/project/SAT_benchmark/SATLIB/flat50-115/flat50-825.cnf,SAT,0.08,0.00,0.08,0,0
/home/richard/project/SAT_benchmark/SATLIB/flat50-115/flat50-551.cnf,SAT,0.08,0.00,0.08,0,0
/home/richard/project/SAT_benchmark/SATLIB/flat50-115/flat50-642.cnf,SAT,0.04,0.00,0.04,0,0
/home/richard/project/SAT_benchmark/SATLIB/flat50-115/flat50-63.cnf,SAT,0.08,0.00,0.08,0,0
/home/richard/project/SAT_benchmark/SATLIB/flat50-115/flat50-640.cnf,SAT,0.08,0.00,0.08,0,0
/home/richard/project/SAT_benchmark/SATLIB/flat50-115/flat50-378.cnf,SAT,0.05,0.00,0.05,0,0
/home/richard/project/SAT_benchmark/SATLIB/flat50-115/flat50-974.cnf,SAT,0.05,0.00,0.05,0,0
/home/richard/project/SAT_benchmark/SATLIB/flat50-115/flat50-430.cnf,SAT,0.04,0.00,0.04,0,0
/home/richard/project/SAT_benchmark/SATLIB/flat50-115/flat50-7.cnf,SAT,0.06,0.00,0.06,0,0
/home/richard/project/SAT_benchmark/SATLIB/flat50-115/flat50-361.cnf,SAT,0.10,0.00,0.10,0,0
/home/richard/project/SAT_benchmark/SATLIB/flat50-115/flat50-883.cnf,SAT,0.10,0.00,0.10,0,0
/home/richard/project/SAT_benchmark/SATLIB/flat50-115/flat50-49.cnf,SAT,0.22,0.00,0.22,0,0
/home/richard/project/SAT_benchmark/SATLIB/flat50-115/flat50-286.cnf,SAT,0.11,0.00,0.11,0,0
/home/richard/project/SAT_benchmark/SATLIB/flat50-115/flat50-547.cnf,SAT,0.05,0.00,0.05,0,0
/home/richard/project/SAT_benchmark/SATLIB/flat50-115/flat50-575.cnf,SAT,0.08,0.00,0.08,0,0
/home/richard/project/SAT_benchmark/SATLIB/flat50-115/flat50-532.cnf,SAT,0.05,0.00,0.05,0,0
/home/richard/project/SAT_benchmark/SATLIB/flat50-115/flat50-444.cnf,SAT,0.08,0.00,0.08,0,0
/home/richard/project/SAT_benchmark/SATLIB/flat50-115/flat50-185.cnf,SAT,0.08,0.00,0.08,0,0
/home/richard/project/SAT_benchmark/SATLIB/flat50-115/flat50-838.cnf,SAT,0.04,0.00,0.04,0,0
/home/richard/project/SAT_benchmark/SATLIB/flat50-115/flat50-536.cnf,SAT,0.04,0.00,0.04,0,0
/home/richard/project/SAT_benchmark/SATLIB/flat50-115/flat50-311.cnf,SAT,0.08,0.00,0.08,0,0
/home/richard/project/SAT_benchmark/SATLIB/flat50-115/flat50-15.cnf,SAT,0.07,0.00,0.07,0,0
/home/richard/project/SAT_benchmark/SATLIB/flat50-115/flat50-541.cnf,SAT,0.08,0.00,0.08,0,0
/home/richard/project/SAT_benchmark/SATLIB/flat50-115/flat50-696.cnf,SAT,0.05,0.00,0.05,0,0
/home/richard/project/SAT_benchmark/SATLIB/flat50-115/flat50-982.cnf,SAT,0.05,0.00,0.05,0,0
/home/richard/project/SAT_benchmark/SATLIB/flat50-115/flat50-917.cnf,SAT,0.06,0.00,0.06,0,0
/home/richard/project/SAT_benchmark/SATLIB/flat50-115/flat50-454.cnf,SAT,0.04,0.00,0.04,0,0
/home/richard/project/SAT_benchmark/SATLIB/flat50-115/flat50-607.cnf,SAT,0.04,0.00,0.04,0,0
/home/richard/project/SAT_benchmark/SATLIB/flat50-115/flat50-528.cnf,SAT,0.08,0.00,0.08,0,0
/home/richard/project/SAT_benchmark/SATLIB/flat50-115/flat50-34.cnf,SAT,0.04,0.00,0.04,0,0
/home/richard/project/SAT_benchmark/SATLIB/flat50-115/flat50-727.cnf,SAT,0.07,0.00,0.07,0,0
/home/richard/project/SAT_benchmark/SATLIB/flat50-115/flat50-422.cnf,SAT,0.04,0.00,0.04,0,0
/home/richard/project/SAT_benchmark/SATLIB/flat50-115/flat50-403.cnf,SAT,0.05,0.00,0.05,0,0
/home/richard/project/SAT_benchmark/SATLIB/flat50-115/flat50-218.cnf,SAT,0.08,0.00,0.08,0,0
/home/richard/project/SAT_benchmark/SATLIB/flat50-115/flat50-108.cnf,SAT,0.06,0.00,0.06,0,0
/home/richard/project/SAT_benchmark/SATLIB/flat50-115/flat50-242.cnf,SAT,0.07,0.00,0.07,0,0
/home/richard/project/SAT_benchmark/SATLIB/flat50-115/flat50-664.cnf,SAT,0.04,0.00,0.04,0,0
/home/richard/project/SAT_benchmark/SATLIB/flat50-115/flat50-827.cnf,SAT,0.11,0.00,0.11,0,0
/home/richard/project/SAT_benchmark/SATLIB/flat50-115/flat50-161.cnf,SAT,0.08,0.00,0.08,0,0
/home/richard/project/SAT_benchmark/SATLIB/flat50-115/flat50-27.cnf,SAT,0.04,0.00,0.04,0,0
/home/richard/project/SAT_benchmark/SATLIB/flat50-115/flat50-926.cnf,SAT,0.08,0.00,0.08,0,0
/home/richard/project/SAT_benchmark/SATLIB/flat50-115/flat50-429.cnf,SAT,0.04,0.00,0.04,0,0
/home/richard/project/SAT_benchmark/SATLIB/flat50-115/flat50-250.cnf,SAT,0.05,0.00,0.05,0,0
/home/richard/project/SAT_benchmark/SATLIB/flat50-115/flat50-626.cnf,SAT,0.05,0.00,0.05,0,0
/home/richard/project/SAT_benchmark/SATLIB/flat50-115/flat50-131.cnf,SAT,0.04,0.00,0.04,0,0
/home/richard/project/SAT_benchmark/SATLIB/flat50-115/flat50-852.cnf,SAT,0.06,0.00,0.06,0,0
/home/richard/project/SAT_benchmark/SATLIB/flat50-115/flat50-173.cnf,SAT,0.05,0.00,0.05,0,0
/home/richard/project/SAT_benchmark/SATLIB/flat50-115/flat50-71.cnf,SAT,0.08,0.00,0.08,0,0
/home/richard/project/SAT_benchmark/SATLIB/flat50-115/flat50-117.cnf,SAT,0.08,0.00,0.08,0,0
/home/richard/project/SAT_benchmark/SATLIB/flat50-115/flat50-400.cnf,SAT,0.08,0.00,0.08,0,0
/home/richard/project/SAT_benchmark/SATLIB/flat50-115/flat50-24.cnf,SAT,0.07,0.00,0.07,0,0
/home/richard/project/SAT_benchmark/SATLIB/flat50-115/flat50-938.cnf,SAT,0.04,0.00,0.04,0,0
/home/richard/project/SAT_benchmark/SATLIB/flat50-115/flat50-775.cnf,SAT,0.08,0.00,0.08,0,0
/home/richard/project/SAT_benchmark/SATLIB/flat50-115/flat50-156.cnf,SAT,0.05,0.00,0.05,0,0
/home/richard/project/SAT_benchmark/SATLIB/flat50-115/flat50-367.cnf,SAT,0.08,0.00,0.08,0,0
/home/richard/project/SAT_benchmark/SATLIB/flat50-115/flat50-807.cnf,SAT,0.07,0.00,0.07,0,0
/home/richard/project/SAT_benchmark/SATLIB/flat50-115/flat50-945.cnf,SAT,0.05,0.00,0.05,0,0
/home/richard/project/SAT_benchmark/SATLIB/flat50-115/flat50-331.cnf,SAT,0.05,0.00,0.05,0,0
/home/richard/project/SAT_benchmark/SATLIB/flat50-115/flat50-448.cnf,SAT,0.04,0.00,0.04,0,0
/home/richard/project/SAT_benchmark/SATLIB/flat50-115/flat50-965.cnf,SAT,0.09,0.00,0.09,0,0
/home/richard/project/SAT_benchmark/SATLIB/flat50-115/flat50-220.cnf,SAT,0.06,0.00,0.06,0,0
/home/richard/project/SAT_benchmark/SATLIB/flat50-115/flat50-576.cnf,SAT,0.04,0.00,0.04,0,0
/home/richard/project/SAT_benchmark/SATLIB/flat50-115/flat50-353.cnf,SAT,0.05,0.00,0.05,0,0
/home/richard/project/SAT_benchmark/SATLIB/flat50-115/flat50-93.cnf,SAT,0.10,0.00,0.10,0,0
/home/richard/project/SAT_benchmark/SATLIB/flat50-115/flat50-174.cnf,SAT,0.05,0.00,0.05,0,0
/home/richard/project/SAT_benchmark/SATLIB/flat50-115/flat50-316.cnf,SAT,0.08,0.00,0.08,0,0
/home/richard/project/SAT_benchmark/SATLIB/flat50-115/flat50-396.cnf,SAT,0.05,0.00,0.05,0,0
/home/richard/project/SAT_benchmark/SATLIB/flat50-115/flat50-56.cnf,SAT,0.05,0.00,0.05,0,0
/home/richard/project/SAT_benchmark/SATLIB/flat50-115/flat50-402.cnf,SAT,0.08,0.00,0.08,0,0
/home/richard/project/SAT_benchmark/SATLIB/flat50-115/flat50-800.cnf,SAT,0.05,0.00,0.05,0,0
/home/richard/project/SAT_benchmark/SATLIB/flat50-115/flat50-211.cnf,SAT,0.08,0.00,0.08,0,0
/home/richard/project/SAT_benchmark/SATLIB/flat50-115/flat50-223.cnf,SAT,0.07,0.00,0.07,0,0
/home/richard/project/SAT_benchmark/SATLIB/flat50-115/flat50-72.cnf,SAT,0.07,0.00,0.07,0,0
/home/richard/project/SAT_benchmark/SATLIB/flat50-115/flat50-482.cnf,SAT,0.04,0.00,0.04,0,0
/home/richard/project/SAT_benchmark/SATLIB/flat50-115/flat50-968.cnf,SAT,0.05,0.00,0.05,0,0
/home/richard/project/SAT_benchmark/SATLIB/flat50-115/flat50-341.cnf,SAT,0.05,0.00,0.05,0,0
/home/richard/project/SAT_benchmark/SATLIB/flat50-115/flat50-950.cnf,SAT,0.05,0.00,0.05,0,0
/home/richard/project/SAT_benchmark/SATLIB/flat50-115/flat50-582.cnf,SAT,0.04,0.00,0.04,0,0
/home/richard/project/SAT_benchmark/SATLIB/flat50-115/flat50-151.cnf,SAT,0.09,0.00,0.09,0,0
/home/richard/project/SAT_benchmark/SATLIB/flat50-115/flat50-339.cnf,SAT,0.04,0.00,0.04,0,0
/home/richard/project/SAT_benchmark/SATLIB/flat50-115/flat50-140.cnf,SAT,0.07,0.00,0.07,0,0
/home/richard/project/SAT_benchmark/SATLIB/flat50-115/flat50-628.cnf,SAT,0.17,0.00,0.17,0,0
/home/richard/project/SAT_benchmark/SATLIB/flat50-115/flat50-182.cnf,SAT,0.09,0.00,0.09,0,0
/home/richard/project/SAT_benchmark/SATLIB/flat50-115/flat50-861.cnf,SAT,0.06,0.00,0.06,0,0
/home/richard/project/SAT_benchmark/SATLIB/flat50-115/flat50-110.cnf,SAT,0.04,0.00,0.04,0,0
/home/richard/project/SAT_benchmark/SATLIB/flat50-115/flat50-296.cnf,SAT,0.04,0.00,0.04,0,0
/home/richard/project/SAT_benchmark/SATLIB/flat50-115/flat50-232.cnf,SAT,0.10,0.00,0.10,0,0
/home/richard/project/SAT_benchmark/SATLIB/flat50-115/flat50-920.cnf,SAT,0.04,0.00,0.04,0,0
/home/richard/project/SAT_benchmark/SATLIB/flat50-115/flat50-104.cnf,SAT,0.08,0.00,0.08,0,0
/home/richard/project/SAT_benchmark/SATLIB/flat50-115/flat50-854.cnf,SAT,0.08,0.00,0.08,0,0
/home/richard/project/SAT_benchmark/SATLIB/flat50-115/flat50-467.cnf,SAT,0.07,0.00,0.07,0,0
/home/richard/project/SAT_benchmark/SATLIB/flat50-115/flat50-458.cnf,SAT,0.04,0.00,0.04,0,0
/home/richard/project/SAT_benchmark/SATLIB/flat50-115/flat50-222.cnf,SAT,0.04,0.00,0.04,0,0
/home/richard/project/SAT_benchmark/SATLIB/flat50-115/flat50-252.cnf,SAT,0.08,0.00,0.08,0,0
/home/richard/project/SAT_benchmark/SATLIB/flat50-115/flat50-244.cnf,SAT,0.06,0.00,0.06,0,0
/home/richard/project/SAT_benchmark/SATLIB/flat50-115/flat50-459.cnf,SAT,0.05,0.00,0.05,0,0
/home/richard/project/SAT_benchmark/SATLIB/flat50-115/flat50-881.cnf,SAT,0.08,0.00,0.08,0,0
/home/richard/project/SAT_benchmark/SATLIB/flat50-115/flat50-112.cnf,SAT,0.04,0.00,0.04,0,0
/home/richard/project/SAT_benchmark/SATLIB/flat50-115/flat50-119.cnf,SAT,0.08,0.00,0.08,0,0
/home/richard/project/SAT_benchmark/SATLIB/flat50-115/flat50-766.cnf,SAT,0.08,0.00,0.08,0,0
/home/richard/project/SAT_benchmark/SATLIB/flat50-115/flat50-407.cnf,SAT,0.08,0.00,0.08,0,0
/home/richard/project/SAT_benchmark/SATLIB/flat50-115/flat50-928.cnf,SAT,0.07,0.00,0.07,0,0
/home/richard/project/SAT_benchmark/SATLIB/flat50-115/flat50-155.cnf,SAT,0.04,0.00,0.04,0,0
/home/richard/project/SAT_benchmark/SATLIB/flat50-115/flat50-900.cnf,SAT,0.08,0.00,0.08,0,0
/home/richard/project/SAT_benchmark/SATLIB/flat50-115/flat50-872.cnf,SAT,0.05,0.00,0.05,0,0
/home/richard/project/SAT_benchmark/SATLIB/flat50-115/flat50-294.cnf,SAT,0.07,0.00,0.07,0,0
/home/richard/project/SAT_benchmark/SATLIB/flat50-115/flat50-235.cnf,SAT,0.05,0.00,0.05,0,0
/home/richard/project/SAT_benchmark/SATLIB/flat50-115/flat50-324.cnf,SAT,0.04,0.00,0.04,0,0
/home/richard/project/SAT_benchmark/SATLIB/flat50-115/flat50-909.cnf,SAT,0.08,0.00,0.08,0,0
/home/richard/project/SAT_benchmark/SATLIB/flat50-115/flat50-251.cnf,SAT,0.08,0.00,0.08,0,0
/home/richard/project/SAT_benchmark/SATLIB/flat50-115/flat50-993.cnf,SAT,0.08,0.00,0.08,0,0
/home/richard/project/SAT_benchmark/SATLIB/flat50-115/flat50-362.cnf,SAT,0.08,0.00,0.08,0,0
/home/richard/project/SAT_benchmark/SATLIB/flat50-115/flat50-144.cnf,SAT,0.04,0.00,0.04,0,0
/home/richard/project/SAT_benchmark/SATLIB/flat50-115/flat50-567.cnf,SAT,0.04,0.00,0.04,0,0
/home/richard/project/SAT_benchmark/SATLIB/flat50-115/flat50-814.cnf,SAT,0.05,0.00,0.05,0,0
/home/richard/project/SAT_benchmark/SATLIB/flat50-115/flat50-372.cnf,SAT,0.04,0.00,0.04,0,0
/home/richard/project/SAT_benchmark/SATLIB/flat50-115/flat50-302.cnf,SAT,0.08,0.00,0.08,0,0
/home/richard/project/SAT_benchmark/SATLIB/flat50-115/flat50-90.cnf,SAT,0.06,0.00,0.06,0,0
/home/richard/project/SAT_benchmark/SATLIB/flat50-115/flat50-841.cnf,SAT,0.04,0.00,0.04,0,0
/home/richard/project/SAT_benchmark/SATLIB/flat50-115/flat50-686.cnf,SAT,0.04,0.00,0.04,0,0
/home/richard/project/SAT_benchmark/SATLIB/flat50-115/flat50-716.cnf,SAT,0.22,0.00,0.22,0,0
/home/richard/project/SAT_benchmark/SATLIB/flat50-115/flat50-818.cnf,SAT,0.05,0.00,0.05,0,0
/home/richard/project/SAT_benchmark/SATLIB/flat50-115/flat50-592.cnf,SAT,0.07,0.00,0.07,0,0
/home/richard/project/SAT_benchmark/SATLIB/flat50-115/flat50-539.cnf,SAT,0.04,0.00,0.04,0,0
/home/richard/project/SAT_benchmark/SATLIB/flat50-115/flat50-460.cnf,SAT,0.08,0.00,0.08,0,0
/home/richard/project/SAT_benchmark/SATLIB/flat50-115/flat50-991.cnf,SAT,0.04,0.00,0.04,0,0
/home/richard/project/SAT_benchmark/SATLIB/flat50-115/flat50-648.cnf,SAT,0.08,0.00,0.08,0,0
/home/richard/project/SAT_benchmark/SATLIB/flat50-115/flat50-596.cnf,SAT,0.08,0.00,0.08,0,0
/home/richard/project/SAT_benchmark/SATLIB/flat50-115/flat50-330.cnf,SAT,0.04,0.00,0.04,0,0
/home/richard/project/SAT_benchmark/SATLIB/flat50-115/flat50-278.cnf,SAT,0.07,0.00,0.07,0,0
/home/richard/project/SAT_benchmark/SATLIB/flat50-115/flat50-81.cnf,SAT,0.06,0.00,0.06,0,0
/home/richard/project/SAT_benchmark/SATLIB/flat50-115/flat50-26.cnf,SAT,0.05,0.00,0.05,0,0
/home/richard/project/SAT_benchmark/SATLIB/flat50-115/flat50-352.cnf,SAT,0.05,0.00,0.05,0,0
/home/richard/project/SAT_benchmark/SATLIB/flat50-115/flat50-202.cnf,SAT,0.04,0.00,0.04,0,0
/home/richard/project/SAT_benchmark/SATLIB/flat50-115/flat50-898.cnf,SAT,0.04,0.00,0.04,0,0
/home/richard/project/SAT_benchmark/SATLIB/flat50-115/flat50-506.cnf,SAT,0.06,0.00,0.06,0,0
/home/richard/project/SAT_benchmark/SATLIB/flat50-115/flat50-877.cnf,SAT,0.05,0.00,0.05,0,0
/home/richard/project/SAT_benchmark/SATLIB/flat50-115/flat50-258.cnf,SAT,0.04,0.00,0.04,0,0
/home/richard/project/SAT_benchmark/SATLIB/flat50-115/flat50-440.cnf,SAT,0.04,0.00,0.04,0,0
/home/richard/project/SAT_benchmark/SATLIB/flat50-115/flat50-275.cnf,SAT,0.04,0.00,0.04,0,0
/home/richard/project/SAT_benchmark/SATLIB/flat50-115/flat50-453.cnf,SAT,0.07,0.00,0.07,0,0
/home/richard/project/SAT_benchmark/SATLIB/flat50-115/flat50-379.cnf,SAT,0.04,0.00,0.04,0,0
/home/richard/project/SAT_benchmark/SATLIB/flat50-115/flat50-701.cnf,SAT,0.05,0.00,0.05,0,0
/home/richard/project/SAT_benchmark/SATLIB/flat50-115/flat50-570.cnf,SAT,0.04,0.00,0.04,0,0
/home/richard/project/SAT_benchmark/SATLIB/flat50-115/flat50-563.cnf,SAT,0.04,0.00,0.04,0,0
/home/richard/project/SAT_benchmark/SATLIB/flat50-115/flat50-587.cnf,SAT,0.07,0.00,0.07,0,0
/home/richard/project/SAT_benchmark/SATLIB/flat50-115/flat50-162.cnf,SAT,0.15,0.00,0.15,0,0
/home/richard/project/SAT_benchmark/SATLIB/flat50-115/flat50-524.cnf,SAT,0.05,0.00,0.05,0,0
/home/richard/project/SAT_benchmark/SATLIB/flat50-115/flat50-923.cnf,SAT,0.06,0.00,0.06,0,0
/home/richard/project/SAT_benchmark/SATLIB/flat50-115/flat50-257.cnf,SAT,0.08,0.00,0.08,0,0
/home/richard/project/SAT_benchmark/SATLIB/flat50-115/flat50-376.cnf,SAT,0.04,0.00,0.04,0,0
/home/richard/project/SAT_benchmark/SATLIB/flat50-115/flat50-635.cnf,SAT,0.05,0.00,0.05,0,0
/home/richard/project/SAT_benchmark/SATLIB/flat50-115/flat50-896.cnf,SAT,0.04,0.00,0.04,0,0
/home/richard/project/SAT_benchmark/SATLIB/flat50-115/flat50-985.cnf,SAT,0.05,0.00,0.05,0,0
/home/richard/project/SAT_benchmark/SATLIB/flat50-115/flat50-798.cnf,SAT,0.08,0.00,0.08,0,0
/home/richard/project/SAT_benchmark/SATLIB/flat50-115/flat50-620.cnf,SAT,0.04,0.00,0.04,0,0
/home/richard/project/SAT_benchmark/SATLIB/flat50-115/flat50-62.cnf,SAT,0.08,0.00,0.08,0,0
/home/richard/project/SAT_benchmark/SATLIB/flat50-115/flat50-375.cnf,SAT,0.04,0.00,0.04,0,0
/home/richard/project/SAT_benchmark/SATLIB/flat50-115/flat50-388.cnf,SAT,0.12,0.00,0.12,0,0
/home/richard/project/SAT_benchmark/SATLIB/flat50-115/flat50-940.cnf,SAT,0.05,0.00,0.05,0,0
/home/richard/project/SAT_benchmark/SATLIB/flat50-115/flat50-469.cnf,SAT,0.06,0.00,0.06,0,0
/home/richard/project/SAT_benchmark/SATLIB/flat50-115/flat50-726.cnf,SAT,0.08,0.00,0.08,0,0
/home/richard/project/SAT_benchmark/SATLIB/flat50-115/flat50-272.cnf,SAT,0.04,0.00,0.04,0,0
/home/richard/project/SAT_benchmark/SATLIB/flat50-115/flat50-64.cnf,SAT,0.08,0.00,0.08,0,0
/home/richard/project/SAT_benchmark/SATLIB/flat50-115/flat50-343.cnf,SAT,0.08,0.00,0.08,0,0
/home/richard/project/SAT_benchmark/SATLIB/flat50-115/flat50-586.cnf,SAT,0.05,0.00,0.05,0,0
/home/richard/project/SAT_benchmark/SATLIB/flat50-115/flat50-732.cnf,SAT,0.08,0.00,0.08,0,0
/home/richard/project/SAT_benchmark/SATLIB/flat50-115/flat50-127.cnf,SAT,0.04,0.00,0.04,0,0
/home/richard/project/SAT_benchmark/SATLIB/flat50-115/flat50-978.cnf,SAT,0.05,0.00,0.05,0,0
/home/richard/project/SAT_benchmark/SATLIB/flat50-115/flat50-276.cnf,SAT,0.05,0.00,0.05,0,0
/home/richard/project/SAT_benchmark/SATLIB/flat50-115/flat50-882.cnf,SAT,0.08,0.00,0.08,0,0
/home/richard/project/SAT_benchmark/SATLIB/flat50-115/flat50-548.cnf,SAT,0.07,0.00,0.07,0,0
/home/richard/project/SAT_benchmark/SATLIB/flat50-115/flat50-618.cnf,SAT,0.06,0.00,0.06,0,0
/home/richard/project/SAT_benchmark/SATLIB/flat50-115/flat50-124.cnf,SAT,0.08,0.00,0.08,0,0
/home/richard/project/SAT_benchmark/SATLIB/flat50-115/flat50-253.cnf,SAT,0.08,0.00,0.08,0,0
/home/richard/project/SAT_benchmark/SATLIB/flat50-115/flat50-165.cnf,SAT,0.04,0.00,0.04,0,0
/home/richard/project/SAT_benchmark/SATLIB/flat50-115/flat50-172.cnf,SAT,0.07,0.00,0.07,0,0
/home/richard/project/SAT_benchmark/SATLIB/flat50-115/flat50-65.cnf,SAT,0.04,0.00,0.04,0,0
/home/richard/project/SAT_benchmark/SATLIB/flat50-115/flat50-102.cnf,SAT,0.07,0.00,0.07,0,0
/home/richard/project/SAT_benchmark/SATLIB/flat50-115/flat50-555.cnf,SAT,0.06,0.00,0.06,0,0
/home/richard/project/SAT_benchmark/SATLIB/flat50-115/flat50-466.cnf,SAT,0.08,0.00,0.08,0,0
/home/richard/project/SAT_benchmark/SATLIB/flat50-115/flat50-959.cnf,SAT,0.05,0.00,0.05,0,0
/home/richard/project/SAT_benchmark/SATLIB/flat50-115/flat50-381.cnf,SAT,0.08,0.00,0.08,0,0
/home/richard/project/SAT_benchmark/SATLIB/flat50-115/flat50-317.cnf,SAT,0.08,0.00,0.08,0,0
/home/richard/project/SAT_benchmark/SATLIB/flat50-115/flat50-418.cnf,SAT,0.07,0.00,0.07,0,0
/home/richard/project/SAT_benchmark/SATLIB/flat50-115/flat50-373.cnf,SAT,0.07,0.00,0.07,0,0
/home/richard/project/SAT_benchmark/SATLIB/flat50-115/flat50-771.cnf,SAT,0.05,0.00,0.05,0,0
/home/richard/project/SAT_benchmark/SATLIB/flat50-115/flat50-623.cnf,SAT,0.04,0.00,0.04,0,0
/home/richard/project/SAT_benchmark/SATLIB/flat50-115/flat50-577.cnf,SAT,0.04,0.00,0.04,0,0
/home/richard/project/SAT_benchmark/SATLIB/flat50-115/flat50-573.cnf,SAT,0.04,0.00,0.04,0,0
/home/richard/project/SAT_benchmark/SATLIB/flat50-115/flat50-947.cnf,SAT,0.05,0.00,0.05,0,0
/home/richard/project/SAT_benchmark/SATLIB/flat50-115/flat50-433.cnf,SAT,0.07,0.00,0.07,0,0
/home/richard/project/SAT_benchmark/SATLIB/flat50-115/flat50-360.cnf,SAT,0.05,0.00,0.05,0,0
/home/richard/project/SAT_benchmark/SATLIB/flat50-115/flat50-85.cnf,SAT,0.04,0.00,0.04,0,0
/home/richard/project/SAT_benchmark/SATLIB/flat50-115/flat50-676.cnf,SAT,0.07,0.00,0.07,0,0
/home/richard/project/SAT_benchmark/SATLIB/flat50-115/flat50-28.cnf,SAT,0.04,0.00,0.04,0,0
/home/richard/project/SAT_benchmark/SATLIB/flat50-115/flat50-82.cnf,SAT,0.05,0.00,0.05,0,0
/home/richard/project/SAT_benchmark/SATLIB/flat50-115/flat50-193.cnf,SAT,0.07,0.00,0.07,0,0
/home/richard/project/SAT_benchmark/SATLIB/flat50-115/flat50-934.cnf,SAT,0.04,0.00,0.04,0,0
/home/richard/project/SAT_benchmark/SATLIB/flat50-115/flat50-132.cnf,SAT,0.04,0.00,0.04,0,0
/home/richard/project/SAT_benchmark/SATLIB/flat50-115/flat50-890.cnf,SAT,0.07,0.00,0.07,0,0
/home/richard/project/SAT_benchmark/SATLIB/flat50-115/flat50-684.cnf,SAT,0.04,0.00,0.04,0,0
/home/richard/project/SAT_benchmark/SATLIB/flat50-115/flat50-734.cnf,SAT,0.08,0.00,0.08,0,0
/home/richard/project/SAT_benchmark/SATLIB/flat50-115/flat50-729.cnf,SAT,0.08,0.00,0.08,0,0
/home/richard/project/SAT_benchmark/SATLIB/flat50-115/flat50-178.cnf,SAT,0.05,0.00,0.05,0,0
/home/richard/project/SAT_benchmark/SATLIB/flat50-115/flat50-774.cnf,SAT,0.04,0.00,0.04,0,0
/home/richard/project/SAT_benchmark/SATLIB/flat50-115/flat50-12.cnf,SAT,0.08,0.00,0.08,0,0
/home/richard/project/SAT_benchmark/SATLIB/flat50-115/flat50-495.cnf,SAT,0.05,0.00,0.05,0,0
/home/richard/project/SAT_benchmark/SATLIB/flat50-115/flat50-76.cnf,SAT,0.04,0.00,0.04,0,0
/home/richard/project/SAT_benchmark/SATLIB/flat50-115/flat50-97.cnf,SAT,0.04,0.00,0.04,0,0
/home/richard/project/SAT_benchmark/SATLIB/flat50-115/flat50-534.cnf,SAT,0.07,0.00,0.07,0,0
/home/richard/project/SAT_benchmark/SATLIB/flat50-115/flat50-843.cnf,SAT,0.09,0.00,0.09,0,0
/home/richard/project/SAT_benchmark/SATLIB/flat50-115/flat50-690.cnf,SAT,0.05,0.00,0.05,0,0
/home/richard/project/SAT_benchmark/SATLIB/flat50-115/flat50-828.cnf,SAT,0.07,0.00,0.07,0,0
/home/richard/project/SAT_benchmark/SATLIB/flat50-115/flat50-593.cnf,SAT,0.10,0.00,0.10,0,0
/home/richard/project/SAT_benchmark/SATLIB/flat50-115/flat50-615.cnf,SAT,0.04,0.00,0.04,0,0
/home/richard/project/SAT_benchmark/SATLIB/flat50-115/flat50-189.cnf,SAT,0.09,0.00,0.09,0,0
/home/richard/project/SAT_benchmark/SATLIB/flat50-115/flat50-565.cnf,SAT,0.07,0.00,0.07,0,0
/home/richard/project/SAT_benchmark/SATLIB/flat50-115/flat50-206.cnf,SAT,0.07,0.00,0.07,0,0
/home/richard/project/SAT_benchmark/SATLIB/flat50-115/flat50-672.cnf,SAT,0.09,0.00,0.09,0,0
/home/richard/project/SAT_benchmark/SATLIB/flat50-115/flat50-633.cnf,SAT,0.05,0.00,0.05,0,0
/home/richard/project/SAT_benchmark/SATLIB/flat50-115/flat50-585.cnf,SAT,0.08,0.00,0.08,0,0
/home/richard/project/SAT_benchmark/SATLIB/flat50-115/flat50-213.cnf,SAT,0.05,0.00,0.05,0,0
/home/richard/project/SAT_benchmark/SATLIB/flat50-115/flat50-194.cnf,SAT,0.05,0.00,0.05,0,0
/home/richard/project/SAT_benchmark/SATLIB/flat50-115/flat50-657.cnf,SAT,0.08,0.00,0.08,0,0
/home/richard/project/SAT_benchmark/SATLIB/flat50-115/flat50-658.cnf,SAT,0.04,0.00,0.04,0,0
/home/richard/project/SAT_benchmark/SATLIB/flat50-115/flat50-264.cnf,SAT,0.07,0.00,0.07,0,0
/home/richard/project/SAT_benchmark/SATLIB/flat50-115/flat50-797.cnf,SAT,0.08,0.00,0.08,0,0
/home/richard/project/SAT_benchmark/SATLIB/flat50-115/flat50-35.cnf,SAT,0.05,0.00,0.05,0,0
/home/richard/project/SAT_benchmark/SATLIB/flat50-115/flat50-395.cnf,SAT,0.05,0.00,0.05,0,0
/home/richard/project/SAT_benchmark/SATLIB/flat50-115/flat50-791.cnf,SAT,0.05,0.00,0.05,0,0
/home/richard/project/SAT_benchmark/SATLIB/flat50-115/flat50-451.cnf,SAT,0.06,0.00,0.06,0,0
/home/richard/project/SAT_benchmark/SATLIB/flat50-115/flat50-937.cnf,SAT,0.05,0.00,0.05,0,0
/home/richard/project/SAT_benchmark/SATLIB/flat50-115/flat50-147.cnf,SAT,0.05,0.00,0.05,0,0
/home/richard/project/SAT_benchmark/SATLIB/flat50-115/flat50-885.cnf,SAT,0.05,0.00,0.05,0,0
/home/richard/project/SAT_benchmark/SATLIB/flat50-115/flat50-425.cnf,SAT,0.04,0.00,0.04,0,0
/home/richard/project/SAT_benchmark/SATLIB/flat50-115/flat50-98.cnf,SAT,0.07,0.00,0.07,0,0
/home/richard/project/SAT_benchmark/SATLIB/flat50-115/flat50-105.cnf,SAT,0.07,0.00,0.07,0,0
/home/richard/project/SAT_benchmark/SATLIB/flat50-115/flat50-619.cnf,SAT,0.04,0.00,0.04,0,0
/home/richard/project/SAT_benchmark/SATLIB/flat50-115/flat50-408.cnf,SAT,0.07,0.00,0.07,0,0
/home/richard/project/SAT_benchmark/SATLIB/flat50-115/flat50-535.cnf,SAT,0.04,0.00,0.04,0,0
/home/richard/project/SAT_benchmark/SATLIB/flat50-115/flat50-29.cnf,SAT,0.09,0.00,0.09,0,0
/home/richard/project/SAT_benchmark/SATLIB/flat50-115/flat50-443.cnf,SAT,0.04,0.00,0.04,0,0
/home/richard/project/SAT_benchmark/SATLIB/flat50-115/flat50-987.cnf,SAT,0.04,0.00,0.04,0,0
/home/richard/project/SAT_benchmark/SATLIB/flat50-115/flat50-605.cnf,SAT,0.04,0.00,0.04,0,0
/home/richard/project/SAT_benchmark/SATLIB/flat50-115/flat50-58.cnf,SAT,0.07,0.00,0.07,0,0
/home/richard/project/SAT_benchmark/SATLIB/flat50-115/flat50-431.cnf,SAT,0.08,0.00,0.08,0,0
/home/richard/project/SAT_benchmark/SATLIB/flat50-115/flat50-632.cnf,SAT,0.08,0.00,0.08,0,0
/home/richard/project/SAT_benchmark/SATLIB/flat50-115/flat50-750.cnf,SAT,0.09,0.00,0.09,0,0
/home/richard/project/SAT_benchmark/SATLIB/flat50-115/flat50-197.cnf,SAT,0.08,0.00,0.08,0,0
/home/richard/project/SAT_benchmark/SATLIB/flat50-115/flat50-666.cnf,SAT,0.08,0.00,0.08,0,0
/home/richard/project/SAT_benchmark/SATLIB/flat50-115/flat50-247.cnf,SAT,0.24,0.00,0.24,0,0
/home/richard/project/SAT_benchmark/SATLIB/flat50-115/flat50-255.cnf,SAT,0.08,0.00,0.08,0,0
/home/richard/project/SAT_benchmark/SATLIB/flat50-115/flat50-845.cnf,SAT,0.04,0.00,0.04,0,0
/home/richard/project/SAT_benchmark/SATLIB/flat50-115/flat50-617.cnf,SAT,0.05,0.00,0.05,0,0
/home/richard/project/SAT_benchmark/SATLIB/flat50-115/flat50-756.cnf,SAT,0.09,0.00,0.09,0,0
/home/richard/project/SAT_benchmark/SATLIB/flat50-115/flat50-209.cnf,SAT,0.05,0.00,0.05,0,0
/home/richard/project/SAT_benchmark/SATLIB/flat50-115/flat50-246.cnf,SAT,0.04,0.00,0.04,0,0
/home/richard/project/SAT_benchmark/SATLIB/flat50-115/flat50-50.cnf,SAT,0.07,0.00,0.07,0,0
/home/richard/project/SAT_benchmark/SATLIB/flat50-115/flat50-652.cnf,SAT,0.08,0.00,0.08,0,0
/home/richard/project/SAT_benchmark/SATLIB/flat50-115/flat50-20.cnf,SAT,0.05,0.00,0.05,0,0
/home/richard/project/SAT_benchmark/SATLIB/flat50-115/flat50-824.cnf,SAT,0.10,0.00,0.10,0,0
/home/richard/project/SAT_benchmark/SATLIB/flat50-115/flat50-114.cnf,SAT,0.08,0.00,0.08,0,0
/home/richard/project/SAT_benchmark/SATLIB/flat50-115/flat50-698.cnf,SAT,0.08,0.00,0.08,0,0
/home/richard/project/SAT_benchmark/SATLIB/flat50-115/flat50-944.cnf,SAT,0.04,0.00,0.04,0,0
/home/richard/project/SAT_benchmark/SATLIB/flat50-115/flat50-22.cnf,SAT,0.04,0.00,0.04,0,0
/home/richard/project/SAT_benchmark/SATLIB/flat50-115/flat50-925.cnf,SAT,0.04,0.00,0.04,0,0
/home/richard/project/SAT_benchmark/SATLIB/flat50-115/flat50-374.cnf,SAT,0.05,0.00,0.05,0,0
/home/richard/project/SAT_benchmark/SATLIB/flat50-115/flat50-91.cnf,SAT,0.08,0.00,0.08,0,0
/home/richard/project/SAT_benchmark/SATLIB/flat50-115/flat50-4.cnf,SAT,0.04,0.00,0.04,0,0
/home/richard/project/SAT_benchmark/SATLIB/flat50-115/flat50-113.cnf,SAT,0.06,0.00,0.06,0,0
/home/richard/project/SAT_benchmark/SATLIB/flat50-115/flat50-398.cnf,SAT,0.05,0.00,0.05,0,0
/home/richard/project/SAT_benchmark/SATLIB/flat50-115/flat50-661.cnf,SAT,0.04,0.00,0.04,0,0
/home/richard/project/SAT_benchmark/SATLIB/flat50-115/flat50-889.cnf,SAT,0.08,0.00,0.08,0,0
/home/richard/project/SAT_benchmark/SATLIB/flat50-115/flat50-946.cnf,SAT,0.04,0.00,0.04,0,0
/home/richard/project/SAT_benchmark/SATLIB/flat50-115/flat50-118.cnf,SAT,0.04,0.00,0.04,0,0
/home/richard/project/SAT_benchmark/SATLIB/flat50-115/flat50-705.cnf,SAT,0.08,0.00,0.08,0,0
/home/richard/project/SAT_benchmark/SATLIB/flat50-115/flat50-406.cnf,SAT,0.09,0.00,0.09,0,0
/home/richard/project/SAT_benchmark/SATLIB/flat50-115/flat50-290.cnf,SAT,0.04,0.00,0.04,0,0
/home/richard/project/SAT_benchmark/SATLIB/flat50-115/flat50-32.cnf,SAT,0.05,0.00,0.05,0,0
/home/richard/project/SAT_benchmark/SATLIB/flat50-115/flat50-751.cnf,SAT,0.04,0.00,0.04,0,0
/home/richard/project/SAT_benchmark/SATLIB/flat50-115/flat50-611.cnf,SAT,0.04,0.00,0.04,0,0
/home/richard/project/SAT_benchmark/SATLIB/flat50-115/flat50-566.cnf,SAT,0.09,0.00,0.09,0,0
/home/richard/project/SAT_benchmark/SATLIB/flat50-115/flat50-868.cnf,SAT,0.09,0.00,0.09,0,0
/home/richard/project/SAT_benchmark/SATLIB/flat50-115/flat50-864.cnf,SAT,0.07,0.00,0.07,0,0
/home/richard/project/SAT_benchmark/SATLIB/flat50-115/flat50-844.cnf,SAT,0.05,0.00,0.05,0,0
/home/richard/project/SAT_benchmark/SATLIB/flat50-115/flat50-354.cnf,SAT,0.08,0.00,0.08,0,0
/home/richard/project/SAT_benchmark/SATLIB/flat50-115/flat50-853.cnf,SAT,0.04,0.00,0.04,0,0
/home/richard/project/SAT_benchmark/SATLIB/flat50-115/flat50-371.cnf,SAT,0.07,0.00,0.07,0,0
/home/richard/project/SAT_benchmark/SATLIB/flat50-115/flat50-134.cnf,SAT,0.04,0.00,0.04,0,0
/home/richard/project/SAT_benchmark/SATLIB/flat50-115/flat50-411.cnf,SAT,0.07,0.00,0.07,0,0
/home/richard/project/SAT_benchmark/SATLIB/flat50-115/flat50-355.cnf,SAT,0.07,0.00,0.07,0,0
/home/richard/project/SAT_benchmark/SATLIB/flat50-115/flat50-307.cnf,SAT,0.08,0.00,0.08,0,0
/home/richard/project/SAT_benchmark/SATLIB/flat50-115/flat50-515.cnf,SAT,0.07,0.00,0.07,0,0
/home/richard/project/SAT_benchmark/SATLIB/flat50-115/flat50-414.cnf,SAT,0.07,0.00,0.07,0,0
/home/richard/project/SAT_benchmark/SATLIB/flat50-115/flat50-627.cnf,SAT,0.05,0.00,0.05,0,0
/home/richard/project/SAT_benchmark/SATLIB/flat50-115/flat50-770.cnf,SAT,0.08,0.00,0.08,0,0
/home/richard/project/SAT_benchmark/SATLIB/flat50-115/flat50-832.cnf,SAT,0.04,0.00,0.04,0,0
/home/richard/project/SAT_benchmark/SATLIB/flat50-115/flat50-323.cnf,SAT,0.05,0.00,0.05,0,0
/home/richard/project/SAT_benchmark/SATLIB/flat50-115/flat50-52.cnf,SAT,0.04,0.00,0.04,0,0
/home/richard/project/SAT_benchmark/SATLIB/flat50-115/flat50-269.cnf,SAT,0.04,0.00,0.04,0,0
/home/richard/project/SAT_benchmark/SATLIB/flat50-115/flat50-53.cnf,SAT,0.04,0.00,0.04,0,0
/home/richard/project/SAT_benchmark/SATLIB/flat50-115/flat50-480.cnf,SAT,0.05,0.00,0.05,0,0
/home/richard/project/SAT_benchmark/SATLIB/flat50-115/flat50-61.cnf,SAT,0.08,0.00,0.08,0,0
/home/richard/project/SAT_benchmark/SATLIB/flat50-115/flat50-392.cnf,SAT,0.05,0.00,0.05,0,0
/home/richard/project/SAT_benchmark/SATLIB/flat50-115/flat50-954.cnf,SAT,0.04,0.00,0.04,0,0
/home/richard/project/SAT_benchmark/SATLIB/flat50-115/flat50-519.cnf,SAT,0.04,0.00,0.04,0,0
/home/richard/project/SAT_benchmark/SATLIB/flat50-115/flat50-380.cnf,SAT,0.05,0.00,0.05,0,0
/home/richard/project/SAT_benchmark/SATLIB/flat50-115/flat50-913.cnf,SAT,0.05,0.00,0.05,0,0
/home/richard/project/SAT_benchmark/SATLIB/flat50-115/flat50-169.cnf,SAT,0.15,0.00,0.15,0,0
/home/richard/project/SAT_benchmark/SATLIB/flat50-115/flat50-803.cnf,SAT,0.08,0.00,0.08,0,0
/home/richard/project/SAT_benchmark/SATLIB/flat50-115/flat50-310.cnf,SAT,0.07,0.00,0.07,0,0
/home/richard/project/SAT_benchmark/SATLIB/flat50-115/flat50-488.cnf,SAT,0.04,0.00,0.04,0,0
/home/richard/project/SAT_benchmark/SATLIB/flat50-115/flat50-346.cnf,SAT,0.05,0.00,0.05,0,0
/home/richard/project/SAT_benchmark/SATLIB/flat50-115/flat50-709.cnf,SAT,0.05,0.00,0.05,0,0
/home/richard/project/SAT_benchmark/SATLIB/flat50-115/flat50-180.cnf,SAT,0.04,0.00,0.04,0,0
/home/richard/project/SAT_benchmark/SATLIB/flat50-115/flat50-748.cnf,SAT,0.08,0.00,0.08,0,0
/home/richard/project/SAT_benchmark/SATLIB/flat50-115/flat50-637.cnf,SAT,0.07,0.00,0.07,0,0
/home/richard/project/SAT_benchmark/SATLIB/flat50-115/flat50-285.cnf,SAT,0.05,0.00,0.05,0,0
/home/richard/project/SAT_benchmark/SATLIB/flat50-115/flat50-239.cnf,SAT,0.04,0.00,0.04,0,0
/home/richard/project/SAT_benchmark/SATLIB/flat50-115/flat50-569.cnf,SAT,0.04,0.00,0.04,0,0
/home/richard/project/SAT_benchmark/SATLIB/flat50-115/flat50-57.cnf,SAT,0.05,0.00,0.05,0,0
/home/richard/project/SAT_benchmark/SATLIB/flat50-115/flat50-33.cnf,SAT,0.09,0.00,0.09,0,0
/home/richard/project/SAT_benchmark/SATLIB/flat50-115/flat50-10.cnf,SAT,0.08,0.00,0.08,0,0
/home/richard/project/SAT_benchmark/SATLIB/flat50-115/flat50-819.cnf,SAT,0.08,0.00,0.08,0,0
/home/richard/project/SAT_benchmark/SATLIB/flat50-115/flat50-994.cnf,SAT,0.06,0.00,0.06,0,0
/home/richard/project/SAT_benchmark/SATLIB/flat50-115/flat50-496.cnf,SAT,0.08,0.00,0.08,0,0
/home/richard/project/SAT_benchmark/SATLIB/flat50-115/flat50-660.cnf,SAT,0.08,0.00,0.08,0,0
/home/richard/project/SAT_benchmark/SATLIB/flat50-115/flat50-692.cnf,SAT,0.08,0.00,0.08,0,0
/home/richard/project/SAT_benchmark/SATLIB/flat50-115/flat50-267.cnf,SAT,0.08,0.00,0.08,0,0
/home/richard/project/SAT_benchmark/SATLIB/flat50-115/flat50-730.cnf,SAT,0.07,0.00,0.07,0,0
/home/richard/project/SAT_benchmark/SATLIB/flat50-115/flat50-493.cnf,SAT,0.10,0.00,0.10,0,0
/home/richard/project/SAT_benchmark/SATLIB/flat50-115/flat50-517.cnf,SAT,0.09,0.00,0.09,0,0
/home/richard/project/SAT_benchmark/SATLIB/flat50-115/flat50-415.cnf,SAT,0.07,0.00,0.07,0,0
/home/richard/project/SAT_benchmark/SATLIB/flat50-115/flat50-413.cnf,SAT,0.08,0.00,0.08,0,0
/home/richard/project/SAT_benchmark/SATLIB/flat50-115/flat50-478.cnf,SAT,0.08,0.00,0.08,0,0
/home/richard/project/SAT_benchmark/SATLIB/flat50-115/flat50-48.cnf,SAT,0.09,0.00,0.09,0,0
/home/richard/project/SAT_benchmark/SATLIB/flat50-115/flat50-531.cnf,SAT,0.04,0.00,0.04,0,0
/home/richard/project/SAT_benchmark/SATLIB/flat50-115/flat50-312.cnf,SAT,0.04,0.00,0.04,0,0
/home/richard/project/SAT_benchmark/SATLIB/flat50-115/flat50-504.cnf,SAT,0.04,0.00,0.04,0,0
/home/richard/project/SAT_benchmark/SATLIB/flat50-115/flat50-989.cnf,SAT,0.07,0.00,0.07,0,0
/home/richard/project/SAT_benchmark/SATLIB/flat50-115/flat50-159.cnf,SAT,0.08,0.00,0.08,0,0
/home/richard/project/SAT_benchmark/SATLIB/flat50-115/flat50-303.cnf,SAT,0.04,0.00,0.04,0,0
/home/richard/project/SAT_benchmark/SATLIB/flat50-115/flat50-523.cnf,SAT,0.04,0.00,0.04,0,0
/home/richard/project/SAT_benchmark/SATLIB/flat50-115/flat50-646.cnf,SAT,0.08,0.00,0.08,0,0
/home/richard/project/SAT_benchmark/SATLIB/flat50-115/flat50-344.cnf,SAT,0.05,0.00,0.05,0,0
/home/richard/project/SAT_benchmark/SATLIB/flat50-115/flat50-957.cnf,SAT,0.12,0.00,0.12,0,0
/home/richard/project/SAT_benchmark/SATLIB/flat50-115/flat50-231.cnf,SAT,0.08,0.00,0.08,0,0
/home/richard/project/SAT_benchmark/SATLIB/flat50-115/flat50-205.cnf,SAT,0.05,0.00,0.05,0,0
/home/richard/project/SAT_benchmark/SATLIB/flat50-115/flat50-975.cnf,SAT,0.07,0.00,0.07,0,0
/home/richard/project/SAT_benchmark/SATLIB/flat50-115/flat50-157.cnf,SAT,0.05,0.00,0.05,0,0
/home/richard/project/SAT_benchmark/SATLIB/flat50-115/flat50-707.cnf,SAT,0.08,0.00,0.08,0,0
/home/richard/project/SAT_benchmark/SATLIB/flat50-115/flat50-238.cnf,SAT,0.08,0.00,0.08,0,0
/home/richard/project/SAT_benchmark/SATLIB/flat50-115/flat50-468.cnf,SAT,0.05,0.00,0.05,0,0
/home/richard/project/SAT_benchmark/SATLIB/flat50-115/flat50-186.cnf,SAT,0.06,0.00,0.06,0,0
/home/richard/project/SAT_benchmark/SATLIB/flat50-115/flat50-179.cnf,SAT,0.08,0.00,0.08,0,0
/home/richard/project/SAT_benchmark/SATLIB/flat50-115/flat50-932.cnf,SAT,0.04,0.00,0.04,0,0
/home/richard/project/SAT_benchmark/SATLIB/flat50-115/flat50-293.cnf,SAT,0.08,0.00,0.08,0,0
/home/richard/project/SAT_benchmark/SATLIB/flat50-115/flat50-270.cnf,SAT,0.05,0.00,0.05,0,0
/home/richard/project/SAT_benchmark/SATLIB/flat50-115/flat50-857.cnf,SAT,0.07,0.00,0.07,0,0
/home/richard/project/SAT_benchmark/SATLIB/flat50-115/flat50-332.cnf,SAT,0.04,0.00,0.04,0,0
/home/richard/project/SAT_benchmark/SATLIB/flat50-115/flat50-36.cnf,SAT,0.04,0.00,0.04,0,0
/home/richard/project/SAT_benchmark/SATLIB/flat50-115/flat50-164.cnf,SAT,0.05,0.00,0.05,0,0
/home/richard/project/SAT_benchmark/SATLIB/flat50-115/flat50-149.cnf,SAT,0.18,0.00,0.18,0,0
/home/richard/project/SAT_benchmark/SATLIB/flat50-115/flat50-221.cnf,SAT,0.05,0.00,0.05,0,0
/home/richard/project/SAT_benchmark/SATLIB/flat50-115/flat50-568.cnf,SAT,0.07,0.00,0.07,0,0
/home/richard/project/SAT_benchmark/SATLIB/flat50-115/flat50-181.cnf,SAT,0.06,0.00,0.06,0,0
/home/richard/project/SAT_benchmark/SATLIB/flat50-115/flat50-208.cnf,SAT,0.09,0.00,0.09,0,0
/home/richard/project/SAT_benchmark/SATLIB/flat50-115/flat50-680.cnf,SAT,0.04,0.00,0.04,0,0
/home/richard/project/SAT_benchmark/SATLIB/flat50-115/flat50-152.cnf,SAT,0.08,0.00,0.08,0,0
/home/richard/project/SAT_benchmark/SATLIB/flat50-115/flat50-171.cnf,SAT,0.08,0.00,0.08,0,0
/home/richard/project/SAT_benchmark/SATLIB/flat50-115/flat50-203.cnf,SAT,0.04,0.00,0.04,0,0
/home/richard/project/SAT_benchmark/SATLIB/flat50-115/flat50-328.cnf,SAT,0.05,0.00,0.05,0,0
/home/richard/project/SAT_benchmark/SATLIB/flat50-115/flat50-654.cnf,SAT,0.04,0.00,0.04,0,0
/home/richard/project/SAT_benchmark/SATLIB/flat50-115/flat50-860.cnf,SAT,0.06,0.00,0.06,0,0
/home/richard/project/SAT_benchmark/SATLIB/flat50-115/flat50-747.cnf,SAT,0.08,0.00,0.08,0,0
/home/richard/project/SAT_benchmark/SATLIB/flat50-115/flat50-265.cnf,SAT,0.05,0.00,0.05,0,0
/home/richard/project/SAT_benchmark/SATLIB/flat50-115/flat50-391.cnf,SAT,0.08,0.00,0.08,0,0
/home/richard/project/SAT_benchmark/SATLIB/flat50-115/flat50-655.cnf,SAT,0.08,0.00,0.08,0,0
/home/richard/project/SAT_benchmark/SATLIB/flat50-115/flat50-266.cnf,SAT,0.08,0.00,0.08,0,0
/home/richard/project/SAT_benchmark/SATLIB/flat50-115/flat50-579.cnf,SAT,0.10,0.00,0.10,0,0
/home/richard/project/SAT_benchmark/SATLIB/flat50-115/flat50-693.cnf,SAT,0.13,0.00,0.13,0,0
/home/richard/project/SAT_benchmark/SATLIB/flat50-115/flat50-955.cnf,SAT,0.04,0.00,0.04,0,0
/home/richard/project/SAT_benchmark/SATLIB/flat50-115/flat50-305.cnf,SAT,0.09,0.00,0.09,0,0
/home/richard/project/SAT_benchmark/SATLIB/flat50-115/flat50-409.cnf,SAT,0.04,0.00,0.04,0,0
/home/richard/project/SAT_benchmark/SATLIB/flat50-115/flat50-962.cnf,SAT,0.04,0.00,0.04,0,0
/home/richard/project/SAT_benchmark/SATLIB/flat50-115/flat50-888.cnf,SAT,0.04,0.00,0.04,0,0
/home/richard/project/SAT_benchmark/SATLIB/flat50-115/flat50-288.cnf,SAT,0.04,0.00,0.04,0,0
/home/richard/project/SAT_benchmark/SATLIB/flat50-115/flat50-879.cnf,SAT,0.06,0.00,0.06,0,0
/home/richard/project/SAT_benchmark/SATLIB/flat50-115/flat50-943.cnf,SAT,0.04,0.00,0.04,0,0
/home/richard/project/SAT_benchmark/SATLIB/flat50-115/flat50-759.cnf,SAT,0.06,0.00,0.06,0,0
/home/richard/project/SAT_benchmark/SATLIB/flat50-115/flat50-603.cnf,SAT,0.14,0.00,0.14,0,0
/home/richard/project/SAT_benchmark/SATLIB/flat50-115/flat50-622.cnf,SAT,0.05,0.00,0.05,0,0
/home/richard/project/SAT_benchmark/SATLIB/flat50-115/flat50-423.cnf,SAT,0.04,0.00,0.04,0,0
/home/richard/project/SAT_benchmark/SATLIB/flat50-115/flat50-348.cnf,SAT,0.05,0.00,0.05,0,0
/home/richard/project/SAT_benchmark/SATLIB/flat50-115/flat50-970.cnf,SAT,0.08,0.00,0.08,0,0
/home/richard/project/SAT_benchmark/SATLIB/flat50-115/flat50-822.cnf,SAT,0.07,0.00,0.07,0,0
/home/richard/project/SAT_benchmark/SATLIB/flat50-115/flat50-815.cnf,SAT,0.04,0.00,0.04,0,0
/home/richard/project/SAT_benchmark/SATLIB/flat50-115/flat50-537.cnf,SAT,0.07,0.00,0.07,0,0
/home/richard/project/SAT_benchmark/SATLIB/flat50-115/flat50-21.cnf,SAT,0.04,0.00,0.04,0,0
/home/richard/project/SAT_benchmark/SATLIB/flat50-115/flat50-262.cnf,SAT,0.04,0.00,0.04,0,0
/home/richard/project/SAT_benchmark/SATLIB/flat50-115/flat50-972.cnf,SAT,0.04,0.00,0.04,0,0
/home/richard/project/SAT_benchmark/SATLIB/flat50-115/flat50-133.cnf,SAT,0.06,0.00,0.06,0,0
/home/richard/project/SAT_benchmark/SATLIB/flat50-115/flat50-544.cnf,SAT,0.04,0.00,0.04,0,0
/home/richard/project/SAT_benchmark/SATLIB/flat50-115/flat50-804.cnf,SAT,0.04,0.00,0.04,0,0
/home/richard/project/SAT_benchmark/SATLIB/flat50-115/flat50-237.cnf,SAT,0.05,0.00,0.05,0,0
/home/richard/project/SAT_benchmark/SATLIB/flat50-115/flat50-142.cnf,SAT,0.06,0.00,0.06,0,0
/home/richard/project/SAT_benchmark/SATLIB/flat50-115/flat50-248.cnf,SAT,0.05,0.00,0.05,0,0
/home/richard/project/SAT_benchmark/SATLIB/flat50-115/flat50-604.cnf,SAT,0.05,0.00,0.05,0,0
/home/richard/project/SAT_benchmark/SATLIB/flat50-115/flat50-580.cnf,SAT,0.04,0.00,0.04,0,0
/home/richard/project/SAT_benchmark/SATLIB/flat50-115/flat50-691.cnf,SAT,0.07,0.00,0.07,0,0
/home/richard/project/SAT_benchmark/SATLIB/flat50-115/flat50-643.cnf,SAT,0.05,0.00,0.05,0,0
/home/richard/project/SAT_benchmark/SATLIB/flat50-115/flat50-862.cnf,SAT,0.04,0.00,0.04,0,0
/home/richard/project/SAT_benchmark/SATLIB/flat50-115/flat50-527.cnf,SAT,0.04,0.00,0.04,0,0
/home/richard/project/SAT_benchmark/SATLIB/flat50-115/flat50-552.cnf,SAT,0.04,0.00,0.04,0,0
/home/richard/project/SAT_benchmark/SATLIB/flat50-115/flat50-40.cnf,SAT,0.04,0.00,0.04,0,0
/home/richard/project/SAT_benchmark/SATLIB/flat50-115/flat50-850.cnf,SAT,0.06,0.00,0.06,0,0
/home/richard/project/SAT_benchmark/SATLIB/flat50-115/flat50-724.cnf,SAT,0.04,0.00,0.04,0,0
/home/richard/project/SAT_benchmark/SATLIB/flat50-115/flat50-745.cnf,SAT,0.04,0.00,0.04,0,0
/home/richard/project/SAT_benchmark/SATLIB/flat50-115/flat50-224.cnf,SAT,0.04,0.00,0.04,0,0
/home/richard/project/SAT_benchmark/SATLIB/flat50-115/flat50-687.cnf,SAT,0.04,0.00,0.04,0,0
/home/richard/project/SAT_benchmark/SATLIB/flat50-115/flat50-530.cnf,SAT,0.04,0.00,0.04,0,0
/home/richard/project/SAT_benchmark/SATLIB/flat50-115/flat50-769.cnf,SAT,0.06,0.00,0.06,0,0
/home/richard/project/SAT_benchmark/SATLIB/flat50-115/flat50-279.cnf,SAT,0.04,0.00,0.04,0,0
/home/richard/project/SAT_benchmark/SATLIB/flat50-115/flat50-645.cnf,SAT,0.04,0.00,0.04,0,0
/home/richard/project/SAT_benchmark/SATLIB/flat50-115/flat50-625.cnf,SAT,0.08,0.00,0.08,0,0
/home/richard/project/SAT_benchmark/SATLIB/flat50-115/flat50-101.cnf,SAT,0.04,0.00,0.04,0,0
/home/richard/project/SAT_benchmark/SATLIB/flat50-115/flat50-847.cnf,SAT,0.07,0.00,0.07,0,0
/home/richard/project/SAT_benchmark/SATLIB/flat50-115/flat50-187.cnf,SAT,0.08,0.00,0.08,0,0
/home/richard/project/SAT_benchmark/SATLIB/flat50-115/flat50-559.cnf,SAT,0.07,0.00,0.07,0,0
/home/richard/project/SAT_benchmark/SATLIB/flat50-115/flat50-711.cnf,SAT,0.07,0.00,0.07,0,0
/home/richard/project/SAT_benchmark/SATLIB/flat50-115/flat50-673.cnf,SAT,0.04,0.00,0.04,0,0
/home/richard/project/SAT_benchmark/SATLIB/flat50-115/flat50-438.cnf,SAT,0.04,0.00,0.04,0,0
/home/richard/project/SAT_benchmark/SATLIB/flat50-115/flat50-980.cnf,SAT,0.04,0.00,0.04,0,0
/home/richard/project/SAT_benchmark/SATLIB/flat50-115/flat50-572.cnf,SAT,0.04,0.00,0.04,0,0
/home/richard/project/SAT_benchmark/SATLIB/flat50-115/flat50-884.cnf,SAT,0.07,0.00,0.07,0,0
/home/richard/project/SAT_benchmark/SATLIB/flat50-115/flat50-449.cnf,SAT,0.07,0.00,0.07,0,0
/home/richard/project/SAT_benchmark/SATLIB/flat50-115/flat50-333.cnf,SAT,0.08,0.00,0.08,0,0
/home/richard/project/SAT_benchmark/SATLIB/flat50-115/flat50-461.cnf,SAT,0.07,0.00,0.07,0,0
/home/richard/project/SAT_benchmark/SATLIB/flat50-115/flat50-988.cnf,SAT,0.04,0.00,0.04,0,0
/home/richard/project/SAT_benchmark/SATLIB/flat50-115/flat50-95.cnf,SAT,0.10,0.00,0.10,0,0
/home/richard/project/SAT_benchmark/SATLIB/flat50-115/flat50-871.cnf,SAT,0.04,0.00,0.04,0,0
/home/richard/project/SAT_benchmark/SATLIB/flat50-115/flat50-103.cnf,SAT,0.04,0.00,0.04,0,0
/home/richard/project/SAT_benchmark/SATLIB/flat50-115/flat50-942.cnf,SAT,0.05,0.00,0.05,0,0
/home/richard/project/SAT_benchmark/SATLIB/flat50-115/flat50-484.cnf,SAT,0.08,0.00,0.08,0,0
/home/richard/project/SAT_benchmark/SATLIB/flat50-115/flat50-543.cnf,SAT,0.04,0.00,0.04,0,0
/home/richard/project/SAT_benchmark/SATLIB/flat50-115/flat50-529.cnf,SAT,0.04,0.00,0.04,0,0
/home/richard/project/SAT_benchmark/SATLIB/flat50-115/flat50-513.cnf,SAT,0.04,0.00,0.04,0,0
/home/richard/project/SAT_benchmark/SATLIB/flat50-115/flat50-457.cnf,SAT,0.05,0.00,0.05,0,0
/home/richard/project/SAT_benchmark/SATLIB/flat50-115/flat50-54.cnf,SAT,0.08,0.00,0.08,0,0
/home/richard/project/SAT_benchmark/SATLIB/flat50-115/flat50-557.cnf,SAT,0.08,0.00,0.08,0,0
/home/richard/project/SAT_benchmark/SATLIB/flat50-115/flat50-996.cnf,SAT,0.04,0.00,0.04,0,0
/home/richard/project/SAT_benchmark/SATLIB/flat50-115/flat50-662.cnf,SAT,0.05,0.00,0.05,0,0
/home/richard/project/SAT_benchmark/SATLIB/flat50-115/flat50-905.cnf,SAT,0.08,0.00,0.08,0,0
/home/richard/project/SAT_benchmark/SATLIB/flat50-115/flat50-300.cnf,SAT,0.08,0.00,0.08,0,0
/home/richard/project/SAT_benchmark/SATLIB/flat50-115/flat50-600.cnf,SAT,0.04,0.00,0.04,0,0
/home/richard/project/SAT_benchmark/SATLIB/flat50-115/flat50-80.cnf,SAT,0.04,0.00,0.04,0,0
/home/richard/project/SAT_benchmark/SATLIB/flat50-115/flat50-463.cnf,SAT,0.09,0.00,0.09,0,0
/home/richard/project/SAT_benchmark/SATLIB/flat50-115/flat50-776.cnf,SAT,0.04,0.00,0.04,0,0
/home/richard/project/SAT_benchmark/SATLIB/flat50-115/flat50-796.cnf,SAT,0.07,0.00,0.07,0,0
/home/richard/project/SAT_benchmark/SATLIB/flat50-115/flat50-313.cnf,SAT,0.08,0.00,0.08,0,0
/home/richard/project/SAT_benchmark/SATLIB/flat50-115/flat50-188.cnf,SAT,0.05,0.00,0.05,0,0
/home/richard/project/SAT_benchmark/SATLIB/flat50-115/flat50-681.cnf,SAT,0.09,0.00,0.09,0,0
/home/richard/project/SAT_benchmark/SATLIB/flat50-115/flat50-47.cnf,SAT,0.08,0.00,0.08,0,0
/home/richard/project/SAT_benchmark/SATLIB/flat50-115/flat50-261.cnf,SAT,0.08,0.00,0.08,0,0
/home/richard/project/SAT_benchmark/SATLIB/flat50-115/flat50-225.cnf,SAT,0.08,0.00,0.08,0,0
/home/richard/project/SAT_benchmark/SATLIB/flat50-115/flat50-99.cnf,SAT,0.05,0.00,0.05,0,0
/home/richard/project/SAT_benchmark/SATLIB/flat50-115/flat50-610.cnf,SAT,0.09,0.00,0.09,0,0
/home/richard/project/SAT_benchmark/SATLIB/flat50-115/flat50-447.cnf,SAT,0.07,0.00,0.07,0,0
/home/richard/project/SAT_benchmark/SATLIB/flat50-115/flat50-574.cnf,SAT,0.09,0.00,0.09,0,0
/home/richard/project/SAT_benchmark/SATLIB/flat50-115/flat50-215.cnf,SAT,0.07,0.00,0.07,0,0
/home/richard/project/SAT_benchmark/SATLIB/flat50-115/flat50-424.cnf,SAT,0.05,0.00,0.05,0,0
/home/richard/project/SAT_benchmark/SATLIB/flat50-115/flat50-918.cnf,SAT,0.15,0.00,0.15,0,0
/home/richard/project/SAT_benchmark/SATLIB/flat50-115/flat50-120.cnf,SAT,0.08,0.00,0.08,0,0
/home/richard/project/SAT_benchmark/SATLIB/flat50-115/flat50-598.cnf,SAT,0.05,0.00,0.05,0,0
/home/richard/project/SAT_benchmark/SATLIB/flat50-115/flat50-999.cnf,SAT,0.06,0.00,0.06,0,0
/home/richard/project/SAT_benchmark/SATLIB/flat50-115/flat50-9.cnf,SAT,0.08,0.00,0.08,0,0
/home/richard/project/SAT_benchmark/SATLIB/flat50-115/flat50-979.cnf,SAT,0.04,0.00,0.04,0,0
/home/richard/project/SAT_benchmark/SATLIB/flat50-115/flat50-125.cnf,SAT,0.08,0.00,0.08,0,0
/home/richard/project/SAT_benchmark/SATLIB/flat50-115/flat50-564.cnf,SAT,0.04,0.00,0.04,0,0
/home/richard/project/SAT_benchmark/SATLIB/flat50-115/flat50-520.cnf,SAT,0.06,0.00,0.06,0,0
/home/richard/project/SAT_benchmark/SATLIB/flat50-115/flat50-863.cnf,SAT,0.04,0.00,0.04,0,0
/home/richard/project/SAT_benchmark/SATLIB/flat50-115/flat50-608.cnf,SAT,0.08,0.00,0.08,0,0
/home/richard/project/SAT_benchmark/SATLIB/flat50-115/flat50-768.cnf,SAT,0.08,0.00,0.08,0,0
/home/richard/project/SAT_benchmark/SATLIB/flat50-115/flat50-198.cnf,SAT,0.08,0.00,0.08,0,0
/home/richard/project/SAT_benchmark/SATLIB/flat50-115/flat50-420.cnf,SAT,0.08,0.00,0.08,0,0
/home/richard/project/SAT_benchmark/SATLIB/flat50-115/flat50-694.cnf,SAT,0.07,0.00,0.07,0,0
/home/richard/project/SAT_benchmark/SATLIB/flat50-115/flat50-949.cnf,SAT,0.04,0.00,0.04,0,0
/home/richard/project/SAT_benchmark/SATLIB/flat50-115/flat50-490.cnf,SAT,0.16,0.00,0.16,0,0
/home/richard/project/SAT_benchmark/SATLIB/flat50-115/flat50-419.cnf,SAT,0.10,0.00,0.10,0,0
/home/richard/project/SAT_benchmark/SATLIB/flat50-115/flat50-981.cnf,SAT,0.08,0.00,0.08,0,0
/home/richard/project/SAT_benchmark/SATLIB/flat50-115/flat50-470.cnf,SAT,0.04,0.00,0.04,0,0
/home/richard/project/SAT_benchmark/SATLIB/flat50-115/flat50-191.cnf,SAT,0.09,0.00,0.09,0,0
/home/richard/project/SAT_benchmark/SATLIB/flat50-115/flat50-773.cnf,SAT,0.08,0.00,0.08,0,0
/home/richard/project/SAT_benchmark/SATLIB/flat50-115/flat50-916.cnf,SAT,0.08,0.00,0.08,0,0
/home/richard/project/SAT_benchmark/SATLIB/flat50-115/flat50-338.cnf,SAT,0.05,0.00,0.05,0,0
/home/richard/project/SAT_benchmark/SATLIB/flat50-115/flat50-167.cnf,SAT,0.04,0.00,0.04,0,0
/home/richard/project/SAT_benchmark/SATLIB/flat50-115/flat50-160.cnf,SAT,0.04,0.00,0.04,0,0
/home/richard/project/SAT_benchmark/SATLIB/flat50-115/flat50-508.cnf,SAT,0.04,0.00,0.04,0,0
/home/richard/project/SAT_benchmark/SATLIB/flat50-115/flat50-150.cnf,SAT,0.07,0.00,0.07,0,0
/home/richard/project/SAT_benchmark/SATLIB/flat50-115/flat50-2.cnf,SAT,0.06,0.00,0.06,0,0
/home/richard/project/SAT_benchmark/SATLIB/flat50-115/flat50-630.cnf,SAT,0.05,0.00,0.05,0,0
/home/richard/project/SAT_benchmark/SATLIB/flat50-115/flat50-298.cnf,SAT,0.04,0.00,0.04,0,0
/home/richard/project/SAT_benchmark/SATLIB/flat50-115/flat50-715.cnf,SAT,0.04,0.00,0.04,0,0
/home/richard/project/SAT_benchmark/SATLIB/flat50-115/flat50-583.cnf,SAT,0.05,0.00,0.05,0,0
/home/richard/project/SAT_benchmark/SATLIB/flat50-115/flat50-212.cnf,SAT,0.08,0.00,0.08,0,0
/home/richard/project/SAT_benchmark/SATLIB/flat50-115/flat50-481.cnf,SAT,0.04,0.00,0.04,0,0
/home/richard/project/SAT_benchmark/SATLIB/flat50-115/flat50-830.cnf,SAT,0.08,0.00,0.08,0,0
/home/richard/project/SAT_benchmark/SATLIB/flat50-115/flat50-214.cnf,SAT,0.10,0.00,0.10,0,0
/home/richard/project/SAT_benchmark/SATLIB/flat50-115/flat50-68.cnf,SAT,0.04,0.00,0.04,0,0
/home/richard/project/SAT_benchmark/SATLIB/flat50-115/flat50-335.cnf,SAT,0.04,0.00,0.04,0,0
/home/richard/project/SAT_benchmark/SATLIB/flat50-115/flat50-491.cnf,SAT,0.04,0.00,0.04,0,0
/home/richard/project/SAT_benchmark/SATLIB/flat50-115/flat50-500.cnf,SAT,0.04,0.00,0.04,0,0
/home/richard/project/SAT_benchmark/SATLIB/flat50-115/flat50-116.cnf,SAT,0.04,0.00,0.04,0,0
/home/richard/project/SAT_benchmark/SATLIB/flat50-115/flat50-788.cnf,SAT,0.06,0.00,0.06,0,0
/home/richard/project/SAT_benchmark/SATLIB/flat50-115/flat50-760.cnf,SAT,0.08,0.00,0.08,0,0
/home/richard/project/SAT_benchmark/SATLIB/flat50-115/flat50-14.cnf,SAT,0.05,0.00,0.05,0,0
/home/richard/project/SAT_benchmark/SATLIB/flat50-115/flat50-810.cnf,SAT,0.04,0.00,0.04,0,0
/home/richard/project/SAT_benchmark/SATLIB/flat50-115/flat50-976.cnf,SAT,0.04,0.00,0.04,0,0
/home/richard/project/SAT_benchmark/SATLIB/flat50-115/flat50-230.cnf,SAT,0.04,0.00,0.04,0,0
/home/richard/project/SAT_benchmark/SATLIB/flat50-115/flat50-385.cnf,SAT,0.05,0.00,0.05,0,0
/home/richard/project/SAT_benchmark/SATLIB/flat50-115/flat50-713.cnf,SAT,0.05,0.00,0.05,0,0
/home/richard/project/SAT_benchmark/SATLIB/flat50-115/flat50-802.cnf,SAT,0.08,0.00,0.08,0,0
/home/richard/project/SAT_benchmark/SATLIB/flat50-115/flat50-904.cnf,SAT,0.10,0.00,0.10,0,0
/home/richard/project/SAT_benchmark/SATLIB/flat50-115/flat50-284.cnf,SAT,0.08,0.00,0.08,0,0
/home/richard/project/SAT_benchmark/SATLIB/flat50-115/flat50-5.cnf,SAT,0.04,0.00,0.04,0,0
/home/richard/project/SAT_benchmark/SATLIB/flat50-115/flat50-952.cnf,SAT,0.06,0.00,0.06,0,0
/home/richard/project/SAT_benchmark/SATLIB/flat50-115/flat50-728.cnf,SAT,0.08,0.00,0.08,0,0
/home/richard/project/SAT_benchmark/SATLIB/flat50-115/flat50-929.cnf,SAT,0.04,0.00,0.04,0,0
/home/richard/project/SAT_benchmark/SATLIB/flat50-115/flat50-919.cnf,SAT,0.05,0.00,0.05,0,0
/home/richard/project/SAT_benchmark/SATLIB/flat50-115/flat50-88.cnf,SAT,0.06,0.00,0.06,0,0
/home/richard/project/SAT_benchmark/SATLIB/flat50-115/flat50-682.cnf,SAT,0.08,0.00,0.08,0,0
/home/richard/project/SAT_benchmark/SATLIB/flat50-115/flat50-518.cnf,SAT,0.05,0.00,0.05,0,0
/home/richard/project/SAT_benchmark/SATLIB/flat50-115/flat50-51.cnf,SAT,0.15,0.00,0.15,0,0
/home/richard/project/SAT_benchmark/SATLIB/flat50-115/flat50-816.cnf,SAT,0.05,0.00,0.05,0,0
/home/richard/project/SAT_benchmark/SATLIB/flat50-115/flat50-546.cnf,SAT,0.05,0.00,0.05,0,0
/home/richard/project/SAT_benchmark/SATLIB/flat50-115/flat50-606.cnf,SAT,0.06,0.00,0.06,0,0
/home/richard/project/SAT_benchmark/SATLIB/flat50-115/flat50-489.cnf,SAT,0.04,0.00,0.04,0,0
/home/richard/project/SAT_benchmark/SATLIB/flat50-115/flat50-848.cnf,SAT,0.05,0.00,0.05,0,0
/home/richard/project/SAT_benchmark/SATLIB/flat50-115/flat50-369.cnf,SAT,0.05,0.00,0.05,0,0
/home/richard/project/SAT_benchmark/SATLIB/flat50-115/flat50-521.cnf,SAT,0.08,0.00,0.08,0,0
/home/richard/project/SAT_benchmark/SATLIB/flat50-115/flat50-554.cnf,SAT,0.04,0.00,0.04,0,0
/home/richard/project/SAT_benchmark/SATLIB/flat50-115/flat50-291.cnf,SAT,0.04,0.00,0.04,0,0
/home/richard/project/SAT_benchmark/SATLIB/flat50-115/flat50-111.cnf,SAT,0.07,0.00,0.07,0,0
/home/richard/project/SAT_benchmark/SATLIB/flat50-115/flat50-833.cnf,SAT,0.04,0.00,0.04,0,0
/home/richard/project/SAT_benchmark/SATLIB/flat50-115/flat50-545.cnf,SAT,0.04,0.00,0.04,0,0
/home/richard/project/SAT_benchmark/SATLIB/flat50-115/flat50-342.cnf,SAT,0.05,0.00,0.05,0,0
/home/richard/project/SAT_benchmark/SATLIB/flat50-115/flat50-42.cnf,SAT,0.04,0.00,0.04,0,0
/home/richard/project/SAT_benchmark/SATLIB/flat50-115/flat50-229.cnf,SAT,0.07,0.00,0.07,0,0
/home/richard/project/SAT_benchmark/SATLIB/flat50-115/flat50-347.cnf,SAT,0.04,0.00,0.04,0,0
/home/richard/project/SAT_benchmark/SATLIB/flat50-115/flat50-936.cnf,SAT,0.06,0.00,0.06,0,0
/home/richard/project/SAT_benchmark/SATLIB/flat50-115/flat50-273.cnf,SAT,0.05,0.00,0.05,0,0
/home/richard/project/SAT_benchmark/SATLIB/flat50-115/flat50-321.cnf,SAT,0.08,0.00,0.08,0,0
/home/richard/project/SAT_benchmark/SATLIB/flat50-115/flat50-556.cnf,SAT,0.04,0.00,0.04,0,0
/home/richard/project/SAT_benchmark/SATLIB/flat50-115/flat50-405.cnf,SAT,0.05,0.00,0.05,0,0
/home/richard/project/SAT_benchmark/SATLIB/flat50-115/flat50-1000.cnf,SAT,0.08,0.00,0.08,0,0
/home/richard/project/SAT_benchmark/SATLIB/flat50-115/flat50-821.cnf,SAT,0.04,0.00,0.04,0,0
/home/richard/project/SAT_benchmark/SATLIB/flat50-115/flat50-813.cnf,SAT,0.07,0.00,0.07,0,0
/home/richard/project/SAT_benchmark/SATLIB/flat50-115/flat50-79.cnf,SAT,0.11,0.00,0.11,0,0
/home/richard/project/SAT_benchmark/SATLIB/flat50-115/flat50-667.cnf,SAT,0.04,0.00,0.04,0,0
/home/richard/project/SAT_benchmark/SATLIB/flat50-115/flat50-799.cnf,SAT,0.19,0.00,0.19,0,0
/home/richard/project/SAT_benchmark/SATLIB/flat50-115/flat50-553.cnf,SAT,0.08,0.00,0.08,0,0
/home/richard/project/SAT_benchmark/SATLIB/flat50-115/flat50-895.cnf,SAT,0.09,0.00,0.09,0,0
/home/richard/project/SAT_benchmark/SATLIB/flat50-115/flat50-387.cnf,SAT,0.07,0.00,0.07,0,0
/home/richard/project/SAT_benchmark/SATLIB/flat50-115/flat50-787.cnf,SAT,0.08,0.00,0.08,0,0
/home/richard/project/SAT_benchmark/SATLIB/flat50-115/flat50-210.cnf,SAT,0.04,0.00,0.04,0,0
/home/richard/project/SAT_benchmark/SATLIB/flat50-115/flat50-287.cnf,SAT,0.04,0.00,0.04,0,0
/home/richard/project/SAT_benchmark/SATLIB/flat50-115/flat50-69.cnf,SAT,0.09,0.00,0.09,0,0
/home/richard/project/SAT_benchmark/SATLIB/flat50-115/flat50-148.cnf,SAT,0.04,0.00,0.04,0,0
/home/richard/project/SAT_benchmark/SATLIB/flat50-115/flat50-137.cnf,SAT,0.05,0.00,0.05,0,0
/home/richard/project/SAT_benchmark/SATLIB/flat50-115/flat50-43.cnf,SAT,0.07,0.00,0.07,0,0
/home/richard/project/SAT_benchmark/SATLIB/flat50-115/flat50-910.cnf,SAT,0.08,0.00,0.08,0,0
/home/richard/project/SAT_benchmark/SATLIB/flat50-115/flat50-887.cnf,SAT,0.08,0.00,0.08,0,0
/home/richard/project/SAT_benchmark/SATLIB/flat50-115/flat50-77.cnf,SAT,0.04,0.00,0.04,0,0
/home/richard/project/SAT_benchmark/SATLIB/flat50-115/flat50-602.cnf,SAT,0.08,0.00,0.08,0,0
/home/richard/project/SAT_benchmark/SATLIB/flat50-115/flat50-836.cnf,SAT,0.05,0.00,0.05,0,0
/home/richard/project/SAT_benchmark/SATLIB/flat50-115/flat50-13.cnf,SAT,0.07,0.00,0.07,0,0
/home/richard/project/SAT_benchmark/SATLIB/flat50-115/flat50-817.cnf,SAT,0.08,0.00,0.08,0,0
/home/richard/project/SAT_benchmark/SATLIB/flat50-115/flat50-717.cnf,SAT,0.06,0.00,0.06,0,0
/home/richard/project/SAT_benchmark/SATLIB/flat50-115/flat50-363.cnf,SAT,0.06,0.00,0.06,0,0
/home/richard/project/SAT_benchmark/SATLIB/flat50-115/flat50-176.cnf,SAT,0.05,0.00,0.05,0,0
/home/richard/project/SAT_benchmark/SATLIB/flat50-115/flat50-782.cnf,SAT,0.05,0.00,0.05,0,0
/home/richard/project/SAT_benchmark/SATLIB/flat50-115/flat50-744.cnf,SAT,0.08,0.00,0.08,0,0
/home/richard/project/SAT_benchmark/SATLIB/flat50-115/flat50-483.cnf,SAT,0.08,0.00,0.08,0,0
/home/richard/project/SAT_benchmark/SATLIB/flat50-115/flat50-87.cnf,SAT,0.08,0.00,0.08,0,0
/home/richard/project/SAT_benchmark/SATLIB/flat50-115/flat50-584.cnf,SAT,0.05,0.00,0.05,0,0
/home/richard/project/SAT_benchmark/SATLIB/flat50-115/flat50-309.cnf,SAT,0.04,0.00,0.04,0,0
/home/richard/project/SAT_benchmark/SATLIB/flat50-115/flat50-629.cnf,SAT,0.08,0.00,0.08,0,0
/home/richard/project/SAT_benchmark/SATLIB/flat50-115/flat50-581.cnf,SAT,0.06,0.00,0.06,0,0
/home/richard/project/SAT_benchmark/SATLIB/flat50-115/flat50-184.cnf,SAT,0.09,0.00,0.09,0,0
/home/richard/project/SAT_benchmark/SATLIB/flat50-115/flat50-259.cnf,SAT,0.06,0.00,0.06,0,0
/home/richard/project/SAT_benchmark/SATLIB/flat50-115/flat50-511.cnf,SAT,0.04,0.00,0.04,0,0
/home/richard/project/SAT_benchmark/SATLIB/flat50-115/flat50-126.cnf,SAT,0.04,0.00,0.04,0,0
/home/richard/project/SAT_benchmark/SATLIB/flat50-115/flat50-731.cnf,SAT,0.05,0.00,0.05,0,0
/home/richard/project/SAT_benchmark/SATLIB/flat50-115/flat50-243.cnf,SAT,0.08,0.00,0.08,0,0
/home/richard/project/SAT_benchmark/SATLIB/flat50-115/flat50-935.cnf,SAT,0.08,0.00,0.08,0,0
/home/richard/project/SAT_benchmark/SATLIB/flat50-115/flat50-503.cnf,SAT,0.05,0.00,0.05,0,0
/home/richard/project/SAT_benchmark/SATLIB/flat50-115/flat50-808.cnf,SAT,0.05,0.00,0.05,0,0
/home/richard/project/SAT_benchmark/SATLIB/flat50-115/flat50-502.cnf,SAT,0.08,0.00,0.08,0,0
/home/richard/project/SAT_benchmark/SATLIB/flat50-115/flat50-704.cnf,SAT,0.06,0.00,0.06,0,0
/home/richard/project/SAT_benchmark/SATLIB/flat50-115/flat50-166.cnf,SAT,0.08,0.00,0.08,0,0
/home/richard/project/SAT_benchmark/SATLIB/flat50-115/flat50-907.cnf,SAT,0.04,0.00,0.04,0,0
/home/richard/project/SAT_benchmark/SATLIB/flat50-115/flat50-17.cnf,SAT,0.07,0.00,0.07,0,0
/home/richard/project/SAT_benchmark/SATLIB/flat50-115/flat50-74.cnf,SAT,0.08,0.00,0.08,0,0
/home/richard/project/SAT_benchmark/SATLIB/flat50-115/flat50-245.cnf,SAT,0.09,0.00,0.09,0,0
/home/richard/project/SAT_benchmark/SATLIB/flat50-115/flat50-143.cnf,SAT,0.06,0.00,0.06,0,0
/home/richard/project/SAT_benchmark/SATLIB/flat50-115/flat50-846.cnf,SAT,0.08,0.00,0.08,0,0
/home/richard/project/SAT_benchmark/SATLIB/flat50-115/flat50-695.cnf,SAT,0.04,0.00,0.04,0,0
/home/richard/project/SAT_benchmark/SATLIB/flat50-115/flat50-790.cnf,SAT,0.07,0.00,0.07,0,0
/home/richard/project/SAT_benchmark/SATLIB/flat50-115/flat50-639.cnf,SAT,0.05,0.00,0.05,0,0
/home/richard/project/SAT_benchmark/SATLIB/flat50-115/flat50-204.cnf,SAT,0.08,0.00,0.08,0,0
/home/richard/project/SAT_benchmark/SATLIB/flat50-115/flat50-591.cnf,SAT,0.05,0.00,0.05,0,0
/home/richard/project/SAT_benchmark/SATLIB/flat50-115/flat50-558.cnf,SAT,0.07,0.00,0.07,0,0
/home/richard/project/SAT_benchmark/SATLIB/flat50-115/flat50-669.cnf,SAT,0.08,0.00,0.08,0,0
/home/richard/project/SAT_benchmark/SATLIB/flat50-115/flat50-757.cnf,SAT,0.05,0.00,0.05,0,0
/home/richard/project/SAT_benchmark/SATLIB/flat50-115/flat50-326.cnf,SAT,0.04,0.00,0.04,0,0
/home/richard/project/SAT_benchmark/SATLIB/flat50-115/flat50-227.cnf,SAT,0.06,0.00,0.06,0,0
/home/richard/project/SAT_benchmark/SATLIB/flat50-115/flat50-487.cnf,SAT,0.04,0.00,0.04,0,0
/home/richard/project/SAT_benchmark/SATLIB/flat50-115/flat50-702.cnf,SAT,0.08,0.00,0.08,0,0
/home/richard/project/SAT_benchmark/SATLIB/flat50-115/flat50-31.cnf,SAT,0.05,0.00,0.05,0,0
/home/richard/project/SAT_benchmark/SATLIB/flat50-115/flat50-674.cnf,SAT,0.05,0.00,0.05,0,0
/home/richard/project/SAT_benchmark/SATLIB/flat50-115/flat50-277.cnf,SAT,0.08,0.00,0.08,0,0
/home/richard/project/SAT_benchmark/SATLIB/flat50-115/flat50-320.cnf,SAT,0.08,0.00,0.08,0,0
/home/richard/project/SAT_benchmark/SATLIB/flat50-115/flat50-183.cnf,SAT,0.04,0.00,0.04,0,0
/home/richard/project/SAT_benchmark/SATLIB/flat50-115/flat50-41.cnf,SAT,0.08,0.00,0.08,0,0
/home/richard/project/SAT_benchmark/SATLIB/flat50-115/flat50-485.cnf,SAT,0.04,0.00,0.04,0,0
/home/richard/project/SAT_benchmark/SATLIB/flat50-115/flat50-8.cnf,SAT,0.04,0.00,0.04,0,0
/home/richard/project/SAT_benchmark/SATLIB/flat50-115/flat50-336.cnf,SAT,0.09,0.00,0.09,0,0
/home/richard/project/SAT_benchmark/SATLIB/flat50-115/flat50-45.cnf,SAT,0.04,0.00,0.04,0,0
/home/richard/project/SAT_benchmark/SATLIB/flat50-115/flat50-906.cnf,SAT,0.04,0.00,0.04,0,0
/home/richard/project/SAT_benchmark/SATLIB/flat50-115/flat50-897.cnf,SAT,0.07,0.00,0.07,0,0
/home/richard/project/SAT_benchmark/SATLIB/flat50-115/flat50-249.cnf,SAT,0.04,0.00,0.04,0,0
/home/richard/project/SAT_benchmark/SATLIB/flat50-115/flat50-23.cnf,SAT,0.05,0.00,0.05,0,0
/home/richard/project/SAT_benchmark/SATLIB/flat50-115/flat50-849.cnf,SAT,0.09,0.00,0.09,0,0
/home/richard/project/SAT_benchmark/SATLIB/flat50-115/flat50-739.cnf,SAT,0.08,0.00,0.08,0,0
/home/richard/project/SAT_benchmark/SATLIB/flat50-115/flat50-856.cnf,SAT,0.07,0.00,0.07,0,0
/home/richard/project/SAT_benchmark/SATLIB/flat50-115/flat50-785.cnf,SAT,0.05,0.00,0.05,0,0
/home/richard/project/SAT_benchmark/SATLIB/flat50-115/flat50-956.cnf,SAT,0.08,0.00,0.08,0,0
/home/richard/project/SAT_benchmark/SATLIB/flat50-115/flat50-199.cnf,SAT,0.07,0.00,0.07,0,0
/home/richard/project/SAT_benchmark/SATLIB/flat50-115/flat50-743.cnf,SAT,0.04,0.00,0.04,0,0
/home/richard/project/SAT_benchmark/SATLIB/flat50-115/flat50-922.cnf,SAT,0.05,0.00,0.05,0,0
/home/richard/project/SAT_benchmark/SATLIB/flat50-115/flat50-697.cnf,SAT,0.07,0.00,0.07,0,0
/home/richard/project/SAT_benchmark/SATLIB/flat50-115/flat50-207.cnf,SAT,0.04,0.00,0.04,0,0
/home/richard/project/SAT_benchmark/SATLIB/flat50-115/flat50-107.cnf,SAT,0.08,0.00,0.08,0,0
/home/richard/project/SAT_benchmark/SATLIB/flat50-115/flat50-507.cnf,SAT,0.05,0.00,0.05,0,0
/home/richard/project/SAT_benchmark/SATLIB/flat50-115/flat50-911.cnf,SAT,0.04,0.00,0.04,0,0
/home/richard/project/SAT_benchmark/SATLIB/flat50-115/flat50-60.cnf,SAT,0.04,0.00,0.04,0,0
/home/richard/project/SAT_benchmark/SATLIB/flat50-115/flat50-200.cnf,SAT,0.08,0.00,0.08,0,0
/home/richard/project/SAT_benchmark/SATLIB/flat50-115/flat50-436.cnf,SAT,0.04,0.00,0.04,0,0
/home/richard/project/SAT_benchmark/SATLIB/flat50-115/flat50-712.cnf,SAT,0.05,0.00,0.05,0,0
/home/richard/project/SAT_benchmark/SATLIB/flat50-115/flat50-281.cnf,SAT,0.08,0.00,0.08,0,0
/home/richard/project/SAT_benchmark/SATLIB/flat50-115/flat50-497.cnf,SAT,0.04,0.00,0.04,0,0
/home/richard/project/SAT_benchmark/SATLIB/flat50-115/flat50-439.cnf,SAT,0.06,0.00,0.06,0,0
/home/richard/project/SAT_benchmark/SATLIB/flat50-115/flat50-901.cnf,SAT,0.04,0.00,0.04,0,0
/home/richard/project/SAT_benchmark/SATLIB/flat50-115/flat50-260.cnf,SAT,0.14,0.00,0.14,0,0
/home/richard/project/SAT_benchmark/SATLIB/flat50-115/flat50-11.cnf,SAT,0.05,0.00,0.05,0,0
/home/richard/project/SAT_benchmark/SATLIB/flat50-115/flat50-746.cnf,SAT,0.13,0.00,0.13,0,0
/home/richard/project/SAT_benchmark/SATLIB/flat50-115/flat50-234.cnf,SAT,0.04,0.00,0.04,0,0
/home/richard/project/SAT_benchmark/SATLIB/flat50-115/flat50-386.cnf,SAT,0.08,0.00,0.08,0,0
/home/richard/project/SAT_benchmark/SATLIB/flat50-115/flat50-915.cnf,SAT,0.05,0.00,0.05,0,0
/home/richard/project/SAT_benchmark/SATLIB/flat50-115/flat50-997.cnf,SAT,0.04,0.00,0.04,0,0
/home/richard/project/SAT_benchmark/SATLIB/flat50-115/flat50-899.cnf,SAT,0.04,0.00,0.04,0,0
/home/richard/project/SAT_benchmark/SATLIB/flat50-115/flat50-216.cnf,SAT,0.05,0.00,0.05,0,0
/home/richard/project/SAT_benchmark/SATLIB/flat50-115/flat50-837.cnf,SAT,0.04,0.00,0.04,0,0
/home/richard/project/SAT_benchmark/SATLIB/flat50-115/flat50-509.cnf,SAT,0.14,0.00,0.14,0,0
/home/richard/project/SAT_benchmark/SATLIB/flat50-115/flat50-858.cnf,SAT,0.05,0.00,0.05,0,0
/home/richard/project/SAT_benchmark/SATLIB/flat50-115/flat50-441.cnf,SAT,0.14,0.00,0.14,0,0
/home/richard/project/SAT_benchmark/SATLIB/flat50-115/flat50-971.cnf,SAT,0.04,0.00,0.04,0,0
/home/richard/project/SAT_benchmark/SATLIB/flat50-115/flat50-195.cnf,SAT,0.15,0.00,0.15,0,0
/home/richard/project/SAT_benchmark/SATLIB/flat50-115/flat50-94.cnf,SAT,0.09,0.00,0.09,0,0
/home/richard/project/SAT_benchmark/SATLIB/flat50-115/flat50-192.cnf,SAT,0.04,0.00,0.04,0,0
/home/richard/project/SAT_benchmark/SATLIB/flat50-115/flat50-366.cnf,SAT,0.06,0.00,0.06,0,0
/home/richard/project/SAT_benchmark/SATLIB/flat50-115/flat50-486.cnf,SAT,0.05,0.00,0.05,0,0
/home/richard/project/SAT_benchmark/SATLIB/flat50-115/flat50-384.cnf,SAT,0.08,0.00,0.08,0,0
/home/richard/project/SAT_benchmark/SATLIB/flat50-115/flat50-561.cnf,SAT,0.08,0.00,0.08,0,0
/home/richard/project/SAT_benchmark/SATLIB/flat50-115/flat50-869.cnf,SAT,0.05,0.00,0.05,0,0
/home/richard/project/SAT_benchmark/SATLIB/flat50-115/flat50-106.cnf,SAT,0.08,0.00,0.08,0,0
/home/richard/project/SAT_benchmark/SATLIB/flat50-115/flat50-641.cnf,SAT,0.08,0.00,0.08,0,0
/home/richard/project/SAT_benchmark/SATLIB/flat50-115/flat50-325.cnf,SAT,0.07,0.00,0.07,0,0
/home/richard/project/SAT_benchmark/SATLIB/flat50-115/flat50-228.cnf,SAT,0.08,0.00,0.08,0,0
/home/richard/project/SAT_benchmark/SATLIB/flat50-115/flat50-562.cnf,SAT,0.04,0.00,0.04,0,0
/home/richard/project/SAT_benchmark/SATLIB/flat50-115/flat50-855.cnf,SAT,0.14,0.00,0.14,0,0
/home/richard/project/SAT_benchmark/SATLIB/flat50-115/flat50-377.cnf,SAT,0.04,0.00,0.04,0,0
/home/richard/project/SAT_benchmark/SATLIB/flat50-115/flat50-437.cnf,SAT,0.04,0.00,0.04,0,0
/home/richard/project/SAT_benchmark/SATLIB/flat50-115/flat50-665.cnf,SAT,0.08,0.00,0.08,0,0
/home/richard/project/SAT_benchmark/SATLIB/flat50-115/flat50-631.cnf,SAT,0.04,0.00,0.04,0,0
/home/richard/project/SAT_benchmark/SATLIB/flat50-115/flat50-983.cnf,SAT,0.07,0.00,0.07,0,0
/home/richard/project/SAT_benchmark/SATLIB/flat50-115/flat50-55.cnf,SAT,0.04,0.00,0.04,0,0
/home/richard/project/SAT_benchmark/SATLIB/flat50-115/flat50-738.cnf,SAT,0.05,0.00,0.05,0,0
/home/richard/project/SAT_benchmark/SATLIB/flat50-115/flat50-146.cnf,SAT,0.08,0.00,0.08,0,0
/home/richard/project/SAT_benchmark/SATLIB/flat50-115/flat50-984.cnf,SAT,0.09,0.00,0.09,0,0
/home/richard/project/SAT_benchmark/SATLIB/flat50-115/flat50-404.cnf,SAT,0.05,0.00,0.05,0,0
/home/richard/project/SAT_benchmark/SATLIB/flat50-115/flat50-358.cnf,SAT,0.08,0.00,0.08,0,0
/home/richard/project/SAT_benchmark/SATLIB/flat50-115/flat50-677.cnf,SAT,0.08,0.00,0.08,0,0
/home/richard/project/SAT_benchmark/SATLIB/flat50-115/flat50-933.cnf,SAT,0.05,0.00,0.05,0,0
/home/richard/project/SAT_benchmark/SATLIB/flat50-115/flat50-549.cnf,SAT,0.04,0.00,0.04,0,0
/home/richard/project/SAT_benchmark/SATLIB/flat50-115/flat50-492.cnf,SAT,0.08,0.00,0.08,0,0
/home/richard/project/SAT_benchmark/SATLIB/flat50-115/flat50-399.cnf,SAT,0.08,0.00,0.08,0,0
/home/richard/project/SAT_benchmark/SATLIB/flat50-115/flat50-805.cnf,SAT,0.05,0.00,0.05,0,0
/home/richard/project/SAT_benchmark/SATLIB/flat50-115/flat50-780.cnf,SAT,0.05,0.00,0.05,0,0
/home/richard/project/SAT_benchmark/SATLIB/flat50-115/flat50-464.cnf,SAT,0.04,0.00,0.04,0,0
/home/richard/project/SAT_benchmark/SATLIB/flat50-115/flat50-772.cnf,SAT,0.04,0.00,0.04,0,0
/home/richard/project/SAT_benchmark/SATLIB/flat50-115/flat50-736.cnf,SAT,0.08,0.00,0.08,0,0
/home/richard/project/SAT_benchmark/SATLIB/flat50-115/flat50-973.cnf,SAT,0.10,0.00,0.10,0,0
/home/richard/project/SAT_benchmark/SATLIB/flat50-115/flat50-699.cnf,SAT,0.04,0.00,0.04,0,0
/home/richard/project/SAT_benchmark/SATLIB/flat50-115/flat50-393.cnf,SAT,0.04,0.00,0.04,0,0
/home/richard/project/SAT_benchmark/SATLIB/flat50-115/flat50-368.cnf,SAT,0.04,0.00,0.04,0,0
/home/richard/project/SAT_benchmark/SATLIB/flat50-115/flat50-401.cnf,SAT,0.06,0.00,0.06,0,0
/home/richard/project/SAT_benchmark/SATLIB/flat50-115/flat50-875.cnf,SAT,0.08,0.00,0.08,0,0
/home/richard/project/SAT_benchmark/SATLIB/flat50-115/flat50-154.cnf,SAT,0.07,0.00,0.07,0,0
/home/richard/project/SAT_benchmark/SATLIB/flat50-115/flat50-340.cnf,SAT,0.08,0.00,0.08,0,0
/home/richard/project/SAT_benchmark/SATLIB/flat50-115/flat50-475.cnf,SAT,0.07,0.00,0.07,0,0
/home/richard/project/SAT_benchmark/SATLIB/flat50-115/flat50-196.cnf,SAT,0.05,0.00,0.05,0,0
/home/richard/project/SAT_benchmark/SATLIB/flat50-115/flat50-613.cnf,SAT,0.05,0.00,0.05,0,0
/home/richard/project/SAT_benchmark/SATLIB/flat50-115/flat50-795.cnf,SAT,0.08,0.00,0.08,0,0
/home/richard/project/SAT_benchmark/SATLIB/flat50-115/flat50-963.cnf,SAT,0.07,0.00,0.07,0,0
/home/richard/project/SAT_benchmark/SATLIB/flat50-115/flat50-109.cnf,SAT,0.05,0.00,0.05,0,0
/home/richard/project/SAT_benchmark/SATLIB/flat50-115/flat50-501.cnf,SAT,0.06,0.00,0.06,0,0
/home/richard/project/SAT_benchmark/SATLIB/flat50-115/flat50-794.cnf,SAT,0.09,0.00,0.09,0,0
/home/richard/project/SAT_benchmark/SATLIB/flat50-115/flat50-115.cnf,SAT,0.07,0.00,0.07,0,0
/home/richard/project/SAT_benchmark/SATLIB/flat50-115/flat50-764.cnf,SAT,0.04,0.00,0.04,0,0
/home/richard/project/SAT_benchmark/SATLIB/flat50-115/flat50-318.cnf,SAT,0.09,0.00,0.09,0,0
/home/richard/project/SAT_benchmark/SATLIB/flat50-115/flat50-578.cnf,SAT,0.05,0.00,0.05,0,0
/home/richard/project/SAT_benchmark/SATLIB/flat50-115/flat50-39.cnf,SAT,0.08,0.00,0.08,0,0
/home/richard/project/SAT_benchmark/SATLIB/flat50-115/flat50-329.cnf,SAT,0.07,0.00,0.07,0,0
/home/richard/project/SAT_benchmark/SATLIB/flat50-115/flat50-742.cnf,SAT,0.08,0.00,0.08,0,0
/home/richard/project/SAT_benchmark/SATLIB/flat50-115/flat50-432.cnf,SAT,0.04,0.00,0.04,0,0
/home/richard/project/SAT_benchmark/SATLIB/flat50-115/flat50-789.cnf,SAT,0.05,0.00,0.05,0,0
/home/richard/project/SAT_benchmark/SATLIB/flat50-115/flat50-356.cnf,SAT,0.08,0.00,0.08,0,0
/home/richard/project/SAT_benchmark/SATLIB/flat50-115/flat50-319.cnf,SAT,0.09,0.00,0.09,0,0
/home/richard/project/SAT_benchmark/SATLIB/flat50-115/flat50-612.cnf,SAT,0.08,0.00,0.08,0,0
/home/richard/project/SAT_benchmark/SATLIB/flat50-115/flat50-37.cnf,SAT,0.07,0.00,0.07,0,0
/home/richard/project/SAT_benchmark/SATLIB/flat50-115/flat50-749.cnf,SAT,0.04,0.00,0.04,0,0
/home/richard/project/SAT_benchmark/SATLIB/flat50-115/flat50-793.cnf,SAT,0.11,0.00,0.11,0,0
/home/richard/project/SAT_benchmark/SATLIB/flat50-115/flat50-297.cnf,SAT,0.05,0.00,0.05,0,0
/home/richard/project/SAT_benchmark/SATLIB/flat50-115/flat50-66.cnf,SAT,0.05,0.00,0.05,0,0
/home/richard/project/SAT_benchmark/SATLIB/flat50-115/flat50-733.cnf,SAT,0.06,0.00,0.06,0,0
/home/richard/project/SAT_benchmark/SATLIB/flat50-115/flat50-778.cnf,SAT,0.23,0.00,0.23,0,0
/home/richard/project/SAT_benchmark/SATLIB/flat50-115/flat50-510.cnf,SAT,0.05,0.00,0.05,0,0
/home/richard/project/SAT_benchmark/SATLIB/flat50-115/flat50-638.cnf,SAT,0.05,0.00,0.05,0,0
/home/richard/project/SAT_benchmark/SATLIB/flat50-115/flat50-359.cnf,SAT,0.07,0.00,0.07,0,0
/home/richard/project/SAT_benchmark/SATLIB/flat50-115/flat50-100.cnf,SAT,0.04,0.00,0.04,0,0
/home/richard/project/SAT_benchmark/SATLIB/flat50-115/flat50-811.cnf,SAT,0.09,0.00,0.09,0,0
/home/richard/project/SAT_benchmark/SATLIB/flat50-115/flat50-349.cnf,SAT,0.04,0.00,0.04,0,0
/home/richard/project/SAT_benchmark/SATLIB/flat50-115/flat50-931.cnf,SAT,0.07,0.00,0.07,0,0
/home/richard/project/SAT_benchmark/SATLIB/flat50-115/flat50-663.cnf,SAT,0.04,0.00,0.04,0,0
/home/richard/project/SAT_benchmark/SATLIB/flat50-115/flat50-456.cnf,SAT,0.04,0.00,0.04,0,0
/home/richard/project/SAT_benchmark/SATLIB/flat50-115/flat50-370.cnf,SAT,0.07,0.00,0.07,0,0
/home/richard/project/SAT_benchmark/SATLIB/flat50-115/flat50-783.cnf,SAT,0.08,0.00,0.08,0,0
/home/richard/project/SAT_benchmark/SATLIB/flat50-115/flat50-473.cnf,SAT,0.04,0.00,0.04,0,0
/home/richard/project/SAT_benchmark/SATLIB/flat50-115/flat50-301.cnf,SAT,0.04,0.00,0.04,0,0
/home/richard/project/SAT_benchmark/SATLIB/flat50-115/flat50-274.cnf,SAT,0.08,0.00,0.08,0,0
/home/richard/project/SAT_benchmark/SATLIB/flat50-115/flat50-948.cnf,SAT,0.09,0.00,0.09,0,0
/home/richard/project/SAT_benchmark/SATLIB/flat50-115/flat50-70.cnf,SAT,0.04,0.00,0.04,0,0
/home/richard/project/SAT_benchmark/SATLIB/flat50-115/flat50-292.cnf,SAT,0.14,0.00,0.14,0,0
/home/richard/project/SAT_benchmark/SATLIB/flat50-115/flat50-472.cnf,SAT,0.04,0.00,0.04,0,0
/home/richard/project/SAT_benchmark/SATLIB/flat50-115/flat50-670.cnf,SAT,0.11,0.00,0.11,0,0
/home/richard/project/SAT_benchmark/SATLIB/flat50-115/flat50-588.cnf,SAT,0.04,0.00,0.04,0,0
/home/richard/project/SAT_benchmark/SATLIB/flat50-115/flat50-659.cnf,SAT,0.04,0.00,0.04,0,0
/home/richard/project/SAT_benchmark/SATLIB/flat50-115/flat50-835.cnf,SAT,0.07,0.00,0.07,0,0
/home/richard/project/SAT_benchmark/SATLIB/flat50-115/flat50-364.cnf,SAT,0.04,0.00,0.04,0,0
/home/richard/project/SAT_benchmark/SATLIB/flat50-115/flat50-870.cnf,SAT,0.09,0.00,0.09,0,0
/home/richard/project/SAT_benchmark/SATLIB/flat50-115/flat50-636.cnf,SAT,0.15,0.00,0.15,0,0
/home/richard/project/SAT_benchmark/SATLIB/flat50-115/flat50-753.cnf,SAT,0.05,0.00,0.05,0,0
/home/richard/project/SAT_benchmark/SATLIB/flat50-115/flat50-416.cnf,SAT,0.07,0.00,0.07,0,0
/home/richard/project/SAT_benchmark/SATLIB/flat50-115/flat50-168.cnf,SAT,0.05,0.00,0.05,0,0
/home/richard/project/SAT_benchmark/SATLIB/flat50-115/flat50-589.cnf,SAT,0.05,0.00,0.05,0,0
/home/richard/project/SAT_benchmark/SATLIB/flat50-115/flat50-233.cnf,SAT,0.04,0.00,0.04,0,0
/home/richard/project/SAT_benchmark/SATLIB/flat50-115/flat50-540.cnf,SAT,0.07,0.00,0.07,0,0
/home/richard/project/SAT_benchmark/SATLIB/flat50-115/flat50-571.cnf,SAT,0.10,0.00,0.10,0,0
/home/richard/project/SAT_benchmark/SATLIB/flat50-115/flat50-801.cnf,SAT,0.06,0.00,0.06,0,0
/home/richard/project/SAT_benchmark/SATLIB/flat50-115/flat50-995.cnf,SAT,0.08,0.00,0.08,0,0
/home/richard/project/SAT_benchmark/SATLIB/flat50-115/flat50-295.cnf,SAT,0.04,0.00,0.04,0,0
/home/richard/project/SAT_benchmark/SATLIB/flat50-115/flat50-86.cnf,SAT,0.04,0.00,0.04,0,0
/home/richard/project/SAT_benchmark/SATLIB/flat50-115/flat50-390.cnf,SAT,0.06,0.00,0.06,0,0
/home/richard/project/SAT_benchmark/SATLIB/flat50-115/flat50-129.cnf,SAT,0.08,0.00,0.08,0,0
/home/richard/project/SAT_benchmark/SATLIB/flat50-115/flat50-939.cnf,SAT,0.08,0.00,0.08,0,0
/home/richard/project/SAT_benchmark/SATLIB/flat50-115/flat50-967.cnf,SAT,0.07,0.00,0.07,0,0
/home/richard/project/SAT_benchmark/SATLIB/flat50-115/flat50-271.cnf,SAT,0.04,0.00,0.04,0,0
/home/richard/project/SAT_benchmark/SATLIB/flat50-115/flat50-597.cnf,SAT,0.08,0.00,0.08,0,0
/home/richard/project/SAT_benchmark/SATLIB/flat50-115/flat50-614.cnf,SAT,0.08,0.00,0.08,0,0
/home/richard/project/SAT_benchmark/SATLIB/flat50-115/flat50-175.cnf,SAT,0.12,0.00,0.12,0,0
/home/richard/project/SAT_benchmark/SATLIB/flat50-115/flat50-89.cnf,SAT,0.05,0.00,0.05,0,0
/home/richard/project/SAT_benchmark/SATLIB/flat50-115/flat50-779.cnf,SAT,0.04,0.00,0.04,0,0
/home/richard/project/SAT_benchmark/SATLIB/flat50-115/flat50-894.cnf,SAT,0.05,0.00,0.05,0,0
/home/richard/project/SAT_benchmark/SATLIB/flat50-115/flat50-809.cnf,SAT,0.05,0.00,0.05,0,0
/home/richard/project/SAT_benchmark/SATLIB/flat50-115/flat50-765.cnf,SAT,0.05,0.00,0.05,0,0
/home/richard/project/SAT_benchmark/SATLIB/flat50-115/flat50-679.cnf,SAT,0.04,0.00,0.04,0,0
/home/richard/project/SAT_benchmark/SATLIB/flat50-115/flat50-668.cnf,SAT,0.04,0.00,0.04,0,0
/home/richard/project/SAT_benchmark/SATLIB/flat50-115/flat50-59.cnf,SAT,0.08,0.00,0.08,0,0
/home/richard/project/SAT_benchmark/SATLIB/flat50-115/flat50-930.cnf,SAT,0.05,0.00,0.05,0,0
/home/richard/project/SAT_benchmark/SATLIB/flat50-115/flat50-135.cnf,SAT,0.05,0.00,0.05,0,0
/home/richard/project/SAT_benchmark/SATLIB/flat50-115/flat50-762.cnf,SAT,0.04,0.00,0.04,0,0
/home/richard/project/SAT_benchmark/SATLIB/flat50-115/flat50-394.cnf,SAT,0.08,0.00,0.08,0,0
/home/richard/project/SAT_benchmark/SATLIB/flat50-115/flat50-653.cnf,SAT,0.08,0.00,0.08,0,0
/home/richard/project/SAT_benchmark/SATLIB/flat50-115/flat50-446.cnf,SAT,0.08,0.00,0.08,0,0
/home/richard/project/SAT_benchmark/SATLIB/flat50-115/flat50-647.cnf,SAT,0.06,0.00,0.06,0,0
/home/richard/project/SAT_benchmark/SATLIB/flat50-115/flat50-462.cnf,SAT,0.04,0.00,0.04,0,0
/home/richard/project/SAT_benchmark/SATLIB/flat50-115/flat50-389.cnf,SAT,0.04,0.00,0.04,0,0
/home/richard/project/SAT_benchmark/SATLIB/flat50-115/flat50-78.cnf,SAT,0.09,0.00,0.09,0,0
/home/richard/project/SAT_benchmark/SATLIB/flat50-115/flat50-777.cnf,SAT,0.04,0.00,0.04,0,0
/home/richard/project/SAT_benchmark/SATLIB/flat50-115/flat50-735.cnf,SAT,0.08,0.00,0.08,0,0
/home/richard/project/SAT_benchmark/SATLIB/flat50-115/flat50-280.cnf,SAT,0.04,0.00,0.04,0,0
/home/richard/project/SAT_benchmark/SATLIB/flat50-115/flat50-357.cnf,SAT,0.04,0.00,0.04,0,0
/home/richard/project/SAT_benchmark/SATLIB/flat50-115/flat50-306.cnf,SAT,0.09,0.00,0.09,0,0
/home/richard/project/SAT_benchmark/SATLIB/flat50-115/flat50-725.cnf,SAT,0.21,0.00,0.21,0,0
/home/richard/project/SAT_benchmark/SATLIB/flat50-115/flat50-927.cnf,SAT,0.08,0.00,0.08,0,0
/home/richard/project/SAT_benchmark/SATLIB/flat50-115/flat50-498.cnf,SAT,0.08,0.00,0.08,0,0
/home/richard/project/SAT_benchmark/SATLIB/flat50-115/flat50-806.cnf,SAT,0.04,0.00,0.04,0,0
/home/richard/project/SAT_benchmark/SATLIB/flat50-115/flat50-240.cnf,SAT,0.07,0.00,0.07,0,0
/home/richard/project/SAT_benchmark/SATLIB/flat50-115/flat50-700.cnf,SAT,0.07,0.00,0.07,0,0
/home/richard/project/SAT_benchmark/SATLIB/flat50-115/flat50-671.cnf,SAT,0.13,0.00,0.13,0,0
/home/richard/project/SAT_benchmark/SATLIB/flat50-115/flat50-951.cnf,SAT,0.09,0.00,0.09,0,0
/home/richard/project/SAT_benchmark/SATLIB/flat50-115/flat50-83.cnf,SAT,0.09,0.00,0.09,0,0
/home/richard/project/SAT_benchmark/SATLIB/flat50-115/flat50-427.cnf,SAT,0.11,0.00,0.11,0,0
/home/richard/project/SAT_benchmark/SATLIB/flat50-115/flat50-30.cnf,SAT,0.04,0.00,0.04,0,0
/home/richard/project/SAT_benchmark/SATLIB/flat50-115/flat50-689.cnf,SAT,0.07,0.00,0.07,0,0
/home/richard/project/SAT_benchmark/SATLIB/flat50-115/flat50-516.cnf,SAT,0.09,0.00,0.09,0,0
/home/richard/project/SAT_benchmark/SATLIB/flat50-115/flat50-599.cnf,SAT,0.07,0.00,0.07,0,0
/home/richard/project/SAT_benchmark/SATLIB/flat50-115/flat50-121.cnf,SAT,0.08,0.00,0.08,0,0
/home/richard/project/SAT_benchmark/SATLIB/flat50-115/flat50-46.cnf,SAT,0.05,0.00,0.05,0,0
/home/richard/project/SAT_benchmark/SATLIB/flat50-115/flat50-217.cnf,SAT,0.05,0.00,0.05,0,0
/home/richard/project/SAT_benchmark/SATLIB/flat50-115/flat50-880.cnf,SAT,0.04,0.00,0.04,0,0
/home/richard/project/SAT_benchmark/SATLIB/flat50-115/flat50-6.cnf,SAT,0.17,0.00,0.17,0,0
/home/richard/project/SAT_benchmark/SATLIB/flat50-115/flat50-75.cnf,SAT,0.04,0.00,0.04,0,0
/home/richard/project/SAT_benchmark/SATLIB/flat50-115/flat50-723.cnf,SAT,0.08,0.00,0.08,0,0
/home/richard/project/SAT_benchmark/SATLIB/flat50-115/flat50-337.cnf,SAT,0.07,0.00,0.07,0,0
/home/richard/project/SAT_benchmark/SATLIB/flat50-115/flat50-268.cnf,SAT,0.08,0.00,0.08,0,0
/home/richard/project/SAT_benchmark/SATLIB/flat50-115/flat50-842.cnf,SAT,0.04,0.00,0.04,0,0
/home/richard/project/SAT_benchmark/SATLIB/flat50-115/flat50-831.cnf,SAT,0.04,0.00,0.04,0,0
/home/richard/project/SAT_benchmark/SATLIB/flat50-115/flat50-675.cnf,SAT,0.05,0.00,0.05,0,0
/home/richard/project/SAT_benchmark/SATLIB/flat50-115/flat50-651.cnf,SAT,0.08,0.00,0.08,0,0
/home/richard/project/SAT_benchmark/SATLIB/flat50-115/flat50-720.cnf,SAT,0.07,0.00,0.07,0,0
/home/richard/project/SAT_benchmark/SATLIB/flat50-115/flat50-226.cnf,SAT,0.08,0.00,0.08,0,0
/home/richard/project/SAT_benchmark/SATLIB/flat50-115/flat50-139.cnf,SAT,0.05,0.00,0.05,0,0
/home/richard/project/SAT_benchmark/SATLIB/flat50-115/flat50-998.cnf,SAT,0.05,0.00,0.05,0,0
/home/richard/project/SAT_benchmark/SATLIB/flat50-115/flat50-550.cnf,SAT,0.06,0.00,0.06,0,0
/home/richard/project/SAT_benchmark/SATLIB/flat50-115/flat50-758.cnf,SAT,0.06,0.00,0.06,0,0
/home/richard/project/SAT_benchmark/SATLIB/flat50-115/flat50-514.cnf,SAT,0.08,0.00,0.08,0,0
/home/richard/project/SAT_benchmark/SATLIB/flat50-115/flat50-560.cnf,SAT,0.05,0.00,0.05,0,0
/home/richard/project/SAT_benchmark/SATLIB/flat50-115/flat50-859.cnf,SAT,0.08,0.00,0.08,0,0
/home/richard/project/SAT_benchmark/SATLIB/flat50-115/flat50-505.cnf,SAT,0.07,0.00,0.07,0,0
/home/richard/project/SAT_benchmark/SATLIB/flat50-115/flat50-476.cnf,SAT,0.10,0.00,0.10,0,0
/home/richard/project/SAT_benchmark/SATLIB/flat50-115/flat50-256.cnf,SAT,0.04,0.00,0.04,0,0
/home/richard/project/SAT_benchmark/SATLIB/flat50-115/flat50-893.cnf,SAT,0.08,0.00,0.08,0,0
/home/richard/project/SAT_benchmark/SATLIB/flat50-115/flat50-656.cnf,SAT,0.08,0.00,0.08,0,0
/home/richard/project/SAT_benchmark/SATLIB/flat50-115/flat50-876.cnf,SAT,0.08,0.00,0.08,0,0
/home/richard/project/SAT_benchmark/SATLIB/flat50-115/flat50-903.cnf,SAT,0.07,0.00,0.07,0,0
/home/richard/project/SAT_benchmark/SATLIB/flat50-115/flat50-609.cnf,SAT,0.08,0.00,0.08,0,0
/home/richard/project/SAT_benchmark/SATLIB/flat50-115/flat50-3.cnf,SAT,0.04,0.00,0.04,0,0
/home/richard/project/SAT_benchmark/SATLIB/flat50-115/flat50-479.cnf,SAT,0.08,0.00,0.08,0,0
/home/richard/project/SAT_benchmark/SATLIB/flat50-115/flat50-924.cnf,SAT,0.07,0.00,0.07,0,0
/home/richard/project/SAT_benchmark/SATLIB/flat50-115/flat50-123.cnf,SAT,0.08,0.00,0.08,0,0
/home/richard/project/SAT_benchmark/SATLIB/flat50-115/flat50-383.cnf,SAT,0.09,0.00,0.09,0,0
/home/richard/project/SAT_benchmark/SATLIB/flat50-115/flat50-722.cnf,SAT,0.08,0.00,0.08,0,0
/home/richard/project/SAT_benchmark/SATLIB/flat50-115/flat50-902.cnf,SAT,0.06,0.00,0.06,0,0
/home/richard/project/SAT_benchmark/SATLIB/flat50-115/flat50-25.cnf,SAT,0.04,0.00,0.04,0,0
/home/richard/project/SAT_benchmark/SATLIB/flat50-115/flat50-435.cnf,SAT,0.09,0.00,0.09,0,0
/home/richard/project/SAT_benchmark/SATLIB/flat50-115/flat50-526.cnf,SAT,0.05,0.00,0.05,0,0
/home/richard/project/SAT_benchmark/SATLIB/flat50-115/flat50-826.cnf,SAT,0.07,0.00,0.07,0,0
/home/richard/project/SAT_benchmark/SATLIB/flat50-115/flat50-891.cnf,SAT,0.08,0.00,0.08,0,0
/home/richard/project/SAT_benchmark/SATLIB/flat50-115/flat50-1.cnf,SAT,0.04,0.00,0.04,0,0
/home/richard/project/SAT_benchmark/SATLIB/flat50-115/flat50-450.cnf,SAT,0.08,0.00,0.08,0,0
/home/richard/project/SAT_benchmark/SATLIB/flat50-115/flat50-834.cnf,SAT,0.05,0.00,0.05,0,0
/home/richard/project/SAT_benchmark/SATLIB/flat50-115/flat50-426.cnf,SAT,0.07,0.00,0.07,0,0
/home/richard/project/SAT_benchmark/SATLIB/flat50-115/flat50-542.cnf,SAT,0.07,0.00,0.07,0,0
/home/richard/project/SAT_benchmark/SATLIB/flat50-115/flat50-755.cnf,SAT,0.05,0.00,0.05,0,0
/home/richard/project/SAT_benchmark/SATLIB/flat50-115/flat50-351.cnf,SAT,0.05,0.00,0.05,0,0
/home/richard/project/SAT_benchmark/SATLIB/flat50-115/flat50-992.cnf,SAT,0.05,0.00,0.05,0,0
/home/richard/project/SAT_benchmark/SATLIB/flat50-115/flat50-428.cnf,SAT,0.04,0.00,0.04,0,0
/home/richard/project/SAT_benchmark/SATLIB/flat50-115/flat50-812.cnf,SAT,0.04,0.00,0.04,0,0
/home/richard/project/SAT_benchmark/SATLIB/flat50-115/flat50-706.cnf,SAT,0.04,0.00,0.04,0,0
/home/richard/project/SAT_benchmark/SATLIB/flat50-115/flat50-688.cnf,SAT,0.05,0.00,0.05,0,0
/home/richard/project/SAT_benchmark/SATLIB/flat50-115/flat50-616.cnf,SAT,0.08,0.00,0.08,0,0
/home/richard/project/SAT_benchmark/SATLIB/flat50-115/flat50-784.cnf,SAT,0.05,0.00,0.05,0,0
/home/richard/project/SAT_benchmark/SATLIB/flat50-115/flat50-455.cnf,SAT,0.04,0.00,0.04,0,0
/home/richard/project/SAT_benchmark/SATLIB/flat50-115/flat50-892.cnf,SAT,0.08,0.00,0.08,0,0
/home/richard/project/SAT_benchmark/SATLIB/flat50-115/flat50-867.cnf,SAT,0.05,0.00,0.05,0,0
/home/richard/project/SAT_benchmark/SATLIB/flat50-115/flat50-525.cnf,SAT,0.04,0.00,0.04,0,0
/home/richard/project/SAT_benchmark/SATLIB/flat75-180/ai/hoos/Research/SAT/GenGCP/Flat75-180/flat75-59.cnf,SAT,0.09,0.00,0.09,0,0
/home/richard/project/SAT_benchmark/SATLIB/flat75-180/ai/hoos/Research/SAT/GenGCP/Flat75-180/flat75-20.cnf,SAT,7370.16,7365.59,4.57,37,22
/home/richard/project/SAT_benchmark/SATLIB/flat75-180/ai/hoos/Research/SAT/GenGCP/Flat75-180/flat75-44.cnf,SAT,7193.16,7189.50,3.67,39,32
/home/richard/project/SAT_benchmark/SATLIB/flat75-180/ai/hoos/Research/SAT/GenGCP/Flat75-180/flat75-50.cnf,SAT,0.09,0.00,0.09,0,0
/home/richard/project/SAT_benchmark/SATLIB/flat75-180/ai/hoos/Research/SAT/GenGCP/Flat75-180/flat75-21.cnf,SAT,9551.17,9547.90,3.27,44,32
/home/richard/project/SAT_benchmark/SATLIB/flat75-180/ai/hoos/Research/SAT/GenGCP/Flat75-180/flat75-75.cnf,SAT,0.09,0.00,0.09,0,0
/home/richard/project/SAT_benchmark/SATLIB/flat75-180/ai/hoos/Research/SAT/GenGCP/Flat75-180/flat75-26.cnf,SAT,3157.29,3153.38,3.91,18,5
/home/richard/project/SAT_benchmark/SATLIB/flat75-180/ai/hoos/Research/SAT/GenGCP/Flat75-180/flat75-10.cnf,SAT,2478.95,2475.82,3.14,21,5
/home/richard/project/SAT_benchmark/SATLIB/flat75-180/ai/hoos/Research/SAT/GenGCP/Flat75-180/flat75-82.cnf,SAT,6198.45,6194.01,4.43,36,26
/home/richard/project/SAT_benchmark/SATLIB/flat75-180/ai/hoos/Research/SAT/GenGCP/Flat75-180/flat75-29.cnf,SAT,18195.36,18191.64,3.72,89,58
/home/richard/project/SAT_benchmark/SATLIB/flat75-180/ai/hoos/Research/SAT/GenGCP/Flat75-180/flat75-37.cnf,SAT,2610.88,2607.47,3.41,10,3
/home/richard/project/SAT_benchmark/SATLIB/flat75-180/ai/hoos/Research/SAT/GenGCP/Flat75-180/flat75-8.cnf,SAT,21111.74,21108.04,3.70,96,84
/home/richard/project/SAT_benchmark/SATLIB/flat75-180/ai/hoos/Research/SAT/GenGCP/Flat75-180/flat75-3.cnf,SAT,12815.45,12811.97,3.47,70,50
/home/richard/project/SAT_benchmark/SATLIB/flat75-180/ai/hoos/Research/SAT/GenGCP/Flat75-180/flat75-5.cnf,SAT,2.93,0.00,2.93,0,0
/home/richard/project/SAT_benchmark/SATLIB/flat75-180/ai/hoos/Research/SAT/GenGCP/Flat75-180/flat75-74.cnf,SAT,23240.10,23236.04,4.06,101,78
/home/richard/project/SAT_benchmark/SATLIB/flat75-180/ai/hoos/Research/SAT/GenGCP/Flat75-180/flat75-81.cnf,SAT,4807.86,4804.20,3.66,32,18
/home/richard/project/SAT_benchmark/SATLIB/flat75-180/ai/hoos/Research/SAT/GenGCP/Flat75-180/flat75-55.cnf,SAT,3345.29,3342.16,3.14,36,12
/home/richard/project/SAT_benchmark/SATLIB/flat75-180/ai/hoos/Research/SAT/GenGCP/Flat75-180/flat75-90.cnf,SAT,1521.83,1518.80,3.03,18,9
/home/richard/project/SAT_benchmark/SATLIB/flat75-180/ai/hoos/Research/SAT/GenGCP/Flat75-180/flat75-92.cnf,SAT,3486.05,3482.92,3.13,34,21
/home/richard/project/SAT_benchmark/SATLIB/flat75-180/ai/hoos/Research/SAT/GenGCP/Flat75-180/flat75-53.cnf,SAT,9566.79,9563.09,3.69,71,52
/home/richard/project/SAT_benchmark/SATLIB/flat75-180/ai/hoos/Research/SAT/GenGCP/Flat75-180/flat75-40.cnf,SAT,2119.63,2116.50,3.13,24,12
/home/richard/project/SAT_benchmark/SATLIB/flat75-180/ai/hoos/Research/SAT/GenGCP/Flat75-180/flat75-63.cnf,SAT,3605.81,3602.70,3.11,46,33
/home/richard/project/SAT_benchmark/SATLIB/flat75-180/ai/hoos/Research/SAT/GenGCP/Flat75-180/flat75-86.cnf,SAT,0.09,0.00,0.09,0,0
/home/richard/project/SAT_benchmark/SATLIB/flat75-180/ai/hoos/Research/SAT/GenGCP/Flat75-180/flat75-88.cnf,SAT,2.89,0.00,2.89,0,0
/home/richard/project/SAT_benchmark/SATLIB/flat75-180/ai/hoos/Research/SAT/GenGCP/Flat75-180/flat75-12.cnf,SAT,3481.13,3477.69,3.44,46,30
/home/richard/project/SAT_benchmark/SATLIB/flat75-180/ai/hoos/Research/SAT/GenGCP/Flat75-180/flat75-9.cnf,SAT,3.04,0.00,3.04,0,0
/home/richard/project/SAT_benchmark/SATLIB/flat75-180/ai/hoos/Research/SAT/GenGCP/Flat75-180/flat75-1.cnf,SAT,3.97,0.00,3.97,0,0
/home/richard/project/SAT_benchmark/SATLIB/flat75-180/ai/hoos/Research/SAT/GenGCP/Flat75-180/flat75-78.cnf,SAT,3.03,0.00,3.03,0,0
/home/richard/project/SAT_benchmark/SATLIB/flat75-180/ai/hoos/Research/SAT/GenGCP/Flat75-180/flat75-24.cnf,SAT,6710.80,6707.38,3.41,35,23
/home/richard/project/SAT_benchmark/SATLIB/flat75-180/ai/hoos/Research/SAT/GenGCP/Flat75-180/flat75-4.cnf,SAT,5477.21,5473.98,3.23,25,12
/home/richard/project/SAT_benchmark/SATLIB/flat75-180/ai/hoos/Research/SAT/GenGCP/Flat75-180/flat75-31.cnf,SAT,0.09,0.00,0.09,0,0
/home/richard/project/SAT_benchmark/SATLIB/flat75-180/ai/hoos/Research/SAT/GenGCP/Flat75-180/flat75-57.cnf,SAT,9499.93,9496.73,3.20,48,35
/home/richard/project/SAT_benchmark/SATLIB/flat75-180/ai/hoos/Research/SAT/GenGCP/Flat75-180/flat75-73.cnf,SAT,2.88,0.00,2.88,0,0
/home/richard/project/SAT_benchmark/SATLIB/flat75-180/ai/hoos/Research/SAT/GenGCP/Flat75-180/flat75-2.cnf,SAT,4893.80,4889.58,4.22,23,11
/home/richard/project/SAT_benchmark/SATLIB/flat75-180/ai/hoos/Research/SAT/GenGCP/Flat75-180/flat75-94.cnf,SAT,6342.96,6338.06,4.89,39,25
/home/richard/project/SAT_benchmark/SATLIB/flat75-180/ai/hoos/Research/SAT/GenGCP/Flat75-180/flat75-64.cnf,SAT,1735.83,1732.05,3.78,15,4
/home/richard/project/SAT_benchmark/SATLIB/flat75-180/ai/hoos/Research/SAT/GenGCP/Flat75-180/flat75-32.cnf,SAT,4958.99,4955.61,3.38,27,14
/home/richard/project/SAT_benchmark/SATLIB/flat75-180/ai/hoos/Research/SAT/GenGCP/Flat75-180/flat75-65.cnf,SAT,2.95,0.00,2.95,0,0
/home/richard/project/SAT_benchmark/SATLIB/flat75-180/ai/hoos/Research/SAT/GenGCP/Flat75-180/flat75-71.cnf,SAT,3.03,0.00,3.03,0,0
/home/richard/project/SAT_benchmark/SATLIB/flat75-180/ai/hoos/Research/SAT/GenGCP/Flat75-180/flat75-79.cnf,SAT,12567.24,12563.77,3.47,61,44
/home/richard/project/SAT_benchmark/SATLIB/flat75-180/ai/hoos/Research/SAT/GenGCP/Flat75-180/flat75-16.cnf,SAT,4.06,0.00,4.06,0,0
/home/richard/project/SAT_benchmark/SATLIB/flat75-180/ai/hoos/Research/SAT/GenGCP/Flat75-180/flat75-6.cnf,SAT,3.02,0.00,3.02,0,0
/home/richard/project/SAT_benchmark/SATLIB/flat75-180/ai/hoos/Research/SAT/GenGCP/Flat75-180/flat75-58.cnf,SAT,5401.11,5397.89,3.22,25,12
/home/richard/project/SAT_benchmark/SATLIB/flat75-180/ai/hoos/Research/SAT/GenGCP/Flat75-180/flat75-14.cnf,SAT,7732.95,7729.69,3.26,36,20
/home/richard/project/SAT_benchmark/SATLIB/flat75-180/ai/hoos/Research/SAT/GenGCP/Flat75-180/flat75-100.cnf,SAT,3.03,0.00,3.03,0,0
/home/richard/project/SAT_benchmark/SATLIB/flat75-180/ai/hoos/Research/SAT/GenGCP/Flat75-180/flat75-84.cnf,SAT,0.09,0.00,0.09,0,0
/home/richard/project/SAT_benchmark/SATLIB/flat75-180/ai/hoos/Research/SAT/GenGCP/Flat75-180/flat75-70.cnf,SAT,5983.06,5979.81,3.26,22,11
/home/richard/project/SAT_benchmark/SATLIB/flat75-180/ai/hoos/Research/SAT/GenGCP/Flat75-180/flat75-38.cnf,SAT,0.10,0.00,0.10,0,0
/home/richard/project/SAT_benchmark/SATLIB/flat75-180/ai/hoos/Research/SAT/GenGCP/Flat75-180/flat75-95.cnf,SAT,0.09,0.00,0.09,0,0
/home/richard/project/SAT_benchmark/SATLIB/flat75-180/ai/hoos/Research/SAT/GenGCP/Flat75-180/flat75-83.cnf,SAT,5171.04,5167.82,3.22,26,14
/home/richard/project/SAT_benchmark/SATLIB/flat75-180/ai/hoos/Research/SAT/GenGCP/Flat75-180/flat75-69.cnf,SAT,5517.89,5514.59,3.30,29,15
/home/richard/project/SAT_benchmark/SATLIB/flat75-180/ai/hoos/Research/SAT/GenGCP/Flat75-180/flat75-52.cnf,SAT,7752.54,7749.12,3.42,49,33
/home/richard/project/SAT_benchmark/SATLIB/flat75-180/ai/hoos/Research/SAT/GenGCP/Flat75-180/flat75-89.cnf,SAT,2055.91,2052.74,3.17,10,2
/home/richard/project/SAT_benchmark/SATLIB/flat75-180/ai/hoos/Research/SAT/GenGCP/Flat75-180/flat75-43.cnf,SAT,5152.75,5148.74,4.02,27,13
/home/richard/project/SAT_benchmark/SATLIB/flat75-180/ai/hoos/Research/SAT/GenGCP/Flat75-180/flat75-13.cnf,SAT,0.58,0.00,0.58,0,0
/home/richard/project/SAT_benchmark/SATLIB/flat75-180/ai/hoos/Research/SAT/GenGCP/Flat75-180/flat75-77.cnf,SAT,0.49,0.00,0.49,0,0
/home/richard/project/SAT_benchmark/SATLIB/flat75-180/ai/hoos/Research/SAT/GenGCP/Flat75-180/flat75-48.cnf,SAT,3154.73,3151.26,3.47,18,6
/home/richard/project/SAT_benchmark/SATLIB/flat75-180/ai/hoos/Research/SAT/GenGCP/Flat75-180/flat75-11.cnf,SAT,2.96,0.00,2.96,0,0
/home/richard/project/SAT_benchmark/SATLIB/flat75-180/ai/hoos/Research/SAT/GenGCP/Flat75-180/flat75-97.cnf,SAT,8363.98,8360.70,3.28,50,36
/home/richard/project/SAT_benchmark/SATLIB/flat75-180/ai/hoos/Research/SAT/GenGCP/Flat75-180/flat75-60.cnf,SAT,4107.38,4104.20,3.18,29,19
/home/richard/project/SAT_benchmark/SATLIB/flat75-180/ai/hoos/Research/SAT/GenGCP/Flat75-180/flat75-18.cnf,SAT,1619.66,1616.46,3.21,14,4
/home/richard/project/SAT_benchmark/SATLIB/flat75-180/ai/hoos/Research/SAT/GenGCP/Flat75-180/flat75-99.cnf,SAT,2490.11,2481.27,8.84,22,10
/home/richard/project/SAT_benchmark/SATLIB/flat75-180/ai/hoos/Research/SAT/GenGCP/Flat75-180/flat75-76.cnf,SAT,3.14,0.00,3.14,0,0
/home/richard/project/SAT_benchmark/SATLIB/flat75-180/ai/hoos/Research/SAT/GenGCP/Flat75-180/flat75-41.cnf,SAT,2.96,0.00,2.96,0,0
/home/richard/project/SAT_benchmark/SATLIB/flat75-180/ai/hoos/Research/SAT/GenGCP/Flat75-180/flat75-61.cnf,SAT,14307.70,14304.23,3.46,61,44
/home/richard/project/SAT_benchmark/SATLIB/flat75-180/ai/hoos/Research/SAT/GenGCP/Flat75-180/flat75-72.cnf,SAT,0.09,0.00,0.09,0,0
/home/richard/project/SAT_benchmark/SATLIB/flat75-180/ai/hoos/Research/SAT/GenGCP/Flat75-180/flat75-15.cnf,SAT,7613.33,7609.99,3.34,32,17
/home/richard/project/SAT_benchmark/SATLIB/flat75-180/ai/hoos/Research/SAT/GenGCP/Flat75-180/flat75-22.cnf,SAT,3.00,0.00,3.00,0,0
/home/richard/project/SAT_benchmark/SATLIB/flat75-180/ai/hoos/Research/SAT/GenGCP/Flat75-180/flat75-30.cnf,SAT,0.09,0.00,0.09,0,0
/home/richard/project/SAT_benchmark/SATLIB/flat75-180/ai/hoos/Research/SAT/GenGCP/Flat75-180/flat75-54.cnf,SAT,6134.40,6130.88,3.52,28,19
/home/richard/project/SAT_benchmark/SATLIB/flat75-180/ai/hoos/Research/SAT/GenGCP/Flat75-180/flat75-51.cnf,SAT,2.92,0.00,2.92,0,0
/home/richard/project/SAT_benchmark/SATLIB/flat75-180/ai/hoos/Research/SAT/GenGCP/Flat75-180/flat75-33.cnf,SAT,7658.74,7655.52,3.22,37,27
/home/richard/project/SAT_benchmark/SATLIB/flat75-180/ai/hoos/Research/SAT/GenGCP/Flat75-180/flat75-93.cnf,SAT,1747.85,1744.43,3.41,12,1
/home/richard/project/SAT_benchmark/SATLIB/flat75-180/ai/hoos/Research/SAT/GenGCP/Flat75-180/flat75-23.cnf,SAT,2.94,0.00,2.94,0,0
/home/richard/project/SAT_benchmark/SATLIB/flat75-180/ai/hoos/Research/SAT/GenGCP/Flat75-180/flat75-67.cnf,SAT,8526.45,8523.25,3.20,33,12
/home/richard/project/SAT_benchmark/SATLIB/flat75-180/ai/hoos/Research/SAT/GenGCP/Flat75-180/flat75-42.cnf,SAT,9443.09,9438.89,4.21,47,36
/home/richard/project/SAT_benchmark/SATLIB/flat75-180/ai/hoos/Research/SAT/GenGCP/Flat75-180/flat75-28.cnf,SAT,3.18,0.00,3.18,0,0
/home/richard/project/SAT_benchmark/SATLIB/flat75-180/ai/hoos/Research/SAT/GenGCP/Flat75-180/flat75-19.cnf,SAT,5655.49,5651.50,3.99,25,15
/home/richard/project/SAT_benchmark/SATLIB/flat75-180/ai/hoos/Research/SAT/GenGCP/Flat75-180/flat75-68.cnf,SAT,7174.53,7171.17,3.36,33,18
/home/richard/project/SAT_benchmark/SATLIB/flat75-180/ai/hoos/Research/SAT/GenGCP/Flat75-180/flat75-27.cnf,SAT,11932.81,11929.22,3.59,74,56
/home/richard/project/SAT_benchmark/SATLIB/flat75-180/ai/hoos/Research/SAT/GenGCP/Flat75-180/flat75-49.cnf,SAT,3.81,0.00,3.81,6,0
/home/richard/project/SAT_benchmark/SATLIB/flat75-180/ai/hoos/Research/SAT/GenGCP/Flat75-180/flat75-36.cnf,SAT,4825.31,4822.11,3.20,24,6
/home/richard/project/SAT_benchmark/SATLIB/flat75-180/ai/hoos/Research/SAT/GenGCP/Flat75-180/flat75-34.cnf,SAT,0.09,0.00,0.09,0,0
/home/richard/project/SAT_benchmark/SATLIB/flat75-180/ai/hoos/Research/SAT/GenGCP/Flat75-180/flat75-66.cnf,SAT,0.09,0.00,0.09,0,0
/home/richard/project/SAT_benchmark/SATLIB/flat75-180/ai/hoos/Research/SAT/GenGCP/Flat75-180/flat75-91.cnf,SAT,2609.34,2606.14,3.20,19,7
/home/richard/project/SAT_benchmark/SATLIB/flat75-180/ai/hoos/Research/SAT/GenGCP/Flat75-180/flat75-35.cnf,SAT,1976.21,1973.00,3.21,13,3
/home/richard/project/SAT_benchmark/SATLIB/flat75-180/ai/hoos/Research/SAT/GenGCP/Flat75-180/flat75-17.cnf,SAT,6755.28,6751.97,3.31,32,23
/home/richard/project/SAT_benchmark/SATLIB/flat75-180/ai/hoos/Research/SAT/GenGCP/Flat75-180/flat75-98.cnf,SAT,8364.38,8361.06,3.32,32,17
/home/richard/project/SAT_benchmark/SATLIB/flat75-180/ai/hoos/Research/SAT/GenGCP/Flat75-180/flat75-47.cnf,SAT,2709.45,2706.29,3.16,15,5
/home/richard/project/SAT_benchmark/SATLIB/flat75-180/ai/hoos/Research/SAT/GenGCP/Flat75-180/flat75-56.cnf,SAT,13499.43,13496.00,3.43,69,50
/home/richard/project/SAT_benchmark/SATLIB/flat75-180/ai/hoos/Research/SAT/GenGCP/Flat75-180/flat75-46.cnf,SAT,7268.89,7264.74,4.15,39,26
/home/richard/project/SAT_benchmark/SATLIB/flat75-180/ai/hoos/Research/SAT/GenGCP/Flat75-180/flat75-96.cnf,SAT,2.99,0.00,2.99,0,0
/home/richard/project/SAT_benchmark/SATLIB/flat75-180/ai/hoos/Research/SAT/GenGCP/Flat75-180/flat75-45.cnf,SAT,13268.74,13265.10,3.65,76,56
/home/richard/project/SAT_benchmark/SATLIB/flat75-180/ai/hoos/Research/SAT/GenGCP/Flat75-180/flat75-62.cnf,SAT,31969.30,31963.25,6.04,173,145
/home/richard/project/SAT_benchmark/SATLIB/flat75-180/ai/hoos/Research/SAT/GenGCP/Flat75-180/flat75-87.cnf,SAT,3257.40,3252.86,4.54,36,25
/home/richard/project/SAT_benchmark/SATLIB/flat75-180/ai/hoos/Research/SAT/GenGCP/Flat75-180/flat75-85.cnf,SAT,2.98,0.00,2.98,0,0
/home/richard/project/SAT_benchmark/SATLIB/flat75-180/ai/hoos/Research/SAT/GenGCP/Flat75-180/flat75-39.cnf,SAT,3366.27,3363.10,3.18,31,25
/home/richard/project/SAT_benchmark/SATLIB/flat75-180/ai/hoos/Research/SAT/GenGCP/Flat75-180/flat75-80.cnf,SAT,8807.99,8804.44,3.55,61,46
/home/richard/project/SAT_benchmark/SATLIB/flat75-180/ai/hoos/Research/SAT/GenGCP/Flat75-180/flat75-25.cnf,SAT,3037.14,3033.96,3.17,32,23
/home/richard/project/SAT_benchmark/SATLIB/flat75-180/ai/hoos/Research/SAT/GenGCP/Flat75-180/flat75-7.cnf,SAT,2.98,0.00,2.98,0,0
/home/richard/project/SAT_benchmark/SATLIB/inductive-inference/ii16c1.cnf,SAT,0.29,0.00,0.29,0,0
/home/richard/project/SAT_benchmark/SATLIB/inductive-inference/ii16a1.cnf,SAT,0.28,0.00,0.28,0,0
/home/richard/project/SAT_benchmark/SATLIB/inductive-inference/ii32e1.cnf,SAT,0.05,0.00,0.05,0,0
/home/richard/project/SAT_benchmark/SATLIB/inductive-inference/ii32c1.cnf,SAT,0.08,0.00,0.08,0,0
/home/richard/project/SAT_benchmark/SATLIB/inductive-inference/ii32e4.cnf,SAT,26.96,0.00,26.96,0,0
/home/richard/project/SAT_benchmark/SATLIB/inductive-inference/ii32c2.cnf,SAT,0.11,0.00,0.11,0,0
/home/richard/project/SAT_benchmark/SATLIB/inductive-inference/ii16a2.cnf,SAT,1.06,0.00,1.06,0,0
/home/richard/project/SAT_benchmark/SATLIB/inductive-inference/ii16d1.cnf,SAT,469294.40,469225.95,68.45,1752,49
/home/richard/project/SAT_benchmark/SATLIB/inductive-inference/ii8a2.cnf,SAT,0.09,0.00,0.09,0,0
/home/richard/project/SAT_benchmark/SATLIB/inductive-inference/ii32b1.cnf,SAT,0.09,0.00,0.09,0,0
/home/richard/project/SAT_benchmark/SATLIB/inductive-inference/ii8b4.cnf,SAT,0.19,0.00,0.19,0,0
/home/richard/project/SAT_benchmark/SATLIB/inductive-inference/ii8a3.cnf,SAT,0.11,0.00,0.11,0,0
/home/richard/project/SAT_benchmark/SATLIB/inductive-inference/ii32d1.cnf,SAT,51977.20,51955.56,21.64,182,32
/home/richard/project/SAT_benchmark/SATLIB/inductive-inference/ii8b2.cnf,SAT,0.14,0.00,0.14,0,0
/home/richard/project/SAT_benchmark/SATLIB/inductive-inference/ii32b3.cnf,SAT,497552.77,497454.64,98.12,1866,202
/home/richard/project/SAT_benchmark/SATLIB/inductive-inference/ii8e1.cnf,SAT,0.13,0.00,0.13,0,0
/home/richard/project/SAT_benchmark/SATLIB/inductive-inference/ii16e2.cnf,SAT,81089.15,81068.25,20.89,477,111
/home/richard/project/SAT_benchmark/SATLIB/inductive-inference/ii16c2.cnf,SAT,0.31,0.00,0.31,0,0
/home/richard/project/SAT_benchmark/SATLIB/inductive-inference/ii8d2.cnf,SAT,0.18,0.00,0.18,0,0
/home/richard/project/SAT_benchmark/SATLIB/inductive-inference/ii8b1.cnf,SAT,0.07,0.00,0.07,0,0
/home/richard/project/SAT_benchmark/SATLIB/inductive-inference/ii8c2.cnf,SAT,0.11,0.00,0.11,0,0
/home/richard/project/SAT_benchmark/SATLIB/inductive-inference/ii16d2.cnf,SAT,0.31,0.00,0.31,0,0
/home/richard/project/SAT_benchmark/SATLIB/inductive-inference/ii16e1.cnf,SAT,0.26,0.00,0.26,0,0
/home/richard/project/SAT_benchmark/SATLIB/inductive-inference/ii8e2.cnf,SAT,0.22,0.00,0.22,0,0
/home/richard/project/SAT_benchmark/SATLIB/inductive-inference/ii16b2.cnf,SAT,0.33,0.00,0.33,0,0
/home/richard/project/SAT_benchmark/SATLIB/inductive-inference/ii32e3.cnf,SAT,0.42,0.00,0.42,0,0
/home/richard/project/SAT_benchmark/SATLIB/inductive-inference/ii8a1.cnf,SAT,0.09,0.00,0.09,0,0
/home/richard/project/SAT_benchmark/SATLIB/inductive-inference/ii8b3.cnf,SAT,0.16,0.00,0.16,0,0
/home/richard/project/SAT_benchmark/SATLIB/inductive-inference/ii32e5.cnf,SAT,224379.82,224354.44,25.38,770,71
/home/richard/project/SAT_benchmark/SATLIB/inductive-inference/ii8d1.cnf,SAT,0.13,0.00,0.13,0,0
/home/richard/project/SAT_benchmark/SATLIB/inductive-inference/ii8c1.cnf,SAT,0.09,0.00,0.09,0,0
/home/richard/project/SAT_benchmark/SATLIB/inductive-inference/ii8a4.cnf,SAT,0.12,0.00,0.12,0,0
/home/richard/project/SAT_benchmark/SATLIB/inductive-inference/ii32e2.cnf,SAT,0.09,0.00,0.09,0,0
/home/richard/project/SAT_benchmark/SATLIB/jnh/jnh203.cnf,UNSAT,0.91,0.00,0.91,0,0
/home/richard/project/SAT_benchmark/SATLIB/jnh/jnh212.cnf,SAT,11.26,0.00,11.26,0,0
/home/richard/project/SAT_benchmark/SATLIB/jnh/jnh18.cnf,UNSAT,0.54,0.00,0.54,0,0
/home/richard/project/SAT_benchmark/SATLIB/jnh/jnh210.cnf,SAT,4.66,0.00,4.66,0,0
/home/richard/project/SAT_benchmark/SATLIB/jnh/jnh209.cnf,SAT,0.09,0.00,0.09,0,0
/home/richard/project/SAT_benchmark/SATLIB/jnh/jnh9.cnf,UNSAT,0.76,0.00,0.76,0,0
/home/richard/project/SAT_benchmark/SATLIB/jnh/jnh8.cnf,UNSAT,0.57,0.00,0.57,0,0
/home/richard/project/SAT_benchmark/SATLIB/jnh/jnh19.cnf,UNSAT,0.87,0.00,0.87,0,0
/home/richard/project/SAT_benchmark/SATLIB/jnh/jnh303.cnf,UNSAT,0.53,0.00,0.53,0,0
/home/richard/project/SAT_benchmark/SATLIB/jnh/jnh215.cnf,UNSAT,0.51,0.00,0.51,0,0
/home/richard/project/SAT_benchmark/SATLIB/jnh/jnh4.cnf,UNSAT,0.98,0.00,0.98,0,0
/home/richard/project/SAT_benchmark/SATLIB/jnh/jnh6.cnf,UNSAT,0.93,0.00,0.93,0,0
/home/richard/project/SAT_benchmark/SATLIB/jnh/jnh220.cnf,SAT,15.52,0.00,15.52,0,0
/home/richard/project/SAT_benchmark/SATLIB/jnh/jnh214.cnf,UNSAT,1.00,0.00,1.00,0,0
/home/richard/project/SAT_benchmark/SATLIB/jnh/jnh219.cnf,UNSAT,0.99,0.00,0.99,0,0
/home/richard/project/SAT_benchmark/SATLIB/jnh/jnh201.cnf,SAT,2257.09,2236.18,20.91,26,13
/home/richard/project/SAT_benchmark/SATLIB/jnh/jnh11.cnf,UNSAT,1.10,0.00,1.10,0,0
/home/richard/project/SAT_benchmark/SATLIB/jnh/jnh17.cnf,SAT,2.08,0.00,2.08,0,0
/home/richard/project/SAT_benchmark/SATLIB/jnh/jnh5.cnf,UNSAT,2.21,0.00,2.21,0,0
/home/richard/project/SAT_benchmark/SATLIB/jnh/jnh204.cnf,SAT,10.83,0.00,10.83,0,0
/home/richard/project/SAT_benchmark/SATLIB/jnh/jnh16.cnf,UNSAT,4.04,0.00,4.04,0,0
/home/richard/project/SAT_benchmark/SATLIB/jnh/jnh2.cnf,UNSAT,0.68,0.00,0.68,0,0
/home/richard/project/SAT_benchmark/SATLIB/jnh/jnh3.cnf,UNSAT,2.44,0.00,2.44,0,0
/home/richard/project/SAT_benchmark/SATLIB/jnh/jnh306.cnf,UNSAT,3.29,0.00,3.29,0,0
/home/richard/project/SAT_benchmark/SATLIB/jnh/jnh207.cnf,SAT,0.10,0.00,0.10,0,0
/home/richard/project/SAT_benchmark/SATLIB/jnh/jnh301.cnf,SAT,2.56,0.00,2.56,0,0
/home/richard/project/SAT_benchmark/SATLIB/jnh/jnh20.cnf,UNSAT,0.93,0.00,0.93,0,0
/home/richard/project/SAT_benchmark/SATLIB/jnh/jnh307.cnf,UNSAT,0.37,0.00,0.37,0,0
/home/richard/project/SAT_benchmark/SATLIB/jnh/jnh310.cnf,UNSAT,0.59,0.00,0.59,0,0
/home/richard/project/SAT_benchmark/SATLIB/jnh/jnh12.cnf,SAT,1.34,0.00,1.34,0,0
/home/richard/project/SAT_benchmark/SATLIB/jnh/jnh7.cnf,SAT,1.96,0.00,1.96,0,0
/home/richard/project/SAT_benchmark/SATLIB/jnh/jnh211.cnf,UNSAT,0.79,0.00,0.79,0,0
/home/richard/project/SAT_benchmark/SATLIB/jnh/jnh206.cnf,UNSAT,2.75,0.00,2.75,0,0
/home/richard/project/SAT_benchmark/SATLIB/jnh/jnh13.cnf,UNSAT,0.55,0.00,0.55,0,0
/home/richard/project/SAT_benchmark/SATLIB/jnh/jnh208.cnf,UNSAT,2.43,0.00,2.43,0,0
/home/richard/project/SAT_benchmark/SATLIB/jnh/jnh15.cnf,UNSAT,0.56,0.00,0.56,0,0
/home/richard/project/SAT_benchmark/SATLIB/jnh/jnh302.cnf,UNSAT,0.24,0.00,0.24,0,0
/home/richard/project/SAT_benchmark/SATLIB/jnh/jnh216.cnf,UNSAT,0.89,0.00,0.89,0,0
/home/richard/project/SAT_benchmark/SATLIB/jnh/jnh309.cnf,UNSAT,0.62,0.00,0.62,0,0
/home/richard/project/SAT_benchmark/SATLIB/jnh/jnh218.cnf,SAT,4.91,0.00,4.91,0,0
/home/richard/project/SAT_benchmark/SATLIB/jnh/jnh305.cnf,UNSAT,0.45,0.00,0.45,0,0
/home/richard/project/SAT_benchmark/SATLIB/jnh/jnh304.cnf,UNSAT,0.62,0.00,0.62,0,0
/home/richard/project/SAT_benchmark/SATLIB/jnh/jnh308.cnf,UNSAT,0.62,0.00,0.62,0,0
/home/richard/project/SAT_benchmark/SATLIB/jnh/jnh202.cnf,UNSAT,0.47,0.00,0.47,0,0
/home/richard/project/SAT_benchmark/SATLIB/jnh/jnh217.cnf,SAT,16534.20,16514.41,19.79,169,127
/home/richard/project/SAT_benchmark/SATLIB/jnh/jnh213.cnf,SAT,1.64,0.00,1.64,0,0
/home/richard/project/SAT_benchmark/SATLIB/jnh/jnh10.cnf,UNSAT,0.49,0.00,0.49,0,0
/home/richard/project/SAT_benchmark/SATLIB/jnh/jnh14.cnf,UNSAT,0.74,0.00,0.74,0,0
/home/richard/project/SAT_benchmark/SATLIB/jnh/jnh1.cnf,SAT,1740.84,1720.95,19.89,24,11
/home/richard/project/SAT_benchmark/SATLIB/jnh/jnh205.cnf,SAT,2.84,0.00,2.84,0,0
/home/richard/project/SAT_benchmark/SATLIB/logistics/logistics.d.cnf,SAT,71396.46,71358.31,38.16,232,18
/home/richard/project/SAT_benchmark/SATLIB/logistics/logistics.b.cnf,SAT,116180.80,116157.75,23.05,424,147
/home/richard/project/SAT_benchmark/SATLIB/logistics/logistics.a.cnf,SAT,121550.26,121527.12,23.14,451,138
/home/richard/project/SAT_benchmark/SATLIB/logistics/logistics.c.cnf,SAT,237349.33,237321.92,27.42,1693,295
/home/richard/project/SAT_benchmark/SATLIB/parity/par8-3-c.cnf,SAT,1.54,0.00,1.54,0,0
/home/richard/project/SAT_benchmark/SATLIB/parity/par16-5-c.cnf,SAT,298936.63,298917.10,19.53,950,795
/home/richard/project/SAT_benchmark/SATLIB/parity/par8-3.cnf,SAT,6047.07,6045.34,1.73,21,21
/home/richard/project/SAT_benchmark/SATLIB/parity/par16-1-c.cnf,SAT,200033.21,200017.93,15.29,656,640
/home/richard/project/SAT_benchmark/SATLIB/parity/par8-2-c.cnf,SAT,1.22,0.00,1.22,0,0
/home/richard/project/SAT_benchmark/SATLIB/parity/par16-5.cnf,SAT,395543.75,395512.24,31.50,1668,1564
/home/richard/project/SAT_benchmark/SATLIB/parity/par8-1-c.cnf,SAT,1.11,0.00,1.11,0,0
/home/richard/project/SAT_benchmark/SATLIB/parity/par8-4.cnf,SAT,1.59,0.00,1.59,0,0
/home/richard/project/SAT_benchmark/SATLIB/parity/par8-5-c.cnf,SAT,1.32,0.00,1.32,0,0
/home/richard/project/SAT_benchmark/SATLIB/parity/par16-3.cnf,SAT,248956.17,248929.32,26.85,2178,1350
/home/richard/project/SAT_benchmark/SATLIB/parity/par8-2.cnf,SAT,1.24,0.00,1.24,0,0
/home/richard/project/SAT_benchmark/SATLIB/parity/par8-5.cnf,SAT,1.39,0.00,1.39,0,0
/home/richard/project/SAT_benchmark/SATLIB/parity/par8-1.cnf,SAT,0.11,0.00,0.11,0,0
/home/richard/project/SAT_benchmark/SATLIB/parity/par8-4-c.cnf,SAT,1.26,0.00,1.26,0,0
/home/richard/project/SAT_benchmark/SATLIB/pigeon-hole/hole6.cnf,UNSAT,68229.42,68225.15,4.27,737,562
/home/richard/project/SAT_benchmark/SATLIB/ssa/ssa7552-160.cnf,SAT,0.18,0.00,0.18,0,0
/home/richard/project/SAT_benchmark/SATLIB/ssa/ssa2670-141.cnf,UNSAT,8.13,0.00,8.13,9,11
/home/richard/project/SAT_benchmark/SATLIB/ssa/ssa0432-003.cnf,UNSAT,2.08,0.00,2.08,0,0
/home/richard/project/SAT_benchmark/SATLIB/ssa/ssa6288-047.cnf,UNSAT,0.06,0.00,0.06,0,0
/home/richard/project/SAT_benchmark/SATLIB/ssa/ssa7552-158.cnf,SAT,0.10,0.00,0.10,0,0
/home/richard/project/SAT_benchmark/SATLIB/ssa/ssa7552-038.cnf,SAT,0.22,0.00,0.22,0,0
/home/richard/project/SAT_benchmark/SATLIB/ssa/ssa2670-130.cnf,UNSAT,6.83,0.00,6.83,0,0
/home/richard/project/SAT_benchmark/SATLIB/ssa/ssa7552-159.cnf,SAT,0.20,0.00,0.20,0,0
/home/richard/project/SAT_benchmark/SATLIB/sw100-8-lp0-c5/SW100-8-0/sw100-35.cnf,SAT,0.07,0.00,0.07,0,0
/home/richard/project/SAT_benchmark/SATLIB/sw100-8-lp0-c5/SW100-8-0/sw100-68.cnf,SAT,0.11,0.00,0.11,0,0
/home/richard/project/SAT_benchmark/SATLIB/sw100-8-lp0-c5/SW100-8-0/sw100-30.cnf,SAT,0.08,0.00,0.08,0,0
/home/richard/project/SAT_benchmark/SATLIB/sw100-8-lp0-c5/SW100-8-0/sw100-10.cnf,SAT,0.09,0.00,0.09,0,0
/home/richard/project/SAT_benchmark/SATLIB/sw100-8-lp0-c5/SW100-8-0/sw100-36.cnf,SAT,0.08,0.00,0.08,0,0
/home/richard/project/SAT_benchmark/SATLIB/sw100-8-lp0-c5/SW100-8-0/sw100-78.cnf,SAT,0.09,0.00,0.09,0,0
/home/richard/project/SAT_benchmark/SATLIB/sw100-8-lp0-c5/SW100-8-0/sw100-64.cnf,SAT,0.11,0.00,0.11,0,0
/home/richard/project/SAT_benchmark/SATLIB/sw100-8-lp0-c5/SW100-8-0/sw100-94.cnf,SAT,0.09,0.00,0.09,0,0
/home/richard/project/SAT_benchmark/SATLIB/sw100-8-lp0-c5/SW100-8-0/sw100-51.cnf,SAT,0.09,0.00,0.09,0,0
/home/richard/project/SAT_benchmark/SATLIB/sw100-8-lp0-c5/SW100-8-0/sw100-2.cnf,SAT,0.09,0.00,0.09,0,0
/home/richard/project/SAT_benchmark/SATLIB/sw100-8-lp0-c5/SW100-8-0/sw100-69.cnf,SAT,0.08,0.00,0.08,0,0
/home/richard/project/SAT_benchmark/SATLIB/sw100-8-lp0-c5/SW100-8-0/sw100-61.cnf,SAT,0.07,0.00,0.07,0,0
/home/richard/project/SAT_benchmark/SATLIB/sw100-8-lp0-c5/SW100-8-0/sw100-46.cnf,SAT,0.11,0.00,0.11,0,0
/home/richard/project/SAT_benchmark/SATLIB/sw100-8-lp0-c5/SW100-8-0/sw100-90.cnf,SAT,0.09,0.00,0.09,0,0
/home/richard/project/SAT_benchmark/SATLIB/sw100-8-lp0-c5/SW100-8-0/sw100-56.cnf,SAT,0.11,0.00,0.11,0,0
/home/richard/project/SAT_benchmark/SATLIB/sw100-8-lp0-c5/SW100-8-0/sw100-45.cnf,SAT,0.09,0.00,0.09,0,0
/home/richard/project/SAT_benchmark/SATLIB/sw100-8-lp0-c5/SW100-8-0/sw100-57.cnf,SAT,0.12,0.00,0.12,0,0
/home/richard/project/SAT_benchmark/SATLIB/sw100-8-lp0-c5/SW100-8-0/sw100-89.cnf,SAT,0.09,0.00,0.09,0,0
/home/richard/project/SAT_benchmark/SATLIB/sw100-8-lp0-c5/SW100-8-0/sw100-52.cnf,SAT,0.09,0.00,0.09,0,0
/home/richard/project/SAT_benchmark/SATLIB/sw100-8-lp0-c5/SW100-8-0/sw100-85.cnf,SAT,16.50,0.00,16.50,0,0
/home/richard/project/SAT_benchmark/SATLIB/sw100-8-lp0-c5/SW100-8-0/sw100-19.cnf,SAT,16.76,0.00,16.76,0,0
/home/richard/project/SAT_benchmark/SATLIB/sw100-8-lp0-c5/SW100-8-0/sw100-88.cnf,SAT,0.11,0.00,0.11,0,0
/home/richard/project/SAT_benchmark/SATLIB/sw100-8-lp0-c5/SW100-8-0/sw100-3.cnf,SAT,17.84,0.00,17.84,0,0
/home/richard/project/SAT_benchmark/SATLIB/sw100-8-lp0-c5/SW100-8-0/sw100-67.cnf,SAT,16.56,0.00,16.56,0,0
/home/richard/project/SAT_benchmark/SATLIB/sw100-8-lp0-c5/SW100-8-0/sw100-33.cnf,SAT,0.09,0.00,0.09,0,0
/home/richard/project/SAT_benchmark/SATLIB/sw100-8-lp0-c5/SW100-8-0/sw100-22.cnf,SAT,0.09,0.00,0.09,0,0
/home/richard/project/SAT_benchmark/SATLIB/sw100-8-lp0-c5/SW100-8-0/sw100-14.cnf,SAT,0.11,0.00,0.11,0,0
/home/richard/project/SAT_benchmark/SATLIB/sw100-8-lp0-c5/SW100-8-0/sw100-21.cnf,SAT,0.09,0.00,0.09,0,0
/home/richard/project/SAT_benchmark/SATLIB/sw100-8-lp0-c5/SW100-8-0/sw100-79.cnf,SAT,0.05,0.00,0.05,0,0
/home/richard/project/SAT_benchmark/SATLIB/sw100-8-lp0-c5/SW100-8-0/sw100-99.cnf,SAT,0.10,0.00,0.10,0,0
/home/richard/project/SAT_benchmark/SATLIB/sw100-8-lp0-c5/SW100-8-0/sw100-72.cnf,SAT,0.08,0.00,0.08,0,0
/home/richard/project/SAT_benchmark/SATLIB/sw100-8-lp0-c5/SW100-8-0/sw100-97.cnf,SAT,0.10,0.00,0.10,0,0
/home/richard/project/SAT_benchmark/SATLIB/sw100-8-lp0-c5/SW100-8-0/sw100-73.cnf,SAT,0.17,0.00,0.17,0,0
/home/richard/project/SAT_benchmark/SATLIB/sw100-8-lp0-c5/SW100-8-0/sw100-16.cnf,SAT,0.11,0.00,0.11,0,0
/home/richard/project/SAT_benchmark/SATLIB/sw100-8-lp0-c5/SW100-8-0/sw100-8.cnf,SAT,0.08,0.00,0.08,0,0
/home/richard/project/SAT_benchmark/SATLIB/sw100-8-lp0-c5/SW100-8-0/sw100-9.cnf,SAT,0.09,0.00,0.09,0,0
/home/richard/project/SAT_benchmark/SATLIB/sw100-8-lp0-c5/SW100-8-0/sw100-93.cnf,SAT,17.03,0.00,17.03,0,0
/home/richard/project/SAT_benchmark/SATLIB/sw100-8-lp0-c5/SW100-8-0/sw100-87.cnf,SAT,0.09,0.00,0.09,0,0
/home/richard/project/SAT_benchmark/SATLIB/sw100-8-lp0-c5/SW100-8-0/sw100-31.cnf,SAT,0.13,0.00,0.13,0,0
/home/richard/project/SAT_benchmark/SATLIB/sw100-8-lp0-c5/SW100-8-0/sw100-92.cnf,SAT,0.09,0.00,0.09,0,0
/home/richard/project/SAT_benchmark/SATLIB/sw100-8-lp0-c5/SW100-8-0/sw100-4.cnf,SAT,18.99,0.00,18.99,0,0
/home/richard/project/SAT_benchmark/SATLIB/sw100-8-lp0-c5/SW100-8-0/sw100-75.cnf,SAT,0.06,0.00,0.06,0,0
/home/richard/project/SAT_benchmark/SATLIB/sw100-8-lp0-c5/SW100-8-0/sw100-80.cnf,SAT,0.09,0.00,0.09,0,0
/home/richard/project/SAT_benchmark/SATLIB/sw100-8-lp0-c5/SW100-8-0/sw100-18.cnf,SAT,20.42,0.00,20.42,0,0
/home/richard/project/SAT_benchmark/SATLIB/sw100-8-lp0-c5/SW100-8-0/sw100-38.cnf,SAT,20.26,0.00,20.26,0,0
/home/richard/project/SAT_benchmark/SATLIB/sw100-8-lp0-c5/SW100-8-0/sw100-23.cnf,SAT,20.81,0.00,20.81,0,0
/home/richard/project/SAT_benchmark/SATLIB/sw100-8-lp0-c5/SW100-8-0/sw100-98.cnf,SAT,0.10,0.00,0.10,0,0
/home/richard/project/SAT_benchmark/SATLIB/sw100-8-lp0-c5/SW100-8-0/sw100-44.cnf,SAT,0.12,0.00,0.12,0,0
/home/richard/project/SAT_benchmark/SATLIB/sw100-8-lp0-c5/SW100-8-0/sw100-34.cnf,SAT,0.14,0.00,0.14,0,0
/home/richard/project/SAT_benchmark/SATLIB/sw100-8-lp0-c5/SW100-8-0/sw100-66.cnf,SAT,0.11,0.00,0.11,0,0
/home/richard/project/SAT_benchmark/SATLIB/sw100-8-lp0-c5/SW100-8-0/sw100-27.cnf,SAT,0.14,0.00,0.14,0,0
/home/richard/project/SAT_benchmark/SATLIB/sw100-8-lp0-c5/SW100-8-0/sw100-39.cnf,SAT,17.02,0.00,17.02,0,0
/home/richard/project/SAT_benchmark/SATLIB/sw100-8-lp0-c5/SW100-8-0/sw100-1.cnf,SAT,16.73,0.00,16.73,0,0
/home/richard/project/SAT_benchmark/SATLIB/sw100-8-lp0-c5/SW100-8-0/sw100-42.cnf,SAT,0.10,0.00,0.10,0,0
/home/richard/project/SAT_benchmark/SATLIB/sw100-8-lp0-c5/SW100-8-0/sw100-12.cnf,SAT,16.65,0.00,16.65,0,0
/home/richard/project/SAT_benchmark/SATLIB/sw100-8-lp0-c5/SW100-8-0/sw100-81.cnf,SAT,0.09,0.00,0.09,0,0
/home/richard/project/SAT_benchmark/SATLIB/sw100-8-lp0-c5/SW100-8-0/sw100-53.cnf,SAT,0.10,0.00,0.10,0,0
/home/richard/project/SAT_benchmark/SATLIB/sw100-8-lp0-c5/SW100-8-0/sw100-48.cnf,SAT,6314.35,6297.48,16.87,64,2
/home/richard/project/SAT_benchmark/SATLIB/sw100-8-lp0-c5/SW100-8-0/sw100-84.cnf,SAT,0.11,0.00,0.11,0,0
/home/richard/project/SAT_benchmark/SATLIB/sw100-8-lp0-c5/SW100-8-0/sw100-70.cnf,SAT,0.11,0.00,0.11,0,0
/home/richard/project/SAT_benchmark/SATLIB/sw100-8-lp0-c5/SW100-8-0/sw100-24.cnf,SAT,0.09,0.00,0.09,0,0
/home/richard/project/SAT_benchmark/SATLIB/sw100-8-lp0-c5/SW100-8-0/sw100-41.cnf,SAT,0.09,0.00,0.09,0,0
/home/richard/project/SAT_benchmark/SATLIB/sw100-8-lp0-c5/SW100-8-0/sw100-77.cnf,SAT,0.09,0.00,0.09,0,0
/home/richard/project/SAT_benchmark/SATLIB/sw100-8-lp0-c5/SW100-8-0/sw100-76.cnf,SAT,0.09,0.00,0.09,0,0
/home/richard/project/SAT_benchmark/SATLIB/sw100-8-lp0-c5/SW100-8-0/sw100-17.cnf,SAT,0.13,0.00,0.13,0,0
/home/richard/project/SAT_benchmark/SATLIB/sw100-8-lp0-c5/SW100-8-0/sw100-11.cnf,SAT,0.09,0.00,0.09,0,0
/home/richard/project/SAT_benchmark/SATLIB/sw100-8-lp0-c5/SW100-8-0/sw100-7.cnf,SAT,16.92,0.00,16.92,0,0
/home/richard/project/SAT_benchmark/SATLIB/sw100-8-lp0-c5/SW100-8-0/sw100-26.cnf,SAT,0.09,0.00,0.09,0,0
/home/richard/project/SAT_benchmark/SATLIB/sw100-8-lp0-c5/SW100-8-0/sw100-82.cnf,SAT,16.79,0.00,16.79,0,0
/home/richard/project/SAT_benchmark/SATLIB/sw100-8-lp0-c5/SW100-8-0/sw100-91.cnf,SAT,16.63,0.00,16.63,0,0
/home/richard/project/SAT_benchmark/SATLIB/sw100-8-lp0-c5/SW100-8-0/sw100-83.cnf,SAT,0.09,0.00,0.09,0,0
/home/richard/project/SAT_benchmark/SATLIB/sw100-8-lp0-c5/SW100-8-0/sw100-62.cnf,SAT,16.79,0.00,16.79,0,0
/home/richard/project/SAT_benchmark/SATLIB/sw100-8-lp0-c5/SW100-8-0/sw100-74.cnf,SAT,0.09,0.00,0.09,0,0
/home/richard/project/SAT_benchmark/SATLIB/sw100-8-lp0-c5/SW100-8-0/sw100-37.cnf,SAT,0.09,0.00,0.09,0,0
/home/richard/project/SAT_benchmark/SATLIB/sw100-8-lp0-c5/SW100-8-0/sw100-32.cnf,SAT,0.09,0.00,0.09,0,0
/home/richard/project/SAT_benchmark/SATLIB/sw100-8-lp0-c5/SW100-8-0/sw100-96.cnf,SAT,0.12,0.00,0.12,0,0
/home/richard/project/SAT_benchmark/SATLIB/sw100-8-lp0-c5/SW100-8-0/sw100-49.cnf,SAT,0.09,0.00,0.09,0,0
/home/richard/project/SAT_benchmark/SATLIB/sw100-8-lp0-c5/SW100-8-0/sw100-25.cnf,SAT,0.08,0.00,0.08,0,0
/home/richard/project/SAT_benchmark/SATLIB/sw100-8-lp0-c5/SW100-8-0/sw100-43.cnf,SAT,16.97,0.00,16.97,0,0
/home/richard/project/SAT_benchmark/SATLIB/sw100-8-lp0-c5/SW100-8-0/sw100-29.cnf,SAT,0.13,0.00,0.13,0,0
/home/richard/project/SAT_benchmark/SATLIB/sw100-8-lp0-c5/SW100-8-0/sw100-86.cnf,SAT,0.10,0.00,0.10,0,0
/home/richard/project/SAT_benchmark/SATLIB/sw100-8-lp0-c5/SW100-8-0/sw100-95.cnf,SAT,16.53,0.00,16.53,0,0
/home/richard/project/SAT_benchmark/SATLIB/sw100-8-lp0-c5/SW100-8-0/sw100-58.cnf,SAT,0.11,0.00,0.11,0,0
/home/richard/project/SAT_benchmark/SATLIB/sw100-8-lp0-c5/SW100-8-0/sw100-40.cnf,SAT,0.15,0.00,0.15,0,0
/home/richard/project/SAT_benchmark/SATLIB/sw100-8-lp0-c5/SW100-8-0/sw100-15.cnf,SAT,0.11,0.00,0.11,0,0
/home/richard/project/SAT_benchmark/SATLIB/sw100-8-lp0-c5/SW100-8-0/sw100-50.cnf,SAT,0.09,0.00,0.09,0,0
/home/richard/project/SAT_benchmark/SATLIB/sw100-8-lp0-c5/SW100-8-0/sw100-47.cnf,SAT,25.97,0.00,25.97,0,0
/home/richard/project/SAT_benchmark/SATLIB/sw100-8-lp0-c5/SW100-8-0/sw100-55.cnf,SAT,0.09,0.00,0.09,0,0
/home/richard/project/SAT_benchmark/SATLIB/sw100-8-lp0-c5/SW100-8-0/sw100-65.cnf,SAT,16.40,0.00,16.40,0,0
/home/richard/project/SAT_benchmark/SATLIB/sw100-8-lp0-c5/SW100-8-0/sw100-100.cnf,SAT,0.12,0.00,0.12,0,0
/home/richard/project/SAT_benchmark/SATLIB/sw100-8-lp0-c5/SW100-8-0/sw100-63.cnf,SAT,0.09,0.00,0.09,0,0
/home/richard/project/SAT_benchmark/SATLIB/sw100-8-lp0-c5/SW100-8-0/sw100-13.cnf,SAT,0.09,0.00,0.09,0,0
/home/richard/project/SAT_benchmark/SATLIB/sw100-8-lp0-c5/SW100-8-0/sw100-28.cnf,SAT,0.11,0.00,0.11,0,0
/home/richard/project/SAT_benchmark/SATLIB/sw100-8-lp0-c5/SW100-8-0/sw100-5.cnf,SAT,0.11,0.00,0.11,0,0
/home/richard/project/SAT_benchmark/SATLIB/sw100-8-lp0-c5/SW100-8-0/sw100-60.cnf,SAT,15.96,0.00,15.96,0,0
/home/richard/project/SAT_benchmark/SATLIB/sw100-8-lp0-c5/SW100-8-0/sw100-54.cnf,SAT,16.68,0.00,16.68,0,0
/home/richard/project/SAT_benchmark/SATLIB/sw100-8-lp0-c5/SW100-8-0/sw100-59.cnf,SAT,16.15,0.00,16.15,0,0
/home/richard/project/SAT_benchmark/SATLIB/sw100-8-lp0-c5/SW100-8-0/sw100-6.cnf,SAT,0.07,0.00,0.07,0,0
/home/richard/project/SAT_benchmark/SATLIB/sw100-8-lp0-c5/SW100-8-0/sw100-71.cnf,SAT,0.06,0.00,0.06,0,0
/home/richard/project/SAT_benchmark/SATLIB/sw100-8-lp0-c5/SW100-8-0/sw100-20.cnf,SAT,0.11,0.00,0.11,0,0
/home/richard/project/SAT_benchmark/SATLIB/sw100-8-lp1-c5/SW100-8-1/sw100-35.cnf,SAT,0.15,0.00,0.15,0,0
/home/richard/project/SAT_benchmark/SATLIB/sw100-8-lp1-c5/SW100-8-1/sw100-68.cnf,SAT,0.05,0.00,0.05,0,0
/home/richard/project/SAT_benchmark/SATLIB/sw100-8-lp1-c5/SW100-8-1/sw100-30.cnf,SAT,0.15,0.00,0.15,0,0
/home/richard/project/SAT_benchmark/SATLIB/sw100-8-lp1-c5/SW100-8-1/sw100-10.cnf,SAT,10125.73,10108.98,16.75,74,3
/home/richard/project/SAT_benchmark/SATLIB/sw100-8-lp1-c5/SW100-8-1/sw100-36.cnf,SAT,0.09,0.00,0.09,0,0
/home/richard/project/SAT_benchmark/SATLIB/sw100-8-lp1-c5/SW100-8-1/sw100-78.cnf,SAT,0.10,0.00,0.10,0,0
/home/richard/project/SAT_benchmark/SATLIB/sw100-8-lp1-c5/SW100-8-1/sw100-64.cnf,SAT,0.10,0.00,0.10,0,0
/home/richard/project/SAT_benchmark/SATLIB/sw100-8-lp1-c5/SW100-8-1/sw100-94.cnf,SAT,0.45,0.00,0.45,0,0
/home/richard/project/SAT_benchmark/SATLIB/sw100-8-lp1-c5/SW100-8-1/sw100-51.cnf,SAT,0.12,0.00,0.12,0,0
/home/richard/project/SAT_benchmark/SATLIB/sw100-8-lp1-c5/SW100-8-1/sw100-2.cnf,SAT,0.08,0.00,0.08,0,0
/home/richard/project/SAT_benchmark/SATLIB/sw100-8-lp1-c5/SW100-8-1/sw100-69.cnf,SAT,15.27,0.00,15.27,0,0
/home/richard/project/SAT_benchmark/SATLIB/sw100-8-lp1-c5/SW100-8-1/sw100-61.cnf,SAT,0.09,0.00,0.09,0,0
/home/richard/project/SAT_benchmark/SATLIB/sw100-8-lp1-c5/SW100-8-1/sw100-46.cnf,SAT,0.12,0.00,0.12,0,0
/home/richard/project/SAT_benchmark/SATLIB/sw100-8-lp1-c5/SW100-8-1/sw100-90.cnf,SAT,16.06,0.00,16.06,0,0
/home/richard/project/SAT_benchmark/SATLIB/sw100-8-lp1-c5/SW100-8-1/sw100-56.cnf,SAT,16.48,0.00,16.48,0,0
/home/richard/project/SAT_benchmark/SATLIB/sw100-8-lp1-c5/SW100-8-1/sw100-45.cnf,SAT,0.12,0.00,0.12,0,0
/home/richard/project/SAT_benchmark/SATLIB/sw100-8-lp1-c5/SW100-8-1/sw100-57.cnf,SAT,15.94,0.00,15.94,0,0
/home/richard/project/SAT_benchmark/SATLIB/sw100-8-lp1-c5/SW100-8-1/sw100-89.cnf,SAT,7323.41,7307.59,15.82,71,0
/home/richard/project/SAT_benchmark/SATLIB/sw100-8-lp1-c5/SW100-8-1/sw100-52.cnf,SAT,0.12,0.00,0.12,0,0
/home/richard/project/SAT_benchmark/SATLIB/sw100-8-lp1-c5/SW100-8-1/sw100-85.cnf,SAT,15.20,0.00,15.20,0,0
/home/richard/project/SAT_benchmark/SATLIB/sw100-8-lp1-c5/SW100-8-1/sw100-19.cnf,SAT,0.09,0.00,0.09,0,0
/home/richard/project/SAT_benchmark/SATLIB/sw100-8-lp1-c5/SW100-8-1/sw100-88.cnf,SAT,0.09,0.00,0.09,0,0
/home/richard/project/SAT_benchmark/SATLIB/sw100-8-lp1-c5/SW100-8-1/sw100-3.cnf,SAT,15.75,0.00,15.75,0,0
/home/richard/project/SAT_benchmark/SATLIB/sw100-8-lp1-c5/SW100-8-1/sw100-67.cnf,SAT,0.10,0.00,0.10,0,0
/home/richard/project/SAT_benchmark/SATLIB/sw100-8-lp1-c5/SW100-8-1/sw100-33.cnf,SAT,15.96,0.00,15.96,0,0
/home/richard/project/SAT_benchmark/SATLIB/sw100-8-lp1-c5/SW100-8-1/sw100-22.cnf,SAT,0.11,0.00,0.11,0,0
/home/richard/project/SAT_benchmark/SATLIB/sw100-8-lp1-c5/SW100-8-1/sw100-14.cnf,SAT,0.08,0.00,0.08,0,0
/home/richard/project/SAT_benchmark/SATLIB/sw100-8-lp1-c5/SW100-8-1/sw100-21.cnf,SAT,0.12,0.00,0.12,0,0
/home/richard/project/SAT_benchmark/SATLIB/sw100-8-lp1-c5/SW100-8-1/sw100-79.cnf,SAT,17.01,0.00,17.01,0,0
/home/richard/project/SAT_benchmark/SATLIB/sw100-8-lp1-c5/SW100-8-1/sw100-99.cnf,SAT,0.09,0.00,0.09,0,0
/home/richard/project/SAT_benchmark/SATLIB/sw100-8-lp1-c5/SW100-8-1/sw100-72.cnf,SAT,0.13,0.00,0.13,0,0
/home/richard/project/SAT_benchmark/SATLIB/sw100-8-lp1-c5/SW100-8-1/sw100-97.cnf,SAT,0.15,0.00,0.15,0,0
/home/richard/project/SAT_benchmark/SATLIB/sw100-8-lp1-c5/SW100-8-1/sw100-73.cnf,SAT,0.09,0.00,0.09,0,0
/home/richard/project/SAT_benchmark/SATLIB/sw100-8-lp1-c5/SW100-8-1/sw100-16.cnf,SAT,16.26,0.00,16.26,0,0
/home/richard/project/SAT_benchmark/SATLIB/sw100-8-lp1-c5/SW100-8-1/sw100-8.cnf,SAT,21.31,0.00,21.31,0,0
/home/richard/project/SAT_benchmark/SATLIB/sw100-8-lp1-c5/SW100-8-1/sw100-9.cnf,SAT,0.10,0.00,0.10,0,0
/home/richard/project/SAT_benchmark/SATLIB/sw100-8-lp1-c5/SW100-8-1/sw100-93.cnf,SAT,0.10,0.00,0.10,0,0
/home/richard/project/SAT_benchmark/SATLIB/sw100-8-lp1-c5/SW100-8-1/sw100-87.cnf,SAT,0.09,0.00,0.09,0,0
/home/richard/project/SAT_benchmark/SATLIB/sw100-8-lp1-c5/SW100-8-1/sw100-31.cnf,SAT,0.16,0.00,0.16,0,0
/home/richard/project/SAT_benchmark/SATLIB/sw100-8-lp1-c5/SW100-8-1/sw100-92.cnf,SAT,0.09,0.00,0.09,0,0
/home/richard/project/SAT_benchmark/SATLIB/sw100-8-lp1-c5/SW100-8-1/sw100-4.cnf,SAT,0.19,0.00,0.19,0,0
/home/richard/project/SAT_benchmark/SATLIB/sw100-8-lp1-c5/SW100-8-1/sw100-75.cnf,SAT,0.09,0.00,0.09,0,0
/home/richard/project/SAT_benchmark/SATLIB/sw100-8-lp1-c5/SW100-8-1/sw100-80.cnf,SAT,0.10,0.00,0.10,0,0
/home/richard/project/SAT_benchmark/SATLIB/sw100-8-lp1-c5/SW100-8-1/sw100-18.cnf,SAT,0.12,0.00,0.12,0,0
/home/richard/project/SAT_benchmark/SATLIB/sw100-8-lp1-c5/SW100-8-1/sw100-38.cnf,SAT,0.10,0.00,0.10,0,0
/home/richard/project/SAT_benchmark/SATLIB/sw100-8-lp1-c5/SW100-8-1/sw100-23.cnf,SAT,16.18,0.00,16.18,0,0
/home/richard/project/SAT_benchmark/SATLIB/sw100-8-lp1-c5/SW100-8-1/sw100-98.cnf,SAT,0.07,0.00,0.07,0,0
/home/richard/project/SAT_benchmark/SATLIB/sw100-8-lp1-c5/SW100-8-1/sw100-44.cnf,SAT,0.11,0.00,0.11,0,0
/home/richard/project/SAT_benchmark/SATLIB/sw100-8-lp1-c5/SW100-8-1/sw100-34.cnf,SAT,0.08,0.00,0.08,0,0
/home/richard/project/SAT_benchmark/SATLIB/sw100-8-lp1-c5/SW100-8-1/sw100-66.cnf,SAT,1.72,0.00,1.72,0,0
/home/richard/project/SAT_benchmark/SATLIB/sw100-8-lp1-c5/SW100-8-1/sw100-27.cnf,SAT,0.10,0.00,0.10,0,0
/home/richard/project/SAT_benchmark/SATLIB/sw100-8-lp1-c5/SW100-8-1/sw100-39.cnf,SAT,0.05,0.00,0.05,0,0
/home/richard/project/SAT_benchmark/SATLIB/sw100-8-lp1-c5/SW100-8-1/sw100-1.cnf,SAT,11122.06,11104.67,17.39,80,4
/home/richard/project/SAT_benchmark/SATLIB/sw100-8-lp1-c5/SW100-8-1/sw100-42.cnf,SAT,0.11,0.00,0.11,0,0
/home/richard/project/SAT_benchmark/SATLIB/sw100-8-lp1-c5/SW100-8-1/sw100-12.cnf,SAT,0.10,0.00,0.10,0,0
/home/richard/project/SAT_benchmark/SATLIB/sw100-8-lp1-c5/SW100-8-1/sw100-81.cnf,SAT,0.40,0.00,0.40,0,0
/home/richard/project/SAT_benchmark/SATLIB/sw100-8-lp1-c5/SW100-8-1/sw100-53.cnf,SAT,0.15,0.00,0.15,0,0
/home/richard/project/SAT_benchmark/SATLIB/sw100-8-lp1-c5/SW100-8-1/sw100-48.cnf,SAT,0.09,0.00,0.09,0,0
/home/richard/project/SAT_benchmark/SATLIB/sw100-8-lp1-c5/SW100-8-1/sw100-84.cnf,SAT,0.11,0.00,0.11,0,0
/home/richard/project/SAT_benchmark/SATLIB/sw100-8-lp1-c5/SW100-8-1/sw100-70.cnf,SAT,0.09,0.00,0.09,0,0
/home/richard/project/SAT_benchmark/SATLIB/sw100-8-lp1-c5/SW100-8-1/sw100-24.cnf,SAT,0.09,0.00,0.09,0,0
/home/richard/project/SAT_benchmark/SATLIB/sw100-8-lp1-c5/SW100-8-1/sw100-41.cnf,SAT,0.09,0.00,0.09,0,0
/home/richard/project/SAT_benchmark/SATLIB/sw100-8-lp1-c5/SW100-8-1/sw100-77.cnf,SAT,0.07,0.00,0.07,0,0
/home/richard/project/SAT_benchmark/SATLIB/sw100-8-lp1-c5/SW100-8-1/sw100-76.cnf,SAT,8642.58,8626.17,16.41,68,4
/home/richard/project/SAT_benchmark/SATLIB/sw100-8-lp1-c5/SW100-8-1/sw100-17.cnf,SAT,16.44,0.00,16.44,0,0
/home/richard/project/SAT_benchmark/SATLIB/sw100-8-lp1-c5/SW100-8-1/sw100-11.cnf,SAT,0.11,0.00,0.11,0,0
/home/richard/project/SAT_benchmark/SATLIB/sw100-8-lp1-c5/SW100-8-1/sw100-7.cnf,SAT,0.10,0.00,0.10,0,0
/home/richard/project/SAT_benchmark/SATLIB/sw100-8-lp1-c5/SW100-8-1/sw100-26.cnf,SAT,0.10,0.00,0.10,0,0
/home/richard/project/SAT_benchmark/SATLIB/sw100-8-lp1-c5/SW100-8-1/sw100-82.cnf,SAT,0.12,0.00,0.12,0,0
/home/richard/project/SAT_benchmark/SATLIB/sw100-8-lp1-c5/SW100-8-1/sw100-91.cnf,SAT,0.09,0.00,0.09,0,0
/home/richard/project/SAT_benchmark/SATLIB/sw100-8-lp1-c5/SW100-8-1/sw100-83.cnf,SAT,15.61,0.00,15.61,0,0
/home/richard/project/SAT_benchmark/SATLIB/sw100-8-lp1-c5/SW100-8-1/sw100-62.cnf,SAT,15.84,0.00,15.84,0,0
/home/richard/project/SAT_benchmark/SATLIB/sw100-8-lp1-c5/SW100-8-1/sw100-74.cnf,SAT,0.09,0.00,0.09,0,0
/home/richard/project/SAT_benchmark/SATLIB/sw100-8-lp1-c5/SW100-8-1/sw100-37.cnf,SAT,0.11,0.00,0.11,0,0
/home/richard/project/SAT_benchmark/SATLIB/sw100-8-lp1-c5/SW100-8-1/sw100-32.cnf,SAT,0.09,0.00,0.09,0,0
/home/richard/project/SAT_benchmark/SATLIB/sw100-8-lp1-c5/SW100-8-1/sw100-96.cnf,SAT,0.12,0.00,0.12,0,0
/home/richard/project/SAT_benchmark/SATLIB/sw100-8-lp1-c5/SW100-8-1/sw100-49.cnf,SAT,0.09,0.00,0.09,0,0
/home/richard/project/SAT_benchmark/SATLIB/sw100-8-lp1-c5/SW100-8-1/sw100-25.cnf,SAT,0.08,0.00,0.08,0,0
/home/richard/project/SAT_benchmark/SATLIB/sw100-8-lp1-c5/SW100-8-1/sw100-43.cnf,SAT,0.11,0.00,0.11,0,0
/home/richard/project/SAT_benchmark/SATLIB/sw100-8-lp1-c5/SW100-8-1/sw100-29.cnf,SAT,0.09,0.00,0.09,0,0
/home/richard/project/SAT_benchmark/SATLIB/sw100-8-lp1-c5/SW100-8-1/sw100-86.cnf,SAT,0.12,0.00,0.12,0,0
/home/richard/project/SAT_benchmark/SATLIB/sw100-8-lp1-c5/SW100-8-1/sw100-95.cnf,SAT,0.10,0.00,0.10,0,0
/home/richard/project/SAT_benchmark/SATLIB/sw100-8-lp1-c5/SW100-8-1/sw100-58.cnf,SAT,0.15,0.00,0.15,0,0
/home/richard/project/SAT_benchmark/SATLIB/sw100-8-lp1-c5/SW100-8-1/sw100-40.cnf,SAT,0.10,0.00,0.10,0,0
/home/richard/project/SAT_benchmark/SATLIB/sw100-8-lp1-c5/SW100-8-1/sw100-15.cnf,SAT,10327.57,10311.58,15.99,109,19
/home/richard/project/SAT_benchmark/SATLIB/sw100-8-lp1-c5/SW100-8-1/sw100-50.cnf,SAT,0.09,0.00,0.09,0,0
/home/richard/project/SAT_benchmark/SATLIB/sw100-8-lp1-c5/SW100-8-1/sw100-47.cnf,SAT,0.12,0.00,0.12,0,0
/home/richard/project/SAT_benchmark/SATLIB/sw100-8-lp1-c5/SW100-8-1/sw100-55.cnf,SAT,8559.68,8544.18,15.51,66,1
/home/richard/project/SAT_benchmark/SATLIB/sw100-8-lp1-c5/SW100-8-1/sw100-65.cnf,SAT,0.13,0.00,0.13,0,0
/home/richard/project/SAT_benchmark/SATLIB/sw100-8-lp1-c5/SW100-8-1/sw100-100.cnf,SAT,0.09,0.00,0.09,0,0
/home/richard/project/SAT_benchmark/SATLIB/sw100-8-lp1-c5/SW100-8-1/sw100-63.cnf,SAT,0.10,0.00,0.10,0,0
/home/richard/project/SAT_benchmark/SATLIB/sw100-8-lp1-c5/SW100-8-1/sw100-13.cnf,SAT,0.62,0.00,0.62,0,0
/home/richard/project/SAT_benchmark/SATLIB/sw100-8-lp1-c5/SW100-8-1/sw100-28.cnf,SAT,0.10,0.00,0.10,0,0
/home/richard/project/SAT_benchmark/SATLIB/sw100-8-lp1-c5/SW100-8-1/sw100-5.cnf,SAT,0.09,0.00,0.09,0,0
/home/richard/project/SAT_benchmark/SATLIB/sw100-8-lp1-c5/SW100-8-1/sw100-60.cnf,SAT,0.11,0.00,0.11,0,0
/home/richard/project/SAT_benchmark/SATLIB/sw100-8-lp1-c5/SW100-8-1/sw100-54.cnf,SAT,0.09,0.00,0.09,0,0
/home/richard/project/SAT_benchmark/SATLIB/sw100-8-lp1-c5/SW100-8-1/sw100-59.cnf,SAT,0.09,0.00,0.09,0,0
/home/richard/project/SAT_benchmark/SATLIB/sw100-8-lp1-c5/SW100-8-1/sw100-6.cnf,SAT,0.10,0.00,0.10,0,0
/home/richard/project/SAT_benchmark/SATLIB/sw100-8-lp1-c5/SW100-8-1/sw100-71.cnf,SAT,0.11,0.00,0.11,0,0
/home/richard/project/SAT_benchmark/SATLIB/sw100-8-lp1-c5/SW100-8-1/sw100-20.cnf,SAT,0.09,0.00,0.09,0,0
/home/richard/project/SAT_benchmark/SATLIB/sw100-8-lp2-c5/SW100-8-2/sw100-35.cnf,SAT,0.09,0.00,0.09,0,0
/home/richard/project/SAT_benchmark/SATLIB/sw100-8-lp2-c5/SW100-8-2/sw100-68.cnf,SAT,13826.46,13812.06,14.40,68,2
/home/richard/project/SAT_benchmark/SATLIB/sw100-8-lp2-c5/SW100-8-2/sw100-30.cnf,SAT,14.60,0.00,14.60,0,0
/home/richard/project/SAT_benchmark/SATLIB/sw100-8-lp2-c5/SW100-8-2/sw100-10.cnf,SAT,15.05,0.00,15.05,0,0
/home/richard/project/SAT_benchmark/SATLIB/sw100-8-lp2-c5/SW100-8-2/sw100-36.cnf,SAT,14.89,0.00,14.89,0,0
/home/richard/project/SAT_benchmark/SATLIB/sw100-8-lp2-c5/SW100-8-2/sw100-78.cnf,SAT,0.11,0.00,0.11,0,0
/home/richard/project/SAT_benchmark/SATLIB/sw100-8-lp2-c5/SW100-8-2/sw100-64.cnf,SAT,0.12,0.00,0.12,0,0
/home/richard/project/SAT_benchmark/SATLIB/sw100-8-lp2-c5/SW100-8-2/sw100-94.cnf,SAT,0.12,0.00,0.12,0,0
/home/richard/project/SAT_benchmark/SATLIB/sw100-8-lp2-c5/SW100-8-2/sw100-51.cnf,SAT,21011.07,20992.43,18.65,82,9
/home/richard/project/SAT_benchmark/SATLIB/sw100-8-lp2-c5/SW100-8-2/sw100-2.cnf,SAT,0.28,0.00,0.28,0,0
/home/richard/project/SAT_benchmark/SATLIB/sw100-8-lp2-c5/SW100-8-2/sw100-69.cnf,SAT,35378.37,35361.34,17.03,135,24
/home/richard/project/SAT_benchmark/SATLIB/sw100-8-lp2-c5/SW100-8-2/sw100-61.cnf,SAT,17230.59,17215.86,14.73,78,10
/home/richard/project/SAT_benchmark/SATLIB/sw100-8-lp2-c5/SW100-8-2/sw100-46.cnf,SAT,19324.91,19309.11,15.80,77,13
/home/richard/project/SAT_benchmark/SATLIB/sw100-8-lp2-c5/SW100-8-2/sw100-90.cnf,SAT,12082.69,12067.50,15.19,61,7
/home/richard/project/SAT_benchmark/SATLIB/sw100-8-lp2-c5/SW100-8-2/sw100-56.cnf,SAT,15.25,0.00,15.25,0,0
/home/richard/project/SAT_benchmark/SATLIB/sw100-8-lp2-c5/SW100-8-2/sw100-45.cnf,SAT,15.22,0.00,15.22,0,0
/home/richard/project/SAT_benchmark/SATLIB/sw100-8-lp2-c5/SW100-8-2/sw100-57.cnf,SAT,15866.62,15850.86,15.76,67,15
/home/richard/project/SAT_benchmark/SATLIB/sw100-8-lp2-c5/SW100-8-2/sw100-89.cnf,SAT,20274.57,20259.08,15.49,88,3
/home/richard/project/SAT_benchmark/SATLIB/sw100-8-lp2-c5/SW100-8-2/sw100-52.cnf,SAT,12000.42,11984.83,15.60,58,6
/home/richard/project/SAT_benchmark/SATLIB/sw100-8-lp2-c5/SW100-8-2/sw100-85.cnf,SAT,0.12,0.00,0.12,0,0
/home/richard/project/SAT_benchmark/SATLIB/sw100-8-lp2-c5/SW100-8-2/sw100-19.cnf,SAT,0.10,0.00,0.10,0,0
/home/richard/project/SAT_benchmark/SATLIB/sw100-8-lp2-c5/SW100-8-2/sw100-88.cnf,SAT,14.97,0.00,14.97,0,0
/home/richard/project/SAT_benchmark/SATLIB/sw100-8-lp2-c5/SW100-8-2/sw100-3.cnf,SAT,14.41,0.00,14.41,0,0
/home/richard/project/SAT_benchmark/SATLIB/sw100-8-lp2-c5/SW100-8-2/sw100-67.cnf,SAT,0.10,0.00,0.10,0,0
/home/richard/project/SAT_benchmark/SATLIB/sw100-8-lp2-c5/SW100-8-2/sw100-33.cnf,SAT,12636.86,12621.86,14.99,72,14
/home/richard/project/SAT_benchmark/SATLIB/sw100-8-lp2-c5/SW100-8-2/sw100-22.cnf,SAT,18120.90,18105.38,15.52,99,17
/home/richard/project/SAT_benchmark/SATLIB/sw100-8-lp2-c5/SW100-8-2/sw100-14.cnf,SAT,0.09,0.00,0.09,0,0
/home/richard/project/SAT_benchmark/SATLIB/sw100-8-lp2-c5/SW100-8-2/sw100-21.cnf,SAT,28171.75,28157.06,14.70,121,4
/home/richard/project/SAT_benchmark/SATLIB/sw100-8-lp2-c5/SW100-8-2/sw100-79.cnf,SAT,0.18,0.00,0.18,0,0
/home/richard/project/SAT_benchmark/SATLIB/sw100-8-lp2-c5/SW100-8-2/sw100-99.cnf,SAT,0.11,0.00,0.11,0,0
/home/richard/project/SAT_benchmark/SATLIB/sw100-8-lp2-c5/SW100-8-2/sw100-72.cnf,SAT,37816.84,37800.21,16.64,148,20
/home/richard/project/SAT_benchmark/SATLIB/sw100-8-lp2-c5/SW100-8-2/sw100-97.cnf,SAT,0.36,0.00,0.36,0,0
/home/richard/project/SAT_benchmark/SATLIB/sw100-8-lp2-c5/SW100-8-2/sw100-73.cnf,SAT,14.44,0.00,14.44,0,0
/home/richard/project/SAT_benchmark/SATLIB/sw100-8-lp2-c5/SW100-8-2/sw100-16.cnf,SAT,28661.23,28644.83,16.40,104,4
/home/richard/project/SAT_benchmark/SATLIB/sw100-8-lp2-c5/SW100-8-2/sw100-8.cnf,SAT,15.16,0.00,15.16,0,0
/home/richard/project/SAT_benchmark/SATLIB/sw100-8-lp2-c5/SW100-8-2/sw100-9.cnf,SAT,14.93,0.00,14.93,0,0
/home/richard/project/SAT_benchmark/SATLIB/sw100-8-lp2-c5/SW100-8-2/sw100-93.cnf,SAT,0.12,0.00,0.12,0,0
/home/richard/project/SAT_benchmark/SATLIB/sw100-8-lp2-c5/SW100-8-2/sw100-87.cnf,SAT,0.07,0.00,0.07,0,0
/home/richard/project/SAT_benchmark/SATLIB/sw100-8-lp2-c5/SW100-8-2/sw100-31.cnf,SAT,0.10,0.00,0.10,0,0
/home/richard/project/SAT_benchmark/SATLIB/sw100-8-lp2-c5/SW100-8-2/sw100-92.cnf,SAT,15994.49,15978.92,15.57,67,6
/home/richard/project/SAT_benchmark/SATLIB/sw100-8-lp2-c5/SW100-8-2/sw100-4.cnf,SAT,0.11,0.00,0.11,0,0
/home/richard/project/SAT_benchmark/SATLIB/sw100-8-lp2-c5/SW100-8-2/sw100-75.cnf,SAT,16554.53,16539.15,15.37,62,4
/home/richard/project/SAT_benchmark/SATLIB/sw100-8-lp2-c5/SW100-8-2/sw100-80.cnf,SAT,0.11,0.00,0.11,0,0
/home/richard/project/SAT_benchmark/SATLIB/sw100-8-lp2-c5/SW100-8-2/sw100-18.cnf,SAT,17779.05,17764.25,14.80,75,7
/home/richard/project/SAT_benchmark/SATLIB/sw100-8-lp2-c5/SW100-8-2/sw100-38.cnf,SAT,0.12,0.00,0.12,0,0
/home/richard/project/SAT_benchmark/SATLIB/sw100-8-lp2-c5/SW100-8-2/sw100-23.cnf,SAT,16.55,0.00,16.55,0,0
/home/richard/project/SAT_benchmark/SATLIB/sw100-8-lp2-c5/SW100-8-2/sw100-98.cnf,SAT,9010.48,8994.90,15.58,64,5
/home/richard/project/SAT_benchmark/SATLIB/sw100-8-lp2-c5/SW100-8-2/sw100-44.cnf,SAT,0.12,0.00,0.12,0,0
/home/richard/project/SAT_benchmark/SATLIB/sw100-8-lp2-c5/SW100-8-2/sw100-34.cnf,SAT,0.11,0.00,0.11,0,0
/home/richard/project/SAT_benchmark/SATLIB/sw100-8-lp2-c5/SW100-8-2/sw100-66.cnf,SAT,14.59,0.00,14.59,0,0
/home/richard/project/SAT_benchmark/SATLIB/sw100-8-lp2-c5/SW100-8-2/sw100-27.cnf,SAT,12254.57,12238.57,16.00,76,12
/home/richard/project/SAT_benchmark/SATLIB/sw100-8-lp2-c5/SW100-8-2/sw100-39.cnf,SAT,0.11,0.00,0.11,0,0
/home/richard/project/SAT_benchmark/SATLIB/sw100-8-lp2-c5/SW100-8-2/sw100-1.cnf,SAT,0.15,0.00,0.15,0,0
/home/richard/project/SAT_benchmark/SATLIB/sw100-8-lp2-c5/SW100-8-2/sw100-42.cnf,SAT,0.12,0.00,0.12,0,0
/home/richard/project/SAT_benchmark/SATLIB/sw100-8-lp2-c5/SW100-8-2/sw100-12.cnf,SAT,13917.64,13902.57,15.06,68,4
/home/richard/project/SAT_benchmark/SATLIB/sw100-8-lp2-c5/SW100-8-2/sw100-81.cnf,SAT,12677.70,12662.57,15.13,67,2
/home/richard/project/SAT_benchmark/SATLIB/sw100-8-lp2-c5/SW100-8-2/sw100-53.cnf,SAT,16.61,0.00,16.61,0,0
/home/richard/project/SAT_benchmark/SATLIB/sw100-8-lp2-c5/SW100-8-2/sw100-48.cnf,SAT,21.13,0.00,21.13,0,0
/home/richard/project/SAT_benchmark/SATLIB/sw100-8-lp2-c5/SW100-8-2/sw100-84.cnf,SAT,16203.57,16187.82,15.74,70,7
/home/richard/project/SAT_benchmark/SATLIB/sw100-8-lp2-c5/SW100-8-2/sw100-70.cnf,SAT,0.12,0.00,0.12,0,0
/home/richard/project/SAT_benchmark/SATLIB/sw100-8-lp2-c5/SW100-8-2/sw100-24.cnf,SAT,0.43,0.00,0.43,0,0
/home/richard/project/SAT_benchmark/SATLIB/sw100-8-lp2-c5/SW100-8-2/sw100-41.cnf,SAT,20959.15,20943.68,15.47,70,6
/home/richard/project/SAT_benchmark/SATLIB/sw100-8-lp2-c5/SW100-8-2/sw100-77.cnf,SAT,0.14,0.00,0.14,0,0
/home/richard/project/SAT_benchmark/SATLIB/sw100-8-lp2-c5/SW100-8-2/sw100-76.cnf,SAT,0.10,0.00,0.10,0,0
/home/richard/project/SAT_benchmark/SATLIB/sw100-8-lp2-c5/SW100-8-2/sw100-17.cnf,SAT,0.12,0.00,0.12,0,0
/home/richard/project/SAT_benchmark/SATLIB/sw100-8-lp2-c5/SW100-8-2/sw100-11.cnf,SAT,0.12,0.00,0.12,0,0
/home/richard/project/SAT_benchmark/SATLIB/sw100-8-lp2-c5/SW100-8-2/sw100-7.cnf,SAT,21543.47,21528.18,15.29,80,12
/home/richard/project/SAT_benchmark/SATLIB/sw100-8-lp2-c5/SW100-8-2/sw100-26.cnf,SAT,15027.42,14999.63,27.79,66,2
/home/richard/project/SAT_benchmark/SATLIB/sw100-8-lp2-c5/SW100-8-2/sw100-82.cnf,SAT,15.07,0.00,15.07,0,0
/home/richard/project/SAT_benchmark/SATLIB/sw100-8-lp2-c5/SW100-8-2/sw100-91.cnf,SAT,14756.91,14739.13,17.78,69,4
/home/richard/project/SAT_benchmark/SATLIB/sw100-8-lp2-c5/SW100-8-2/sw100-83.cnf,SAT,22418.18,22402.77,15.40,82,12
/home/richard/project/SAT_benchmark/SATLIB/sw100-8-lp2-c5/SW100-8-2/sw100-62.cnf,SAT,0.37,0.00,0.37,0,0
/home/richard/project/SAT_benchmark/SATLIB/sw100-8-lp2-c5/SW100-8-2/sw100-74.cnf,SAT,14.84,0.00,14.84,0,0
/home/richard/project/SAT_benchmark/SATLIB/sw100-8-lp2-c5/SW100-8-2/sw100-37.cnf,SAT,0.10,0.00,0.10,0,0
/home/richard/project/SAT_benchmark/SATLIB/sw100-8-lp2-c5/SW100-8-2/sw100-32.cnf,SAT,22050.18,22034.12,16.06,94,2
/home/richard/project/SAT_benchmark/SATLIB/sw100-8-lp2-c5/SW100-8-2/sw100-96.cnf,SAT,0.09,0.00,0.09,0,0
/home/richard/project/SAT_benchmark/SATLIB/sw100-8-lp2-c5/SW100-8-2/sw100-49.cnf,SAT,14.67,0.00,14.67,0,0
/home/richard/project/SAT_benchmark/SATLIB/sw100-8-lp2-c5/SW100-8-2/sw100-25.cnf,SAT,0.10,0.00,0.10,0,0
/home/richard/project/SAT_benchmark/SATLIB/sw100-8-lp2-c5/SW100-8-2/sw100-43.cnf,SAT,14.50,0.00,14.50,0,0
/home/richard/project/SAT_benchmark/SATLIB/sw100-8-lp2-c5/SW100-8-2/sw100-29.cnf,SAT,0.42,0.00,0.42,0,0
/home/richard/project/SAT_benchmark/SATLIB/sw100-8-lp2-c5/SW100-8-2/sw100-86.cnf,SAT,0.12,0.00,0.12,0,0
/home/richard/project/SAT_benchmark/SATLIB/sw100-8-lp2-c5/SW100-8-2/sw100-95.cnf,SAT,0.14,0.00,0.14,0,0
/home/richard/project/SAT_benchmark/SATLIB/sw100-8-lp2-c5/SW100-8-2/sw100-58.cnf,SAT,11503.15,11487.43,15.72,64,4
/home/richard/project/SAT_benchmark/SATLIB/sw100-8-lp2-c5/SW100-8-2/sw100-40.cnf,SAT,0.16,0.00,0.16,0,0
/home/richard/project/SAT_benchmark/SATLIB/sw100-8-lp2-c5/SW100-8-2/sw100-15.cnf,SAT,0.09,0.00,0.09,0,0
/home/richard/project/SAT_benchmark/SATLIB/sw100-8-lp2-c5/SW100-8-2/sw100-50.cnf,SAT,16424.36,16409.38,14.99,67,6
/home/richard/project/SAT_benchmark/SATLIB/sw100-8-lp2-c5/SW100-8-2/sw100-47.cnf,SAT,16.58,0.00,16.58,0,0
/home/richard/project/SAT_benchmark/SATLIB/sw100-8-lp2-c5/SW100-8-2/sw100-55.cnf,SAT,21860.39,21844.25,16.14,94,29
/home/richard/project/SAT_benchmark/SATLIB/sw100-8-lp2-c5/SW100-8-2/sw100-65.cnf,SAT,21774.37,21756.74,17.63,92,6
/home/richard/project/SAT_benchmark/SATLIB/sw100-8-lp2-c5/SW100-8-2/sw100-100.cnf,SAT,20062.99,20044.57,18.42,76,10
/home/richard/project/SAT_benchmark/SATLIB/sw100-8-lp2-c5/SW100-8-2/sw100-63.cnf,SAT,16596.65,16570.72,25.93,73,9
/home/richard/project/SAT_benchmark/SATLIB/sw100-8-lp2-c5/SW100-8-2/sw100-13.cnf,SAT,26118.35,26103.31,15.04,106,3
/home/richard/project/SAT_benchmark/SATLIB/sw100-8-lp2-c5/SW100-8-2/sw100-28.cnf,SAT,25280.07,25264.62,15.45,109,29
/home/richard/project/SAT_benchmark/SATLIB/sw100-8-lp2-c5/SW100-8-2/sw100-5.cnf,SAT,0.13,0.00,0.13,0,0
/home/richard/project/SAT_benchmark/SATLIB/sw100-8-lp2-c5/SW100-8-2/sw100-60.cnf,SAT,15.08,0.00,15.08,0,0
/home/richard/project/SAT_benchmark/SATLIB/sw100-8-lp2-c5/SW100-8-2/sw100-54.cnf,SAT,15306.75,15291.14,15.61,84,13
/home/richard/project/SAT_benchmark/SATLIB/sw100-8-lp2-c5/SW100-8-2/sw100-59.cnf,SAT,9494.80,9480.13,14.67,68,2
/home/richard/project/SAT_benchmark/SATLIB/sw100-8-lp2-c5/SW100-8-2/sw100-6.cnf,SAT,9557.75,9541.99,15.76,66,3
/home/richard/project/SAT_benchmark/SATLIB/sw100-8-lp2-c5/SW100-8-2/sw100-71.cnf,SAT,0.09,0.00,0.09,0,0
/home/richard/project/SAT_benchmark/SATLIB/sw100-8-lp2-c5/SW100-8-2/sw100-20.cnf,SAT,9849.85,9834.74,15.11,114,5
/home/richard/project/SAT_benchmark/SATLIB/sw100-8-lp3-c5/SW100-8-3/sw100-35.cnf,SAT,51372.64,51357.78,14.87,176,79
/home/richard/project/SAT_benchmark/SATLIB/sw100-8-lp3-c5/SW100-8-3/sw100-68.cnf,SAT,0.12,0.00,0.12,0,0
/home/richard/project/SAT_benchmark/SATLIB/sw100-8-lp3-c5/SW100-8-3/sw100-30.cnf,SAT,13242.94,13220.22,22.72,59,5
/home/richard/project/SAT_benchmark/SATLIB/sw100-8-lp3-c5/SW100-8-3/sw100-10.cnf,SAT,23779.34,23764.83,14.51,88,39
/home/richard/project/SAT_benchmark/SATLIB/sw100-8-lp3-c5/SW100-8-3/sw100-36.cnf,SAT,14901.43,14887.40,14.03,54,4
/home/richard/project/SAT_benchmark/SATLIB/sw100-8-lp3-c5/SW100-8-3/sw100-78.cnf,SAT,16541.72,16527.61,14.11,65,11
/home/richard/project/SAT_benchmark/SATLIB/sw100-8-lp3-c5/SW100-8-3/sw100-64.cnf,SAT,42145.08,42130.60,14.48,143,38
/home/richard/project/SAT_benchmark/SATLIB/sw100-8-lp3-c5/SW100-8-3/sw100-94.cnf,SAT,11606.21,11590.92,15.29,49,4
/home/richard/project/SAT_benchmark/SATLIB/sw100-8-lp3-c5/SW100-8-3/sw100-51.cnf,SAT,33277.25,33262.93,14.32,119,25
/home/richard/project/SAT_benchmark/SATLIB/sw100-8-lp3-c5/SW100-8-3/sw100-2.cnf,SAT,0.12,0.00,0.12,0,0
/home/richard/project/SAT_benchmark/SATLIB/sw100-8-lp3-c5/SW100-8-3/sw100-69.cnf,SAT,14765.39,14751.21,14.18,51,12
/home/richard/project/SAT_benchmark/SATLIB/sw100-8-lp3-c5/SW100-8-3/sw100-61.cnf,SAT,14607.77,14593.87,13.90,59,14
/home/richard/project/SAT_benchmark/SATLIB/sw100-8-lp3-c5/SW100-8-3/sw100-46.cnf,SAT,0.10,0.00,0.10,0,0
/home/richard/project/SAT_benchmark/SATLIB/sw100-8-lp3-c5/SW100-8-3/sw100-90.cnf,SAT,73734.15,73719.00,15.15,263,102
/home/richard/project/SAT_benchmark/SATLIB/sw100-8-lp3-c5/SW100-8-3/sw100-56.cnf,SAT,17933.29,17910.41,22.88,69,23
/home/richard/project/SAT_benchmark/SATLIB/sw100-8-lp3-c5/SW100-8-3/sw100-45.cnf,SAT,24204.76,24187.95,16.81,84,28
/home/richard/project/SAT_benchmark/SATLIB/sw100-8-lp3-c5/SW100-8-3/sw100-57.cnf,SAT,19494.02,19480.51,13.51,74,24
/home/richard/project/SAT_benchmark/SATLIB/sw100-8-lp3-c5/SW100-8-3/sw100-89.cnf,SAT,31093.20,31077.86,15.35,115,58
/home/richard/project/SAT_benchmark/SATLIB/sw100-8-lp3-c5/SW100-8-3/sw100-52.cnf,SAT,24863.01,24848.58,14.44,97,49
/home/richard/project/SAT_benchmark/SATLIB/sw100-8-lp3-c5/SW100-8-3/sw100-85.cnf,SAT,42265.87,42251.32,14.55,154,77
/home/richard/project/SAT_benchmark/SATLIB/sw100-8-lp3-c5/SW100-8-3/sw100-19.cnf,SAT,13.93,0.00,13.93,0,0
/home/richard/project/SAT_benchmark/SATLIB/sw100-8-lp3-c5/SW100-8-3/sw100-88.cnf,SAT,10829.23,10813.52,15.71,42,6
/home/richard/project/SAT_benchmark/SATLIB/sw100-8-lp3-c5/SW100-8-3/sw100-3.cnf,SAT,50257.10,50241.06,16.04,171,49
/home/richard/project/SAT_benchmark/SATLIB/sw100-8-lp3-c5/SW100-8-3/sw100-67.cnf,SAT,30393.95,30370.05,23.91,110,59
/home/richard/project/SAT_benchmark/SATLIB/sw100-8-lp3-c5/SW100-8-3/sw100-33.cnf,SAT,22179.57,22164.00,15.57,85,32
/home/richard/project/SAT_benchmark/SATLIB/sw100-8-lp3-c5/SW100-8-3/sw100-22.cnf,SAT,15600.27,15585.66,14.60,59,9
/home/richard/project/SAT_benchmark/SATLIB/sw100-8-lp3-c5/SW100-8-3/sw100-14.cnf,SAT,74921.31,74906.17,15.14,266,158
/home/richard/project/SAT_benchmark/SATLIB/sw100-8-lp3-c5/SW100-8-3/sw100-21.cnf,SAT,85525.32,85506.22,19.09,303,126
/home/richard/project/SAT_benchmark/SATLIB/sw100-8-lp3-c5/SW100-8-3/sw100-79.cnf,SAT,61235.36,61220.49,14.87,218,43
/home/richard/project/SAT_benchmark/SATLIB/sw100-8-lp3-c5/SW100-8-3/sw100-99.cnf,SAT,0.12,0.00,0.12,0,0
/home/richard/project/SAT_benchmark/SATLIB/sw100-8-lp3-c5/SW100-8-3/sw100-72.cnf,SAT,17397.54,17383.28,14.27,67,5
/home/richard/project/SAT_benchmark/SATLIB/sw100-8-lp3-c5/SW100-8-3/sw100-97.cnf,SAT,18033.68,18019.31,14.37,65,13
/home/richard/project/SAT_benchmark/SATLIB/sw100-8-lp3-c5/SW100-8-3/sw100-73.cnf,SAT,18070.90,18056.07,14.84,69,10
/home/richard/project/SAT_benchmark/SATLIB/sw100-8-lp3-c5/SW100-8-3/sw100-16.cnf,SAT,15337.09,15322.97,14.12,56,8
/home/richard/project/SAT_benchmark/SATLIB/sw100-8-lp3-c5/SW100-8-3/sw100-8.cnf,SAT,13.93,0.00,13.93,0,0
/home/richard/project/SAT_benchmark/SATLIB/sw100-8-lp3-c5/SW100-8-3/sw100-9.cnf,SAT,30290.01,30275.65,14.36,104,14
/home/richard/project/SAT_benchmark/SATLIB/sw100-8-lp3-c5/SW100-8-3/sw100-93.cnf,SAT,18361.68,18347.92,13.76,66,9
/home/richard/project/SAT_benchmark/SATLIB/sw100-8-lp3-c5/SW100-8-3/sw100-87.cnf,SAT,22293.18,22279.12,14.07,89,31
/home/richard/project/SAT_benchmark/SATLIB/sw100-8-lp3-c5/SW100-8-3/sw100-31.cnf,SAT,31752.27,31734.66,17.61,111,27
/home/richard/project/SAT_benchmark/SATLIB/sw100-8-lp3-c5/SW100-8-3/sw100-92.cnf,SAT,13.91,0.00,13.91,0,0
/home/richard/project/SAT_benchmark/SATLIB/sw100-8-lp3-c5/SW100-8-3/sw100-4.cnf,SAT,0.11,0.00,0.11,0,0
/home/richard/project/SAT_benchmark/SATLIB/sw100-8-lp3-c5/SW100-8-3/sw100-75.cnf,SAT,20.34,0.00,20.34,0,0
/home/richard/project/SAT_benchmark/SATLIB/sw100-8-lp3-c5/SW100-8-3/sw100-80.cnf,SAT,17511.33,17497.03,14.31,64,2
/home/richard/project/SAT_benchmark/SATLIB/sw100-8-lp3-c5/SW100-8-3/sw100-18.cnf,SAT,14.29,0.00,14.29,0,0
/home/richard/project/SAT_benchmark/SATLIB/sw100-8-lp3-c5/SW100-8-3/sw100-38.cnf,SAT,13.23,0.00,13.23,0,0
/home/richard/project/SAT_benchmark/SATLIB/sw100-8-lp3-c5/SW100-8-3/sw100-23.cnf,SAT,35797.88,35782.14,15.75,121,27
/home/richard/project/SAT_benchmark/SATLIB/sw100-8-lp3-c5/SW100-8-3/sw100-98.cnf,SAT,18.22,0.00,18.22,0,0
/home/richard/project/SAT_benchmark/SATLIB/sw100-8-lp3-c5/SW100-8-3/sw100-44.cnf,SAT,10538.13,10524.04,14.09,44,0
/home/richard/project/SAT_benchmark/SATLIB/sw100-8-lp3-c5/SW100-8-3/sw100-34.cnf,SAT,76127.77,76112.71,15.06,268,93
/home/richard/project/SAT_benchmark/SATLIB/sw100-8-lp3-c5/SW100-8-3/sw100-66.cnf,SAT,25876.47,25860.21,16.26,90,33
/home/richard/project/SAT_benchmark/SATLIB/sw100-8-lp3-c5/SW100-8-3/sw100-27.cnf,SAT,21663.49,21649.10,14.39,102,9
/home/richard/project/SAT_benchmark/SATLIB/sw100-8-lp3-c5/SW100-8-3/sw100-39.cnf,SAT,20998.75,20984.56,14.19,71,30
/home/richard/project/SAT_benchmark/SATLIB/sw100-8-lp3-c5/SW100-8-3/sw100-1.cnf,SAT,31808.68,31785.04,23.64,114,44
/home/richard/project/SAT_benchmark/SATLIB/sw100-8-lp3-c5/SW100-8-3/sw100-42.cnf,SAT,37432.75,37418.55,14.20,133,40
/home/richard/project/SAT_benchmark/SATLIB/sw100-8-lp3-c5/SW100-8-3/sw100-12.cnf,SAT,23093.48,23079.61,13.87,85,38
/home/richard/project/SAT_benchmark/SATLIB/sw100-8-lp3-c5/SW100-8-3/sw100-81.cnf,SAT,0.36,0.00,0.36,0,0
/home/richard/project/SAT_benchmark/SATLIB/sw100-8-lp3-c5/SW100-8-3/sw100-53.cnf,SAT,72423.01,72402.65,20.36,255,111
/home/richard/project/SAT_benchmark/SATLIB/sw100-8-lp3-c5/SW100-8-3/sw100-48.cnf,SAT,24434.97,24419.60,15.37,82,28
/home/richard/project/SAT_benchmark/SATLIB/sw100-8-lp3-c5/SW100-8-3/sw100-84.cnf,SAT,13960.90,13943.64,17.25,51,13
/home/richard/project/SAT_benchmark/SATLIB/sw100-8-lp3-c5/SW100-8-3/sw100-70.cnf,SAT,31754.83,31740.09,14.74,121,34
/home/richard/project/SAT_benchmark/SATLIB/sw100-8-lp3-c5/SW100-8-3/sw100-24.cnf,SAT,110312.91,110296.24,16.67,386,144
/home/richard/project/SAT_benchmark/SATLIB/sw100-8-lp3-c5/SW100-8-3/sw100-41.cnf,SAT,13.51,0.00,13.51,0,0
/home/richard/project/SAT_benchmark/SATLIB/sw100-8-lp3-c5/SW100-8-3/sw100-77.cnf,SAT,97342.49,97325.85,16.64,347,54
/home/richard/project/SAT_benchmark/SATLIB/sw100-8-lp3-c5/SW100-8-3/sw100-76.cnf,SAT,29574.96,29553.96,21.00,118,22
/home/richard/project/SAT_benchmark/SATLIB/sw100-8-lp3-c5/SW100-8-3/sw100-17.cnf,SAT,14363.80,14349.43,14.36,52,3
/home/richard/project/SAT_benchmark/SATLIB/sw100-8-lp3-c5/SW100-8-3/sw100-11.cnf,SAT,21524.54,21510.57,13.97,72,20
/home/richard/project/SAT_benchmark/SATLIB/sw100-8-lp3-c5/SW100-8-3/sw100-7.cnf,SAT,14.75,0.00,14.75,0,0
/home/richard/project/SAT_benchmark/SATLIB/sw100-8-lp3-c5/SW100-8-3/sw100-26.cnf,SAT,17122.13,17107.71,14.42,65,13
/home/richard/project/SAT_benchmark/SATLIB/sw100-8-lp3-c5/SW100-8-3/sw100-82.cnf,SAT,26507.27,26493.42,13.85,97,35
/home/richard/project/SAT_benchmark/SATLIB/sw100-8-lp3-c5/SW100-8-3/sw100-91.cnf,SAT,15035.82,15021.55,14.27,59,20
/home/richard/project/SAT_benchmark/SATLIB/sw100-8-lp3-c5/SW100-8-3/sw100-83.cnf,SAT,13.12,0.00,13.12,0,0
/home/richard/project/SAT_benchmark/SATLIB/sw100-8-lp3-c5/SW100-8-3/sw100-62.cnf,SAT,14099.90,14085.72,14.18,63,12
/home/richard/project/SAT_benchmark/SATLIB/sw100-8-lp3-c5/SW100-8-3/sw100-74.cnf,SAT,14.32,0.00,14.32,0,0
/home/richard/project/SAT_benchmark/SATLIB/sw100-8-lp3-c5/SW100-8-3/sw100-37.cnf,SAT,0.09,0.00,0.09,0,0
/home/richard/project/SAT_benchmark/SATLIB/sw100-8-lp3-c5/SW100-8-3/sw100-32.cnf,SAT,37704.89,37690.26,14.63,234,111
/home/richard/project/SAT_benchmark/SATLIB/sw100-8-lp3-c5/SW100-8-3/sw100-96.cnf,SAT,8522.85,8509.45,13.40,63,7
/home/richard/project/SAT_benchmark/SATLIB/sw100-8-lp3-c5/SW100-8-3/sw100-49.cnf,SAT,33781.82,33767.75,14.06,118,35
/home/richard/project/SAT_benchmark/SATLIB/sw100-8-lp3-c5/SW100-8-3/sw100-25.cnf,SAT,19946.70,19931.95,14.75,78,38
/home/richard/project/SAT_benchmark/SATLIB/sw100-8-lp3-c5/SW100-8-3/sw100-43.cnf,SAT,0.09,0.00,0.09,0,0
/home/richard/project/SAT_benchmark/SATLIB/sw100-8-lp3-c5/SW100-8-3/sw100-29.cnf,SAT,47351.07,47332.46,18.61,165,45
/home/richard/project/SAT_benchmark/SATLIB/sw100-8-lp3-c5/SW100-8-3/sw100-86.cnf,SAT,13905.38,13891.08,14.31,58,4
/home/richard/project/SAT_benchmark/SATLIB/sw100-8-lp3-c5/SW100-8-3/sw100-95.cnf,SAT,27528.90,27513.90,14.99,92,24
/home/richard/project/SAT_benchmark/SATLIB/sw100-8-lp3-c5/SW100-8-3/sw100-58.cnf,SAT,13.89,0.00,13.89,0,0
/home/richard/project/SAT_benchmark/SATLIB/sw100-8-lp3-c5/SW100-8-3/sw100-40.cnf,SAT,107180.29,107165.10,15.18,372,68
/home/richard/project/SAT_benchmark/SATLIB/sw100-8-lp3-c5/SW100-8-3/sw100-15.cnf,SAT,26576.92,26563.03,13.89,95,29
/home/richard/project/SAT_benchmark/SATLIB/sw100-8-lp3-c5/SW100-8-3/sw100-50.cnf,SAT,27192.23,27177.63,14.61,95,13
/home/richard/project/SAT_benchmark/SATLIB/sw100-8-lp3-c5/SW100-8-3/sw100-47.cnf,SAT,83080.86,83066.55,14.31,290,80
/home/richard/project/SAT_benchmark/SATLIB/sw100-8-lp3-c5/SW100-8-3/sw100-55.cnf,SAT,15465.76,15429.05,36.71,50,1
/home/richard/project/SAT_benchmark/SATLIB/sw100-8-lp3-c5/SW100-8-3/sw100-65.cnf,SAT,0.17,0.00,0.17,0,0
/home/richard/project/SAT_benchmark/SATLIB/sw100-8-lp3-c5/SW100-8-3/sw100-100.cnf,SAT,20712.22,20697.03,15.19,83,33
/home/richard/project/SAT_benchmark/SATLIB/sw100-8-lp3-c5/SW100-8-3/sw100-63.cnf,SAT,52353.19,52336.34,16.85,182,56
/home/richard/project/SAT_benchmark/SATLIB/sw100-8-lp3-c5/SW100-8-3/sw100-13.cnf,SAT,13.60,0.00,13.60,0,0
/home/richard/project/SAT_benchmark/SATLIB/sw100-8-lp3-c5/SW100-8-3/sw100-28.cnf,SAT,55915.43,55900.78,14.65,204,110
/home/richard/project/SAT_benchmark/SATLIB/sw100-8-lp3-c5/SW100-8-3/sw100-5.cnf,SAT,14068.53,14054.24,14.29,51,5
/home/richard/project/SAT_benchmark/SATLIB/sw100-8-lp3-c5/SW100-8-3/sw100-60.cnf,SAT,23529.90,23515.63,14.27,80,29
/home/richard/project/SAT_benchmark/SATLIB/sw100-8-lp3-c5/SW100-8-3/sw100-54.cnf,SAT,31603.05,31588.46,14.59,121,54
/home/richard/project/SAT_benchmark/SATLIB/sw100-8-lp3-c5/SW100-8-3/sw100-59.cnf,SAT,44964.09,44947.33,16.76,270,111
/home/richard/project/SAT_benchmark/SATLIB/sw100-8-lp3-c5/SW100-8-3/sw100-6.cnf,SAT,0.08,0.00,0.08,0,0
/home/richard/project/SAT_benchmark/SATLIB/sw100-8-lp3-c5/SW100-8-3/sw100-71.cnf,SAT,34884.89,34870.36,14.54,347,101
/home/richard/project/SAT_benchmark/SATLIB/sw100-8-lp3-c5/SW100-8-3/sw100-20.cnf,SAT,4361.68,4347.84,13.83,56,8
/home/richard/project/SAT_benchmark/SATLIB/sw100-8-lp4-c5/SW100-8-4/sw100-35.cnf,SAT,19076.20,19063.09,13.12,69,17
/home/richard/project/SAT_benchmark/SATLIB/sw100-8-lp4-c5/SW100-8-4/sw100-68.cnf,SAT,33766.11,33747.51,18.60,111,58
/home/richard/project/SAT_benchmark/SATLIB/sw100-8-lp4-c5/SW100-8-4/sw100-30.cnf,SAT,27670.45,27656.87,13.58,92,19
/home/richard/project/SAT_benchmark/SATLIB/sw100-8-lp4-c5/SW100-8-4/sw100-10.cnf,SAT,92278.47,92263.68,14.80,309,88
/home/richard/project/SAT_benchmark/SATLIB/sw100-8-lp4-c5/SW100-8-4/sw100-36.cnf,SAT,115269.59,115254.98,14.61,384,168
/home/richard/project/SAT_benchmark/SATLIB/sw100-8-lp4-c5/SW100-8-4/sw100-78.cnf,SAT,0.11,0.00,0.11,0,0
/home/richard/project/SAT_benchmark/SATLIB/sw100-8-lp4-c5/SW100-8-4/sw100-64.cnf,SAT,22717.14,22702.50,14.64,81,38
/home/richard/project/SAT_benchmark/SATLIB/sw100-8-lp4-c5/SW100-8-4/sw100-94.cnf,SAT,8744.65,8731.54,13.11,32,2
/home/richard/project/SAT_benchmark/SATLIB/sw100-8-lp4-c5/SW100-8-4/sw100-51.cnf,SAT,13601.67,13586.53,15.15,55,23
/home/richard/project/SAT_benchmark/SATLIB/sw100-8-lp4-c5/SW100-8-4/sw100-2.cnf,SAT,13.33,0.00,13.33,0,0
/home/richard/project/SAT_benchmark/SATLIB/sw100-8-lp4-c5/SW100-8-4/sw100-69.cnf,SAT,20579.83,20566.52,13.31,71,25
/home/richard/project/SAT_benchmark/SATLIB/sw100-8-lp4-c5/SW100-8-4/sw100-61.cnf,SAT,9186.54,9172.15,14.39,36,8
/home/richard/project/SAT_benchmark/SATLIB/sw100-8-lp4-c5/SW100-8-4/sw100-46.cnf,SAT,20761.67,20748.53,13.14,75,25
/home/richard/project/SAT_benchmark/SATLIB/sw100-8-lp4-c5/SW100-8-4/sw100-90.cnf,SAT,10946.92,10933.80,13.12,49,3
/home/richard/project/SAT_benchmark/SATLIB/sw100-8-lp4-c5/SW100-8-4/sw100-56.cnf,SAT,13120.57,13107.67,12.91,57,19
/home/richard/project/SAT_benchmark/SATLIB/sw100-8-lp4-c5/SW100-8-4/sw100-45.cnf,SAT,66189.75,66173.79,15.96,228,65
/home/richard/project/SAT_benchmark/SATLIB/sw100-8-lp4-c5/SW100-8-4/sw100-57.cnf,SAT,15219.81,15206.43,13.38,54,26
/home/richard/project/SAT_benchmark/SATLIB/sw100-8-lp4-c5/SW100-8-4/sw100-89.cnf,SAT,99841.55,99826.65,14.91,343,144
/home/richard/project/SAT_benchmark/SATLIB/sw100-8-lp4-c5/SW100-8-4/sw100-52.cnf,SAT,48087.15,48071.93,15.22,177,82
/home/richard/project/SAT_benchmark/SATLIB/sw100-8-lp4-c5/SW100-8-4/sw100-85.cnf,SAT,27980.26,27965.00,15.26,94,35
/home/richard/project/SAT_benchmark/SATLIB/sw100-8-lp4-c5/SW100-8-4/sw100-19.cnf,SAT,198077.73,198060.42,17.32,699,302
/home/richard/project/SAT_benchmark/SATLIB/sw100-8-lp4-c5/SW100-8-4/sw100-88.cnf,SAT,3055.81,3043.48,12.33,30,5
/home/richard/project/SAT_benchmark/SATLIB/sw100-8-lp4-c5/SW100-8-4/sw100-3.cnf,SAT,14228.55,14214.80,13.75,93,35
/home/richard/project/SAT_benchmark/SATLIB/sw100-8-lp4-c5/SW100-8-4/sw100-67.cnf,SAT,15721.40,15707.01,14.40,105,50
/home/richard/project/SAT_benchmark/SATLIB/sw100-8-lp4-c5/SW100-8-4/sw100-33.cnf,SAT,30029.60,30015.65,13.95,196,135
/home/richard/project/SAT_benchmark/SATLIB/sw100-8-lp4-c5/SW100-8-4/sw100-22.cnf,SAT,53675.37,53661.15,14.22,182,34
/home/richard/project/SAT_benchmark/SATLIB/sw100-8-lp4-c5/SW100-8-4/sw100-14.cnf,SAT,27463.30,27449.56,13.74,97,21
/home/richard/project/SAT_benchmark/SATLIB/sw100-8-lp4-c5/SW100-8-4/sw100-21.cnf,SAT,188842.05,188825.52,16.53,622,249
/home/richard/project/SAT_benchmark/SATLIB/sw100-8-lp4-c5/SW100-8-4/sw100-79.cnf,SAT,12189.61,12176.44,13.17,40,11
/home/richard/project/SAT_benchmark/SATLIB/sw100-8-lp4-c5/SW100-8-4/sw100-99.cnf,SAT,6514.30,6500.86,13.44,39,14
/home/richard/project/SAT_benchmark/SATLIB/sw100-8-lp4-c5/SW100-8-4/sw100-72.cnf,SAT,330816.03,330793.55,22.48,1131,257
/home/richard/project/SAT_benchmark/SATLIB/sw100-8-lp4-c5/SW100-8-4/sw100-97.cnf,SAT,12531.50,12518.11,13.39,49,19
/home/richard/project/SAT_benchmark/SATLIB/sw100-8-lp4-c5/SW100-8-4/sw100-73.cnf,SAT,78375.82,78361.28,14.54,268,155
/home/richard/project/SAT_benchmark/SATLIB/sw100-8-lp4-c5/SW100-8-4/sw100-16.cnf,SAT,136291.05,136274.51,16.55,435,208
/home/richard/project/SAT_benchmark/SATLIB/sw100-8-lp4-c5/SW100-8-4/sw100-8.cnf,SAT,15485.10,15471.05,14.04,56,20
/home/richard/project/SAT_benchmark/SATLIB/sw100-8-lp4-c5/SW100-8-4/sw100-9.cnf,SAT,25316.59,25302.54,14.05,149,82
/home/richard/project/SAT_benchmark/SATLIB/sw100-8-lp4-c5/SW100-8-4/sw100-93.cnf,SAT,86968.26,86952.55,15.71,655,204
/home/richard/project/SAT_benchmark/SATLIB/sw100-8-lp4-c5/SW100-8-4/sw100-87.cnf,SAT,0.11,0.00,0.11,0,0
/home/richard/project/SAT_benchmark/SATLIB/sw100-8-lp4-c5/SW100-8-4/sw100-31.cnf,SAT,0.14,0.00,0.14,0,0
/home/richard/project/SAT_benchmark/SATLIB/sw100-8-lp4-c5/SW100-8-4/sw100-92.cnf,SAT,49185.75,49171.52,14.23,532,184
/home/richard/project/SAT_benchmark/SATLIB/sw100-8-lp4-c5/SW100-8-4/sw100-4.cnf,SAT,7245.29,7232.22,13.07,89,60
/home/richard/project/SAT_benchmark/SATLIB/sw100-8-lp4-c5/SW100-8-4/sw100-75.cnf,SAT,2583.51,2571.29,12.22,37,10
/home/richard/project/SAT_benchmark/SATLIB/sw100-8-lp4-c5/SW100-8-4/sw100-80.cnf,SAT,3489.95,3477.26,12.69,45,4
/home/richard/project/SAT_benchmark/SATLIB/sw100-8-lp4-c5/SW100-8-4/sw100-18.cnf,SAT,0.10,0.00,0.10,0,0
/home/richard/project/SAT_benchmark/SATLIB/sw100-8-lp4-c5/SW100-8-4/sw100-38.cnf,SAT,2577.94,2565.23,12.71,36,4
/home/richard/project/SAT_benchmark/SATLIB/sw100-8-lp4-c5/SW100-8-4/sw100-23.cnf,SAT,4403.82,4390.83,12.99,59,16
/home/richard/project/SAT_benchmark/SATLIB/sw100-8-lp4-c5/SW100-8-4/sw100-98.cnf,SAT,0.10,0.00,0.10,0,0
/home/richard/project/SAT_benchmark/SATLIB/sw100-8-lp4-c5/SW100-8-4/sw100-44.cnf,SAT,10806.17,10792.92,13.25,123,80
/home/richard/project/SAT_benchmark/SATLIB/sw100-8-lp4-c5/SW100-8-4/sw100-34.cnf,SAT,0.11,0.00,0.11,0,0
/home/richard/project/SAT_benchmark/SATLIB/sw100-8-lp4-c5/SW100-8-4/sw100-66.cnf,SAT,7011.59,6998.73,12.86,86,31
/home/richard/project/SAT_benchmark/SATLIB/sw100-8-lp4-c5/SW100-8-4/sw100-27.cnf,SAT,12449.62,12436.38,13.23,144,65
/home/richard/project/SAT_benchmark/SATLIB/sw100-8-lp4-c5/SW100-8-4/sw100-39.cnf,SAT,18483.49,18469.97,13.52,61,20
/home/richard/project/SAT_benchmark/SATLIB/sw100-8-lp4-c5/SW100-8-4/sw100-1.cnf,SAT,0.11,0.00,0.11,0,0
/home/richard/project/SAT_benchmark/SATLIB/sw100-8-lp4-c5/SW100-8-4/sw100-42.cnf,SAT,89544.58,89529.98,14.60,307,86
/home/richard/project/SAT_benchmark/SATLIB/sw100-8-lp4-c5/SW100-8-4/sw100-12.cnf,SAT,68431.75,68414.97,16.78,238,156
/home/richard/project/SAT_benchmark/SATLIB/sw100-8-lp4-c5/SW100-8-4/sw100-81.cnf,SAT,52817.44,52801.93,15.51,175,49
/home/richard/project/SAT_benchmark/SATLIB/sw100-8-lp4-c5/SW100-8-4/sw100-53.cnf,SAT,0.12,0.00,0.12,0,0
/home/richard/project/SAT_benchmark/SATLIB/sw100-8-lp4-c5/SW100-8-4/sw100-48.cnf,SAT,53061.14,53046.64,14.50,181,122
/home/richard/project/SAT_benchmark/SATLIB/sw100-8-lp4-c5/SW100-8-4/sw100-84.cnf,SAT,22730.45,22717.13,13.32,88,33
/home/richard/project/SAT_benchmark/SATLIB/sw100-8-lp4-c5/SW100-8-4/sw100-70.cnf,SAT,0.09,0.00,0.09,0,0
/home/richard/project/SAT_benchmark/SATLIB/sw100-8-lp4-c5/SW100-8-4/sw100-24.cnf,SAT,16.84,0.00,16.84,0,0
/home/richard/project/SAT_benchmark/SATLIB/sw100-8-lp4-c5/SW100-8-4/sw100-41.cnf,SAT,16991.67,16966.08,25.59,63,11
/home/richard/project/SAT_benchmark/SATLIB/sw100-8-lp4-c5/SW100-8-4/sw100-77.cnf,SAT,70557.62,70541.74,15.89,251,111
/home/richard/project/SAT_benchmark/SATLIB/sw100-8-lp4-c5/SW100-8-4/sw100-76.cnf,SAT,12.78,0.00,12.78,0,0
/home/richard/project/SAT_benchmark/SATLIB/sw100-8-lp4-c5/SW100-8-4/sw100-17.cnf,SAT,13292.85,13279.28,13.57,54,15
/home/richard/project/SAT_benchmark/SATLIB/sw100-8-lp4-c5/SW100-8-4/sw100-11.cnf,SAT,20735.15,20721.51,13.64,78,28
/home/richard/project/SAT_benchmark/SATLIB/sw100-8-lp4-c5/SW100-8-4/sw100-7.cnf,SAT,24560.71,24531.59,29.13,81,41
/home/richard/project/SAT_benchmark/SATLIB/sw100-8-lp4-c5/SW100-8-4/sw100-26.cnf,SAT,18329.21,18314.47,14.74,67,15
/home/richard/project/SAT_benchmark/SATLIB/sw100-8-lp4-c5/SW100-8-4/sw100-82.cnf,SAT,23018.58,23005.29,13.29,87,46
/home/richard/project/SAT_benchmark/SATLIB/sw100-8-lp4-c5/SW100-8-4/sw100-91.cnf,SAT,9076.25,9062.90,13.34,38,10
/home/richard/project/SAT_benchmark/SATLIB/sw100-8-lp4-c5/SW100-8-4/sw100-83.cnf,SAT,12188.53,12172.09,16.44,45,14
/home/richard/project/SAT_benchmark/SATLIB/sw100-8-lp4-c5/SW100-8-4/sw100-62.cnf,SAT,7777.54,7764.78,12.76,35,12
/home/richard/project/SAT_benchmark/SATLIB/sw100-8-lp4-c5/SW100-8-4/sw100-74.cnf,SAT,9126.97,9113.54,13.43,37,6
/home/richard/project/SAT_benchmark/SATLIB/sw100-8-lp4-c5/SW100-8-4/sw100-37.cnf,SAT,12161.61,12148.41,13.21,41,4
/home/richard/project/SAT_benchmark/SATLIB/sw100-8-lp4-c5/SW100-8-4/sw100-32.cnf,SAT,177416.76,177398.81,17.95,607,510
/home/richard/project/SAT_benchmark/SATLIB/sw100-8-lp4-c5/SW100-8-4/sw100-96.cnf,SAT,113688.70,113673.63,15.07,376,202
/home/richard/project/SAT_benchmark/SATLIB/sw100-8-lp4-c5/SW100-8-4/sw100-49.cnf,SAT,92608.31,92593.36,14.95,311,143
/home/richard/project/SAT_benchmark/SATLIB/sw100-8-lp4-c5/SW100-8-4/sw100-25.cnf,SAT,45953.85,45939.83,14.02,153,49
/home/richard/project/SAT_benchmark/SATLIB/sw100-8-lp4-c5/SW100-8-4/sw100-43.cnf,SAT,15393.34,15376.76,16.58,57,13
/home/richard/project/SAT_benchmark/SATLIB/sw100-8-lp4-c5/SW100-8-4/sw100-29.cnf,SAT,131979.98,131963.43,16.54,438,176
/home/richard/project/SAT_benchmark/SATLIB/sw100-8-lp4-c5/SW100-8-4/sw100-86.cnf,SAT,0.11,0.00,0.11,0,0
/home/richard/project/SAT_benchmark/SATLIB/sw100-8-lp4-c5/SW100-8-4/sw100-95.cnf,SAT,24454.33,24441.20,13.14,97,63
/home/richard/project/SAT_benchmark/SATLIB/sw100-8-lp4-c5/SW100-8-4/sw100-58.cnf,SAT,12579.43,12565.68,13.74,52,20
/home/richard/project/SAT_benchmark/SATLIB/sw100-8-lp4-c5/SW100-8-4/sw100-40.cnf,SAT,8452.68,8440.06,12.61,37,8
/home/richard/project/SAT_benchmark/SATLIB/sw100-8-lp4-c5/SW100-8-4/sw100-15.cnf,SAT,10932.47,10918.71,13.76,41,12
/home/richard/project/SAT_benchmark/SATLIB/sw100-8-lp4-c5/SW100-8-4/sw100-50.cnf,SAT,12484.50,12471.27,13.23,47,10
/home/richard/project/SAT_benchmark/SATLIB/sw100-8-lp4-c5/SW100-8-4/sw100-47.cnf,SAT,23730.81,23711.60,19.21,87,45
/home/richard/project/SAT_benchmark/SATLIB/sw100-8-lp4-c5/SW100-8-4/sw100-55.cnf,SAT,28214.25,28200.05,14.20,109,54
/home/richard/project/SAT_benchmark/SATLIB/sw100-8-lp4-c5/SW100-8-4/sw100-65.cnf,SAT,0.20,0.00,0.20,0,0
/home/richard/project/SAT_benchmark/SATLIB/sw100-8-lp4-c5/SW100-8-4/sw100-100.cnf,SAT,122398.19,122381.54,16.65,418,169
/home/richard/project/SAT_benchmark/SATLIB/sw100-8-lp4-c5/SW100-8-4/sw100-63.cnf,SAT,12.96,0.00,12.96,0,0
/home/richard/project/SAT_benchmark/SATLIB/sw100-8-lp4-c5/SW100-8-4/sw100-13.cnf,SAT,44603.79,44589.98,13.82,156,85
/home/richard/project/SAT_benchmark/SATLIB/sw100-8-lp4-c5/SW100-8-4/sw100-28.cnf,SAT,20861.61,20848.43,13.19,72,19
/home/richard/project/SAT_benchmark/SATLIB/sw100-8-lp4-c5/SW100-8-4/sw100-5.cnf,SAT,23890.04,23877.06,12.98,87,28
/home/richard/project/SAT_benchmark/SATLIB/sw100-8-lp4-c5/SW100-8-4/sw100-60.cnf,SAT,0.12,0.00,0.12,0,0
/home/richard/project/SAT_benchmark/SATLIB/sw100-8-lp4-c5/SW100-8-4/sw100-54.cnf,SAT,12386.61,12373.46,13.14,41,10
/home/richard/project/SAT_benchmark/SATLIB/sw100-8-lp4-c5/SW100-8-4/sw100-59.cnf,SAT,48666.82,48653.24,13.58,164,61
/home/richard/project/SAT_benchmark/SATLIB/sw100-8-lp4-c5/SW100-8-4/sw100-6.cnf,SAT,37148.51,37135.21,13.30,127,70
/home/richard/project/SAT_benchmark/SATLIB/sw100-8-lp4-c5/SW100-8-4/sw100-71.cnf,SAT,131028.11,131012.07,16.04,430,213
/home/richard/project/SAT_benchmark/SATLIB/sw100-8-lp4-c5/SW100-8-4/sw100-20.cnf,SAT,0.42,0.00,0.42,0,0
/home/richard/project/SAT_benchmark/SATLIB/sw100-8-lp5-c5/SW100-8-5/sw100-35.cnf,SAT,12.17,0.00,12.17,0,0
/home/richard/project/SAT_benchmark/SATLIB/sw100-8-lp5-c5/SW100-8-5/sw100-68.cnf,SAT,6186.60,6174.01,12.60,28,8
/home/richard/project/SAT_benchmark/SATLIB/sw100-8-lp5-c5/SW100-8-5/sw100-30.cnf,SAT,22612.43,22594.14,18.29,86,49
/home/richard/project/SAT_benchmark/SATLIB/sw100-8-lp5-c5/SW100-8-5/sw100-10.cnf,SAT,317671.43,317651.58,19.85,1040,447
/home/richard/project/SAT_benchmark/SATLIB/sw100-8-lp5-c5/SW100-8-5/sw100-36.cnf,SAT,6162.90,6150.23,12.66,25,4
/home/richard/project/SAT_benchmark/SATLIB/sw100-8-lp5-c5/SW100-8-5/sw100-78.cnf,SAT,0.12,0.00,0.12,0,0
/home/richard/project/SAT_benchmark/SATLIB/sw100-8-lp5-c5/SW100-8-5/sw100-64.cnf,SAT,321912.11,321894.33,17.79,1082,427
/home/richard/project/SAT_benchmark/SATLIB/sw100-8-lp5-c5/SW100-8-5/sw100-94.cnf,SAT,18045.11,18014.31,30.80,66,29
/home/richard/project/SAT_benchmark/SATLIB/sw100-8-lp5-c5/SW100-8-5/sw100-51.cnf,SAT,168124.15,168108.51,15.64,553,226
/home/richard/project/SAT_benchmark/SATLIB/sw100-8-lp5-c5/SW100-8-5/sw100-2.cnf,SAT,54076.66,54061.47,15.19,183,112
/home/richard/project/SAT_benchmark/SATLIB/sw100-8-lp5-c5/SW100-8-5/sw100-69.cnf,SAT,0.11,0.00,0.11,0,0
/home/richard/project/SAT_benchmark/SATLIB/sw100-8-lp5-c5/SW100-8-5/sw100-61.cnf,SAT,9001.57,8987.61,13.96,36,14
/home/richard/project/SAT_benchmark/SATLIB/sw100-8-lp5-c5/SW100-8-5/sw100-46.cnf,SAT,366264.12,366243.01,21.11,1282,533
/home/richard/project/SAT_benchmark/SATLIB/sw100-8-lp5-c5/SW100-8-5/sw100-90.cnf,SAT,0.15,0.00,0.15,0,0
/home/richard/project/SAT_benchmark/SATLIB/sw100-8-lp5-c5/SW100-8-5/sw100-56.cnf,SAT,6627.19,6614.66,12.53,32,12
/home/richard/project/SAT_benchmark/SATLIB/sw100-8-lp5-c5/SW100-8-5/sw100-45.cnf,SAT,8371.68,8358.26,13.42,41,18
/home/richard/project/SAT_benchmark/SATLIB/sw100-8-lp5-c5/SW100-8-5/sw100-89.cnf,SAT,0.11,0.00,0.11,0,0
/home/richard/project/SAT_benchmark/SATLIB/sw100-8-lp5-c5/SW100-8-5/sw100-52.cnf,SAT,12461.87,12448.98,12.88,61,20
/home/richard/project/SAT_benchmark/SATLIB/sw100-8-lp5-c5/SW100-8-5/sw100-85.cnf,SAT,15630.81,15617.92,12.89,71,36
/home/richard/project/SAT_benchmark/SATLIB/sw100-8-lp5-c5/SW100-8-5/sw100-19.cnf,SAT,4345.39,4331.99,13.40,26,10
/home/richard/project/SAT_benchmark/SATLIB/sw100-8-lp5-c5/SW100-8-5/sw100-88.cnf,SAT,49702.67,49688.36,14.31,226,149
/home/richard/project/SAT_benchmark/SATLIB/sw100-8-lp5-c5/SW100-8-5/sw100-3.cnf,SAT,15236.38,15223.40,12.98,77,31
/home/richard/project/SAT_benchmark/SATLIB/sw100-8-lp5-c5/SW100-8-5/sw100-67.cnf,SAT,166374.65,166352.33,22.31,1021,399
/home/richard/project/SAT_benchmark/SATLIB/sw100-8-lp5-c5/SW100-8-5/sw100-33.cnf,SAT,0.13,0.00,0.13,0,0
/home/richard/project/SAT_benchmark/SATLIB/sw100-8-lp5-c5/SW100-8-5/sw100-22.cnf,SAT,27308.97,27296.02,12.95,95,50
/home/richard/project/SAT_benchmark/SATLIB/sw100-8-lp5-c5/SW100-8-5/sw100-14.cnf,SAT,13.07,0.00,13.07,0,0
/home/richard/project/SAT_benchmark/SATLIB/sw100-8-lp5-c5/SW100-8-5/sw100-21.cnf,SAT,0.14,0.00,0.14,0,0
/home/richard/project/SAT_benchmark/SATLIB/sw100-8-lp5-c5/SW100-8-5/sw100-79.cnf,SAT,146079.51,146064.67,14.85,486,214
/home/richard/project/SAT_benchmark/SATLIB/sw100-8-lp5-c5/SW100-8-5/sw100-99.cnf,SAT,95852.40,95838.50,13.90,318,113
/home/richard/project/SAT_benchmark/SATLIB/sw100-8-lp5-c5/SW100-8-5/sw100-72.cnf,SAT,84576.03,84558.58,17.44,281,93
/home/richard/project/SAT_benchmark/SATLIB/sw100-8-lp5-c5/SW100-8-5/sw100-97.cnf,SAT,11888.17,11875.50,12.66,41,24
/home/richard/project/SAT_benchmark/SATLIB/sw100-8-lp5-c5/SW100-8-5/sw100-73.cnf,SAT,12.28,0.00,12.28,0,0
/home/richard/project/SAT_benchmark/SATLIB/sw100-8-lp5-c5/SW100-8-5/sw100-16.cnf,SAT,33934.34,33918.71,15.63,116,51
/home/richard/project/SAT_benchmark/SATLIB/sw100-8-lp5-c5/SW100-8-5/sw100-8.cnf,SAT,14864.36,14851.02,13.35,54,28
/home/richard/project/SAT_benchmark/SATLIB/sw100-8-lp5-c5/SW100-8-5/sw100-9.cnf,SAT,33593.52,33580.43,13.09,111,30
/home/richard/project/SAT_benchmark/SATLIB/sw100-8-lp5-c5/SW100-8-5/sw100-93.cnf,SAT,6218.17,6205.38,12.79,23,4
/home/richard/project/SAT_benchmark/SATLIB/sw100-8-lp5-c5/SW100-8-5/sw100-87.cnf,SAT,21234.61,21217.12,17.50,79,49
/home/richard/project/SAT_benchmark/SATLIB/sw100-8-lp5-c5/SW100-8-5/sw100-31.cnf,SAT,0.10,0.00,0.10,0,0
/home/richard/project/SAT_benchmark/SATLIB/sw100-8-lp5-c5/SW100-8-5/sw100-4.cnf,SAT,7988.89,7976.33,12.56,31,14
/home/richard/project/SAT_benchmark/SATLIB/sw100-8-lp5-c5/SW100-8-5/sw100-75.cnf,SAT,9108.48,9095.85,12.63,39,10
/home/richard/project/SAT_benchmark/SATLIB/sw100-8-lp5-c5/SW100-8-5/sw100-80.cnf,SAT,105420.41,105406.41,14.00,348,168
/home/richard/project/SAT_benchmark/SATLIB/sw100-8-lp5-c5/SW100-8-5/sw100-18.cnf,SAT,0.13,0.00,0.13,0,0
/home/richard/project/SAT_benchmark/SATLIB/sw100-8-lp5-c5/SW100-8-5/sw100-38.cnf,SAT,300015.57,299992.57,23.00,1295,691
/home/richard/project/SAT_benchmark/SATLIB/sw100-8-lp5-c5/SW100-8-5/sw100-23.cnf,SAT,68639.83,68625.15,14.69,308,212
/home/richard/project/SAT_benchmark/SATLIB/sw100-8-lp5-c5/SW100-8-5/sw100-98.cnf,SAT,194526.91,194509.95,16.96,837,265
/home/richard/project/SAT_benchmark/SATLIB/sw100-8-lp5-c5/SW100-8-5/sw100-44.cnf,SAT,0.09,0.00,0.09,0,0
/home/richard/project/SAT_benchmark/SATLIB/sw100-8-lp5-c5/SW100-8-5/sw100-34.cnf,SAT,6853.22,6840.83,12.39,38,12
/home/richard/project/SAT_benchmark/SATLIB/sw100-8-lp5-c5/SW100-8-5/sw100-66.cnf,SAT,133290.22,133274.86,15.35,579,256
/home/richard/project/SAT_benchmark/SATLIB/sw100-8-lp5-c5/SW100-8-5/sw100-27.cnf,SAT,92887.95,92873.04,14.91,418,268
/home/richard/project/SAT_benchmark/SATLIB/sw100-8-lp5-c5/SW100-8-5/sw100-39.cnf,SAT,32112.23,32099.44,12.79,110,31
/home/richard/project/SAT_benchmark/SATLIB/sw100-8-lp5-c5/SW100-8-5/sw100-1.cnf,SAT,65534.08,65521.01,13.07,210,89
/home/richard/project/SAT_benchmark/SATLIB/sw100-8-lp5-c5/SW100-8-5/sw100-42.cnf,SAT,0.11,0.00,0.11,0,0
/home/richard/project/SAT_benchmark/SATLIB/sw100-8-lp5-c5/SW100-8-5/sw100-12.cnf,SAT,209270.13,209253.61,16.52,687,258
/home/richard/project/SAT_benchmark/SATLIB/sw100-8-lp5-c5/SW100-8-5/sw100-81.cnf,SAT,309435.31,309417.00,18.31,1031,273
/home/richard/project/SAT_benchmark/SATLIB/sw100-8-lp5-c5/SW100-8-5/sw100-53.cnf,SAT,480790.58,480768.38,22.20,1570,688
/home/richard/project/SAT_benchmark/SATLIB/sw100-8-lp5-c5/SW100-8-5/sw100-48.cnf,SAT,0.09,0.00,0.09,0,0
/home/richard/project/SAT_benchmark/SATLIB/sw100-8-lp5-c5/SW100-8-5/sw100-84.cnf,SAT,14651.80,14638.92,12.88,52,35
/home/richard/project/SAT_benchmark/SATLIB/sw100-8-lp5-c5/SW100-8-5/sw100-70.cnf,SAT,39926.37,39912.07,14.30,139,79
/home/richard/project/SAT_benchmark/SATLIB/sw100-8-lp5-c5/SW100-8-5/sw100-24.cnf,SAT,0.18,0.00,0.18,0,0
/home/richard/project/SAT_benchmark/SATLIB/sw100-8-lp5-c5/SW100-8-5/sw100-41.cnf,SAT,30850.83,30835.38,15.45,108,73
/home/richard/project/SAT_benchmark/SATLIB/sw100-8-lp5-c5/SW100-8-5/sw100-77.cnf,SAT,6164.06,6151.47,12.59,20,4
/home/richard/project/SAT_benchmark/SATLIB/sw100-8-lp5-c5/SW100-8-5/sw100-76.cnf,SAT,121779.84,121764.58,15.26,508,238
/home/richard/project/SAT_benchmark/SATLIB/sw100-8-lp5-c5/SW100-8-5/sw100-17.cnf,SAT,8432.27,8420.15,12.12,49,7
/home/richard/project/SAT_benchmark/SATLIB/sw100-8-lp5-c5/SW100-8-5/sw100-11.cnf,SAT,4586.94,4574.67,12.27,23,4
/home/richard/project/SAT_benchmark/SATLIB/sw100-8-lp5-c5/SW100-8-5/sw100-7.cnf,SAT,2281.93,2269.98,11.95,19,1
/home/richard/project/SAT_benchmark/SATLIB/sw100-8-lp5-c5/SW100-8-5/sw100-26.cnf,SAT,211457.83,211442.18,15.65,929,210
/home/richard/project/SAT_benchmark/SATLIB/sw100-8-lp5-c5/SW100-8-5/sw100-82.cnf,SAT,522378.66,522347.62,31.05,2375,774
/home/richard/project/SAT_benchmark/SATLIB/sw100-8-lp5-c5/SW100-8-5/sw100-91.cnf,SAT,320013.19,319989.08,24.10,2869,808
/home/richard/project/SAT_benchmark/SATLIB/sw100-8-lp5-c5/SW100-8-5/sw100-83.cnf,SAT,17345.66,17332.32,13.34,199,146
/home/richard/project/SAT_benchmark/SATLIB/sw100-8-lp5-c5/SW100-8-5/sw100-62.cnf,SAT,65664.35,65649.13,15.22,710,375
/home/richard/project/SAT_benchmark/SATLIB/sw100-8-lp5-c5/SW100-8-5/sw100-74.cnf,SAT,21171.22,21158.34,12.88,234,117
/home/richard/project/SAT_benchmark/SATLIB/sw100-8-lp5-c5/SW100-8-5/sw100-37.cnf,SAT,0.09,0.00,0.09,0,0
/home/richard/project/SAT_benchmark/SATLIB/sw100-8-lp5-c5/SW100-8-5/sw100-32.cnf,SAT,3497.47,3485.17,12.29,43,2
/home/richard/project/SAT_benchmark/SATLIB/sw100-8-lp5-c5/SW100-8-5/sw100-96.cnf,SAT,5249.19,5236.97,12.22,69,24
/home/richard/project/SAT_benchmark/SATLIB/sw100-8-lp5-c5/SW100-8-5/sw100-49.cnf,SAT,102565.86,102551.26,14.60,350,179
/home/richard/project/SAT_benchmark/SATLIB/sw100-8-lp5-c5/SW100-8-5/sw100-25.cnf,SAT,6274.79,6237.93,36.86,24,2
/home/richard/project/SAT_benchmark/SATLIB/sw100-8-lp5-c5/SW100-8-5/sw100-43.cnf,SAT,78551.11,78533.31,17.80,251,90
/home/richard/project/SAT_benchmark/SATLIB/sw100-8-lp5-c5/SW100-8-5/sw100-29.cnf,SAT,9284.39,9271.80,12.59,35,15
/home/richard/project/SAT_benchmark/SATLIB/sw100-8-lp5-c5/SW100-8-5/sw100-86.cnf,SAT,158758.82,158742.80,16.01,511,234
/home/richard/project/SAT_benchmark/SATLIB/sw100-8-lp5-c5/SW100-8-5/sw100-95.cnf,SAT,5990.14,5977.82,12.31,27,5
/home/richard/project/SAT_benchmark/SATLIB/sw100-8-lp5-c5/SW100-8-5/sw100-58.cnf,SAT,35410.34,35393.58,16.77,126,42
/home/richard/project/SAT_benchmark/SATLIB/sw100-8-lp5-c5/SW100-8-5/sw100-40.cnf,SAT,11664.74,11651.97,12.77,44,17
/home/richard/project/SAT_benchmark/SATLIB/sw100-8-lp5-c5/SW100-8-5/sw100-15.cnf,SAT,33691.72,33678.44,13.29,119,79
/home/richard/project/SAT_benchmark/SATLIB/sw100-8-lp5-c5/SW100-8-5/sw100-50.cnf,SAT,26653.17,26634.66,18.51,99,59
/home/richard/project/SAT_benchmark/SATLIB/sw100-8-lp5-c5/SW100-8-5/sw100-47.cnf,SAT,102108.46,102093.33,15.14,332,234
/home/richard/project/SAT_benchmark/SATLIB/sw100-8-lp5-c5/SW100-8-5/sw100-55.cnf,SAT,42487.73,42474.34,13.40,144,58
/home/richard/project/SAT_benchmark/SATLIB/sw100-8-lp5-c5/SW100-8-5/sw100-65.cnf,SAT,12.32,0.00,12.32,0,0
/home/richard/project/SAT_benchmark/SATLIB/sw100-8-lp5-c5/SW100-8-5/sw100-100.cnf,SAT,9158.48,9145.93,12.54,30,11
/home/richard/project/SAT_benchmark/SATLIB/sw100-8-lp5-c5/SW100-8-5/sw100-63.cnf,SAT,58172.00,58158.01,13.99,193,132
/home/richard/project/SAT_benchmark/SATLIB/sw100-8-lp5-c5/SW100-8-5/sw100-13.cnf,SAT,0.10,0.00,0.10,0,0
/home/richard/project/SAT_benchmark/SATLIB/sw100-8-lp5-c5/SW100-8-5/sw100-28.cnf,SAT,117134.24,117119.81,14.43,371,197
/home/richard/project/SAT_benchmark/SATLIB/sw100-8-lp5-c5/SW100-8-5/sw100-5.cnf,SAT,6093.64,6081.24,12.40,20,2
/home/richard/project/SAT_benchmark/SATLIB/sw100-8-lp5-c5/SW100-8-5/sw100-60.cnf,SAT,58902.45,58887.24,15.21,193,74
/home/richard/project/SAT_benchmark/SATLIB/sw100-8-lp5-c5/SW100-8-5/sw100-54.cnf,SAT,21682.85,21663.92,18.93,79,39
/home/richard/project/SAT_benchmark/SATLIB/sw100-8-lp5-c5/SW100-8-5/sw100-59.cnf,SAT,47951.00,47936.22,14.79,164,71
/home/richard/project/SAT_benchmark/SATLIB/sw100-8-lp5-c5/SW100-8-5/sw100-6.cnf,SAT,6021.98,6005.55,16.43,28,15
/home/richard/project/SAT_benchmark/SATLIB/sw100-8-lp5-c5/SW100-8-5/sw100-71.cnf,SAT,258443.24,258425.07,18.16,857,489
/home/richard/project/SAT_benchmark/SATLIB/sw100-8-lp5-c5/SW100-8-5/sw100-20.cnf,SAT,6183.58,6170.34,13.24,25,2
/home/richard/project/SAT_benchmark/SATLIB/sw100-8-lp6-c5/SW100-8-6/sw100-35.cnf,SAT,67785.74,67771.46,14.28,231,95
/home/richard/project/SAT_benchmark/SATLIB/sw100-8-lp6-c5/SW100-8-6/sw100-68.cnf,SAT,0.12,0.00,0.12,0,0
/home/richard/project/SAT_benchmark/SATLIB/sw100-8-lp6-c5/SW100-8-6/sw100-30.cnf,SAT,230163.41,230144.83,18.58,733,326
/home/richard/project/SAT_benchmark/SATLIB/sw100-8-lp6-c5/SW100-8-6/sw100-10.cnf,SAT,3148.86,3136.61,12.25,10,4
/home/richard/project/SAT_benchmark/SATLIB/sw100-8-lp6-c5/SW100-8-6/sw100-36.cnf,SAT,63045.69,63031.76,13.93,203,145
/home/richard/project/SAT_benchmark/SATLIB/sw100-8-lp6-c5/SW100-8-6/sw100-78.cnf,SAT,3059.95,3047.70,12.25,19,8
/home/richard/project/SAT_benchmark/SATLIB/sw100-8-lp6-c5/SW100-8-6/sw100-64.cnf,SAT,100507.81,100493.11,14.71,339,234
/home/richard/project/SAT_benchmark/SATLIB/sw100-8-lp6-c5/SW100-8-6/sw100-94.cnf,SAT,6090.27,6077.55,12.73,21,9
/home/richard/project/SAT_benchmark/SATLIB/sw100-8-lp6-c5/SW100-8-6/sw100-51.cnf,SAT,39231.91,39218.03,13.88,138,98
/home/richard/project/SAT_benchmark/SATLIB/sw100-8-lp6-c5/SW100-8-6/sw100-61.cnf,SAT,137524.12,137509.24,14.88,455,195
/home/richard/project/SAT_benchmark/SATLIB/sw100-8-lp6-c5/SW100-8-6/sw100-46.cnf,SAT,0.09,0.00,0.09,0,0
/home/richard/project/SAT_benchmark/SATLIB/sw100-8-lp6-c5/SW100-8-6/sw100-90.cnf,SAT,46960.71,46945.62,15.09,160,100
/home/richard/project/SAT_benchmark/SATLIB/sw100-8-lp6-c5/SW100-8-6/sw100-56.cnf,SAT,0.10,0.00,0.10,0,0
/home/richard/project/SAT_benchmark/SATLIB/sw100-8-lp6-c5/SW100-8-6/sw100-45.cnf,SAT,6121.60,6109.62,11.98,28,8
/home/richard/project/SAT_benchmark/SATLIB/sw100-8-lp6-c5/SW100-8-6/sw100-57.cnf,SAT,62444.09,62430.09,14.00,201,146
/home/richard/project/SAT_benchmark/SATLIB/sw100-8-lp6-c5/SW100-8-6/sw100-89.cnf,SAT,12.00,0.00,12.00,0,0
/home/richard/project/SAT_benchmark/SATLIB/sw100-8-lp6-c5/SW100-8-6/sw100-52.cnf,SAT,0.13,0.00,0.13,0,0
/home/richard/project/SAT_benchmark/SATLIB/sw100-8-lp6-c5/SW100-8-6/sw100-85.cnf,SAT,52582.16,52568.92,13.24,175,97
/home/richard/project/SAT_benchmark/SATLIB/sw100-8-lp6-c5/SW100-8-6/sw100-19.cnf,SAT,115532.79,115518.35,14.44,375,136
/home/richard/project/SAT_benchmark/SATLIB/sw100-8-lp6-c5/SW100-8-6/sw100-88.cnf,SAT,174027.79,174012.09,15.69,571,265
/home/richard/project/SAT_benchmark/SATLIB/sw100-8-lp6-c5/SW100-8-6/sw100-3.cnf,SAT,136808.64,136792.98,15.65,520,179
/home/richard/project/SAT_benchmark/SATLIB/sw100-8-lp6-c5/SW100-8-6/sw100-67.cnf,SAT,0.09,0.00,0.09,0,0
/home/richard/project/SAT_benchmark/SATLIB/sw100-8-lp6-c5/SW100-8-6/sw100-33.cnf,SAT,0.10,0.00,0.10,0,0
/home/richard/project/SAT_benchmark/SATLIB/sw100-8-lp6-c5/SW100-8-6/sw100-22.cnf,SAT,0.12,0.00,0.12,0,0
/home/richard/project/SAT_benchmark/SATLIB/sw100-8-lp6-c5/SW100-8-6/sw100-14.cnf,SAT,33108.55,33095.28,13.27,116,61
/home/richard/project/SAT_benchmark/SATLIB/sw100-8-lp6-c5/SW100-8-6/sw100-21.cnf,SAT,3038.76,3026.50,12.27,18,5
/home/richard/project/SAT_benchmark/SATLIB/sw100-8-lp6-c5/SW100-8-6/sw100-79.cnf,SAT,9102.56,9090.12,12.44,37,9
/home/richard/project/SAT_benchmark/SATLIB/sw100-8-lp6-c5/SW100-8-6/sw100-99.cnf,SAT,0.15,0.00,0.15,0,0
/home/richard/project/SAT_benchmark/SATLIB/sw100-8-lp6-c5/SW100-8-6/sw100-72.cnf,SAT,3061.89,3049.92,11.97,15,6
/home/richard/project/SAT_benchmark/SATLIB/sw100-8-lp6-c5/SW100-8-6/sw100-97.cnf,SAT,311328.71,311311.37,17.34,1019,425
/home/richard/project/SAT_benchmark/SATLIB/sw100-8-lp6-c5/SW100-8-6/sw100-73.cnf,SAT,30340.92,30328.18,12.75,108,60
/home/richard/project/SAT_benchmark/SATLIB/sw100-8-lp6-c5/SW100-8-6/sw100-16.cnf,SAT,31221.64,31209.04,12.60,101,70
/home/richard/project/SAT_benchmark/SATLIB/sw100-8-lp6-c5/SW100-8-6/sw100-8.cnf,SAT,18654.08,18635.62,18.46,62,18
/home/richard/project/SAT_benchmark/SATLIB/sw100-8-lp6-c5/SW100-8-6/sw100-9.cnf,SAT,0.10,0.00,0.10,0,0
/home/richard/project/SAT_benchmark/SATLIB/sw100-8-lp6-c5/SW100-8-6/sw100-93.cnf,SAT,29768.92,29748.18,20.75,107,46
/home/richard/project/SAT_benchmark/SATLIB/sw100-8-lp6-c5/SW100-8-6/sw100-87.cnf,SAT,524952.57,524932.10,20.47,1694,517
/home/richard/project/SAT_benchmark/SATLIB/sw100-8-lp6-c5/SW100-8-6/sw100-31.cnf,SAT,17.02,0.00,17.02,0,0
/home/richard/project/SAT_benchmark/SATLIB/sw100-8-lp6-c5/SW100-8-6/sw100-92.cnf,SAT,0.11,0.00,0.11,0,0
/home/richard/project/SAT_benchmark/SATLIB/sw100-8-lp6-c5/SW100-8-6/sw100-4.cnf,SAT,24705.58,24692.94,12.64,85,35
/home/richard/project/SAT_benchmark/SATLIB/sw100-8-lp6-c5/SW100-8-6/sw100-75.cnf,SAT,498573.06,498546.13,26.92,1594,699
/home/richard/project/SAT_benchmark/SATLIB/sw100-8-lp6-c5/SW100-8-6/sw100-80.cnf,SAT,2433.22,2421.46,11.76,14,4
/home/richard/project/SAT_benchmark/SATLIB/sw100-8-lp6-c5/SW100-8-6/sw100-18.cnf,SAT,3211.27,3197.94,13.33,11,4
/home/richard/project/SAT_benchmark/SATLIB/sw100-8-lp6-c5/SW100-8-6/sw100-38.cnf,SAT,29531.55,29518.05,13.51,101,71
/home/richard/project/SAT_benchmark/SATLIB/sw100-8-lp6-c5/SW100-8-6/sw100-23.cnf,SAT,256355.23,256337.76,17.47,837,247
/home/richard/project/SAT_benchmark/SATLIB/sw100-8-lp6-c5/SW100-8-6/sw100-98.cnf,SAT,31689.10,31675.65,13.44,111,73
/home/richard/project/SAT_benchmark/SATLIB/sw100-8-lp6-c5/SW100-8-6/sw100-44.cnf,SAT,6124.20,6110.88,13.32,23,7
/home/richard/project/SAT_benchmark/SATLIB/sw100-8-lp6-c5/SW100-8-6/sw100-34.cnf,SAT,391213.11,391194.04,19.07,1254,390
/home/richard/project/SAT_benchmark/SATLIB/sw100-8-lp6-c5/SW100-8-6/sw100-66.cnf,SAT,52722.29,52709.11,13.18,176,73
/home/richard/project/SAT_benchmark/SATLIB/sw100-8-lp6-c5/SW100-8-6/sw100-27.cnf,SAT,76783.70,76770.03,13.67,255,132
/home/richard/project/SAT_benchmark/SATLIB/sw100-8-lp6-c5/SW100-8-6/sw100-39.cnf,SAT,2669.08,2656.89,12.19,15,3
/home/richard/project/SAT_benchmark/SATLIB/sw100-8-lp6-c5/SW100-8-6/sw100-42.cnf,SAT,123054.63,123041.25,13.38,405,80
/home/richard/project/SAT_benchmark/SATLIB/sw100-8-lp6-c5/SW100-8-6/sw100-12.cnf,SAT,11.77,0.00,11.77,0,0
/home/richard/project/SAT_benchmark/SATLIB/sw100-8-lp6-c5/SW100-8-6/sw100-53.cnf,SAT,0.14,0.00,0.14,0,0
/home/richard/project/SAT_benchmark/SATLIB/sw100-8-lp6-c5/SW100-8-6/sw100-48.cnf,SAT,114562.78,114547.20,15.58,374,142
/home/richard/project/SAT_benchmark/SATLIB/sw100-8-lp6-c5/SW100-8-6/sw100-84.cnf,SAT,99533.42,99512.37,21.05,339,223
/home/richard/project/SAT_benchmark/SATLIB/sw100-8-lp6-c5/SW100-8-6/sw100-70.cnf,SAT,14057.16,14043.78,13.38,57,26
/home/richard/project/SAT_benchmark/SATLIB/sw100-8-lp6-c5/SW100-8-6/sw100-24.cnf,SAT,0.09,0.00,0.09,0,0
/home/richard/project/SAT_benchmark/SATLIB/sw100-8-lp6-c5/SW100-8-6/sw100-41.cnf,SAT,16.29,0.00,16.29,0,0
/home/richard/project/SAT_benchmark/SATLIB/sw100-8-lp6-c5/SW100-8-6/sw100-77.cnf,SAT,99548.25,99533.94,14.32,331,196
/home/richard/project/SAT_benchmark/SATLIB/sw100-8-lp6-c5/SW100-8-6/sw100-76.cnf,SAT,11.70,0.00,11.70,0,0
/home/richard/project/SAT_benchmark/SATLIB/sw100-8-lp6-c5/SW100-8-6/sw100-17.cnf,SAT,11490.49,11478.27,12.22,41,23
/home/richard/project/SAT_benchmark/SATLIB/sw100-8-lp6-c5/SW100-8-6/sw100-11.cnf,SAT,128628.19,128614.14,14.05,420,116
/home/richard/project/SAT_benchmark/SATLIB/sw100-8-lp6-c5/SW100-8-6/sw100-7.cnf,SAT,0.12,0.00,0.12,0,0
/home/richard/project/SAT_benchmark/SATLIB/sw100-8-lp6-c5/SW100-8-6/sw100-26.cnf,SAT,53536.28,53522.68,13.61,189,123
/home/richard/project/SAT_benchmark/SATLIB/sw100-8-lp6-c5/SW100-8-6/sw100-82.cnf,SAT,0.12,0.00,0.12,0,0
/home/richard/project/SAT_benchmark/SATLIB/sw100-8-lp6-c5/SW100-8-6/sw100-91.cnf,SAT,484159.39,484138.75,20.65,1592,492
/home/richard/project/SAT_benchmark/SATLIB/sw100-8-lp6-c5/SW100-8-6/sw100-83.cnf,SAT,136255.64,136237.57,18.07,576,314
/home/richard/project/SAT_benchmark/SATLIB/sw100-8-lp6-c5/SW100-8-6/sw100-62.cnf,SAT,0.11,0.00,0.11,0,0
/home/richard/project/SAT_benchmark/SATLIB/sw100-8-lp6-c5/SW100-8-6/sw100-74.cnf,SAT,0.10,0.00,0.10,0,0
/home/richard/project/SAT_benchmark/SATLIB/sw100-8-lp6-c5/SW100-8-6/sw100-37.cnf,SAT,1550.52,1539.21,11.32,17,4
/home/richard/project/SAT_benchmark/SATLIB/sw100-8-lp6-c5/SW100-8-6/sw100-32.cnf,SAT,11.64,0.00,11.64,0,0
/home/richard/project/SAT_benchmark/SATLIB/sw100-8-lp6-c5/SW100-8-6/sw100-96.cnf,SAT,0.09,0.00,0.09,0,0
/home/richard/project/SAT_benchmark/SATLIB/sw100-8-lp6-c5/SW100-8-6/sw100-49.cnf,SAT,150806.10,150790.82,15.28,502,269
/home/richard/project/SAT_benchmark/SATLIB/sw100-8-lp6-c5/SW100-8-6/sw100-43.cnf,SAT,6244.79,6232.56,12.23,28,17
/home/richard/project/SAT_benchmark/SATLIB/sw100-8-lp6-c5/SW100-8-6/sw100-29.cnf,SAT,3139.14,3126.88,12.27,19,4
/home/richard/project/SAT_benchmark/SATLIB/sw100-8-lp6-c5/SW100-8-6/sw100-86.cnf,SAT,216544.53,216524.69,19.84,700,308
/home/richard/project/SAT_benchmark/SATLIB/sw100-8-lp6-c5/SW100-8-6/sw100-95.cnf,SAT,18338.40,18325.23,13.17,67,54
/home/richard/project/SAT_benchmark/SATLIB/sw100-8-lp6-c5/SW100-8-6/sw100-58.cnf,SAT,11.81,0.00,11.81,9,4
/home/richard/project/SAT_benchmark/SATLIB/sw100-8-lp6-c5/SW100-8-6/sw100-40.cnf,SAT,0.12,0.00,0.12,0,0
/home/richard/project/SAT_benchmark/SATLIB/sw100-8-lp6-c5/SW100-8-6/sw100-15.cnf,SAT,3077.04,3064.69,12.35,19,14
/home/richard/project/SAT_benchmark/SATLIB/sw100-8-lp6-c5/SW100-8-6/sw100-50.cnf,SAT,440618.65,440599.02,19.62,1429,446
/home/richard/project/SAT_benchmark/SATLIB/sw100-8-lp6-c5/SW100-8-6/sw100-47.cnf,SAT,0.41,0.00,0.41,0,0
/home/richard/project/SAT_benchmark/SATLIB/sw100-8-lp6-c5/SW100-8-6/sw100-55.cnf,SAT,275558.02,275537.28,20.74,889,299
/home/richard/project/SAT_benchmark/SATLIB/sw100-8-lp6-c5/SW100-8-6/sw100-65.cnf,SAT,0.11,0.00,0.11,0,0
/home/richard/project/SAT_benchmark/SATLIB/sw100-8-lp6-c5/SW100-8-6/sw100-100.cnf,SAT,75423.71,75407.76,15.95,260,138
/home/richard/project/SAT_benchmark/SATLIB/sw100-8-lp6-c5/SW100-8-6/sw100-63.cnf,SAT,0.11,0.00,0.11,0,0
/home/richard/project/SAT_benchmark/SATLIB/sw100-8-lp6-c5/SW100-8-6/sw100-13.cnf,SAT,61171.53,61156.27,15.26,207,141
/home/richard/project/SAT_benchmark/SATLIB/sw100-8-lp6-c5/SW100-8-6/sw100-28.cnf,SAT,39880.79,39867.75,13.04,133,85
/home/richard/project/SAT_benchmark/SATLIB/sw100-8-lp6-c5/SW100-8-6/sw100-60.cnf,SAT,6150.13,6135.77,14.36,27,17
/home/richard/project/SAT_benchmark/SATLIB/sw100-8-lp6-c5/SW100-8-6/sw100-54.cnf,SAT,38466.58,38453.84,12.75,135,55
/home/richard/project/SAT_benchmark/SATLIB/sw100-8-lp6-c5/SW100-8-6/sw100-59.cnf,SAT,126734.64,126719.76,14.88,532,197
/home/richard/project/SAT_benchmark/SATLIB/sw100-8-lp6-c5/SW100-8-6/sw100-6.cnf,SAT,931.25,919.56,11.69,19,5
/home/richard/project/SAT_benchmark/SATLIB/sw100-8-lp6-c5/SW100-8-6/sw100-71.cnf,SAT,3348.78,3336.12,12.66,33,21
/home/richard/project/SAT_benchmark/SATLIB/sw100-8-lp6-c5/SW100-8-6/sw100-20.cnf,SAT,9001.13,8988.76,12.37,104,74
/home/richard/project/SAT_benchmark/SATLIB/sw100-8-lp7-c5/SW100-8-7/sw100-35.cnf,SAT,245402.62,245376.04,26.59,1406,664
/home/richard/project/SAT_benchmark/SATLIB/sw100-8-lp7-c5/SW100-8-7/sw100-68.cnf,SAT,10.92,0.00,10.92,6,0
/home/richard/project/SAT_benchmark/SATLIB/sw100-8-lp7-c5/SW100-8-7/sw100-30.cnf,SAT,0.11,0.00,0.11,0,0
/home/richard/project/SAT_benchmark/SATLIB/sw100-8-lp7-c5/SW100-8-7/sw100-10.cnf,SAT,0.09,0.00,0.09,0,0
/home/richard/project/SAT_benchmark/SATLIB/sw100-8-lp7-c5/SW100-8-7/sw100-36.cnf,SAT,0.10,0.00,0.10,0,0
/home/richard/project/SAT_benchmark/SATLIB/sw100-8-lp7-c5/SW100-8-7/sw100-78.cnf,SAT,1525.15,1512.14,13.01,10,6
/home/richard/project/SAT_benchmark/SATLIB/sw100-8-lp7-c5/SW100-8-7/sw100-64.cnf,SAT,11.07,0.00,11.07,7,2
/home/richard/project/SAT_benchmark/SATLIB/sw100-8-lp7-c5/SW100-8-7/sw100-94.cnf,SAT,11.00,0.00,11.00,9,4
/home/richard/project/SAT_benchmark/SATLIB/sw100-8-lp7-c5/SW100-8-7/sw100-51.cnf,SAT,0.09,0.00,0.09,0,0
/home/richard/project/SAT_benchmark/SATLIB/sw100-8-lp7-c5/SW100-8-7/sw100-2.cnf,SAT,0.12,0.00,0.12,0,0
/home/richard/project/SAT_benchmark/SATLIB/sw100-8-lp7-c5/SW100-8-7/sw100-69.cnf,SAT,0.11,0.00,0.11,0,0
/home/richard/project/SAT_benchmark/SATLIB/sw100-8-lp7-c5/SW100-8-7/sw100-61.cnf,SAT,4712.57,4701.24,11.33,35,22
/home/richard/project/SAT_benchmark/SATLIB/sw100-8-lp7-c5/SW100-8-7/sw100-46.cnf,SAT,1620.87,1609.94,10.93,14,9
/home/richard/project/SAT_benchmark/SATLIB/sw100-8-lp7-c5/SW100-8-7/sw100-90.cnf,SAT,1517.29,1506.08,11.21,13,8
/home/richard/project/SAT_benchmark/SATLIB/sw100-8-lp7-c5/SW100-8-7/sw100-56.cnf,SAT,11340.97,11329.31,11.66,103,68
/home/richard/project/SAT_benchmark/SATLIB/sw100-8-lp7-c5/SW100-8-7/sw100-45.cnf,SAT,0.08,0.00,0.08,0,0
/home/richard/project/SAT_benchmark/SATLIB/sw100-8-lp7-c5/SW100-8-7/sw100-57.cnf,SAT,0.09,0.00,0.09,0,0
/home/richard/project/SAT_benchmark/SATLIB/sw100-8-lp7-c5/SW100-8-7/sw100-89.cnf,SAT,0.09,0.00,0.09,0,0
/home/richard/project/SAT_benchmark/SATLIB/sw100-8-lp7-c5/SW100-8-7/sw100-52.cnf,SAT,0.08,0.00,0.08,0,0
/home/richard/project/SAT_benchmark/SATLIB/sw100-8-lp7-c5/SW100-8-7/sw100-85.cnf,SAT,0.12,0.00,0.12,0,0
/home/richard/project/SAT_benchmark/SATLIB/sw100-8-lp7-c5/SW100-8-7/sw100-19.cnf,SAT,848.29,836.74,11.56,12,8
/home/richard/project/SAT_benchmark/SATLIB/sw100-8-lp7-c5/SW100-8-7/sw100-88.cnf,SAT,850.74,839.24,11.50,15,5
/home/richard/project/SAT_benchmark/SATLIB/sw100-8-lp7-c5/SW100-8-7/sw100-3.cnf,SAT,11.38,0.00,11.38,9,4
/home/richard/project/SAT_benchmark/SATLIB/sw100-8-lp7-c5/SW100-8-7/sw100-67.cnf,SAT,0.09,0.00,0.09,0,0
/home/richard/project/SAT_benchmark/SATLIB/sw100-8-lp7-c5/SW100-8-7/sw100-33.cnf,SAT,0.09,0.00,0.09,0,0
/home/richard/project/SAT_benchmark/SATLIB/sw100-8-lp7-c5/SW100-8-7/sw100-22.cnf,SAT,11.87,0.00,11.87,9,4
/home/richard/project/SAT_benchmark/SATLIB/sw100-8-lp7-c5/SW100-8-7/sw100-14.cnf,SAT,0.08,0.00,0.08,0,0
/home/richard/project/SAT_benchmark/SATLIB/sw100-8-lp7-c5/SW100-8-7/sw100-21.cnf,SAT,12.07,0.00,12.07,7,2
/home/richard/project/SAT_benchmark/SATLIB/sw100-8-lp7-c5/SW100-8-7/sw100-79.cnf,SAT,0.11,0.00,0.11,0,0
/home/richard/project/SAT_benchmark/SATLIB/sw100-8-lp7-c5/SW100-8-7/sw100-99.cnf,SAT,11.30,0.00,11.30,8,0
/home/richard/project/SAT_benchmark/SATLIB/sw100-8-lp7-c5/SW100-8-7/sw100-72.cnf,SAT,0.12,0.00,0.12,0,0
/home/richard/project/SAT_benchmark/SATLIB/sw100-8-lp7-c5/SW100-8-7/sw100-97.cnf,SAT,18741.54,18728.34,13.20,82,48
/home/richard/project/SAT_benchmark/SATLIB/sw100-8-lp7-c5/SW100-8-7/sw100-73.cnf,SAT,11.96,0.00,11.96,9,4
/home/richard/project/SAT_benchmark/SATLIB/sw100-8-lp7-c5/SW100-8-7/sw100-16.cnf,SAT,0.11,0.00,0.11,0,0
/home/richard/project/SAT_benchmark/SATLIB/sw100-8-lp7-c5/SW100-8-7/sw100-8.cnf,SAT,12.57,0.00,12.57,9,5
/home/richard/project/SAT_benchmark/SATLIB/sw100-8-lp7-c5/SW100-8-7/sw100-9.cnf,SAT,0.31,0.00,0.31,0,0
/home/richard/project/SAT_benchmark/SATLIB/sw100-8-lp7-c5/SW100-8-7/sw100-93.cnf,SAT,12.22,0.00,12.22,9,4
/home/richard/project/SAT_benchmark/SATLIB/sw100-8-lp7-c5/SW100-8-7/sw100-87.cnf,SAT,1721.17,1709.63,11.54,12,6
/home/richard/project/SAT_benchmark/SATLIB/sw100-8-lp7-c5/SW100-8-7/sw100-31.cnf,SAT,25456.70,25440.98,15.72,116,79
/home/richard/project/SAT_benchmark/SATLIB/sw100-8-lp7-c5/SW100-8-7/sw100-92.cnf,SAT,11.75,0.00,11.75,9,4
/home/richard/project/SAT_benchmark/SATLIB/sw100-8-lp7-c5/SW100-8-7/sw100-4.cnf,SAT,2267.17,2255.51,11.67,14,9
/home/richard/project/SAT_benchmark/SATLIB/sw100-8-lp7-c5/SW100-8-7/sw100-75.cnf,SAT,32.90,0.00,32.90,6,2
/home/richard/project/SAT_benchmark/SATLIB/sw100-8-lp7-c5/SW100-8-7/sw100-80.cnf,SAT,0.12,0.00,0.12,0,0
/home/richard/project/SAT_benchmark/SATLIB/sw100-8-lp7-c5/SW100-8-7/sw100-18.cnf,SAT,2156.84,2136.48,20.36,10,7
/home/richard/project/SAT_benchmark/SATLIB/sw100-8-lp7-c5/SW100-8-7/sw100-38.cnf,SAT,0.09,0.00,0.09,0,0
/home/richard/project/SAT_benchmark/SATLIB/sw100-8-lp7-c5/SW100-8-7/sw100-23.cnf,SAT,0.09,0.00,0.09,0,0
/home/richard/project/SAT_benchmark/SATLIB/sw100-8-lp7-c5/SW100-8-7/sw100-98.cnf,SAT,0.10,0.00,0.10,0,0
/home/richard/project/SAT_benchmark/SATLIB/sw100-8-lp7-c5/SW100-8-7/sw100-44.cnf,SAT,0.09,0.00,0.09,0,0
/home/richard/project/SAT_benchmark/SATLIB/sw100-8-lp7-c5/SW100-8-7/sw100-34.cnf,SAT,8586.15,8574.45,11.70,40,26
/home/richard/project/SAT_benchmark/SATLIB/sw100-8-lp7-c5/SW100-8-7/sw100-66.cnf,SAT,8897.13,8885.19,11.94,47,31
/home/richard/project/SAT_benchmark/SATLIB/sw100-8-lp7-c5/SW100-8-7/sw100-27.cnf,SAT,0.12,0.00,0.12,0,0
/home/richard/project/SAT_benchmark/SATLIB/sw100-8-lp7-c5/SW100-8-7/sw100-39.cnf,SAT,0.08,0.00,0.08,0,0
/home/richard/project/SAT_benchmark/SATLIB/sw100-8-lp7-c5/SW100-8-7/sw100-1.cnf,SAT,2564.92,2553.19,11.73,12,8
/home/richard/project/SAT_benchmark/SATLIB/sw100-8-lp7-c5/SW100-8-7/sw100-42.cnf,SAT,0.12,0.00,0.12,0,0
/home/richard/project/SAT_benchmark/SATLIB/sw100-8-lp7-c5/SW100-8-7/sw100-12.cnf,SAT,5128.94,5115.96,12.97,22,10
/home/richard/project/SAT_benchmark/SATLIB/sw100-8-lp7-c5/SW100-8-7/sw100-81.cnf,SAT,0.10,0.00,0.10,0,0
/home/richard/project/SAT_benchmark/SATLIB/sw100-8-lp7-c5/SW100-8-7/sw100-53.cnf,SAT,0.33,0.00,0.33,0,0
/home/richard/project/SAT_benchmark/SATLIB/sw100-8-lp7-c5/SW100-8-7/sw100-48.cnf,SAT,0.26,0.00,0.26,0,0
/home/richard/project/SAT_benchmark/SATLIB/sw100-8-lp7-c5/SW100-8-7/sw100-84.cnf,SAT,20370.30,20357.71,12.59,95,66
/home/richard/project/SAT_benchmark/SATLIB/sw100-8-lp7-c5/SW100-8-7/sw100-70.cnf,SAT,0.09,0.00,0.09,0,0
/home/richard/project/SAT_benchmark/SATLIB/sw100-8-lp7-c5/SW100-8-7/sw100-24.cnf,SAT,0.13,0.00,0.13,0,0
/home/richard/project/SAT_benchmark/SATLIB/sw100-8-lp7-c5/SW100-8-7/sw100-41.cnf,SAT,0.11,0.00,0.11,0,0
/home/richard/project/SAT_benchmark/SATLIB/sw100-8-lp7-c5/SW100-8-7/sw100-77.cnf,SAT,11.29,0.00,11.29,9,4
/home/richard/project/SAT_benchmark/SATLIB/sw100-8-lp7-c5/SW100-8-7/sw100-76.cnf,SAT,12135.75,12123.82,11.93,59,40
/home/richard/project/SAT_benchmark/SATLIB/sw100-8-lp7-c5/SW100-8-7/sw100-17.cnf,SAT,92518.31,92498.67,19.64,487,191
/home/richard/project/SAT_benchmark/SATLIB/sw100-8-lp7-c5/SW100-8-7/sw100-11.cnf,SAT,0.09,0.00,0.09,0,0
/home/richard/project/SAT_benchmark/SATLIB/sw100-8-lp7-c5/SW100-8-7/sw100-7.cnf,SAT,11.25,0.00,11.25,0,0
/home/richard/project/SAT_benchmark/SATLIB/sw100-8-lp7-c5/SW100-8-7/sw100-26.cnf,SAT,1557.16,1545.50,11.66,10,5
/home/richard/project/SAT_benchmark/SATLIB/sw100-8-lp7-c5/SW100-8-7/sw100-82.cnf,SAT,1616.74,1605.09,11.64,17,9
/home/richard/project/SAT_benchmark/SATLIB/sw100-8-lp7-c5/SW100-8-7/sw100-91.cnf,SAT,0.10,0.00,0.10,0,0
/home/richard/project/SAT_benchmark/SATLIB/sw100-8-lp7-c5/SW100-8-7/sw100-83.cnf,SAT,18792.49,18779.10,13.39,129,104
/home/richard/project/SAT_benchmark/SATLIB/sw100-8-lp7-c5/SW100-8-7/sw100-62.cnf,SAT,0.09,0.00,0.09,0,0
/home/richard/project/SAT_benchmark/SATLIB/sw100-8-lp7-c5/SW100-8-7/sw100-74.cnf,SAT,89248.64,89228.65,19.99,670,242
/home/richard/project/SAT_benchmark/SATLIB/sw100-8-lp7-c5/SW100-8-7/sw100-37.cnf,SAT,0.09,0.00,0.09,0,0
/home/richard/project/SAT_benchmark/SATLIB/sw100-8-lp7-c5/SW100-8-7/sw100-32.cnf,SAT,0.23,0.00,0.23,0,0
/home/richard/project/SAT_benchmark/SATLIB/sw100-8-lp7-c5/SW100-8-7/sw100-96.cnf,SAT,0.11,0.00,0.11,0,0
/home/richard/project/SAT_benchmark/SATLIB/sw100-8-lp7-c5/SW100-8-7/sw100-49.cnf,SAT,0.09,0.00,0.09,0,0
/home/richard/project/SAT_benchmark/SATLIB/sw100-8-lp7-c5/SW100-8-7/sw100-25.cnf,SAT,2422.50,2410.50,12.00,14,8
/home/richard/project/SAT_benchmark/SATLIB/sw100-8-lp7-c5/SW100-8-7/sw100-43.cnf,SAT,13838.26,13826.63,11.62,61,46
/home/richard/project/SAT_benchmark/SATLIB/sw100-8-lp7-c5/SW100-8-7/sw100-29.cnf,SAT,3054.20,3042.08,12.12,17,10
/home/richard/project/SAT_benchmark/SATLIB/sw100-8-lp7-c5/SW100-8-7/sw100-86.cnf,SAT,0.11,0.00,0.11,0,0
/home/richard/project/SAT_benchmark/SATLIB/sw100-8-lp7-c5/SW100-8-7/sw100-95.cnf,SAT,11.82,0.00,11.82,7,2
/home/richard/project/SAT_benchmark/SATLIB/sw100-8-lp7-c5/SW100-8-7/sw100-58.cnf,SAT,0.09,0.00,0.09,0,0
/home/richard/project/SAT_benchmark/SATLIB/sw100-8-lp7-c5/SW100-8-7/sw100-40.cnf,SAT,11.48,0.00,11.48,0,0
/home/richard/project/SAT_benchmark/SATLIB/sw100-8-lp7-c5/SW100-8-7/sw100-15.cnf,SAT,8556.86,8543.06,13.80,42,31
/home/richard/project/SAT_benchmark/SATLIB/sw100-8-lp7-c5/SW100-8-7/sw100-50.cnf,SAT,0.12,0.00,0.12,0,0
/home/richard/project/SAT_benchmark/SATLIB/sw100-8-lp7-c5/SW100-8-7/sw100-47.cnf,SAT,11.46,0.00,11.46,9,2
/home/richard/project/SAT_benchmark/SATLIB/sw100-8-lp7-c5/SW100-8-7/sw100-55.cnf,SAT,0.09,0.00,0.09,0,0
/home/richard/project/SAT_benchmark/SATLIB/sw100-8-lp7-c5/SW100-8-7/sw100-65.cnf,SAT,0.11,0.00,0.11,0,0
/home/richard/project/SAT_benchmark/SATLIB/sw100-8-lp7-c5/SW100-8-7/sw100-100.cnf,SAT,0.09,0.00,0.09,0,0
/home/richard/project/SAT_benchmark/SATLIB/sw100-8-lp7-c5/SW100-8-7/sw100-63.cnf,SAT,0.12,0.00,0.12,0,0
/home/richard/project/SAT_benchmark/SATLIB/sw100-8-lp7-c5/SW100-8-7/sw100-13.cnf,SAT,11.96,0.00,11.96,9,4
/home/richard/project/SAT_benchmark/SATLIB/sw100-8-lp7-c5/SW100-8-7/sw100-28.cnf,SAT,11.90,0.00,11.90,9,4
/home/richard/project/SAT_benchmark/SATLIB/sw100-8-lp7-c5/SW100-8-7/sw100-5.cnf,SAT,13461.69,13449.61,12.08,58,26
/home/richard/project/SAT_benchmark/SATLIB/sw100-8-lp7-c5/SW100-8-7/sw100-60.cnf,SAT,0.09,0.00,0.09,0,0
/home/richard/project/SAT_benchmark/SATLIB/sw100-8-lp7-c5/SW100-8-7/sw100-54.cnf,SAT,0.12,0.00,0.12,0,0
/home/richard/project/SAT_benchmark/SATLIB/sw100-8-lp7-c5/SW100-8-7/sw100-59.cnf,SAT,0.11,0.00,0.11,0,0
/home/richard/project/SAT_benchmark/SATLIB/sw100-8-lp7-c5/SW100-8-7/sw100-6.cnf,SAT,11.59,0.00,11.59,8,4
/home/richard/project/SAT_benchmark/SATLIB/sw100-8-lp7-c5/SW100-8-7/sw100-71.cnf,SAT,0.11,0.00,0.11,0,0
/home/richard/project/SAT_benchmark/SATLIB/sw100-8-lp7-c5/SW100-8-7/sw100-20.cnf,SAT,0.09,0.00,0.09,0,0
/home/richard/project/SAT_benchmark/SATLIB/sw100-8-lp8-c5/SW100-8-8/sw100-35.cnf,SAT,0.09,0.00,0.09,0,0
/home/richard/project/SAT_benchmark/SATLIB/sw100-8-lp8-c5/SW100-8-8/sw100-68.cnf,SAT,0.05,0.00,0.05,0,0
/home/richard/project/SAT_benchmark/SATLIB/sw100-8-lp8-c5/SW100-8-8/sw100-30.cnf,SAT,0.11,0.00,0.11,0,0
/home/richard/project/SAT_benchmark/SATLIB/sw100-8-lp8-c5/SW100-8-8/sw100-10.cnf,SAT,0.04,0.00,0.04,0,0
/home/richard/project/SAT_benchmark/SATLIB/sw100-8-lp8-c5/SW100-8-8/sw100-36.cnf,SAT,0.08,0.00,0.08,0,0
/home/richard/project/SAT_benchmark/SATLIB/sw100-8-lp8-c5/SW100-8-8/sw100-78.cnf,SAT,0.05,0.00,0.05,0,0
/home/richard/project/SAT_benchmark/SATLIB/sw100-8-lp8-c5/SW100-8-8/sw100-64.cnf,SAT,0.08,0.00,0.08,0,0
/home/richard/project/SAT_benchmark/SATLIB/sw100-8-lp8-c5/SW100-8-8/sw100-94.cnf,SAT,0.09,0.00,0.09,0,0
/home/richard/project/SAT_benchmark/SATLIB/sw100-8-lp8-c5/SW100-8-8/sw100-51.cnf,SAT,0.06,0.00,0.06,0,0
/home/richard/project/SAT_benchmark/SATLIB/sw100-8-lp8-c5/SW100-8-8/sw100-2.cnf,SAT,0.07,0.00,0.07,0,0
/home/richard/project/SAT_benchmark/SATLIB/sw100-8-lp8-c5/SW100-8-8/sw100-69.cnf,SAT,0.05,0.00,0.05,0,0
/home/richard/project/SAT_benchmark/SATLIB/sw100-8-lp8-c5/SW100-8-8/sw100-61.cnf,SAT,0.08,0.00,0.08,0,0
/home/richard/project/SAT_benchmark/SATLIB/sw100-8-lp8-c5/SW100-8-8/sw100-46.cnf,SAT,0.05,0.00,0.05,0,0
/home/richard/project/SAT_benchmark/SATLIB/sw100-8-lp8-c5/SW100-8-8/sw100-90.cnf,SAT,0.08,0.00,0.08,0,0
/home/richard/project/SAT_benchmark/SATLIB/sw100-8-lp8-c5/SW100-8-8/sw100-56.cnf,SAT,0.04,0.00,0.04,0,0
/home/richard/project/SAT_benchmark/SATLIB/sw100-8-lp8-c5/SW100-8-8/sw100-45.cnf,SAT,0.05,0.00,0.05,0,0
/home/richard/project/SAT_benchmark/SATLIB/sw100-8-lp8-c5/SW100-8-8/sw100-57.cnf,SAT,0.05,0.00,0.05,0,0
/home/richard/project/SAT_benchmark/SATLIB/sw100-8-lp8-c5/SW100-8-8/sw100-89.cnf,SAT,0.05,0.00,0.05,0,0
/home/richard/project/SAT_benchmark/SATLIB/sw100-8-lp8-c5/SW100-8-8/sw100-52.cnf,SAT,0.06,0.00,0.06,0,0
/home/richard/project/SAT_benchmark/SATLIB/sw100-8-lp8-c5/SW100-8-8/sw100-85.cnf,SAT,0.10,0.00,0.10,0,0
/home/richard/project/SAT_benchmark/SATLIB/sw100-8-lp8-c5/SW100-8-8/sw100-19.cnf,SAT,0.09,0.00,0.09,0,0
/home/richard/project/SAT_benchmark/SATLIB/sw100-8-lp8-c5/SW100-8-8/sw100-88.cnf,SAT,0.05,0.00,0.05,0,0
/home/richard/project/SAT_benchmark/SATLIB/sw100-8-lp8-c5/SW100-8-8/sw100-3.cnf,SAT,0.11,0.00,0.11,0,0
/home/richard/project/SAT_benchmark/SATLIB/sw100-8-lp8-c5/SW100-8-8/sw100-67.cnf,SAT,0.09,0.00,0.09,0,0
/home/richard/project/SAT_benchmark/SATLIB/sw100-8-lp8-c5/SW100-8-8/sw100-33.cnf,SAT,0.09,0.00,0.09,0,0
/home/richard/project/SAT_benchmark/SATLIB/sw100-8-lp8-c5/SW100-8-8/sw100-22.cnf,SAT,0.05,0.00,0.05,0,0
/home/richard/project/SAT_benchmark/SATLIB/sw100-8-lp8-c5/SW100-8-8/sw100-14.cnf,SAT,0.06,0.00,0.06,0,0
/home/richard/project/SAT_benchmark/SATLIB/sw100-8-lp8-c5/SW100-8-8/sw100-21.cnf,SAT,0.08,0.00,0.08,0,0
/home/richard/project/SAT_benchmark/SATLIB/sw100-8-lp8-c5/SW100-8-8/sw100-79.cnf,SAT,0.04,0.00,0.04,0,0
/home/richard/project/SAT_benchmark/SATLIB/sw100-8-lp8-c5/SW100-8-8/sw100-99.cnf,SAT,0.07,0.00,0.07,0,0
/home/richard/project/SAT_benchmark/SATLIB/sw100-8-lp8-c5/SW100-8-8/sw100-72.cnf,SAT,0.09,0.00,0.09,0,0
/home/richard/project/SAT_benchmark/SATLIB/sw100-8-lp8-c5/SW100-8-8/sw100-97.cnf,SAT,0.04,0.00,0.04,0,0
/home/richard/project/SAT_benchmark/SATLIB/sw100-8-lp8-c5/SW100-8-8/sw100-73.cnf,SAT,0.14,0.00,0.14,0,0
/home/richard/project/SAT_benchmark/SATLIB/sw100-8-lp8-c5/SW100-8-8/sw100-16.cnf,SAT,0.04,0.00,0.04,0,0
/home/richard/project/SAT_benchmark/SATLIB/sw100-8-lp8-c5/SW100-8-8/sw100-8.cnf,SAT,0.07,0.00,0.07,0,0
/home/richard/project/SAT_benchmark/SATLIB/sw100-8-lp8-c5/SW100-8-8/sw100-9.cnf,SAT,0.09,0.00,0.09,0,0
/home/richard/project/SAT_benchmark/SATLIB/sw100-8-lp8-c5/SW100-8-8/sw100-93.cnf,SAT,0.05,0.00,0.05,0,0
/home/richard/project/SAT_benchmark/SATLIB/sw100-8-lp8-c5/SW100-8-8/sw100-87.cnf,SAT,0.09,0.00,0.09,0,0
/home/richard/project/SAT_benchmark/SATLIB/sw100-8-lp8-c5/SW100-8-8/sw100-31.cnf,SAT,0.08,0.00,0.08,0,0
/home/richard/project/SAT_benchmark/SATLIB/sw100-8-lp8-c5/SW100-8-8/sw100-92.cnf,SAT,0.08,0.00,0.08,0,0
/home/richard/project/SAT_benchmark/SATLIB/sw100-8-lp8-c5/SW100-8-8/sw100-4.cnf,SAT,0.08,0.00,0.08,0,0
/home/richard/project/SAT_benchmark/SATLIB/sw100-8-lp8-c5/SW100-8-8/sw100-75.cnf,SAT,0.05,0.00,0.05,0,0
/home/richard/project/SAT_benchmark/SATLIB/sw100-8-lp8-c5/SW100-8-8/sw100-80.cnf,SAT,0.09,0.00,0.09,0,0
/home/richard/project/SAT_benchmark/SATLIB/sw100-8-lp8-c5/SW100-8-8/sw100-18.cnf,SAT,0.05,0.00,0.05,0,0
/home/richard/project/SAT_benchmark/SATLIB/sw100-8-lp8-c5/SW100-8-8/sw100-38.cnf,SAT,0.04,0.00,0.04,0,0
/home/richard/project/SAT_benchmark/SATLIB/sw100-8-lp8-c5/SW100-8-8/sw100-23.cnf,SAT,0.08,0.00,0.08,0,0
/home/richard/project/SAT_benchmark/SATLIB/sw100-8-lp8-c5/SW100-8-8/sw100-98.cnf,SAT,0.05,0.00,0.05,0,0
/home/richard/project/SAT_benchmark/SATLIB/sw100-8-lp8-c5/SW100-8-8/sw100-44.cnf,SAT,0.08,0.00,0.08,0,0
/home/richard/project/SAT_benchmark/SATLIB/sw100-8-lp8-c5/SW100-8-8/sw100-34.cnf,SAT,0.05,0.00,0.05,0,0
/home/richard/project/SAT_benchmark/SATLIB/sw100-8-lp8-c5/SW100-8-8/sw100-66.cnf,SAT,0.09,0.00,0.09,0,0
/home/richard/project/SAT_benchmark/SATLIB/sw100-8-lp8-c5/SW100-8-8/sw100-27.cnf,SAT,0.09,0.00,0.09,0,0
/home/richard/project/SAT_benchmark/SATLIB/sw100-8-lp8-c5/SW100-8-8/sw100-39.cnf,SAT,0.08,0.00,0.08,0,0
/home/richard/project/SAT_benchmark/SATLIB/sw100-8-lp8-c5/SW100-8-8/sw100-1.cnf,SAT,0.07,0.00,0.07,0,0
/home/richard/project/SAT_benchmark/SATLIB/sw100-8-lp8-c5/SW100-8-8/sw100-42.cnf,SAT,0.05,0.00,0.05,0,0
/home/richard/project/SAT_benchmark/SATLIB/sw100-8-lp8-c5/SW100-8-8/sw100-12.cnf,SAT,0.04,0.00,0.04,0,0
/home/richard/project/SAT_benchmark/SATLIB/sw100-8-lp8-c5/SW100-8-8/sw100-81.cnf,SAT,0.05,0.00,0.05,0,0
/home/richard/project/SAT_benchmark/SATLIB/sw100-8-lp8-c5/SW100-8-8/sw100-53.cnf,SAT,0.05,0.00,0.05,0,0
/home/richard/project/SAT_benchmark/SATLIB/sw100-8-lp8-c5/SW100-8-8/sw100-48.cnf,SAT,0.04,0.00,0.04,0,0
/home/richard/project/SAT_benchmark/SATLIB/sw100-8-lp8-c5/SW100-8-8/sw100-84.cnf,SAT,0.05,0.00,0.05,0,0
/home/richard/project/SAT_benchmark/SATLIB/sw100-8-lp8-c5/SW100-8-8/sw100-70.cnf,SAT,0.08,0.00,0.08,0,0
/home/richard/project/SAT_benchmark/SATLIB/sw100-8-lp8-c5/SW100-8-8/sw100-24.cnf,SAT,0.05,0.00,0.05,0,0
/home/richard/project/SAT_benchmark/SATLIB/sw100-8-lp8-c5/SW100-8-8/sw100-41.cnf,SAT,0.05,0.00,0.05,0,0
/home/richard/project/SAT_benchmark/SATLIB/sw100-8-lp8-c5/SW100-8-8/sw100-77.cnf,SAT,0.05,0.00,0.05,0,0
/home/richard/project/SAT_benchmark/SATLIB/sw100-8-lp8-c5/SW100-8-8/sw100-76.cnf,SAT,0.05,0.00,0.05,0,0
/home/richard/project/SAT_benchmark/SATLIB/sw100-8-lp8-c5/SW100-8-8/sw100-17.cnf,SAT,0.05,0.00,0.05,0,0
/home/richard/project/SAT_benchmark/SATLIB/sw100-8-lp8-c5/SW100-8-8/sw100-11.cnf,SAT,0.04,0.00,0.04,0,0
/home/richard/project/SAT_benchmark/SATLIB/sw100-8-lp8-c5/SW100-8-8/sw100-7.cnf,SAT,0.07,0.00,0.07,0,0
/home/richard/project/SAT_benchmark/SATLIB/sw100-8-lp8-c5/SW100-8-8/sw100-26.cnf,SAT,0.09,0.00,0.09,0,0
/home/richard/project/SAT_benchmark/SATLIB/sw100-8-lp8-c5/SW100-8-8/sw100-82.cnf,SAT,0.11,0.00,0.11,0,0
/home/richard/project/SAT_benchmark/SATLIB/sw100-8-lp8-c5/SW100-8-8/sw100-91.cnf,SAT,0.08,0.00,0.08,0,0
/home/richard/project/SAT_benchmark/SATLIB/sw100-8-lp8-c5/SW100-8-8/sw100-83.cnf,SAT,0.09,0.00,0.09,0,0
/home/richard/project/SAT_benchmark/SATLIB/sw100-8-lp8-c5/SW100-8-8/sw100-62.cnf,SAT,0.10,0.00,0.10,0,0
/home/richard/project/SAT_benchmark/SATLIB/sw100-8-lp8-c5/SW100-8-8/sw100-74.cnf,SAT,0.08,0.00,0.08,0,0
/home/richard/project/SAT_benchmark/SATLIB/sw100-8-lp8-c5/SW100-8-8/sw100-37.cnf,SAT,0.05,0.00,0.05,0,0
/home/richard/project/SAT_benchmark/SATLIB/sw100-8-lp8-c5/SW100-8-8/sw100-32.cnf,SAT,0.05,0.00,0.05,0,0
/home/richard/project/SAT_benchmark/SATLIB/sw100-8-lp8-c5/SW100-8-8/sw100-96.cnf,SAT,0.09,0.00,0.09,0,0
/home/richard/project/SAT_benchmark/SATLIB/sw100-8-lp8-c5/SW100-8-8/sw100-49.cnf,SAT,0.11,0.00,0.11,0,0
/home/richard/project/SAT_benchmark/SATLIB/sw100-8-lp8-c5/SW100-8-8/sw100-25.cnf,SAT,0.08,0.00,0.08,0,0
/home/richard/project/SAT_benchmark/SATLIB/sw100-8-lp8-c5/SW100-8-8/sw100-43.cnf,SAT,0.04,0.00,0.04,0,0
/home/richard/project/SAT_benchmark/SATLIB/sw100-8-lp8-c5/SW100-8-8/sw100-29.cnf,SAT,0.08,0.00,0.08,0,0
/home/richard/project/SAT_benchmark/SATLIB/sw100-8-lp8-c5/SW100-8-8/sw100-86.cnf,SAT,0.04,0.00,0.04,0,0
/home/richard/project/SAT_benchmark/SATLIB/sw100-8-lp8-c5/SW100-8-8/sw100-95.cnf,SAT,0.08,0.00,0.08,0,0
/home/richard/project/SAT_benchmark/SATLIB/sw100-8-lp8-c5/SW100-8-8/sw100-58.cnf,SAT,0.07,0.00,0.07,0,0
/home/richard/project/SAT_benchmark/SATLIB/sw100-8-lp8-c5/SW100-8-8/sw100-40.cnf,SAT,0.08,0.00,0.08,0,0
/home/richard/project/SAT_benchmark/SATLIB/sw100-8-lp8-c5/SW100-8-8/sw100-15.cnf,SAT,0.04,0.00,0.04,0,0
/home/richard/project/SAT_benchmark/SATLIB/sw100-8-lp8-c5/SW100-8-8/sw100-50.cnf,SAT,0.08,0.00,0.08,0,0
/home/richard/project/SAT_benchmark/SATLIB/sw100-8-lp8-c5/SW100-8-8/sw100-47.cnf,SAT,0.05,0.00,0.05,0,0
/home/richard/project/SAT_benchmark/SATLIB/sw100-8-lp8-c5/SW100-8-8/sw100-55.cnf,SAT,0.07,0.00,0.07,0,0
/home/richard/project/SAT_benchmark/SATLIB/sw100-8-lp8-c5/SW100-8-8/sw100-65.cnf,SAT,0.05,0.00,0.05,0,0
/home/richard/project/SAT_benchmark/SATLIB/sw100-8-lp8-c5/SW100-8-8/sw100-100.cnf,SAT,0.06,0.00,0.06,0,0
/home/richard/project/SAT_benchmark/SATLIB/sw100-8-lp8-c5/SW100-8-8/sw100-63.cnf,SAT,0.08,0.00,0.08,0,0
/home/richard/project/SAT_benchmark/SATLIB/sw100-8-lp8-c5/SW100-8-8/sw100-13.cnf,SAT,0.09,0.00,0.09,0,0
/home/richard/project/SAT_benchmark/SATLIB/sw100-8-lp8-c5/SW100-8-8/sw100-28.cnf,SAT,0.05,0.00,0.05,0,0
/home/richard/project/SAT_benchmark/SATLIB/sw100-8-lp8-c5/SW100-8-8/sw100-5.cnf,SAT,0.08,0.00,0.08,0,0
/home/richard/project/SAT_benchmark/SATLIB/sw100-8-lp8-c5/SW100-8-8/sw100-60.cnf,SAT,0.06,0.00,0.06,0,0
/home/richard/project/SAT_benchmark/SATLIB/sw100-8-lp8-c5/SW100-8-8/sw100-54.cnf,SAT,0.08,0.00,0.08,0,0
/home/richard/project/SAT_benchmark/SATLIB/sw100-8-lp8-c5/SW100-8-8/sw100-59.cnf,SAT,0.07,0.00,0.07,0,0
/home/richard/project/SAT_benchmark/SATLIB/sw100-8-lp8-c5/SW100-8-8/sw100-6.cnf,SAT,0.05,0.00,0.05,0,0
/home/richard/project/SAT_benchmark/SATLIB/sw100-8-lp8-c5/SW100-8-8/sw100-71.cnf,SAT,0.08,0.00,0.08,0,0
/home/richard/project/SAT_benchmark/SATLIB/sw100-8-lp8-c5/SW100-8-8/sw100-20.cnf,SAT,0.04,0.00,0.04,0,0
/home/richard/project/SAT_benchmark/SATLIB/sw100-8-p0-c5/SW100-8-p0/sw100-1.cnf,SAT,0.09,0.00,0.09,0,0
/home/richard/project/SAT_benchmark/SATLIB/QG/qg7-11.cnf,UNSAT,1028415.37,1028326.16,89.22,4340,1653
/home/richard/project/SAT_benchmark/SATLIB/QG/qg5-12.cnf,UNSAT,567750.34,567584.26,166.08,3378,1404
/home/richard/project/SAT_benchmark/SATLIB/QG/qg6-11.cnf,UNSAT,1563260.87,1563124.66,136.22,5194,2774
/home/richard/project/SAT_benchmark/SATLIB/QG/qg1-08.cnf,SAT,1697569.06,1697136.65,432.42,6854,4426
/home/richard/project/SAT_benchmark/SATLIB/flat175-417/ai/hoos/Research/SAT/GenGCP/Flat175-417/flat175-49.cnf,SAT,786534.13,786494.77,39.36,2594,1915
/home/richard/project/SAT_benchmark/SATLIB/flat175-417/ai/hoos/Research/SAT/GenGCP/Flat175-417/flat175-43.cnf,SAT,723008.41,722982.24,26.16,2287,947
/home/richard/project/SAT_benchmark/SATLIB/flat175-417/ai/hoos/Research/SAT/GenGCP/Flat175-417/flat175-56.cnf,SAT,832535.98,832481.22,54.76,2879,2476
/home/richard/project/SAT_benchmark/SATLIB/flat175-417/ai/hoos/Research/SAT/GenGCP/Flat175-417/flat175-22.cnf,SAT,921688.02,921634.90,53.12,3762,2407
/home/richard/project/SAT_benchmark/SATLIB/flat200-479/ai/hoos/Research/SAT/GenGCP/Flat200-479/flat200-12.cnf,SAT,642028.86,641992.08,36.78,2040,1721
/home/richard/project/SAT_benchmark/SATLIB/flat200-479/ai/hoos/Research/SAT/GenGCP/Flat200-479/flat200-77.cnf,SAT,860189.28,860148.90,40.38,2764,1633
/home/richard/project/SAT_benchmark/SATLIB/flat200-479/ai/hoos/Research/SAT/GenGCP/Flat200-479/flat200-7.cnf,SAT,835371.26,835327.96,43.31,2683,1952
/home/richard/project/SAT_benchmark/SATLIB/flat200-479/ai/hoos/Research/SAT/GenGCP/Flat200-479/flat200-89.cnf,SAT,659363.33,659229.80,133.53,6308,4409
/home/richard/project/SAT_benchmark/SATLIB/flat200-479/ai/hoos/Research/SAT/GenGCP/Flat200-479/flat200-74.cnf,SAT,294523.07,294482.10,40.97,3138,2293
/home/richard/project/SAT_benchmark/SATLIB/flat200-479/ai/hoos/Research/SAT/GenGCP/Flat200-479/flat200-50.cnf,SAT,813033.71,812987.56,46.16,2625,2104
/home/richard/project/SAT_benchmark/SATLIB/flat200-479/ai/hoos/Research/SAT/GenGCP/Flat200-479/flat200-6.cnf,SAT,601933.94,601902.83,31.11,1948,1123
/home/richard/project/SAT_benchmark/SATLIB/flat200-479/ai/hoos/Research/SAT/GenGCP/Flat200-479/flat200-63.cnf,SAT,687300.65,687265.88,34.77,2237,1126
/home/richard/project/SAT_benchmark/SATLIB/flat200-479/ai/hoos/Research/SAT/GenGCP/Flat200-479/flat200-13.cnf,SAT,907357.41,907307.35,50.06,2925,2024
/home/richard/project/SAT_benchmark/SATLIB/flat200-479/ai/hoos/Research/SAT/GenGCP/Flat200-479/flat200-67.cnf,SAT,847474.90,847420.84,54.06,3420,1992
/home/richard/project/SAT_benchmark/SATLIB/flat200-479/ai/hoos/Research/SAT/GenGCP/Flat200-479/flat200-25.cnf,SAT,723184.09,723156.81,27.28,2275,960
/home/richard/project/SAT_benchmark/SATLIB/flat200-479/ai/hoos/Research/SAT/GenGCP/Flat200-479/flat200-56.cnf,SAT,924194.16,924138.36,55.80,2934,2422
/home/richard/project/SAT_benchmark/SATLIB/flat200-479/ai/hoos/Research/SAT/GenGCP/Flat200-479/flat200-99.cnf,SAT,1428694.10,1428628.65,65.46,4484,2867
/home/richard/project/SAT_benchmark/SATLIB/flat200-479/ai/hoos/Research/SAT/GenGCP/Flat200-479/flat200-72.cnf,SAT,546674.02,546639.12,34.90,2156,1250
/home/richard/project/SAT_benchmark/SATLIB/flat200-479/ai/hoos/Research/SAT/GenGCP/Flat200-479/flat200-85.cnf,SAT,660094.46,659997.18,97.27,3621,2663
/home/richard/project/SAT_benchmark/SATLIB/flat200-479/ai/hoos/Research/SAT/GenGCP/Flat200-479/flat200-30.cnf,SAT,586518.19,586488.60,29.59,1857,1263
/home/richard/project/SAT_benchmark/SATLIB/flat200-479/ai/hoos/Research/SAT/GenGCP/Flat200-479/flat200-27.cnf,SAT,441146.73,441118.58,28.15,1400,1133
/home/richard/project/SAT_benchmark/SATLIB/flat200-479/ai/hoos/Research/SAT/GenGCP/Flat200-479/flat200-14.cnf,SAT,553590.95,553560.55,30.40,1776,1179
/home/richard/project/SAT_benchmark/SATLIB/flat200-479/ai/hoos/Research/SAT/GenGCP/Flat200-479/flat200-31.cnf,SAT,1144010.30,1143946.13,64.18,3652,2630
/home/richard/project/SAT_benchmark/SATLIB/flat200-479/ai/hoos/Research/SAT/GenGCP/Flat200-479/flat200-100.cnf,SAT,512728.47,512696.79,31.68,1644,1177
/home/richard/project/SAT_benchmark/SATLIB/hanoi/hanoi4.cnf,SAT,1093065.11,1092972.27,92.85,6684,2326
/home/richard/project/SAT_benchmark/SATLIB/parity/par16-4-c.cnf,SAT,1056594.35,1056541.51,52.84,3346,3113
/home/richard/project/SAT_benchmark/SATLIB/parity/par16-2-c.cnf,SAT,913419.64,913379.63,40.02,2918,2256
/home/richard/project/SAT_benchmark/SATLIB/parity/par16-4.cnf,SAT,1491887.82,1491786.47,101.36,4721,4483
/home/richard/project/SAT_benchmark/SATLIB/parity/par16-3-c.cnf,SAT,856516.93,856474.32,42.61,2758,2350
/home/richard/project/SAT_benchmark/SATLIB/parity/par16-2.cnf,SAT,1310126.04,1309994.38,131.65,6219,5385
/home/richard/project/SAT_benchmark/SATLIB/pigeon-hole/hole7.cnf,UNSAT,1155479.75,1155454.99,24.76,3658,2909
/home/richard/project/SAT_benchmark/SATLIB/sw100-8-lp5-c5/SW100-8-5/sw100-57.cnf,SAT,731786.00,731745.49,40.51,5889,1724
/home/richard/project/SAT_benchmark/SATLIB/sw100-8-lp5-c5/SW100-8-5/sw100-92.cnf,SAT,369256.62,369227.67,28.95,2149,709
/home/richard/project/SAT_benchmark/SATLIB/sw100-8-lp6-c5/SW100-8-6/sw100-2.cnf,SAT,1507819.69,1507768.47,51.22,5650,2087
/home/richard/project/SAT_benchmark/SATLIB/sw100-8-lp6-c5/SW100-8-6/sw100-69.cnf,SAT,484850.74,484809.72,41.02,3016,911
/home/richard/project/SAT_benchmark/SATLIB/sw100-8-lp6-c5/SW100-8-6/sw100-1.cnf,SAT,1265305.67,1265269.65,36.03,4323,1857
/home/richard/project/SAT_benchmark/SATLIB/sw100-8-lp6-c5/SW100-8-6/sw100-81.cnf,SAT,1770770.52,1770670.26,100.27,7193,3504
/home/richard/project/SAT_benchmark/SATLIB/sw100-8-lp6-c5/SW100-8-6/sw100-5.cnf,SAT,887942.78,887916.39,26.39,2718,856
